seq,latency_m2m_ns,callback_jitter,publish_jitter
554,28600000,14008000,280000
555,28597000,13996000,292000
556,28608000,14008000,284000
557,28601000,13997000,296000
558,28613000,14016000,292000
559,28597000,13979000,292000
560,28609000,14017000,288000
561,28597000,13983000,292000
562,28608000,14008000,288000
563,28601000,13996000,296000
564,28612000,14004000,280000
565,28597000,13992000,292000
566,29592000,15004000,288000
567,29581000,13981000,280000
568,28612000,14023000,288000
569,28601000,13996000,300000
570,28608000,14004000,288000
571,28593000,13988000,292000
572,28596000,14008000,288000
573,28601000,14000000,300000
574,28600000,14000000,284000
575,28581000,13981000,284000
576,28609000,14032000,292000
577,28605000,13987000,300000
578,28588000,13992000,280000
579,28577000,13985000,284000
580,28612000,14027000,284000
581,28601000,13989000,296000
582,28592000,14007000,284000
583,28593000,13989000,288000
584,28609000,14024000,292000
585,28613000,14000000,304000
586,28596000,13987000,280000
587,28589000,13989000,284000
588,28588000,14003000,276000
589,28585000,13993000,284000
590,28612000,14019000,284000
591,28605000,13996000,292000
592,28609000,14013000,288000
593,28581000,13972000,280000
594,28592000,14011000,280000
595,28577000,13981000,277000
596,28592000,14015000,272000
597,28581000,13984000,280000
598,28584000,14012000,272000
599,28605000,14008000,292000
600,28596000,14000000,276000
601,28613000,14017000,300000
602,28589000,13979000,272000
603,28573000,13985000,280000
604,28596000,14023000,284000
605,28609000,14000000,296000
606,28600000,14000000,280000
607,28612000,14004000,300000
608,28596000,13996000,280000
609,28612000,14004000,300000
610,28592000,13992000,276000
611,28577000,13981000,284000
612,28596000,14023000,276000
613,28605000,13992000,288000
614,28580000,13996000,272000
615,28612000,14016000,300000
616,28612000,14000000,284000
617,28601000,13996000,296000
618,28592000,13996000,276000
619,28585000,13989000,284000
620,28592000,14011000,280000
621,28605000,14004000,296000
622,28612000,14004000,284000
623,28589000,13985000,284000
624,28581000,13995000,268000
625,28593000,14008000,292000
626,28585000,13992000,264000
627,28593000,14004000,292000
628,28592000,14008000,272000
629,28609000,14004000,296000
630,28580000,13988000,276000
631,28585000,13997000,284000
632,28612000,14019000,288000
633,28589000,13984000,292000
634,28592000,14008000,284000
635,28616000,14008000,304000
636,28585000,13980000,272000
637,28622000,14037000,312000
638,29600000,14979000,284000
639,30581000,14981000,288000
640,29596000,14019000,284000
641,28620000,14004000,304000
642,28592000,13992000,280000
643,28589000,13993000,292000
644,28608000,14015000,284000
645,28630000,14021000,304000
646,28604000,13979000,288000
647,28585000,13988000,292000
648,28592000,14004000,280000
649,28601000,14004000,296000
650,28588000,13992000,276000
651,28597000,14008000,296000
652,28584000,13988000,276000
653,28609000,14025000,308000
654,28600000,13987000,284000
655,28601000,14000000,300000
656,28588000,13992000,276000
657,28593000,14001000,288000
658,28580000,13991000,272000
659,28589000,14008000,292000
660,28600000,14008000,280000
661,28601000,14000000,296000
662,28604000,14004000,284000
663,28608000,14000000,300000
664,28604000,14000000,288000
665,28597000,13996000,304000
666,28609000,14013000,292000
667,28593000,13976000,288000
668,28608000,14015000,288000
669,28593000,13989000,296000
670,28608000,14011000,288000
671,28616000,14000000,304000
672,28592000,13992000,284000
673,28597000,14001000,296000
674,28600000,14003000,284000
675,28617000,14017000,308000
676,28608000,13987000,284000
677,28589000,13988000,292000
678,28584000,14000000,280000
679,28612000,14012000,304000
680,28612000,14000000,288000
681,28596000,13992000,296000
682,28608000,14008000,288000
683,28617000,14013000,308000
684,28597000,13983000,280000
685,28613000,14013000,300000
686,28592000,13983000,276000
687,28589000,13997000,296000
688,28608000,14011000,284000
689,28597000,13984000,288000
690,28588000,14004000,272000
691,28597000,14000000,288000
692,28596000,14008000,276000
693,28597000,13997000,296000
694,29592000,15003000,284000
695,29597000,13992000,292000
696,28613000,14025000,296000
697,28597000,13979000,296000
698,28584000,13992000,272000
699,28593000,14004000,292000
700,28609000,14021000,292000
701,28593000,13979000,292000
702,28596000,14008000,284000
703,28589000,13989000,292000
704,28596000,14011000,284000
705,28605000,14000000,300000
706,28592000,13996000,280000
707,28581000,13985000,284000
708,28596000,14019000,280000
709,28589000,13984000,292000
710,28592000,14016000,281000
711,28608000,14000000,300000
712,28610000,14017000,296000
713,28593000,13975000,292000
714,28613000,14025000,296000
715,28589000,13971000,288000
716,28613000,14029000,296000
717,28589000,13972000,288000
718,28592000,14007000,280000
719,28593000,13996000,296000
720,28609000,14021000,292000
721,28597000,13979000,292000
722,28596000,14008000,284000
723,28589000,13988000,288000
724,28596000,14012000,280000
725,28612000,14004000,304000
726,28609000,14013000,296000
727,28601000,13983000,300000
728,28613000,14017000,296000
729,28601000,13983000,300000
730,28596000,14000000,288000
731,28593000,13992000,292000
732,28592000,14000000,280000
733,28597000,14004000,296000
734,28592000,13996000,280000
735,28601000,14008000,300000
736,28612000,14004000,288000
737,28617000,14013000,308000
738,28596000,13983000,284000
739,28608000,14004000,304000
740,28608000,14000000,284000
741,28612000,14000000,304000
742,28605000,14009000,292000
743,28613000,14000000,304000
744,28596000,13987000,280000
745,28597000,13996000,292000
746,28592000,14000000,276000
747,28597000,14000000,292000
748,28609000,14017000,288000
749,28601000,13987000,296000
750,28596000,14000000,284000
751,28589000,13989000,284000
752,28592000,14003000,280000
753,28601000,14008000,296000
754,28621000,14017000,292000
755,28601000,13983000,296000
756,28596000,14000000,276000
757,28597000,13996000,296000
758,28604000,14008000,284000
759,28601000,13992000,292000
760,28592000,14000000,276000
761,28589000,13993000,288000
762,28588000,14003000,272000
763,28585000,13989000,280000
764,28589000,14011000,276000
765,28617000,14012000,300000
766,28600000,13996000,280000
767,28597000,13997000,296000
768,28584000,13991000,272000
769,28601000,14009000,296000
770,28612000,14007000,284000
771,28601000,13992000,296000
772,28592000,14000000,272000
773,28601000,14000000,296000
774,28592000,14004000,280000
775,28617000,14013000,304000
776,28609000,14000000,288000
777,28601000,13987000,296000
778,28596000,14000000,280000
779,28597000,13996000,292000
780,28592000,14000000,276000
781,28613000,14017000,304000
782,28596000,13987000,280000
783,28593000,13992000,288000
784,28584000,13996000,276000
785,28601000,14012000,296000
786,28600000,13996000,276000
787,28601000,14004000,296000
788,28592000,13996000,272000
789,28585000,13989000,288000
790,28588000,14011000,276000
791,28625000,14021000,304000
792,28589000,13975000,276000
793,28597000,14008000,296000
794,28612000,14004000,284000
795,28593000,13989000,288000
796,28584000,13995000,272000
797,28597000,14008000,292000
798,28600000,14004000,280000
799,28593000,13992000,288000
800,28592000,14004000,280000
801,28589000,13993000,288000
802,28613000,14024000,288000
803,28601000,13983000,292000
804,28596000,14004000,276000
805,28613000,14005000,288000
806,28592000,13995000,284000
807,28589000,13992000,292000
808,28596000,14004000,280000
809,28597000,13997000,292000
810,28600000,14007000,280000
811,28589000,13985000,288000
812,28592000,14011000,280000
813,28609000,14004000,296000
814,28596000,13996000,280000
815,28593000,13997000,292000
816,28617000,14024000,288000
817,28616000,13987000,300000
818,28588000,13992000,280000
819,28612000,14008000,300000
820,28596000,13992000,272000
821,28612000,14008000,300000
822,29605000,15009000,292000
823,29601000,13987000,300000
824,28592000,13996000,280000
825,28593000,13996000,288000
826,28592000,14004000,276000
827,28577000,13985000,280000
828,28584000,14011000,276000
829,28593000,14000000,292000
830,28596000,14008000,280000
831,28593000,13992000,292000
832,28580000,13996000,272000
833,28601000,14012000,296000
834,28596000,14000000,280000
835,28596000,14000000,296000
836,28584000,13992000,272000
837,28581000,13993000,288000
838,28605000,14028000,285000
839,28601000,13983000,292000
840,28589000,14004000,284000
841,28596000,14000000,304000
842,28608000,14004000,288000
843,28601000,13993000,300000
844,28596000,14003000,284000
845,28589000,13984000,292000
846,28608000,14020000,288000
847,28609000,13997000,288000
848,28596000,13999000,288000
849,28585000,13988000,292000
850,28612000,14016000,292000
851,28605000,13996000,300000
852,28600000,14000000,280000
853,28597000,13997000,296000
854,28604000,14007000,288000
855,28600000,13996000,300000
856,28592000,13996000,276000
857,28593000,13996000,292000
858,28604000,14012000,284000
859,28585000,13980000,284000
860,28588000,14012000,280000
861,28601000,14004000,296000
862,28608000,14004000,284000
863,28593000,13992000,292000
864,28588000,14000000,280000
865,28585000,13992000,284000
866,28592000,14008000,276000
867,28589000,13996000,288000
868,28588000,14004000,280000
869,28589000,13996000,288000
870,28588000,14000000,276000
871,28585000,13997000,284000
872,28596000,14011000,280000
873,28581000,13985000,280000
874,28592000,14015000,280000
875,28581000,13984000,280000
876,28588000,14008000,272000
877,28600000,14008000,292000
878,28592000,13996000,272000
879,28593000,14000000,292000
880,28588000,14000000,272000
881,28601000,14004000,292000
882,28593000,14000000,276000
883,28589000,13992000,288000
884,28604000,14012000,280000
885,28581000,13977000,276000
886,28584000,14011000,276000
887,28589000,13996000,284000
888,28596000,14012000,288000
889,28592000,13996000,296000
890,28613000,14017000,292000
891,28585000,13972000,288000
892,28608000,14019000,288000
893,28593000,13985000,292000
894,29608000,15015000,288000
895,30609000,14996000,300000
896,29588000,13992000,280000
897,28613000,14012000,300000
898,28613000,14009000,288000
899,28593000,13980000,288000
900,28592000,14003000,276000
901,28601000,14004000,296000
902,28608000,14004000,284000
903,28601000,13996000,296000
904,28608000,14004000,280000
905,28601000,13996000,292000
906,28604000,14004000,280000
907,28577000,13977000,276000
908,28604000,14023000,288000
909,28600000,13996000,296000
910,28592000,13992000,276000
911,28597000,14004000,292000
912,28612000,14008000,281000
913,28597000,13992000,288000
914,28593000,14004000,276000
915,28593000,13996000,292000
916,28592000,14004000,276000
917,28601000,14000000,292000
918,28604000,14004000,280000
919,28593000,13993000,288000
920,28592000,14003000,284000
921,28608000,14004000,300000
922,28596000,13992000,276000
923,28593000,13996000,288000
924,28592000,14004000,276000
925,28597000,14000000,296000
926,28584000,13992000,272000
927,28597000,14004000,288000
928,28613000,14021000,288000
929,28601000,13987000,296000
930,28596000,14000000,280000
931,28593000,13993000,292000
932,28609000,14020000,284000
933,28605000,13987000,296000
934,28592000,14000000,280000
935,28601000,14000000,296000
936,28608000,14004000,284000
937,28612000,14000000,300000
938,28609000,14009000,288000
939,28597000,13983000,292000
940,28592000,14000000,276000
941,28597000,14000000,292000
942,28588000,13996000,272000
943,28585000,13993000,284000
944,28588000,14007000,276000
945,28593000,13997000,288000
946,28612000,14015000,284000
947,28617000,14009000,304000
948,28589000,13979000,268000
949,28612000,14012000,300000
950,29588000,14992000,280000
951,29612000,14008000,304000
952,28618000,14017000,296000
953,28593000,13971000,292000
954,28584000,14000000,276000
955,28589000,13996000,292000
956,28608000,14016000,288000
957,28617000,14000000,304000
958,28596000,13996000,280000
959,28597000,13993000,292000
960,28613000,14024000,292000
961,28593000,13972000,284000
962,28609000,14024000,288000
963,28577000,13964000,277000
964,28592000,14019000,272000
965,28589000,13989000,284000
966,28588000,14011000,276000
967,28589000,13989000,284000
968,28596000,14015000,284000
969,28601000,13996000,292000
970,28613000,14017000,288000
971,28581000,13968000,281000
972,28608000,14023000,284000
973,28589000,13981000,284000
974,28609000,14028000,288000
975,28601000,13983000,292000
976,28613000,14021000,292000
977,28589000,13971000,284000
978,28592000,14008000,276000
979,28601000,14004000,296000
980,28592000,13996000,272000
981,28593000,13997000,292000
982,28588000,14003000,276000
983,28597000,13997000,288000
984,28613000,14024000,292000
985,28597000,13979000,292000
986,28596000,14004000,280000
987,28589000,13989000,284000
988,28596000,14011000,284000
989,28593000,13992000,288000
990,28601000,14008000,280000
991,28597000,13996000,296000
992,28588000,13996000,272000
993,28617000,14021000,304000
994,28608000,13991000,284000
995,28597000,13992000,292000
996,28588000,13996000,272000
997,28601000,14008000,296000
998,28592000,13996000,280000
999,28593000,13996000,288000
1000,28634000,14041000,306000
1001,29617000,14984000,306000
1002,30622000,15008000,302000
1003,30626000,15000000,314000
1004,30622000,14996000,295000
1005,30630000,15008000,317000
1006,30630000,15004000,306000
1007,30622000,14988000,310000
1008,30618000,15000000,298000
1009,30626000,15004000,313000
1010,30630000,15004000,302000
1011,30617000,14988000,306000
1012,30622000,15008000,295000
1013,30626000,15000000,318000
1014,30618000,15000000,298000
1015,30638000,15008000,321000
1016,30622000,14992000,298000
1017,30622000,14996000,314000
1018,30626000,15008000,303000
1019,30630000,14996000,314000
1020,30609000,14988000,294000
1021,30626000,15012000,318000
1022,30651000,15021000,302000
1023,30630000,14979000,314000
1024,30622000,15008000,294000
1025,30613000,14980000,306000
1026,30618000,15012000,298000
1027,30646000,15017000,313000
1028,30626000,14987000,298000
1029,30643000,15022000,321000
1030,30639000,14995000,298000
1031,30614000,14975000,310000
1032,30610000,15004000,301000
1033,30634000,15008000,322000
1034,30630000,14996000,302000
1035,30617000,14988000,306000
1036,30626000,15012000,302000
1037,30622000,14992000,314000
1038,30613000,14996000,294000
1039,30626000,15004000,314000
1040,30630000,15008000,302000
1041,30651000,15018000,317000
1042,30626000,14982000,290000
1043,30605000,14984000,302000
1044,30634000,15029000,294000
1045,30613000,14971000,302000
1046,30587000,14990000,290000
1047,30642000,15039000,318000
1048,30630000,14983000,298000
1049,30622000,15000000,313000
1050,30618000,14996000,295000
1051,30626000,15004000,314000
1052,30609000,14988000,291000
1053,30617000,15004000,310000
1054,30630000,15012000,302000
1055,30626000,14992000,310000
1056,30613000,14996000,294000
1057,30613000,14996000,302000
1058,30617000,15004000,295000
1059,30617000,15000000,306000
1060,30617000,15000000,287000
1061,30603000,14986000,306000
1062,30609000,15014000,290000
1063,30625000,15000000,310000
1064,30630000,15016000,306000
1065,30634000,14996000,318000
1066,30613000,14988000,291000
1067,30603000,14986000,302000
1068,30591000,14992000,282000
1069,30621000,15022000,310000
1070,30630000,15008000,298000
1071,30626000,14996000,310000
1072,30609000,14992000,287000
1073,30622000,15008000,310000
1074,30626000,15008000,302000
1075,30630000,15000000,317000
1076,30626000,15000000,299000
1077,30626000,14996000,314000
1078,30622000,15004000,305000
1079,30613000,14984000,310000
1080,30622000,15012000,302000
1081,30634000,15004000,321000
1082,30626000,15000000,306000
1083,30622000,14992000,314000
1084,30626000,15008000,306000
1085,30626000,14996000,317000
1086,30626000,15004000,306000
1087,30630000,15000000,322000
1088,30618000,14992000,299000
1089,30622000,15000000,318000
1090,30595000,14978000,287000
1091,30626000,15022000,314000
1092,30630000,15008000,302000
1093,30630000,15000000,321000
1094,30618000,14996000,306000
1095,30626000,15000000,318000
1096,30626000,15000000,306000
1097,30630000,15004000,321000
1098,30630000,15000000,306000
1099,30613000,14984000,310000
1100,30613000,15004000,298000
1101,30630000,15008000,317000
1102,30626000,15000000,302000
1103,30617000,14992000,314000
1104,30626000,15012000,305000
1105,30634000,15000000,321000
1106,30622000,14996000,302000
1107,30613000,14988000,310000
1108,30622000,15012000,298000
1109,30634000,15004000,321000
1110,30614000,14992000,299000
1111,30634000,15012000,325000
1112,30630000,15000000,309000
1113,30634000,15000000,325000
1114,30618000,14988000,298000
1115,30613000,14992000,306000
1116,30622000,15012000,302000
1117,30626000,15000000,322000
1118,30618000,14996000,298000
1119,30638000,15012000,326000
1120,30630000,15000000,310000
1121,30630000,14996000,321000
1122,30622000,14996000,302000
1123,30630000,15004000,321000
1124,30622000,14996000,298000
1125,30622000,14996000,314000
1126,30626000,15012000,310000
1127,30617000,14984000,310000
1128,30622000,15008000,298000
1129,30622000,14996000,310000
1130,30618000,15000000,295000
1131,30642000,15021000,325000
1132,30613000,14975000,291000
1133,30613000,15000000,306000
1134,30630000,15016000,306000
1135,30630000,14996000,318000
1136,30618000,14992000,294000
1137,30634000,15012000,321000
1138,30630000,15000000,306000
1139,30630000,14996000,317000
1140,30622000,14996000,294000
1141,30622000,14996000,314000
1142,30622000,15008000,306000
1143,30634000,15000000,321000
1144,30626000,15000000,302000
1145,30630000,15000000,317000
1146,30618000,14996000,298000
1147,30599000,14978000,302000
1148,30618000,15022000,295000
1149,30626000,15000000,310000
1150,30609000,14992000,295000
1151,30622000,15008000,313000
1152,30622000,15000000,302000
1153,30626000,15004000,322000
1154,30626000,15000000,306000
1155,30626000,14996000,318000
1156,30613000,14992000,291000
1157,30613000,14996000,310000
1158,30622000,15016000,306000
1159,30621000,14988000,310000
1160,30622000,15008000,302000
1161,30622000,14996000,310000
1162,30618000,15000000,294000
1163,30613000,14996000,310000
1164,30622000,15012000,302000
1165,30613000,14984000,306000
1166,30623000,15016000,302000
1167,30613000,14984000,302000
1168,30618000,15012000,302000
1169,30618000,14996000,310000
1170,30609000,14992000,290000
1171,30618000,15008000,310000
1172,30626000,15008000,302000
1173,30613000,14988000,306000
1174,30622000,15012000,302000
1175,30622000,14996000,314000
1176,30618000,15000000,302000
1177,30613000,14992000,314000
1178,30626000,15012000,306000
1179,30621000,14988000,310000
1180,30630000,15016000,307000
1181,30617000,14984000,310000
1182,30622000,15008000,299000
1183,30630000,15000000,314000
1184,30634000,15013000,309000
1185,30622000,14983000,310000
1186,30618000,15000000,298000
1187,30630000,15008000,318000
1188,30630000,15000000,298000
1189,30617000,14988000,310000
1190,30618000,15008000,302000
1191,30626000,14996000,310000
1192,30634000,15012000,306000
1193,30647000,15014000,317000
1194,30622000,14978000,298000
1195,30618000,15000000,314000
1196,30626000,15004000,302000
1197,30630000,15000000,318000
1198,30626000,15000000,302000
1199,30626000,14996000,314000
1200,30626000,15004000,302000
1201,30634000,15004000,321000
1202,30622000,14992000,298000
1203,30622000,14996000,314000
1204,30622000,15004000,295000
1205,30626000,14996000,314000
1206,30622000,15008000,306000
1207,30626000,14992000,318000
1208,30626000,15008000,305000
1209,30630000,14996000,318000
1210,30609000,14988000,294000
1211,30634000,15020000,325000
1212,30638000,15005000,310000
1213,30630000,14991000,322000
1214,30622000,15000000,306000
1215,30626000,14996000,322000
1216,30626000,15004000,306000
1217,30626000,14992000,314000
1218,30599000,14982000,287000
1219,30603000,15000000,306000
1220,30622000,15022000,298000
1221,30626000,14996000,318000
1222,30618000,15004000,298000
1223,30626000,14996000,314000
1224,30609000,14996000,301000
1225,30630000,15012000,321000
1226,30607000,14974000,290000
1227,30617000,15014000,310000
1228,30613000,14996000,294000
1229,30630000,15016000,321000
1230,30622000,14992000,298000
1231,30626000,15004000,318000
1232,30630000,15008000,309000
1233,30634000,15000000,325000
1234,30626000,14996000,306000
1235,30617000,14988000,314000
1236,30613000,15000000,295000
1237,30638000,15016000,325000
1238,30626000,14996000,306000
1239,30630000,15000000,321000
1240,30626000,15000000,306000
1241,30617000,14988000,314000
1242,30618000,15004000,298000
1243,30626000,15000000,318000
1244,30630000,15012000,310000
1245,30634000,14996000,321000
1246,30618000,14992000,302000
1247,30613000,14992000,306000
1248,30617000,15004000,302000
1249,30626000,15008000,318000
1250,30630000,15000000,302000
1251,30626000,15000000,321000
1252,30622000,15000000,298000
1253,30630000,15000000,322000
1254,30626000,15008000,309000
1255,30634000,14996000,322000
1256,30622000,14996000,302000
1257,30617000,14992000,310000
1258,30626000,15012000,305000
1259,30622000,14992000,314000
1260,30622000,15004000,306000
1261,30630000,15004000,321000
1262,30622000,14992000,302000
1263,30626000,15004000,322000
1264,30634000,15008000,310000
1265,30630000,14992000,318000
1266,30622000,15000000,302000
1267,30613000,14988000,310000
1268,30613000,15004000,294000
1269,30621000,15000000,310000
1270,30613000,15000000,298000
1271,30613000,14996000,310000
1272,30617000,15004000,299000
1273,30626000,15004000,318000
1274,30613000,14992000,291000
1275,30607000,14990000,310000
1276,30626000,15026000,306000
1277,30621000,14984000,310000
1278,30626000,15016000,306000
1279,30638000,15004000,325000
1280,30622000,14992000,302000
1281,30622000,14996000,318000
1282,30618000,15000000,298000
1283,30626000,15000000,314000
1284,30613000,14996000,290000
1285,30622000,15004000,318000
1286,30627000,15012000,310000
1287,30626000,14988000,314000
1288,30630000,15012000,310000
1289,30634000,15000000,325000
1290,30618000,14988000,299000
1291,30626000,15004000,317000
1292,30626000,15004000,306000
1293,30622000,14992000,313000
1294,30622000,15004000,306000
1295,30626000,15000000,317000
1296,30638000,15013000,314000
1297,30626000,14987000,317000
1298,30622000,15000000,302000
1299,30599000,14974000,302000
1300,30626000,15030000,302000
1301,30626000,14992000,314000
1302,30622000,15008000,310000
1303,30617000,14988000,310000
1304,30634000,15016000,310000
1305,30617000,14984000,314000
1306,30613000,15000000,294000
1307,30634000,15012000,317000
1308,30609000,14984000,294000
1309,30613000,15004000,310000
1310,30630000,15012000,306000
1311,30626000,14996000,322000
1312,30613000,14992000,295000
1313,30626000,15004000,318000
1314,30626000,15008000,306000
1315,30634000,15000000,321000
1316,30618000,14992000,294000
1317,30622000,15000000,313000
1318,30618000,15004000,306000
1319,30630000,15004000,321000
1320,30617000,14988000,294000
1321,30626000,15008000,318000
1322,30618000,14996000,299000
1323,30630000,15008000,321000
1324,30626000,15000000,306000
1325,30622000,14992000,314000
1326,30622000,15004000,306000
1327,30634000,15008000,325000
1328,30634000,15000000,306000
1329,30630000,14996000,318000
1330,30618000,14992000,295000
1331,30622000,15000000,310000
1332,30613000,14996000,287000
1333,30626000,15008000,314000
1334,30622000,15004000,306000
1335,30622000,14992000,314000
1336,30626000,15008000,306000
1337,30622000,14992000,318000
1338,30626000,15008000,306000
1339,30630000,14996000,318000
1340,30599000,14978000,291000
1341,30603000,15000000,306000
1342,30626000,15022000,302000
1343,30634000,15004000,322000
1344,30630000,15004000,310000
1345,30634000,15000000,325000
1346,30622000,14992000,302000
1347,30634000,15008000,325000
1348,30622000,14992000,295000
1349,30642000,15017000,325000
1350,30634000,15000000,310000
1351,30630000,14991000,322000
1352,30626000,15000000,306000
1353,30634000,15000000,321000
1354,30622000,14992000,299000
1355,30617000,14992000,306000
1356,30618000,15004000,299000
1357,30617000,14996000,306000
1358,30638000,15021000,310000
1359,30626000,14987000,314000
1360,30626000,15004000,302000
1361,30622000,14992000,310000
1362,30618000,15000000,298000
1363,30626000,15004000,314000
1364,30622000,14996000,291000
1365,30613000,14992000,306000
1366,30609000,15004000,291000
1367,30638000,15016000,318000
1368,30626000,14996000,302000
1369,30609000,14984000,306000
1370,30634000,15025000,310000
1371,30630000,14987000,314000
1372,30626000,15004000,302000
1373,30630000,15000000,318000
1374,30626000,15000000,302000
1375,30626000,14996000,318000
1376,30619000,14996000,295000
1377,30634000,15008000,317000
1378,30622000,14996000,298000
1379,30622000,14996000,310000
1380,30618000,15000000,291000
1381,30622000,15000000,310000
1382,30609000,14996000,294000
1383,30630000,15012000,318000
1384,30617000,14988000,291000
1385,30630000,15012000,317000
1386,30626000,15000000,302000
1387,30622000,14992000,313000
1388,30618000,15000000,294000
1389,30604000,14978000,298000
1390,30599000,15004000,290000
1391,30630000,15022000,314000
1392,30630000,15000000,299000
1393,30626000,15000000,314000
1394,30613000,14992000,291000
1395,30617000,15000000,310000
1396,30618000,15004000,291000
1397,30626000,15000000,310000
1398,30614000,15000000,298000
1399,30613000,14992000,306000
1400,30618000,15008000,299000
1401,30603000,14982000,306000
1402,30613000,15014000,298000
1403,30621000,15000000,314000
1404,30622000,15004000,298000
1405,30634000,15008000,318000
1406,30626000,15000000,306000
1407,30622000,14992000,318000
1408,30618000,15000000,298000
1409,30626000,15000000,318000
1410,30626000,15008000,306000
1411,30621000,14988000,314000
1412,30622000,15008000,298000
1413,30634000,15004000,321000
1414,30618000,14996000,299000
1415,30613000,14988000,306000
1416,30609000,15004000,294000
1417,30622000,15004000,310000
1418,30609000,14992000,290000
1419,30618000,15008000,310000
1420,30630000,15012000,310000
1421,30618000,14988000,314000
1422,30622000,15004000,306000
1423,30630000,15004000,321000
1424,30631000,15000000,302000
1425,30622000,14992000,310000
1426,30609000,14996000,294000
1427,30609000,14996000,306000
1428,30626000,15016000,302000
1429,30630000,15000000,318000
1430,30618000,14996000,298000
1431,30623000,15000000,314000
1432,30618000,15000000,302000
1433,30618000,14996000,313000
1434,30622000,15004000,302000
1435,30617000,14992000,314000
1436,30613000,15000000,298000
1437,30617000,14996000,306000
1438,30617000,15004000,298000
1439,30622000,15004000,314000
1440,30622000,15000000,302000
1441,30599000,14978000,302000
1442,30630000,15030000,310000
1443,30630000,14996000,317000
1444,30634000,15008000,306000
1445,30630000,14996000,321000
1446,30626000,15004000,310000
1447,30643000,15010000,317000
1448,30634000,14995000,314000
1449,30614000,14983000,314000
1450,30622000,15004000,302000
1451,30613000,14988000,314000
1452,30622000,15012000,302000
1453,30621000,14988000,306000
1454,30609000,15000000,298000
1455,30626000,15012000,317000
1456,30621000,14992000,295000
1457,30626000,15008000,318000
1458,30626000,15004000,306000
1459,30626000,14996000,318000
1460,30626000,15004000,302000
1461,30634000,15004000,322000
1462,30626000,15000000,310000
1463,30617000,14984000,310000
1464,30622000,15008000,306000
1465,30617000,14992000,314000
1466,30626000,15008000,302000
1467,30604000,14974000,306000
1468,30630000,15034000,309000
1469,30621000,14980000,306000
1470,30613000,15004000,299000
1471,30622000,15004000,314000
1472,30626000,15004000,302000
1473,30630000,15004000,322000
1474,30626000,15000000,306000
1475,30634000,15004000,325000
1476,30630000,15000000,302000
1477,30622000,14988000,310000
1478,30618000,15004000,298000
1479,30622000,14996000,310000
1480,30613000,14996000,294000
1481,30613000,14996000,310000
1482,30622000,15008000,298000
1483,30621000,14992000,306000
1484,30613000,15000000,291000
1485,30638000,15020000,322000
1486,30626000,14992000,298000
1487,30613000,14988000,310000
1488,30599000,14990000,287000
1489,30634000,15022000,318000
1490,30617000,14992000,291000
1491,30634000,15012000,317000
1492,30618000,14992000,294000
1493,30617000,14996000,306000
1494,30613000,15000000,291000
1495,30613000,14996000,302000
1496,30609000,15000000,290000
1497,30626000,15012000,318000
1498,30626000,15000000,298000
1499,30634000,15004000,317000
1500,30626000,15000000,302000
1501,30622000,14992000,310000
1502,30622000,15004000,302000
1503,30630000,15004000,318000
1504,30617000,14988000,291000
1505,30634000,15016000,321000
1506,30613000,14984000,291000
1507,30630000,15012000,317000
1508,30630000,15004000,302000
1509,30626000,14992000,314000
1510,30626000,15008000,306000
1511,30622000,14988000,310000
1512,30634000,15017000,310000
1513,30622000,14983000,310000
1514,30618000,15000000,298000
1515,30634000,15012000,318000
1516,30622000,14988000,298000
1517,30618000,15000000,314000
1518,30634000,15012000,306000
1519,30608000,14970000,302000
1520,30618000,15018000,295000
1521,30634000,15008000,317000
1522,30634000,15009000,309000
1523,30617000,14979000,306000
1524,30626000,15012000,298000
1525,30617000,14988000,310000
1526,30622000,15012000,302000
1527,30617000,14984000,302000
1528,30626000,15016000,306000
1529,30599000,14970000,294000
1530,30630000,15030000,302000
1531,30626000,14996000,314000
1532,30618000,14996000,298000
1533,30626000,15004000,318000
1534,30626000,15000000,298000
1535,30621000,14992000,306000
1536,30613000,15000000,295000
1537,30634000,15016000,321000
1538,30626000,14992000,298000
1539,30630000,15004000,318000
1540,30626000,15000000,298000
1541,30634000,15004000,321000
1542,30618000,14992000,298000
1543,30613000,14988000,302000
1544,30618000,15008000,294000
1545,30626000,15004000,310000
1546,30626000,15004000,298000
1547,30613000,14988000,302000
1548,30626000,15016000,303000
1549,30618000,14988000,306000
1550,30614000,15000000,291000
1551,30613000,14996000,302000
1552,30609000,15000000,291000
1553,30626000,15012000,313000
1554,30618000,14992000,290000
1555,30613000,14996000,306000
1556,30614000,15004000,291000
1557,30626000,15004000,310000
1558,30622000,15004000,298000
1559,30622000,14996000,310000
1560,30618000,15000000,294000
1561,30622000,15000000,310000
1562,30622000,15004000,298000
1563,30609000,14984000,299000
1564,30605000,15000000,291000
1565,30614000,15004000,306000
1566,30626000,15008000,294000
1567,30617000,14992000,306000
1568,30622000,15012000,298000
1569,30622000,14992000,306000
1570,30618000,15004000,294000
1571,30610000,14988000,302000
1572,30614000,15008000,294000
1573,30622000,15000000,306000
1574,30613000,14996000,287000
1575,30609000,14996000,302000
1576,30622000,15016000,298000
1577,30617000,14988000,302000
1578,30618000,15008000,295000
1579,30613000,14992000,302000
1580,30618000,15008000,299000
1581,30622000,15000000,310000
1582,30613000,14992000,287000
1583,30613000,15000000,306000
1584,30618000,15008000,294000
1585,30626000,15000000,310000
1586,30622000,15004000,298000
1587,30622000,14996000,310000
1588,30609000,14992000,290000
1589,30626000,15012000,314000
1590,30622000,14996000,298000
1591,30609000,14988000,306000
1592,30618000,15012000,306000
1593,30630000,15004000,321000
1594,30622000,14992000,302000
1595,30603000,14982000,306000
1596,30634000,15030000,310000
1597,30634000,14996000,318000
1598,30630000,15004000,306000
1599,30626000,14992000,314000
1600,30634000,15013000,310000
1601,30626000,14987000,314000
1602,30622000,15000000,302000
1603,30626000,15000000,314000
1604,30622000,14996000,290000
1605,30613000,14992000,310000
1606,30630000,15025000,306000
1607,30634000,14987000,314000
1608,30614000,14996000,298000
1609,30626000,15004000,314000
1610,30626000,15000000,298000
1611,30622000,14996000,314000
1612,30638000,15021000,298000
1613,30621000,14975000,314000
1614,30614000,15008000,298000
1615,30630000,14996000,314000
1616,30626000,15008000,302000
1617,30630000,14996000,314000
1618,30618000,14996000,298000
1619,30626000,15004000,314000
1620,30622000,14996000,291000
1621,30617000,14996000,310000
1622,30614000,15004000,299000
1623,30634000,15008000,318000
1624,30634000,15004000,306000
1625,30630000,14996000,317000
1626,30622000,14996000,302000
1627,30626000,15000000,314000
1628,30634000,15008000,306000
1629,30630000,14996000,318000
1630,30630000,15004000,306000
1631,30626000,14992000,314000
1632,30626000,15004000,306000
1633,30622000,14992000,310000
1634,30613000,14992000,291000
1635,30613000,15000000,306000
1636,30603000,14990000,287000
1637,30626000,15018000,310000
1638,30626000,15004000,298000
1639,30603000,14978000,302000
1640,30618000,15018000,298000
1641,30630000,15004000,314000
1642,30613000,14988000,291000
1643,30613000,15000000,306000
1644,30626000,15012000,298000
1645,30604000,14974000,298000
1646,30609000,15014000,294000
1647,30626000,15008000,310000
1648,30630000,15004000,302000
1649,30630000,15004000,317000
1650,30622000,14992000,295000
1651,30626000,15004000,314000
1652,30618000,14996000,290000
1653,30613000,14992000,306000
1654,30622000,15016000,306000
1655,30626000,14992000,314000
1656,30618000,15000000,302000
1657,30622000,15000000,318000
1658,30630000,15008000,306000
1659,30626000,14992000,318000
1660,30622000,15004000,302000
1661,30626000,14996000,314000
1662,30618000,15000000,302000
1663,30634000,15008000,321000
1664,30630000,15000000,306000
1665,30626000,14996000,318000
1666,30626000,15004000,306000
1667,30622000,14992000,318000
1668,30613000,14996000,290000
1669,30607000,14986000,310000
1670,30627000,15030000,310000
1671,30638000,14996000,322000
1672,30630000,15004000,306000
1673,30617000,14984000,306000
1674,30623000,15012000,302000
1675,30622000,14996000,314000
1676,30626000,15008000,310000
1677,30622000,14992000,318000
1678,30618000,14996000,298000
1679,30613000,14992000,306000
1680,30609000,15000000,290000
1681,30626000,15012000,314000
1682,30626000,15004000,302000
1683,30618000,14992000,310000
1684,30622000,15008000,302000
1685,30613000,14988000,306000
1686,30618000,15008000,298000
1687,30613000,14992000,306000
1688,30630000,15021000,314000
1689,30626000,14991000,321000
1690,30622000,14996000,302000
1691,30622000,14996000,314000
1692,30613000,14996000,298000
1693,30626000,15008000,318000
1694,30630000,15004000,306000
1695,30630000,15000000,321000
1696,30618000,14992000,302000
1697,30617000,14996000,314000
1698,30626000,15008000,302000
1699,30626000,14996000,318000
1700,30618000,15000000,294000
1701,30638000,15012000,325000
1702,30618000,14992000,302000
1703,30622000,14996000,318000
1704,30622000,15004000,306000
1705,30634000,15004000,322000
1706,30626000,14996000,302000
1707,30617000,14992000,318000
1708,30630000,15016000,310000
1709,30634000,14992000,317000
1710,30626000,15004000,306000
1711,30626000,14996000,318000
1712,30609000,14988000,294000
1713,30626000,15012000,318000
1714,30622000,14996000,299000
1715,30599000,14978000,302000
1716,30609000,15014000,294000
1717,30638000,15020000,322000
1718,30634000,15000000,310000
1719,30626000,14992000,318000
1720,30634000,15013000,314000
1721,30622000,14983000,314000
1722,30626000,15008000,306000
1723,30630000,15000000,321000
1724,30630000,15004000,310000
1725,30617000,14984000,310000
1726,30618000,15004000,302000
1727,30630000,15008000,321000
1728,30630000,15000000,303000
1729,30613000,14984000,310000
1730,30626000,15016000,302000
1731,30625000,14988000,310000
1732,30613000,15000000,290000
1733,30634000,15012000,318000
1734,30618000,14992000,298000
1735,30622000,15000000,310000
1736,30638000,15017000,310000
1737,30613000,14975000,302000
1738,30609000,15000000,290000
1739,30630000,15016000,318000
1740,30626000,14996000,298000
1741,30622000,14996000,310000
1742,30622000,15004000,298000
1743,30617000,14992000,306000
1744,30630000,15016000,306000
1745,30630000,14996000,318000
1746,30630000,15004000,305000
1747,30626000,14992000,314000
1748,30622000,15000000,298000
1749,30622000,14996000,314000
1750,30626000,15008000,302000
1751,30621000,14988000,306000
1752,30634000,15021000,310000
1753,30626000,14987000,314000
1754,30622000,15000000,298000
1755,30630000,15004000,318000
1756,30622000,14996000,298000
1757,30617000,14992000,306000
1758,30626000,15012000,302000
1759,30626000,14996000,314000
1760,30618000,14996000,295000
1761,30630000,15008000,318000
1762,30626000,15000000,302000
1763,30626000,14996000,318000
1764,30622000,15000000,294000
1765,30638000,15008000,322000
1766,30614000,14988000,294000
1767,30622000,15000000,314000
1768,30622000,15004000,298000
1769,30621000,14992000,310000
1770,30626000,15012000,302000
1771,30621000,14988000,310000
1772,30622000,15008000,298000
1773,30634000,15004000,317000
1774,30626000,15000000,302000
1775,30622000,14992000,310000
1776,30613000,14996000,291000
1777,30626000,15008000,318000
1778,30622000,15000000,298000
1779,30626000,14996000,314000
1780,30613000,14996000,291000
1781,30630000,15008000,318000
1782,30626000,15004000,302000
1783,30630000,14996000,314000
1784,30630000,15008000,306000
1785,30626000,14992000,314000
1786,30609000,14988000,290000
1787,30613000,15000000,306000
1788,30626000,15012000,302000
1789,30626000,14996000,310000
1790,30634000,15012000,306000
1791,30613000,14980000,302000
1792,30630000,15020000,306000
1793,30617000,14984000,306000
1794,30618000,15004000,295000
1795,30626000,15004000,314000
1796,30626000,15004000,298000
1797,30630000,15000000,318000
1798,30615000,14992000,294000
1799,30617000,14996000,310000
1800,30626000,15012000,306000
1801,30621000,14988000,306000
1802,30634000,15016000,306000
1803,30603000,14970000,298000
1804,30618000,15018000,298000
1805,30613000,14992000,306000
1806,30626000,15012000,298000
1807,30617000,14988000,306000
1808,30618000,15008000,295000
1809,30630000,15004000,314000
1810,30618000,14996000,294000
1811,30603000,14982000,302000
1812,30622000,15022000,294000
1813,30626000,14996000,310000
1814,30614000,15000000,298000
1815,30630000,15008000,317000
1816,30630000,15000000,302000
1817,30626000,14996000,314000
1818,30613000,14992000,294000
1819,30630000,15012000,318000
1820,30603000,14974000,287000
1821,30599000,14996000,302000
1822,30626000,15026000,302000
1823,30634000,15000000,314000
1824,30622000,14996000,294000
1825,30617000,14996000,306000
1826,30613000,15000000,295000
1827,30630000,15012000,317000
1828,30626000,14996000,294000
1829,30626000,15000000,314000
1830,30618000,15000000,298000
1831,30617000,14992000,310000
1832,30618000,15004000,298000
1833,30617000,14992000,306000
1834,30613000,15000000,291000
1835,30630000,15012000,314000
1836,30622000,14996000,295000
1837,30617000,14996000,306000
1838,30630000,15016000,306000
1839,30626000,14992000,314000
1840,30626000,15004000,302000
1841,30630000,15000000,317000
1842,30613000,14988000,291000
1843,30595000,14978000,298000
1844,30618000,15026000,291000
1845,30646000,15017000,325000
1846,30609000,14979000,295000
1847,30622000,15004000,314000
1848,30630000,15012000,310000
1849,30613000,14980000,306000
1850,30599000,14990000,291000
1851,30622000,15018000,314000
1852,30634000,15012000,310000
1853,30617000,14984000,314000
1854,30630000,15016000,310000
1855,30621000,14984000,310000
1856,30630000,15016000,310000
1857,30626000,14992000,317000
1858,30634000,15013000,314000
1859,30630000,14991000,321000
1860,30622000,14996000,298000
1861,30599000,14974000,302000
1862,30618000,15026000,306000
1863,30634000,15004000,321000
1864,30638000,15009000,314000
1865,30626000,14987000,318000
1866,30630000,15008000,310000
1867,30630000,14996000,321000
1868,30634000,15009000,314000
1869,30622000,14983000,314000
1870,30613000,14996000,298000
1871,30617000,15000000,314000
1872,30634000,15016000,309000
1873,30634000,14996000,321000
1874,30626000,15000000,306000
1875,30622000,14992000,318000
1876,30630000,15012000,302000
1877,30626000,14988000,310000
1878,30618000,15004000,301000
1879,30630000,15004000,318000
1880,30630000,15000000,298000
1881,30630000,15000000,314000
1882,30605000,14984000,283000
1883,30595000,14986000,294000
1884,30622000,15030000,298000
1885,30626000,14996000,310000
1886,30610000,14992000,290000
1887,30613000,15000000,306000
1888,30622000,15008000,294000
1889,30617000,14992000,302000
1890,30609000,15000000,287000
1891,30622000,15008000,310000
1892,30618000,15000000,294000
1893,30622000,15000000,310000
1894,30618000,15000000,295000
1895,30599000,14978000,298000
1896,30622000,15026000,302000
1897,30613000,14984000,306000
1898,30609000,15000000,287000
1899,30599000,14982000,302000
1900,30630000,15038000,306000
1901,30629000,14984000,310000
1902,30630000,15016000,306000
1903,30621000,14984000,306000
1904,30626000,15012000,298000
1905,30626000,14996000,310000
1906,30618000,15000000,295000
1907,30622000,15000000,310000
1908,30609000,14992000,287000
1909,30599000,14986000,302000
1910,30618000,15022000,298000
1911,30626000,14996000,310000
1912,30627000,15012000,310000
1913,30626000,14996000,322000
1914,30618000,14992000,298000
1915,30613000,14992000,310000
1916,30630000,15020000,310000
1917,30642000,15005000,326000
1918,30626000,14991000,307000
1919,30603000,14974000,306000
1920,30622000,15022000,306000
1921,30630000,15000000,317000
1922,30617000,14992000,298000
1923,30613000,14996000,306000
1924,30617000,15004000,295000
1925,30622000,15004000,318000
1926,30618000,15000000,302000
1927,30626000,15000000,314000
1928,30626000,15004000,298000
1929,30617000,14992000,306000
1930,30609000,15000000,294000
1931,30613000,15000000,310000
1932,30622000,15008000,302000
1933,30622000,14996000,314000
1934,30639000,15021000,318000
1935,30613000,14971000,306000
1936,30614000,15008000,298000
1937,30617000,14996000,306000
1938,30622000,15008000,298000
1939,30609000,14988000,306000
1940,30614000,15008000,295000
1941,30613000,14992000,306000
1942,30618000,15012000,298000
1943,30603000,14978000,302000
1944,30622000,15026000,306000
1945,30622000,14992000,314000
1946,30626000,15008000,306000
1947,30626000,14996000,317000
1948,30638000,15017000,314000
1949,30622000,14979000,310000
1950,30626000,15008000,302000
1951,30617000,14988000,306000
1952,30626000,15012000,302000
1953,30630000,15000000,318000
1954,30634000,15009000,310000
1955,30626000,14987000,314000
1956,30626000,15004000,298000
1957,30622000,14992000,310000
1958,30626000,15012000,306000
1959,30622000,14988000,310000
1960,30626000,15008000,306000
1961,30622000,14992000,310000
1962,30630000,15008000,302000
1963,30622000,14992000,310000
1964,30613000,14996000,294000
1965,30617000,15000000,306000
1966,30626000,15008000,302000
1967,30626000,15000000,314000
1968,30638000,15013000,310000
1969,30630000,14991000,318000
1970,30622000,14996000,298000
1971,30613000,14988000,306000
1972,30643000,15033000,298000
1973,30621000,14971000,310000
1974,30622000,15021000,298000
1975,30607000,14965000,306000
1976,30614000,15022000,306000
1977,30621000,14992000,314000
1978,30630000,15012000,306000
1979,30617000,14984000,310000
1980,30638000,15029000,314000
1981,30634000,14987000,318000
1982,30630000,15004000,305000
1983,30626000,14992000,314000
1984,30622000,15000000,298000
1985,30630000,15004000,318000
1986,30634000,15009000,310000
1987,30626000,14987000,314000
1988,30618000,14996000,294000
1989,30613000,14992000,306000
1990,30634000,15025000,306000
1991,30626000,14983000,310000
1992,30622000,15008000,306000
1993,30613000,14984000,302000
1994,30630000,15016000,302000
1995,30613000,14984000,302000
1996,30622000,15012000,298000
1997,30613000,14988000,302000
1998,30618000,15008000,298000
1999,30622000,15000000,310000
2000,30634000,15012000,306000
2001,30626000,14992000,314000
2002,30626000,15004000,302000
2003,30613000,14984000,306000
2004,30618000,15008000,294000
2005,30626000,15000000,310000
2006,30599000,14982000,290000
2007,30630000,15026000,317000
2008,30638000,15004000,306000
2009,30630000,14996000,317000
2010,30634000,15009000,310000
2011,30626000,14987000,314000
2012,30626000,15004000,302000
2013,30613000,14984000,310000
2014,30626000,15016000,302000
2015,30607000,14970000,298000
2016,30613000,15018000,298000
2017,30630000,15008000,314000
2018,30621000,14992000,295000
2019,30613000,14996000,306000
2020,30622000,15008000,291000
2021,30630000,15004000,314000
2022,30630000,15013000,310000
2023,29617000,13979000,306000
2024,29634000,15021000,310000
2025,30626000,14987000,314000
2026,30618000,14996000,294000
2027,30603000,14982000,302000
2028,30618000,15018000,294000
2029,30599000,14974000,298000
2030,30630000,15038000,306000
2031,30630000,14988000,310000
2032,30609000,14992000,294000
2033,30626000,15012000,314000
2034,30638000,15008000,306000
2035,30617000,14984000,310000
2036,30618000,15004000,291000
2037,30617000,14992000,306000
2038,30626000,15020000,305000
2039,30607000,14970000,302000
2040,30622000,15022000,302000
2041,30626000,14996000,314000
2042,30634000,15012000,305000
2043,30634000,14996000,318000
2044,30630000,15004000,306000
2045,30617000,14984000,310000
2046,30626000,15012000,302000
2047,30621000,14988000,306000
2048,30630000,15016000,306000
2049,30617000,14984000,306000
2050,30634000,15021000,310000
2051,30622000,14983000,310000
2052,28953000,13335000,309000
2053,28622000,14665000,310000
2054,30304000,15012000,302000
2055,30626000,14992000,314000
2056,30626000,15008000,306000
2057,30622000,14988000,310000
2058,30634000,15017000,310000
2059,30622000,14983000,310000
2060,30626000,15008000,302000
2061,30622000,14992000,310000
2062,30626000,15008000,302000
2063,30630000,15000000,318000
2064,30630000,15004000,305000
2065,30626000,14992000,314000
2066,30630000,15008000,305000
2067,30622000,14988000,314000
2068,30630000,15012000,306000
2069,30621000,14984000,306000
2070,30630000,15016000,306000
2071,30622000,14988000,310000
2072,30618000,15000000,298000
2073,30642000,15021000,314000
2074,30634000,14991000,306000
2075,30618000,14992000,314000
2076,30622000,15000000,298000
2077,30613000,14988000,306000
2078,30626000,15016000,302000
2079,30600000,14966000,290000
2080,30613000,15022000,298000
2081,30626000,15008000,314000
2082,30630000,15000000,302000
2083,30617000,14992000,306000
2084,30634000,15016000,306000
2085,30617000,14984000,306000
2086,30618000,15004000,298000
2087,30626000,15004000,314000
2088,30617000,14992000,295000
2089,30622000,15004000,314000
2090,30626000,15004000,298000
2091,30621000,14992000,310000
2092,30626000,15012000,306000
2093,30626000,14992000,310000
2094,30630000,15008000,306000
2095,30622000,14992000,310000
2096,30603000,14982000,290000
2097,30617000,15014000,310000
2098,30630000,15008000,298000
2099,30634000,15004000,318000
2100,30630000,15004000,306000
2101,30617000,14984000,310000
2102,30630000,15016000,310000
2103,30617000,14980000,310000
2104,30618000,15008000,298000
2105,30617000,14992000,306000
2106,30634000,15020000,306000
2107,30634000,14996000,318000
2108,30630000,15004000,306000
2109,30630000,14996000,318000
2110,30634000,15009000,310000
2111,30617000,14979000,306000
2112,30609000,14996000,291000
2113,30626000,15012000,313000
2114,30626000,15000000,302000
2115,30617000,14992000,310000
2116,30626000,15008000,302000
2117,30630000,15000000,314000
2118,30634000,15008000,306000
2119,30630000,14996000,318000
2120,30630000,15004000,306000
2121,30617000,14984000,306000
2122,30630000,15016000,306000
2123,30617000,14984000,310000
2124,30626000,15012000,302000
2125,30621000,14988000,310000
2126,30626000,15012000,302000
2127,30617000,14984000,306000
2128,30618000,15008000,298000
2129,30621000,14996000,306000
2130,30630000,15012000,302000
2131,30613000,14984000,306000
2132,30618000,15008000,294000
2133,30621000,14996000,310000
2134,30622000,15008000,298000
2135,30630000,15000000,314000
2136,30622000,15000000,298000
2137,30626000,15000000,314000
2138,30626000,15004000,302000
2139,30622000,14992000,314000
2140,30622000,15004000,298000
2141,30621000,14992000,310000
2142,30630000,15016000,306000
2143,30642000,15005000,310000
2144,30618000,14983000,299000
2145,30622000,15008000,314000
2146,30634000,15004000,306000
2147,30613000,14984000,310000
2148,30626000,15012000,302000
2149,30630000,14996000,314000
2150,30630000,15008000,302000
2151,30626000,14992000,314000
2152,30614000,14996000,295000
2153,30622000,15000000,310000
2154,30630000,15012000,306000
2155,30617000,14984000,306000
2156,30618000,15004000,298000
2157,30626000,15004000,314000
2158,30630000,15004000,302000
2159,30595000,14966000,298000
2160,30622000,15030000,298000
2161,30634000,15000000,314000
2162,30626000,15004000,302000
2163,30617000,14988000,310000
2164,30609000,14996000,291000
2165,30626000,15008000,314000
2166,30626000,15004000,302000
2167,30630000,15000000,317000
2168,30618000,14996000,295000
2169,30622000,15000000,310000
2170,30622000,15008000,302000
2171,30609000,14984000,302000
2172,30614000,15008000,298000
2173,30618000,15000000,310000
2174,30626000,15008000,302000
2175,30622000,14992000,310000
2176,30609000,14996000,298000
2177,30614000,15000000,314000
2178,30626000,15008000,302000
2179,30621000,14992000,310000
2180,30630000,15016000,310000
2181,30617000,14984000,310000
2182,30618000,15004000,302000
2183,30626000,15004000,318000
2184,30626000,15000000,302000
2185,30622000,14996000,310000
2186,30613000,14996000,294000
2187,30622000,15008000,314000
2188,30626000,15004000,302000
2189,30618000,14992000,310000
2190,30618000,15004000,298000
2191,30609000,14988000,306000
2192,30626000,15020000,306000
2193,30622000,14988000,310000
2194,30635000,15021000,298000
2195,30599000,14961000,306000
2196,30614000,15026000,302000
2197,30607000,14974000,302000
2198,30618000,15022000,302000
2199,30617000,14992000,306000
2200,30609000,14996000,294000
2201,30596000,14986000,302000
2202,30634000,15034000,310000
2203,30630000,14992000,317000
2204,30634000,15013000,314000
2205,30626000,14987000,318000
2206,30613000,14992000,294000
2207,30617000,15000000,310000
2208,30622000,15008000,302000
2209,30626000,15000000,318000
2210,30630000,15008000,310000
2211,30622000,14988000,314000
2212,30630000,15012000,310000
2213,30626000,14992000,318000
2214,30626000,15004000,310000
2215,30617000,14988000,310000
2216,30603000,14986000,294000
2217,30603000,15000000,306000
2218,30638000,15030000,310000
2219,30621000,14984000,314000
2220,30622000,15008000,306000
2221,30617000,14988000,310000
2222,30626000,15012000,306000
2223,30630000,15000000,318000
2224,30613000,14988000,294000
2225,30617000,15004000,310000
2226,30617000,15000000,294000
2227,30613000,14996000,310000
2228,30630000,15020000,310000
2229,30646000,15009000,329000
2230,30630000,14991000,310000
2231,30630000,14996000,322000
2232,30622000,14996000,302000
2233,30626000,15000000,318000
2234,30618000,14996000,298000
2235,30622000,15000000,318000
2236,30613000,14996000,298000
2237,30634000,15012000,321000
2238,30603000,14974000,291000
2239,30626000,15022000,318000
2240,30634000,15008000,310000
2241,30630000,14996000,322000
2242,30630000,15004000,310000
2243,30630000,14996000,318000
2244,30599000,14974000,290000
2245,30613000,15010000,306000
2246,30643000,15025000,310000
2247,30630000,14987000,314000
2248,30622000,15000000,298000
2249,30613000,14988000,302000
2250,30622000,15012000,299000
2251,30626000,15000000,314000
2252,30622000,15000000,298000
2253,30617000,14992000,310000
2254,30622000,15008000,298000
2255,30621000,14992000,306000
2256,30630000,15016000,306000
2257,30617000,14984000,310000
2258,30622000,15008000,302000
2259,30621000,14992000,306000
2260,30630000,15012000,302000
2261,30617000,14988000,310000
2262,30634000,15021000,310000
2263,30617000,14975000,302000
2264,30618000,15008000,298000
2265,30626000,15004000,314000
2266,30634000,15008000,306000
2267,30622000,14988000,314000
2268,30622000,15004000,302000
2269,30634000,15004000,318000
2270,30630000,15000000,302000
2271,30596000,14966000,294000
2272,30622000,15030000,302000
2273,30630000,15000000,314000
2274,30622000,14996000,294000
2275,30613000,14992000,306000
2276,30613000,15004000,295000
2277,30607000,14986000,302000
2278,30630000,15026000,302000
2279,30626000,14992000,310000
2280,30618000,15000000,294000
2281,30617000,14996000,310000
2282,30630000,15016000,306000
2283,30621000,14984000,306000
2284,30599000,14986000,287000
2285,30603000,15000000,302000
2286,30626000,15022000,302000
2287,30621000,14992000,306000
2288,30626000,15008000,303000
2289,30617000,14992000,306000
2290,30634000,15016000,306000
2291,30630000,14996000,318000
2292,30622000,14996000,298000
2293,30613000,14988000,306000
2294,30622000,15012000,298000
2295,30634000,15004000,318000
2296,30613000,14988000,291000
2297,30626000,15008000,314000
2298,30599000,14978000,287000
2299,30603000,15000000,306000
2300,30622000,15018000,298000
2301,30603000,14974000,294000
2302,30626000,15030000,302000
2303,30626000,14996000,310000
2304,30603000,14982000,294000
2305,30626000,15022000,314000
2306,30642000,15008000,306000
2307,30630000,14996000,317000
2308,30626000,15000000,302000
2309,30622000,14992000,314000
2310,30618000,15000000,298000
2311,30630000,15004000,314000
2312,30634000,15008000,306000
2313,30634000,15000000,322000
2314,30626000,14996000,302000
2315,30626000,14996000,314000
2316,30609000,14988000,294000
2317,30613000,15000000,306000
2318,30634000,15016000,302000
2319,30626000,14992000,310000
2320,30618000,15000000,298000
2321,30613000,14992000,310000
2322,30626000,15012000,298000
2323,30625000,14992000,310000
2324,30613000,15000000,290000
2325,30599000,14978000,298000
2326,30630000,15038000,306000
2327,30638000,14996000,317000
2328,30630000,15004000,306000
2329,30613000,14980000,306000
2330,30630000,15020000,306000
2331,30621000,14984000,310000
2332,30599000,14986000,287000
2333,30630000,15022000,318000
2334,30626000,15000000,299000
2335,30617000,14988000,306000
2336,30618000,15008000,298000
2337,30634000,15008000,302000
2338,30634000,15004000,306000
2339,30618000,14992000,314000
2340,30630000,15008000,306000
2341,30626000,14992000,314000
2342,30634000,15013000,310000
2343,30622000,14983000,310000
2344,30618000,15000000,298000
2345,30613000,14992000,306000
2346,30630000,15016000,306000
2347,30634000,15000000,318000
2348,30638000,15009000,310000
2349,30626000,14987000,314000
2350,30622000,15000000,301000
2351,30622000,14996000,310000
2352,30630000,15008000,306000
2353,30626000,14996000,314000
2354,30630000,15004000,302000
2355,30626000,14996000,314000
2356,30626000,15004000,302000
2357,30617000,14988000,306000
2358,30618000,15004000,298000
2359,30617000,14996000,310000
2360,30622000,15008000,302000
2361,30626000,15000000,318000
2362,30613000,14992000,298000
2363,30622000,15004000,314000
2364,30630000,15008000,306000
2365,30617000,14988000,314000
2366,30613000,15000000,294000
2367,30626000,15004000,314000
2368,30609000,14992000,295000
2369,30626000,15012000,322000
2370,30617000,14992000,294000
2371,30626000,15004000,318000
2372,30630000,15012000,310000
2373,30634000,14996000,322000
2374,30634000,15009000,310000
2375,30630000,14991000,322000
2376,30614000,14992000,302000
2377,30617000,14996000,314000
2378,30630000,15012000,306000
2379,30626000,14992000,318000
2380,30622000,15004000,302000
2381,30630000,15000000,318000
2382,30630000,15008000,310000
2383,30617000,14984000,310000
2384,30630000,15016000,310000
2385,30599000,14966000,302000
2386,30626000,15030000,305000
2387,30603000,14970000,302000
2388,30613000,15018000,298000
2389,30621000,15000000,314000
2390,30634000,15016000,310000
2391,30626000,14988000,314000
2392,30618000,15000000,302000
2393,30599000,14978000,306000
2394,30622000,15022000,298000
2395,30625000,14996000,314000
2396,30626000,15012000,306000
2397,30634000,15000000,322000
2398,30626000,15000000,306000
2399,30613000,14984000,306000
2400,30630000,15020000,310000
2401,30630000,14996000,322000
2402,30622000,14996000,302000
2403,30617000,14992000,314000
2404,30599000,14986000,291000
2405,30626000,15018000,314000
2406,30626000,15004000,302000
2407,30622000,14996000,314000
2408,30630000,15012000,310000
2409,30630000,14996000,322000
2410,30618000,14992000,298000
2411,30634000,15012000,325000
2412,30618000,14988000,298000
2413,30617000,14996000,314000
2414,30622000,15008000,306000
2415,30630000,15000000,318000
2416,30622000,14996000,302000
2417,30630000,15008000,321000
2418,30622000,14992000,298000
2419,30613000,14992000,310000
2420,30609000,15000000,291000
2421,30604000,14986000,302000
2422,30626000,15030000,306000
2423,30626000,14992000,314000
2424,30599000,14982000,291000
2425,30603000,15000000,306000
2426,30634000,15030000,310000
2427,30621000,14984000,310000
2428,30618000,15004000,302000
2429,30634000,15012000,322000
2430,30638000,15005000,314000
2431,30622000,14983000,314000
2432,30618000,15000000,302000
2433,30613000,14992000,314000
2434,30634000,15020000,310000
2435,30634000,14992000,318000
2436,30630000,15008000,310000
2437,30622000,14988000,318000
2438,30639000,15021000,314000
2439,30634000,14987000,321000
2440,30626000,15004000,306000
2441,30626000,14992000,314000
2442,30622000,15004000,302000
2443,30618000,14992000,310000
2444,30618000,15004000,302000
2445,30634000,15008000,321000
2446,30626000,14992000,298000
2447,30622000,14996000,310000
2448,30622000,15004000,294000
2449,30630000,15004000,314000
2450,30614000,14992000,291000
2451,30595000,14978000,294000
2452,30618000,15026000,294000
2453,30617000,14992000,306000
2454,30622000,15012000,298000
2455,30617000,14988000,302000
2456,30626000,15016000,306000
2457,30609000,14980000,306000
2458,30626000,15016000,302000
2459,30621000,14988000,310000
2460,30634000,15021000,310000
2461,30630000,14987000,314000
2462,30618000,14996000,298000
2463,30617000,14996000,310000
2464,30634000,15016000,306000
2465,30634000,14996000,318000
2466,30622000,14996000,298000
2467,30603000,14978000,306000
2468,30626000,15026000,302000
2469,30630000,14992000,314000
2470,30635000,15017000,310000
2471,30607000,14965000,298000
2472,30609000,15010000,294000
2473,30617000,15004000,306000
2474,30630000,15008000,298000
2475,30603000,14978000,302000
2476,30618000,15018000,298000
2477,30630000,15004000,314000
2478,30622000,14996000,298000
2479,30626000,15004000,313000
2480,30622000,14996000,298000
2481,30613000,14992000,306000
2482,30626000,15012000,298000
2483,30634000,15004000,318000
2484,30626000,15000000,302000
2485,30634000,15004000,322000
2486,30622000,14992000,302000
2487,30617000,14992000,310000
2488,30622000,15008000,299000
2489,30622000,14996000,310000
2490,30609000,14996000,291000
2491,30595000,14982000,302000
2492,30605000,15014000,290000
2493,30630000,15012000,314000
2494,30622000,15000000,299000
2495,30613000,14992000,310000
2496,30626000,15016000,306000
2497,30622000,14988000,310000
2498,30622000,15008000,302000
2499,30613000,14988000,310000
2500,30622000,15012000,302000
2501,30617000,14988000,306000
2502,30618000,15008000,298000
2503,30609000,14988000,306000
2504,30614000,15008000,294000
2505,30613000,14992000,302000
2506,30609000,15004000,290000
2507,30609000,14996000,302000
2508,30609000,15004000,295000
2509,30618000,15004000,310000
2510,30595000,14978000,283000
2511,30623000,15026000,314000
2512,30613000,14992000,295000
2513,30630000,15016000,318000
2514,30622000,14992000,294000
2515,30609000,14988000,302000
2516,30609000,15004000,287000
2517,30603000,14986000,298000
2518,30614000,15018000,291000
2519,30630000,15008000,314000
2520,30626000,15004000,298000
2521,30622000,14992000,310000
2522,30605000,14992000,287000
2523,30622000,15008000,310000
2524,30626000,15008000,298000
2525,30609000,14980000,302000
2526,30591000,14990000,287000
2527,30613000,15010000,302000
2528,30617000,15004000,291000
2529,30626000,15008000,310000
2530,30622000,15000000,295000
2531,30613000,14992000,306000
2532,30618000,15008000,294000
2533,30626000,15000000,310000
2534,30618000,15000000,295000
2535,30613000,14992000,306000
2536,30609000,15000000,291000
2537,30613000,14996000,310000
2538,30618000,15008000,294000
2539,30642000,15012000,321000
2540,30622000,14992000,298000
2541,30630000,15004000,318000
2542,30626000,15000000,302000
2543,30630000,15000000,318000
2544,30618000,14992000,298000
2545,30630000,15008000,318000
2546,30622000,14992000,295000
2547,30622000,15000000,314000
2548,30622000,15004000,302000
2549,30634000,15004000,318000
2550,30622000,14992000,298000
2551,30630000,15008000,318000
2552,30603000,14974000,287000
2553,30626000,15022000,314000
2554,30634000,15008000,306000
2555,30626000,14992000,314000
2556,30613000,14992000,295000
2557,30634000,15016000,321000
2558,30630000,14996000,302000
2559,30622000,14992000,314000
2560,30630000,15012000,306000
2561,30638000,15000000,321000
2562,30630000,15000000,306000
2563,30634000,15000000,322000
2564,30630000,15000000,306000
2565,30630000,14996000,318000
2566,30630000,15004000,306000
2567,30622000,14988000,310000
2568,30618000,15000000,298000
2569,30626000,15004000,314000
2570,30626000,15000000,298000
2571,30626000,15000000,318000
2572,30618000,14996000,295000
2573,30634000,15008000,318000
2574,30613000,14988000,295000
2575,30613000,14996000,306000
2576,30634000,15020000,306000
2577,30626000,14988000,310000
2578,30626000,15008000,302000
2579,30630000,15000000,318000
2580,30626000,15000000,302000
2581,30630000,15000000,317000
2582,30613000,14988000,294000
2583,30630000,15012000,317000
2584,30622000,14992000,294000
2585,30630000,15008000,317000
2586,30626000,15000000,302000
2587,30622000,14992000,314000
2588,30622000,15004000,298000
2589,30630000,15000000,314000
2590,30609000,14988000,290000
2591,30613000,15000000,306000
2592,30617000,15004000,295000
2593,30617000,14996000,306000
2594,30622000,15008000,295000
2595,30626000,15000000,314000
2596,30622000,15004000,298000
2597,30617000,14988000,306000
2598,30622000,15012000,302000
2599,30634000,15004000,318000
2600,30630000,15000000,302000
2601,30600000,14970000,298000
2602,30630000,15034000,306000
2603,30626000,14988000,310000
2604,30622000,15004000,302000
2605,30626000,15000000,314000
2606,30630000,15004000,302000
2607,30626000,14996000,314000
2608,30630000,15008000,306000
2609,30622000,14988000,314000
2610,30630000,15012000,306000
2611,30621000,14984000,310000
2612,30622000,15008000,298000
2613,30626000,14996000,310000
2614,30622000,15004000,306000
2615,30626000,15000000,318000
2616,30638000,15013000,314000
2617,30626000,14987000,302000
2618,30599000,14978000,290000
2619,30609000,15014000,314000
2620,30622000,15004000,302000
2621,30651000,15026000,321000
2622,30630000,14982000,306000
2623,30609000,14988000,314000
2624,30630000,15016000,310000
2625,30617000,14980000,310000
2626,30626000,15016000,305000
2627,30607000,14974000,310000
2628,30626000,15026000,306000
2629,30625000,14988000,310000
2630,30639000,15025000,318000
2631,30622000,14979000,314000
2632,30609000,14996000,298000
2633,30617000,15000000,310000
2634,30634000,15016000,310000
2635,30613000,14980000,306000
2636,30618000,15008000,302000
2637,30599000,14978000,306000
2638,30630000,15030000,306000
2639,30600000,14962000,298000
2640,30626000,15038000,305000
2641,30611000,14974000,310000
2642,30618000,15018000,302000
2643,30625000,14996000,306000
2644,30617000,15000000,295000
2645,30603000,14986000,302000
2646,30613000,15010000,291000
2647,30630000,15012000,314000
2648,30630000,15004000,302000
2649,30626000,14996000,318000
2650,30626000,15004000,302000
2651,30626000,14992000,314000
2652,30630000,15012000,306000
2653,30634000,14996000,318000
2654,30630000,15004000,306000
2655,30617000,14984000,306000
2656,30609000,14996000,291000
2657,30622000,15008000,314000
2658,30622000,15000000,294000
2659,30617000,14992000,306000
2660,30618000,15008000,298000
2661,30621000,14996000,310000
2662,30617000,15000000,294000
2663,30626000,15004000,314000
2664,30630000,15008000,302000
2665,30634000,15000000,317000
2666,30622000,14996000,298000
2667,30613000,14988000,306000
2668,30622000,15012000,302000
2669,30621000,14992000,310000
2670,30634000,15016000,306000
2671,30626000,14988000,314000
2672,30626000,15008000,302000
2673,30626000,14992000,310000
2674,30630000,15012000,306000
2675,30630000,14996000,318000
2676,30626000,15000000,302000
2677,30622000,14992000,310000
2678,30618000,15000000,298000
2679,30613000,14992000,310000
2680,30622000,15012000,302000
2681,30630000,15000000,322000
2682,30618000,14996000,298000
2683,30634000,15008000,322000
2684,30626000,15000000,306000
2685,30638000,15009000,326000
2686,30634000,15000000,314000
2687,30630000,14991000,322000
2688,30626000,15000000,306000
2689,30603000,14974000,306000
2690,30630000,15030000,310000
2691,30630000,14992000,318000
2692,30626000,15004000,306000
2693,30630000,15000000,321000
2694,30630000,15004000,306000
2695,30622000,14988000,314000
2696,30618000,15004000,298000
2697,30626000,15000000,314000
2698,30622000,15004000,302000
2699,30618000,14992000,310000
2700,30622000,15008000,306000
2701,30613000,14988000,314000
2702,30618000,15004000,302000
2703,30621000,14996000,310000
2704,30630000,15012000,302000
2705,30617000,14988000,306000
2706,30614000,15004000,298000
2707,30613000,14996000,306000
2708,30630000,15016000,303000
2709,30609000,14980000,302000
2710,30610000,15008000,295000
2711,30622000,15004000,314000
2712,30622000,15004000,306000
2713,30613000,14988000,310000
2714,30630000,15016000,310000
2715,30617000,14984000,314000
2716,30626000,15012000,306000
2717,30621000,14988000,310000
2718,30622000,15008000,302000
2719,30622000,14996000,314000
2720,30622000,15004000,306000
2721,30630000,15004000,322000
2722,30617000,14988000,295000
2723,30622000,15004000,318000
2724,30626000,15008000,306000
2725,30626000,14992000,318000
2726,30622000,15004000,302000
2727,30626000,14996000,314000
2728,30630000,15012000,310000
2729,30622000,14988000,314000
2730,30630000,15012000,309000
2731,30630000,14996000,322000
2732,30626000,15000000,306000
2733,30603000,14974000,302000
2734,30613000,15014000,298000
2735,30622000,15004000,313000
2736,30634000,15012000,310000
2737,30630000,14996000,322000
2738,30634000,15009000,314000
2739,30630000,14991000,321000
2740,30622000,14996000,302000
2741,30626000,15000000,318000
2742,30626000,15004000,306000
2743,30638000,15004000,325000
2744,30622000,14992000,303000
2745,30613000,14988000,306000
2746,30630000,15020000,310000
2747,30630000,14996000,321000
2748,30630000,15004000,310000
2749,30626000,14992000,317000
2750,30622000,15000000,306000
2751,30634000,15008000,325000
2752,30626000,14992000,302000
2753,30630000,15004000,321000
2754,30622000,14996000,302000
2755,30599000,14974000,302000
2756,30609000,15014000,298000
2757,30642000,15025000,317000
2758,30634000,14991000,306000
2759,30613000,14988000,314000
2760,30613000,15000000,298000
2761,30621000,15000000,314000
2762,30639000,15021000,314000
2763,30621000,14979000,310000
2764,30622000,15008000,302000
2765,30626000,15000000,314000
2766,30630000,15008000,306000
2767,30617000,14984000,310000
2768,30630000,15016000,306000
2769,30621000,14984000,310000
2770,30630000,15016000,306000
2771,30617000,14980000,306000
2772,30613000,15004000,298000
2773,30630000,15008000,314000
2774,30642000,15013000,310000
2775,30626000,14987000,314000
2776,30622000,15000000,302000
2777,30630000,15004000,318000
2778,30634000,15004000,306000
2779,30626000,14992000,314000
2780,30630000,15008000,306000
2781,30617000,14984000,306000
2782,30634000,15021000,306000
2783,30599000,14961000,298000
2784,30618000,15026000,299000
2785,30634000,15004000,318000
2786,30638000,15013000,310000
2787,30613000,14971000,306000
2788,30595000,14990000,287000
2789,30621000,15014000,306000
2790,30626000,15008000,298000
2791,30626000,15000000,314000
2792,30613000,14992000,294000
2793,30630000,15012000,318000
2794,30638000,15009000,310000
2795,30613000,14975000,302000
2796,30613000,15004000,295000
2797,30622000,15004000,310000
2798,30626000,15004000,302000
2799,30622000,14996000,310000
2800,30630000,15008000,306000
2801,30622000,14992000,310000
2802,30634000,15012000,306000
2803,30626000,14992000,314000
2804,30626000,15004000,302000
2805,30617000,14988000,306000
2806,30630000,15016000,306000
2807,30613000,14980000,302000
2808,30622000,15012000,302000
2809,30630000,15004000,317000
2810,30626000,14996000,298000
2811,30622000,14996000,310000
2812,30613000,14996000,294000
2813,30630000,15012000,317000
2814,30622000,14992000,294000
2815,30630000,15008000,317000
2816,30609000,14984000,291000
2817,30622000,15008000,310000
2818,30634000,15012000,306000
2819,30626000,14992000,314000
2820,30622000,15000000,299000
2821,30634000,15008000,321000
2822,30626000,14996000,298000
2823,30617000,14988000,306000
2824,30614000,15004000,295000
2825,30626000,15004000,314000
2826,30626000,15004000,306000
2827,30626000,14996000,314000
2828,30634000,15008000,306000
2829,30617000,14984000,310000
2830,30609000,14996000,291000
2831,30607000,14990000,302000
2832,30599000,14996000,286000
2833,30621000,15018000,306000
2834,30617000,14996000,291000
2835,30613000,15000000,306000
2836,30626000,15012000,298000
2837,30621000,14992000,310000
2838,30626000,15012000,302000
2839,30630000,14996000,314000
2840,30618000,14996000,298000
2841,30617000,14996000,306000
2842,30634000,15016000,306000
2843,30638000,15005000,325000
2844,30609000,14975000,287000
2845,30626000,15012000,314000
2846,30599000,14978000,283000
2847,30622000,15018000,310000
2848,30618000,15000000,294000
2849,30617000,14996000,306000
2850,30613000,15000000,291000
2851,30613000,14996000,310000
2852,30626000,15016000,302000
2853,30621000,14984000,302000
2854,30622000,15012000,302000
2855,30626000,15000000,314000
2856,30634000,15008000,306000
2857,30617000,14984000,310000
2858,30634000,15021000,310000
2859,30621000,14979000,306000
2860,30622000,15008000,302000
2861,30622000,14996000,310000
2862,30626000,15004000,298000
2863,30626000,15000000,318000
2864,30622000,15000000,298000
2865,30638000,15008000,322000
2866,30626000,14996000,302000
2867,30626000,14996000,318000
2868,30626000,15004000,302000
2869,30642000,15009000,326000
2870,30622000,14987000,302000
2871,30626000,15000000,318000
2872,30630000,15008000,310000
2873,30617000,14984000,314000
2874,30630000,15016000,310000
2875,30626000,14988000,314000
2876,30622000,15004000,306000
2877,30617000,14992000,310000
2878,30630000,15012000,306000
2879,30626000,14996000,318000
2880,30622000,15000000,302000
2881,30630000,15004000,321000
2882,30630000,15004000,310000
2883,30626000,14992000,318000
2884,30622000,15000000,306000
2885,30613000,14988000,306000
2886,30626000,15012000,302000
2887,30630000,15004000,321000
2888,30626000,15000000,305000
2889,30622000,14992000,314000
2890,30618000,15000000,302000
2891,30622000,15000000,318000
2892,30622000,15000000,302000
2893,30638000,15012000,325000
2894,30630000,14996000,306000
2895,30630000,15000000,322000
2896,30618000,14992000,298000
2897,30626000,15000000,310000
2898,30613000,14992000,294000
2899,30613000,15000000,306000
2900,30634000,15016000,302000
2901,30638000,15004000,322000
2902,30622000,14992000,298000
2903,30626000,15000000,314000
2904,30613000,14992000,290000
2905,30630000,15012000,314000
2906,30627000,15000000,298000
2907,30618000,14992000,306000
2908,30614000,15000000,294000
2909,30622000,15004000,310000
2910,30626000,15004000,298000
2911,30622000,14996000,310000
2912,30609000,14992000,290000
2913,30622000,15008000,310000
2914,30613000,14992000,290000
2915,30613000,15000000,306000
2916,30626000,15012000,298000
2917,30622000,14992000,306000
2918,30622000,15008000,298000
2919,30618000,14992000,306000
2920,30622000,15008000,302000
2921,30626000,15000000,318000
2922,30630000,15004000,306000
2923,30613000,14980000,302000
2924,30622000,15012000,298000
2925,30617000,14992000,306000
2926,30622000,15008000,302000
2927,30634000,15008000,317000
2928,30613000,14980000,287000
2929,30609000,15000000,302000
2930,30630000,15020000,302000
2931,30622000,14988000,306000
2932,30614000,15000000,294000
2933,30618000,15000000,306000
2934,30627000,15008000,302000
2935,30618000,14992000,310000
2936,30622000,15008000,306000
2937,30618000,14992000,314000
2938,30630000,15012000,310000
2939,30626000,14992000,318000
2940,30618000,14996000,302000
2941,30617000,14996000,310000
2942,30626000,15008000,303000
2943,30617000,14988000,310000
2944,30613000,15004000,298000
2945,30617000,14996000,310000
2946,30626000,15012000,306000
2947,30617000,14988000,310000
2948,30630000,15016000,306000
2949,30630000,14996000,318000
2950,30622000,15000000,302000
2951,30613000,14988000,306000
2952,30622000,15012000,298000
2953,30622000,14996000,310000
2954,30605000,14992000,290000
2955,30609000,15000000,306000
2956,30630000,15020000,310000
2957,30630000,14996000,321000
2958,30630000,15004000,310000
2959,30634000,15000000,314000
2960,30626000,14996000,302000
2961,30622000,14996000,314000
2962,30618000,15000000,298000
2963,30609000,14988000,302000
2964,30609000,15004000,294000
2965,30618000,15004000,310000
2966,30630000,15012000,306000
2967,30622000,14992000,314000
2968,30618000,15000000,302000
2969,30626000,15004000,321000
2970,30618000,14992000,298000
2971,30626000,15004000,318000
2972,30622000,15000000,302000
2973,30626000,15000000,318000
2974,30630000,15008000,306000
2975,30621000,14984000,310000
2976,30622000,15008000,298000
2977,30630000,15000000,314000
2978,30618000,14996000,294000
2979,30630000,15008000,317000
2980,30622000,14996000,299000
2981,30622000,14996000,314000
2982,30618000,15000000,299000
2983,30630000,15004000,314000
2984,30630000,15004000,302000
2985,30630000,15000000,317000
2986,30613000,14988000,294000
2987,30617000,15000000,310000
2988,30634000,15016000,306000
2989,30630000,14992000,314000
2990,30630000,15008000,306000
2991,30630000,14996000,318000
2992,30630000,15004000,306000
2993,30622000,14988000,310000
2994,30630000,15012000,306000
2995,30603000,14970000,298000
2996,30618000,15018000,299000
2997,30630000,15008000,318000
2998,30617000,14988000,298000
2999,30613000,14996000,306000
3000,30630000,15016000,310000
3001,30622000,14992000,313000
3002,30634000,15012000,310000
3003,30630000,14996000,322000
3004,30626000,15000000,306000
3005,30630000,15000000,322000
3006,30613000,14988000,295000
3007,30630000,15012000,322000
3008,30618000,14992000,298000
3009,30622000,15000000,314000
3010,30622000,15004000,302000
3011,30622000,14996000,314000
3012,30630000,15012000,310000
3013,30634000,15000000,325000
3014,30630000,15000000,306000
3015,30634000,15000000,325000
3016,30622000,14996000,306000
3017,30617000,14988000,310000
3018,30630000,15016000,310000
3019,30630000,14996000,321000
3020,30618000,14992000,298000
3021,30622000,15000000,314000
3022,30622000,15004000,302000
3023,30613000,14988000,310000
3024,30618000,15008000,298000
3025,30617000,14992000,310000
3026,30618000,15008000,294000
3027,30634000,15004000,314000
3028,30626000,15004000,302000
3029,30617000,14988000,306000
3030,30622000,15008000,302000
3031,30626000,15000000,313000
3032,30647000,15021000,302000
3033,30622000,14975000,314000
3034,30618000,15008000,302000
3035,30651000,15018000,322000
3036,30630000,14986000,306000
3037,30631000,15005000,310000
3038,30634000,15000000,298000
3039,30614000,14983000,314000
3040,30622000,15008000,302000
3041,30617000,14984000,302000
3042,30630000,15020000,306000
3043,30613000,14980000,306000
3044,30626000,15016000,306000
3045,30621000,14988000,306000
3046,30626000,15008000,302000
3047,30622000,14996000,310000
3048,30630000,15008000,302000
3049,30634000,15004000,310000
3050,30647000,15018000,306000
3051,30609000,14962000,306000
3052,30630000,15029000,302000
3053,30621000,14975000,306000
3054,30630000,15021000,309000
3055,30638000,15000000,310000
3056,30622000,14987000,302000
3057,30614000,14996000,310000
3058,30622000,15000000,294000
3059,30617000,14996000,310000
3060,30630000,15016000,306000
3061,30621000,14984000,310000
3062,30618000,15004000,295000
3063,30621000,14996000,310000
3064,30622000,15008000,298000
3065,30607000,14978000,302000
3066,30630000,15030000,306000
3067,30630000,14992000,314000
3068,30622000,15000000,302000
3069,30622000,14996000,310000
3070,30626000,15004000,302000
3071,30603000,14978000,302000
3072,30626000,15022000,302000
3073,30621000,14992000,310000
3074,30638000,15021000,310000
3075,30626000,14983000,310000
3076,30630000,15012000,306000
3077,30626000,14992000,314000
3078,30622000,15000000,298000
3079,30622000,14996000,310000
3080,30622000,15004000,302000
3081,30626000,15000000,314000
3082,30630000,15004000,302000
3083,30622000,14992000,314000
3084,30626000,15008000,302000
3085,30634000,15000000,317000
3086,30622000,14996000,299000
3087,30626000,15000000,314000
3088,30626000,15004000,302000
3089,30603000,14974000,302000
3090,30613000,15014000,295000
3091,30621000,15000000,310000
3092,30634000,15016000,306000
3093,30604000,14966000,298000
3094,30622000,15026000,298000
3095,30626000,14996000,310000
3096,30634000,15017000,310000
3097,30630000,14991000,317000
3098,30622000,14996000,298000
3099,30622000,14996000,310000
3100,30613000,14996000,294000
3101,30617000,15000000,306000
3102,30630000,15012000,302000
3103,30603000,14974000,302000
3104,30622000,15022000,299000
3105,30626000,14996000,310000
3106,30618000,15000000,294000
3107,30626000,15004000,314000
3108,30626000,15004000,302000
3109,30622000,14992000,310000
3110,30630000,15012000,306000
3111,30626000,14992000,314000
3112,30626000,15004000,302000
3113,30617000,14988000,306000
3114,30626000,15012000,302000
3115,30626000,14996000,314000
3116,30626000,15004000,302000
3117,30622000,14992000,310000
3118,30630000,15012000,306000
3119,30613000,14980000,306000
3120,30613000,15004000,291000
3121,30634000,15012000,318000
3122,30622000,14996000,299000
3123,30626000,15000000,314000
3124,30634000,15013000,310000
3125,30630000,14991000,318000
3126,30630000,15004000,310000
3127,30617000,14984000,314000
3128,30630000,15016000,310000
3129,30621000,14984000,310000
3130,30626000,15012000,306000
3131,30617000,14988000,314000
3132,30622000,15008000,302000
3133,30626000,14996000,318000
3134,30626000,15008000,306000
3135,30630000,14996000,318000
3136,30626000,15004000,306000
3137,30626000,14996000,318000
3138,30630000,15008000,310000
3139,30617000,14984000,310000
3140,30622000,15008000,302000
3141,30617000,14992000,314000
3142,30630000,15016000,306000
3143,30634000,14996000,322000
3144,30618000,14996000,302000
3145,30617000,14992000,310000
3146,30618000,15004000,298000
3147,30603000,14982000,310000
3148,30626000,15026000,306000
3149,30611000,14974000,310000
3150,30622000,15022000,302000
3151,30638000,15004000,321000
3152,30613000,14988000,299000
3153,30634000,15016000,326000
3154,30630000,14996000,306000
3155,30617000,14988000,314000
3156,30630000,15016000,310000
3157,30626000,14988000,314000
3158,30613000,14996000,295000
3159,30617000,15000000,310000
3160,30626000,15012000,306000
3161,30622000,14992000,314000
3162,30626000,15008000,306000
3163,30617000,14988000,314000
3164,30622000,15008000,302000
3165,30642000,15013000,326000
3166,30622000,14987000,298000
3167,30630000,15004000,318000
3168,30626000,15000000,302000
3169,30622000,14992000,310000
3170,30622000,15004000,302000
3171,30622000,14996000,310000
3172,30622000,15000000,298000
3173,30626000,15004000,314000
3174,30630000,15004000,303000
3175,30622000,14992000,310000
3176,30613000,14996000,294000
3177,30617000,15000000,306000
3178,30622000,15004000,295000
3179,30634000,15012000,322000
3180,30626000,14996000,302000
3181,30626000,14996000,314000
3182,30626000,15004000,302000
3183,30630000,15000000,318000
3184,30643000,15017000,302000
3185,30626000,14979000,314000
3186,30610000,14996000,294000
3187,30613000,14992000,310000
3188,30622000,15012000,298000
3189,30634000,15000000,318000
3190,30626000,15004000,306000
3191,30630000,14996000,318000
3192,30609000,14988000,291000
3193,30622000,15008000,314000
3194,30622000,15004000,298000
3195,30617000,14992000,310000
3196,30609000,15000000,295000
3197,30634000,15016000,318000
3198,30613000,14984000,291000
3199,30599000,14986000,306000
3200,30618000,15022000,298000
3201,30617000,14988000,306000
3202,30622000,15016000,302000
3203,30630000,15000000,318000
3204,30609000,14988000,291000
3205,30609000,14996000,306000
3206,30626000,15020000,302000
3207,30622000,14988000,310000
3208,30605000,14996000,294000
3209,30618000,15004000,310000
3210,30626000,15008000,302000
3211,30613000,14988000,306000
3212,30614000,15004000,298000
3213,30618000,15000000,310000
3214,30626000,15008000,302000
3215,30622000,14996000,314000
3216,30618000,15000000,299000
3217,30618000,14996000,310000
3218,30622000,15008000,302000
3219,30618000,14992000,310000
3220,30614000,15000000,298000
3221,30613000,14996000,306000
3222,30626000,15012000,302000
3223,30613000,14988000,306000
3224,30626000,15016000,310000
3225,30609000,14980000,306000
3226,30630000,15020000,309000
3227,30626000,14992000,317000
3228,30626000,15004000,306000
3229,30626000,14996000,318000
3230,30618000,14996000,299000
3231,30630000,15008000,321000
3232,30626000,15000000,305000
3233,30626000,14996000,318000
3234,30626000,15004000,306000
3235,30626000,14996000,318000
3236,30626000,15004000,306000
3237,30617000,14988000,310000
3238,30630000,15016000,310000
3239,30626000,14992000,318000
3240,30599000,14978000,287000
3241,30622000,15018000,314000
3242,30622000,15004000,298000
3243,30630000,15004000,317000
3244,30618000,14996000,295000
3245,30591000,14970000,294000
3246,30622000,15034000,298000
3247,30626000,14992000,306000
3248,30626000,15012000,302000
3249,30613000,14984000,302000
3250,30622000,15012000,299000
3251,30595000,14970000,294000
3252,30605000,15014000,290000
3253,30617000,15004000,306000
3254,30626000,15008000,298000
3255,30626000,15000000,314000
3256,30614000,14996000,298000
3257,30613000,14996000,310000
3258,30630000,15016000,310000
3259,30617000,14984000,310000
3260,30618000,15004000,305000
3261,30617000,14996000,310000
3262,30634000,15012000,305000
3263,30603000,14974000,306000
3264,30634000,15035000,314000
3265,30630000,14987000,317000
3266,30626000,15004000,306000
3267,30642000,15013000,326000
3268,30622000,14983000,298000
3269,30613000,14992000,314000
3270,30626000,15012000,302000
3271,30634000,14996000,314000
3272,30613000,14992000,298000
3273,30626000,15008000,314000
3274,30634000,15004000,302000
3275,30622000,14992000,310000
3276,30634000,15017000,310000
3277,30626000,14987000,314000
3278,30630000,15008000,306000
3279,30617000,14984000,310000
3280,30626000,15012000,306000
3281,30634000,15000000,318000
3282,30630000,15000000,302000
3283,30617000,14988000,310000
3284,30634000,15021000,310000
3285,30630000,14987000,313000
3286,30630000,15008000,306000
3287,30626000,14992000,314000
3288,30630000,15008000,306000
3289,30626000,14992000,314000
3290,30630000,15008000,306000
3291,30622000,14988000,310000
3292,30626000,15008000,302000
3293,30617000,14988000,310000
3294,30622000,15008000,298000
3295,30621000,14992000,310000
3296,30634000,15021000,310000
3297,30630000,14987000,314000
3298,30626000,15004000,306000
3299,30622000,14992000,310000
3300,30622000,15000000,298000
3301,30622000,15000000,310000
3302,30634000,15012000,306000
3303,30630000,14996000,317000
3304,30626000,15000000,302000
3305,30617000,14988000,306000
3306,30626000,15012000,298000
3307,30613000,14984000,310000
3308,30618000,15012000,298000
3309,30621000,14988000,306000
3310,30622000,15012000,302000
3311,30634000,15004000,317000
3312,30638000,15009000,310000
3313,30626000,14987000,314000
3314,30651000,15030000,310000
3315,30626000,14970000,314000
3316,30614000,15000000,302000
3317,30622000,14996000,314000
3318,30638000,15017000,310000
3319,30626000,14983000,310000
3320,30630000,15012000,306000
3321,30626000,14992000,314000
3322,30630000,15008000,306000
3323,30617000,14984000,310000
3324,30630000,15016000,306000
3325,30617000,14980000,302000
3326,30634000,15025000,310000
3327,30626000,14987000,314000
3328,30618000,14996000,298000
3329,30613000,14992000,302000
3330,30638000,15025000,298000
3331,30617000,14979000,306000
3332,30618000,15008000,298000
3333,30622000,14996000,310000
3334,30613000,14996000,290000
3335,30626000,15008000,314000
3336,30622000,15000000,301000
3337,30617000,14992000,306000
3338,30626000,15008000,298000
3339,30626000,15000000,314000
3340,30618000,14996000,298000
3341,30613000,14992000,306000
3342,30630000,15016000,306000
3343,30621000,14988000,306000
3344,30634000,15016000,306000
3345,30626000,14992000,314000
3346,30622000,15000000,298000
3347,30626000,15000000,314000
3348,30622000,15000000,299000
3349,30622000,14996000,310000
3350,30630000,15012000,305000
3351,30622000,14988000,310000
3352,30630000,15012000,306000
3353,30630000,14996000,317000
3354,30630000,15004000,306000
3355,30626000,14992000,314000
3356,30626000,15004000,306000
3357,30626000,14996000,314000
3358,30622000,14996000,294000
3359,30622000,15000000,314000
3360,30622000,15004000,298000
3361,30617000,14988000,302000
3362,30634000,15025000,310000
3363,30626000,14987000,314000
3364,30618000,14996000,298000
3365,30617000,14996000,310000
3366,30630000,15012000,302000
3367,30630000,14996000,314000
3368,30626000,15004000,302000
3369,30588000,14958000,290000
3370,30622000,15038000,298000
3371,30630000,14996000,310000
3372,30618000,15000000,298000
3373,30626000,15004000,314000
3374,30642000,15017000,314000
3375,30626000,14983000,314000
3376,30626000,15004000,302000
3377,30626000,14996000,314000
3378,30622000,15000000,298000
3379,30630000,15004000,318000
3380,30630000,15004000,306000
3381,30634000,15000000,322000
3382,30630000,15000000,310000
3383,30622000,14988000,314000
3384,29630000,14012000,310000
3385,29617000,14984000,314000
3386,30634000,15021000,314000
3387,30634000,14991000,322000
3388,30630000,15004000,310000
3389,30630000,14996000,321000
3390,30626000,15000000,306000
3391,30630000,15000000,321000
3392,30609000,14984000,291000
3393,30595000,14982000,302000
3394,30622000,15030000,302000
3395,30634000,15000000,318000
3396,30622000,15000000,306000
3397,30617000,14992000,314000
3398,30634000,15016000,310000
3399,30630000,14992000,318000
3400,30622000,15000000,306000
3401,30626000,15000000,318000
3402,30634000,15008000,310000
3403,30626000,14992000,318000
3404,30609000,14988000,291000
3405,30617000,15004000,314000
3406,30630000,15016000,310000
3407,30617000,14980000,310000
3408,30626000,15016000,306000
3409,30617000,14984000,310000
3410,30630000,15020000,310000
3411,30617000,14980000,310000
3412,30599000,14990000,291000
3413,30642000,15035000,318000
3414,30617000,14979000,295000
3415,30622000,15008000,318000
3416,30618000,14996000,298000
3417,30617000,14996000,310000
3418,30630000,15016000,310000
3419,30626000,14992000,318000
3420,30639000,15017000,318000
3421,30630000,14987000,321000
3422,30614000,14992000,298000
3423,30617000,14996000,310000
3424,30609000,14996000,294000
3425,30626000,15012000,318000
3426,30626000,15000000,302000
3427,30617000,14992000,310000
3428,30630000,15016000,310000
3429,30603000,14970000,306000
3430,30613000,15014000,294000
3431,30630000,15008000,317000
3432,30618000,14996000,298000
3433,30617000,14996000,314000
3434,30630000,15016000,310000
3435,30626000,14988000,318000
3436,30626000,15008000,305000
3437,30621000,14988000,310000
3438,30626000,15012000,306000
3439,30603000,14974000,306000
3440,30626000,15026000,310000
3441,30626000,14992000,314000
3442,30622000,15000000,298000
3443,30626000,15004000,318000
3444,30622000,15000000,302000
3445,30617000,14992000,310000
3446,30622000,15008000,302000
3447,30622000,14996000,314000
3448,30622000,15004000,302000
3449,30626000,15000000,318000
3450,30630000,15008000,310000
3451,30622000,14988000,314000
3452,30613000,14996000,302000
3453,30630000,15012000,318000
3454,30638000,15004000,310000
3455,30617000,14984000,314000
3456,30630000,15016000,310000
3457,30634000,14996000,318000
3458,30626000,15000000,302000
3459,30622000,14992000,310000
3460,30630000,15012000,306000
3461,30626000,14992000,314000
3462,30622000,15000000,298000
3463,30630000,15004000,318000
3464,30618000,14992000,294000
3465,30626000,15004000,310000
3466,30626000,15004000,298000
3467,30618000,14992000,306000
3468,30622000,15008000,302000
3469,30613000,14988000,310000
3470,30622000,15008000,298000
3471,30634000,15004000,318000
3472,30626000,15000000,298000
3473,30622000,14992000,306000
3474,30618000,15004000,294000
3475,30622000,15000000,310000
3476,30618000,15000000,294000
3477,30599000,14978000,294000
3478,30609000,15014000,291000
3479,30618000,15004000,306000
3480,30618000,15000000,294000
3481,30638000,15021000,314000
3482,30622000,14983000,299000
3483,30618000,15000000,314000
3484,30613000,14992000,294000
3485,30613000,14996000,302000
3486,30626000,15012000,298000
3487,30613000,14988000,306000
3488,30618000,15008000,298000
3489,30617000,14992000,306000
3490,30626000,15012000,298000
3491,30621000,14992000,310000
3492,30626000,15012000,302000
3493,30634000,15000000,318000
3494,30626000,15000000,302000
3495,30626000,14996000,314000
3496,30618000,14996000,295000
3497,30617000,14996000,310000
3498,30622000,15008000,298000
3499,30630000,15000000,314000
3500,30626000,15004000,302000
3501,30617000,14988000,306000
3502,30622000,15008000,298000
3503,30613000,14988000,302000
3504,30626000,15016000,301000
3505,30617000,14988000,306000
3506,30634000,15021000,310000
3507,30626000,14987000,314000
3508,30622000,15000000,299000
3509,30638000,15013000,326000
3510,30622000,14987000,302000
3511,30634000,15008000,325000
3512,30626000,14996000,306000
3513,30626000,14996000,322000
3514,30622000,15000000,302000
3515,30607000,14978000,310000
3516,30622000,15022000,302000
3517,30634000,15000000,318000
3518,30626000,15004000,306000
3519,30622000,14992000,314000
3520,30599000,14982000,294000
3521,30626000,15022000,318000
3522,30642000,15013000,314000
3523,30617000,14979000,310000
3524,30618000,15004000,299000
3525,30617000,14996000,310000
3526,30639000,15025000,314000
3527,30622000,14979000,314000
3528,30622000,15008000,306000
3529,30622000,14992000,314000
3530,30613000,14996000,295000
3531,30634000,15016000,326000
3532,30622000,14992000,302000
3533,30622000,14996000,318000
3534,30622000,15004000,302000
3535,30634000,15004000,322000
3536,30622000,14996000,306000
3537,30626000,15000000,318000
3538,30622000,14996000,299000
3539,30634000,15012000,325000
3540,30626000,14996000,306000
3541,30613000,14984000,310000
3542,30622000,15012000,302000
3543,30626000,14996000,314000
3544,30634000,15017000,310000
3545,30634000,14995000,325000
3546,30614000,14988000,298000
3547,30630000,15008000,321000
3548,30630000,15004000,310000
3549,30634000,15000000,325000
3550,30626000,14996000,306000
3551,30613000,14984000,310000
3552,30618000,15008000,298000
3553,30621000,14996000,310000
3554,30634000,15021000,314000
3555,30626000,14987000,318000
3556,30613000,14992000,298000
3557,30626000,15008000,318000
3558,30626000,15000000,302000
3559,30630000,15004000,322000
3560,30630000,15004000,309000
3561,30617000,14984000,310000
3562,30630000,15016000,310000
3563,30626000,14992000,318000
3564,30630000,15008000,310000
3565,30617000,14984000,310000
3566,30630000,15016000,310000
3567,30617000,14984000,314000
3568,30613000,15000000,295000
3569,30607000,14986000,302000
3570,30630000,15030000,298000
3571,30626000,14992000,318000
3572,30622000,15004000,306000
3573,30626000,14996000,317000
3574,30622000,15000000,306000
3575,30626000,15000000,318000
3576,30630000,15004000,306000
3577,30622000,14992000,318000
3578,30634000,15017000,314000
3579,30630000,14987000,317000
3580,30626000,15004000,309000
3581,30630000,15000000,322000
3582,30630000,15000000,306000
3583,30630000,15000000,321000
3584,30634000,15009000,314000
3585,30622000,14983000,314000
3586,30626000,15008000,306000
3587,30630000,15000000,321000
3588,30626000,15000000,306000
3589,30617000,14988000,310000
3590,30634000,15021000,314000
3591,30622000,14983000,314000
3592,30626000,15012000,310000
3593,30617000,14984000,310000
3594,30622000,15008000,302000
3595,30617000,14992000,314000
3596,30635000,15021000,314000
3597,30617000,14975000,306000
3598,30622000,15012000,302000
3599,30630000,15004000,322000
3600,30622000,14996000,302000
3601,30617000,14992000,314000
3602,30634000,15021000,298000
3603,30626000,14983000,318000
3604,30622000,15012000,310000
3605,30630000,14992000,318000
3606,30630000,15008000,309000
3607,30622000,14988000,314000
3608,30618000,15000000,298000
3609,30630000,15008000,321000
3610,30630000,15004000,310000
3611,30626000,14992000,317000
3612,30613000,14992000,294000
3613,30626000,15008000,318000
3614,30630000,15008000,310000
3615,30622000,14988000,314000
3616,30618000,15000000,302000
3617,30626000,15004000,317000
3618,30630000,15004000,306000
3619,30630000,15000000,321000
3620,30613000,14988000,294000
3621,30613000,14996000,314000
3622,30622000,15012000,302000
3623,30634000,15000000,317000
3624,30618000,14996000,302000
3625,30626000,15004000,318000
3626,30622000,14996000,298000
3627,30630000,15008000,321000
3628,30626000,15000000,305000
3629,30626000,14996000,318000
3630,30630000,15008000,310000
3631,30626000,14992000,318000
3632,30609000,14988000,298000
3633,30630000,15016000,322000
3634,30634000,15000000,306000
3635,30626000,14996000,318000
3636,30630000,15008000,310000
3637,30634000,15000000,322000
3638,30622000,14992000,302000
3639,30622000,14996000,314000
3640,30622000,15004000,306000
3641,30613000,14988000,307000
3642,30626000,15012000,302000
3643,30623000,14996000,314000
3644,28952000,13335000,313000
3645,28630000,14673000,322000
3646,30300000,15000000,306000
3647,30630000,15000000,321000
3648,30626000,15000000,306000
3649,30626000,14996000,317000
3650,30626000,15004000,306000
3651,29626000,13996000,318000
3652,29609000,14988000,294000
3653,30626000,15012000,322000
3654,30613000,14988000,291000
3655,30634000,15016000,321000
3656,30618000,14992000,301000
3657,30617000,14996000,310000
3658,30630000,15012000,306000
3659,30622000,14992000,318000
3660,30626000,15008000,306000
3661,30634000,15000000,321000
3662,30618000,14992000,299000
3663,30622000,15000000,318000
3664,30626000,15008000,306000
3665,30626000,14992000,314000
3666,30622000,15004000,306000
3667,30630000,15004000,322000
3668,30626000,14996000,302000
3669,30599000,14974000,302000
3670,30626000,15030000,306000
3671,30638000,15004000,325000
3672,30613000,14984000,294000
3673,30599000,14982000,302000
3674,30599000,15004000,291000
3675,30626000,15018000,314000
3676,30626000,15004000,306000
3677,30622000,14996000,314000
3678,30634000,15012000,310000
3679,30634000,15000000,325000
3680,30622000,14992000,302000
3681,30626000,15000000,322000
3682,30626000,15004000,306000
3683,30630000,14996000,317000
3684,30613000,14992000,298000
3685,30634000,15016000,321000
3686,30622000,14988000,294000
3687,30626000,15004000,318000
3688,30609000,14988000,287000
3689,30626000,15008000,314000
3690,30630000,15012000,306000
3691,30630000,14992000,314000
3692,30622000,15000000,298000
3693,30626000,15000000,314000
3694,30618000,14996000,294000
3695,30622000,15000000,314000
3696,30630000,15012000,306000
3697,30638000,15000000,322000
3698,30622000,14992000,298000
3699,30630000,15004000,318000
3700,30626000,15000000,302000
3701,30617000,14988000,310000
3702,30618000,15004000,298000
3703,30630000,15004000,317000
3704,30609000,14988000,295000
3705,30626000,15012000,318000
3706,30626000,15000000,302000
3707,30634000,15008000,325000
3708,30626000,14996000,306000
3709,30642000,15013000,330000
3710,30626000,14987000,306000
3711,30630000,15000000,321000
3712,30626000,15000000,306000
3713,30617000,14988000,314000
3714,30626000,15012000,306000
3715,30630000,14996000,322000
3716,30618000,14996000,298000
3717,30634000,15008000,321000
3718,30626000,15000000,306000
3719,30622000,14992000,314000
3720,30618000,15000000,295000
3721,30626000,15004000,314000
3722,30622000,15004000,302000
3723,30600000,14974000,302000
3724,30618000,15022000,302000
3725,30626000,15000000,318000
3726,30622000,15000000,302000
3727,30622000,14996000,314000
3728,30626000,15008000,302000
3729,30630000,15000000,317000
3730,30622000,15000000,302000
3731,30618000,14992000,310000
3732,30614000,15000000,294000
3733,30618000,15000000,310000
3734,30618000,15004000,298000
3735,30626000,15004000,317000
3736,30639000,15018000,310000
3737,30626000,14982000,321000
3738,30618000,15000000,306000
3739,30643000,15014000,317000
3740,30622000,14982000,306000
3741,30635000,15018000,317000
3742,30647000,15003000,306000
3743,30609000,14971000,314000
3744,30626000,15021000,310000
3745,30626000,14983000,314000
3746,30622000,15004000,298000
3747,30626000,14996000,314000
3748,30626000,15008000,302000
3749,30626000,14992000,310000
3750,30630000,15012000,306000
3751,30626000,14992000,314000
3752,30618000,14996000,294000
3753,30638000,15017000,314000
3754,30643000,15008000,302000
3755,28937000,13294000,313000
3756,28630000,14702000,298000
3757,30304000,14983000,314000
3758,30622000,15008000,305000
3759,30638000,15005000,310000
3760,28953000,13318000,309000
3761,28591000,14643000,298000
3762,30296000,15026000,298000
3763,30630000,15000000,314000
3764,30622000,15000000,299000
3765,30626000,15000000,318000
3766,28953000,13332000,303000
3767,28634000,14672000,321000
3768,30282000,14992000,298000
3769,30613000,14992000,306000
3770,30622000,15012000,302000
3771,30626000,15000000,318000
3772,30630000,15008000,310000
3773,30630000,14996000,322000
3774,30626000,15000000,306000
3775,30622000,14992000,314000
3776,30634000,15017000,298000
3777,30634000,14995000,322000
3778,30614000,14992000,298000
3779,30617000,14992000,306000
3780,30613000,15000000,295000
3781,30626000,15008000,314000
3782,30630000,15004000,298000
3783,30630000,15000000,318000
3784,30618000,14996000,298000
3785,30617000,14992000,306000
3786,30626000,15012000,302000
3787,30622000,14992000,310000
3788,30618000,15000000,295000
3789,30622000,15000000,314000
3790,30613000,14996000,291000
3791,30630000,15008000,314000
3792,30626000,15004000,302000
3793,30617000,14988000,310000
3794,30613000,15000000,295000
3795,30634000,15012000,318000
3796,30617000,14988000,294000
3797,30613000,14996000,306000
3798,30626000,15012000,302000
3799,30638000,15008000,322000
3800,30634000,15000000,306000
3801,30638000,15005000,326000
3802,30622000,14987000,299000
3803,30630000,15004000,317000
3804,30618000,14992000,298000
3805,30613000,14992000,306000
3806,30626000,15012000,298000
3807,30617000,14988000,310000
3808,30618000,15008000,294000
3809,30612000,14982000,302000
3810,30622000,15022000,298000
3811,30630000,15000000,314000
3812,30613000,14992000,295000
3813,30630000,15012000,318000
3814,30626000,14996000,299000
3815,30630000,15004000,317000
3816,30609000,14984000,287000
3817,30617000,15004000,306000
3818,30618000,15004000,294000
3819,30626000,15004000,314000
3820,30630000,15008000,306000
3821,30630000,14996000,318000
3822,30618000,14992000,295000
3823,30617000,14996000,310000
3824,30626000,15012000,302000
3825,30638000,15004000,306000
3826,30630000,15000000,306000
3827,30618000,14992000,314000
3828,30626000,15004000,302000
3829,30630000,15000000,318000
3830,30622000,14996000,298000
3831,30647000,15022000,317000
3832,30599000,14956000,287000
3833,30622000,15026000,317000
3834,30630000,15000000,302000
3835,30630000,15000000,317000
3836,30630000,15004000,306000
3837,30626000,14992000,314000
3838,30618000,14996000,294000
3839,30626000,15004000,318000
3840,30622000,15000000,298000
3841,30630000,15000000,314000
3842,30622000,15000000,298000
3843,30622000,14996000,310000
3844,30622000,15004000,302000
3845,30626000,15000000,314000
3846,30634000,15008000,306000
3847,30617000,14984000,306000
3848,30630000,15016000,306000
3849,30626000,14992000,314000
3850,30634000,15013000,310000
3851,30626000,14987000,314000
3852,30618000,14996000,295000
3853,30617000,14996000,310000
3854,30626000,15012000,302000
3855,30607000,14974000,306000
3856,30634000,15035000,310000
3857,30638000,14991000,318000
3858,30630000,15004000,306000
3859,30622000,14988000,310000
3860,30630000,15012000,306000
3861,30603000,14970000,302000
3862,30630000,15030000,305000
3863,30626000,14988000,310000
3864,30630000,15012000,306000
3865,30622000,14988000,314000
3866,30630000,15012000,306000
3867,30630000,14992000,314000
3868,30622000,15000000,298000
3869,30626000,15000000,314000
3870,30626000,15004000,302000
3871,30617000,14988000,310000
3872,30626000,15012000,302000
3873,30630000,14996000,314000
3874,30630000,15008000,306000
3875,30630000,14996000,318000
3876,30618000,14992000,298000
3877,30603000,14982000,302000
3878,30630000,15026000,302000
3879,30621000,14988000,306000
3880,30613000,15000000,294000
3881,30630000,15012000,318000
3882,30617000,14988000,291000
3883,30613000,14996000,310000
3884,30626000,15016000,302000
3885,30630000,14992000,310000
3886,30630000,15012000,306000
3887,30622000,14988000,310000
3888,30618000,15000000,298000
3889,30634000,15012000,321000
3890,30626000,14992000,298000
3891,30617000,14992000,310000
3892,30618000,15004000,295000
3893,30626000,15000000,310000
3894,30634000,15017000,314000
3895,30617000,14979000,310000
3896,30622000,15008000,302000
3897,30626000,15000000,317000
3898,30622000,15000000,302000
3899,30634000,15008000,322000
3900,30634000,15005000,309000
3901,30617000,14979000,306000
3902,30630000,15016000,306000
3903,30617000,14984000,306000
3904,30613000,15000000,290000
3905,30626000,15008000,314000
3906,30630000,15008000,306000
3907,30630000,14996000,317000
3908,30622000,14996000,298000
3909,30634000,15008000,321000
3910,30618000,14988000,291000
3911,30630000,15008000,314000
3912,30595000,14974000,290000
3913,30626000,15026000,317000
3914,30634000,15000000,302000
3915,30617000,14988000,310000
3916,30622000,15008000,301000
3917,30621000,14992000,306000
3918,30634000,15016000,306000
3919,30626000,14992000,314000
3920,30630000,15008000,306000
3921,30626000,14992000,314000
3922,30626000,15004000,302000
3923,30630000,15000000,317000
3924,30630000,15004000,306000
3925,30626000,14992000,314000
3926,30613000,14992000,291000
3927,30630000,15012000,318000
3928,30599000,14974000,283000
3929,30617000,15014000,302000
3930,30618000,15004000,291000
3931,30609000,14992000,302000
3932,30614000,15008000,294000
3933,30630000,15008000,313000
3934,30613000,14988000,287000
3935,30618000,15004000,310000
3936,30614000,15000000,291000
3937,30603000,14982000,302000
3938,30614000,15018000,291000
3939,30617000,14992000,306000
3940,30618000,15012000,294000
3941,30621000,14992000,302000
3942,30618000,15008000,295000
3943,30622000,15000000,310000
3944,30595000,14978000,287000
3945,30626000,15026000,318000
3946,30617000,14988000,291000
3947,30630000,15012000,318000
3948,30609000,14984000,291000
3949,30622000,15008000,310000
3950,30626000,15004000,298000
3951,30626000,15000000,318000
3952,30613000,14992000,286000
3953,30626000,15004000,309000
3954,30606000,14992000,283000
3955,30617000,15004000,306000
3956,30609000,15000000,290000
3957,30613000,14996000,302000
3958,30622000,15012000,299000
3959,30622000,14996000,310000
3960,30626000,15012000,310000
3961,30622000,14992000,318000
3962,30622000,15000000,302000
3963,30591000,14966000,302000
3964,30626000,15038000,306000
3965,30646000,15004000,322000
3966,30634000,15005000,314000
3967,30622000,14983000,314000
3968,30626000,15008000,306000
3969,30622000,14992000,314000
3970,30618000,15000000,302000
3971,30595000,14974000,298000
3972,30613000,15018000,298000
3973,30617000,15000000,306000
3974,30638000,15020000,306000
3975,30617000,14984000,310000
3976,30626000,15016000,306000
3977,30622000,14988000,310000
3978,30630000,15017000,306000
3979,30609000,14975000,302000
3980,30605000,15000000,290000
3981,30630000,15016000,317000
3982,30622000,14992000,294000
3983,30630000,15008000,318000
3984,30618000,14992000,291000
3985,30617000,14996000,306000
3986,30609000,15000000,287000
3987,30617000,15000000,306000
3988,30609000,15000000,291000
3989,30626000,15008000,310000
3990,30618000,14996000,290000
3991,30622000,15004000,310000
3992,30622000,15004000,302000
3993,30618000,14992000,310000
3994,30630000,15012000,306000
3995,30622000,14988000,310000
3996,30613000,14996000,295000
3997,30622000,15004000,314000
3998,30617000,14996000,291000
3999,30607000,14986000,306000
4000,30622000,15022000,299000
4001,30646000,15013000,326000
4002,30613000,14979000,291000
4003,30626000,15008000,314000
4004,30618000,14996000,298000
4005,30626000,15004000,314000
4006,30626000,15000000,298000
4007,30626000,15000000,314000
4008,30626000,15004000,302000
4009,30613000,14984000,306000
4010,28961000,13351000,307000
4011,28617000,14649000,306000
4012,30282000,15008000,295000
4013,30621000,14996000,306000
4014,30609000,14996000,287000
4015,30604000,14990000,302000
4016,30622000,15022000,298000
4017,30621000,14992000,306000
4018,30630000,15016000,306000
4019,30617000,14984000,306000
4020,30630000,15016000,306000
4021,30630000,14996000,318000
4022,30626000,15000000,306000
4023,30622000,14992000,314000
4024,30630000,15012000,310000
4025,30613000,14980000,306000
4026,30622000,15012000,302000
4027,30622000,14996000,314000
4028,30613000,14996000,298000
4029,30630000,15012000,321000
4030,30630000,15000000,306000
4031,30595000,14966000,302000
4032,30630000,15038000,310000
4033,30634000,14992000,318000
4034,30630000,15008000,310000
4035,30599000,14966000,302000
4036,30613000,15018000,298000
4037,30634000,15012000,322000
4038,30626000,14996000,302000
4039,30626000,15000000,318000
4040,30626000,15004000,306000
4041,30630000,15000000,321000
4042,30618000,14992000,298000
4043,30630000,15008000,322000
4044,30622000,14996000,302000
4045,30613000,14988000,306000
4046,30626000,15016000,306000
4047,30626000,14996000,318000
4048,30622000,15000000,305000
4049,30634000,15008000,325000
4050,30622000,14988000,298000
4051,30617000,14996000,314000
4052,30613000,15000000,298000
4053,30638000,15016000,314000
4054,30622000,14988000,298000
4055,30626000,15008000,322000
4056,30595000,14970000,287000
4057,30622000,15022000,318000
4058,30626000,15004000,302000
4059,30642000,15013000,326000
4060,30626000,14991000,302000
4061,30626000,14996000,314000
4062,30618000,14996000,294000
4063,30613000,14992000,306000
4064,30609000,15000000,287000
4065,30634000,15016000,318000
4066,30630000,15004000,306000
4067,30626000,14992000,314000
4068,30630000,15008000,306000
4069,30626000,14992000,314000
4070,30626000,15004000,302000
4071,30622000,14992000,314000
4072,30622000,15004000,298000
4073,30626000,14996000,314000
4074,30622000,15004000,299000
4075,28956000,13327000,324000
4076,28630000,14681000,306000
4077,30319000,15009000,314000
4078,30647000,15009000,306000
4079,30626000,14982000,322000
4080,30601000,14980000,287000
4081,30626000,15012000,314000
4082,30626000,15004000,302000
4083,30622000,14992000,310000
4084,30613000,14996000,298000
4085,30630000,15012000,318000
4086,30630000,14996000,298000
4087,30626000,15000000,314000
4088,30618000,14996000,298000
4089,30617000,14996000,310000
4090,30626000,15008000,298000
4091,30630000,15000000,314000
4092,30618000,14996000,295000
4093,30613000,14992000,306000
4094,30622000,15012000,298000
4095,30630000,15000000,314000
4096,30622000,15000000,298000
4097,30622000,14996000,310000
4098,30618000,15000000,294000
4099,30634000,15012000,321000
4100,30622000,14992000,295000
4101,30630000,15004000,318000
4102,30618000,14996000,298000
4103,30630000,15004000,318000
4104,30626000,15000000,301000
4105,30634000,15004000,321000
4106,30613000,14984000,291000
4107,30634000,15016000,322000
4108,30622000,14992000,298000
4109,30626000,15000000,314000
4110,30613000,14992000,294000
4111,30630000,15012000,318000
4112,30622000,14992000,294000
4113,30630000,15008000,318000
4114,30626000,15000000,301000
4115,30634000,15004000,322000
4116,30626000,14996000,298000
4117,30626000,14996000,314000
4118,30622000,15004000,302000
4119,30634000,15004000,322000
4120,30626000,14996000,302000
4121,30626000,14996000,313000
4122,30622000,15000000,298000
4123,30626000,15000000,318000
4124,30622000,15000000,298000
4125,30607000,14978000,306000
4126,30622000,15022000,298000
4127,30642000,15008000,322000
4128,30618000,14988000,295000
4129,30613000,14992000,302000
4130,30613000,15004000,294000
4131,30626000,15008000,314000
4132,30626000,15000000,294000
4133,30603000,14978000,302000
4134,30610000,15014000,294000
4135,30638000,15016000,321000
4136,30630000,14996000,302000
4137,30617000,14988000,310000
4138,30622000,15008000,301000
4139,30621000,14992000,306000
4140,30617000,15000000,294000
4141,30622000,15004000,310000
4142,30630000,15008000,302000
4143,30622000,14992000,310000
4144,30613000,14996000,295000
4145,30617000,15000000,306000
4146,30626000,15008000,298000
4147,30617000,14992000,306000
4148,30626000,15012000,298000
4149,30622000,14992000,310000
4150,30639000,15025000,310000
4151,30622000,14975000,314000
4152,30609000,14996000,301000
4153,30599000,14982000,298000
4154,30630000,15026000,302000
4155,30630000,15004000,322000
4156,30634000,15009000,313000
4157,30603000,14965000,302000
4158,30630000,15030000,310000
4159,30626000,14992000,318000
4160,29622000,14000000,302000
4161,29613000,14988000,306000
4162,30618000,15008000,302000
4163,30626000,15004000,317000
4164,30626000,15000000,298000
4165,30603000,14978000,306000
4166,30618000,15022000,302000
4167,30621000,14992000,306000
4168,30626000,15008000,301000
4169,30630000,15004000,318000
4170,30634000,15004000,305000
4171,30626000,14992000,314000
4172,30622000,15000000,298000
4173,30622000,14996000,310000
4174,30618000,15000000,298000
4175,30613000,14992000,302000
4176,30617000,15004000,295000
4177,30622000,15004000,310000
4178,30617000,14996000,294000
4179,30622000,15004000,310000
4180,30622000,15000000,294000
4181,30626000,15004000,314000
4182,30623000,15000000,298000
4183,30600000,14974000,298000
4184,30626000,15030000,302000
4185,30617000,14984000,302000
4186,29622000,14012000,302000
4187,29617000,14992000,310000
4188,29622000,14004000,298000
4189,29626000,15000000,310000
4190,28960000,13339000,312000
4191,28630000,14669000,318000
4192,30299000,15000000,302000
4193,30604000,14974000,302000
4194,30626000,15026000,302000
4195,30630000,14996000,314000
4196,30630000,15008000,303000
4197,30630000,14996000,318000
4198,29609000,13988000,294000
4199,29622000,15004000,314000
4200,29630000,14008000,302000
4201,29626000,14992000,314000
4202,28961000,13343000,307000
4203,28626000,14657000,314000
4204,30282000,15000000,297000
4205,29634000,14008000,318000
4206,28630000,14000000,302000
4207,27953000,13323000,315000
4208,27622000,13673000,298000
4209,28294000,14000000,314000
4210,29630000,15008000,306000
4211,30613000,14980000,306000
4212,30626000,15016000,298000
4213,30626000,14992000,306000
4214,30614000,15000000,302000
4215,30622000,15004000,318000
4216,29603000,13978000,287000
4217,28599000,13996000,302000
4218,29618000,15022000,295000
4219,29630000,14004000,314000
4220,29609000,14992000,294000
4221,28958000,13345000,316000
4222,28622000,14663000,298000
4223,29263000,13978000,302000
4224,28630000,14035000,313000
4225,29626000,14987000,318000
4226,29626000,14004000,305000
4227,29630000,15000000,322000
4228,30622000,14996000,298000
4229,30638000,15013000,314000
4230,30626000,14995000,310000
4231,28948000,13323000,329000
4232,27622000,13669000,298000
4233,29287000,14988000,306000
4234,30618000,15012000,298000
4235,30622000,14996000,310000
4236,30605000,14992000,291000
4237,29613000,14004000,310000
4238,29618000,15004000,298000
4239,29626000,14004000,314000
4240,28622000,14000000,298000
4241,29618000,14996000,310000
4242,30605000,14992000,291000
4243,30599000,14990000,298000
4244,30613000,15014000,294000
4245,29626000,14012000,318000
4246,28622000,13996000,299000
4247,28613000,13992000,306000
4248,28622000,14012000,306000
4249,28613000,13988000,310000
4250,28613000,14000000,302000
4251,28622000,14004000,314000
4252,28621000,13996000,298000
4253,28622000,14004000,314000
4254,28603000,13982000,291000
4255,28630000,14026000,322000
4256,29630000,15000000,305000
4257,28948000,13319000,324000
4258,27618000,13673000,298000
4259,29294000,14996000,314000
4260,29618000,14004000,298000
4261,29630000,15004000,318000
4262,30626000,15004000,305000
4263,30622000,14992000,314000
4264,29613000,13996000,297000
4265,29630000,15012000,321000
4266,29630000,14000000,306000
4267,29626000,14996000,322000
4268,29622000,14000000,302000
4269,29626000,14996000,314000
4270,29618000,14000000,302000
4271,29634000,15012000,325000
4272,30617000,14984000,295000
4273,28949000,13332000,318000
4274,27613000,13668000,298000
4275,27619000,13331000,320000
4276,27638000,13690000,306000
4277,29303000,14991000,314000
4278,30595000,14974000,294000
4279,30622000,15022000,318000
4280,29599000,13970000,286000
4281,28630000,14034000,322000
4282,27964000,13331000,311000
4283,28634000,14673000,325000
4284,29298000,14000000,310000
4285,28626000,13992000,318000
4286,28618000,13996000,298000
4287,28617000,13996000,310000
4288,28613000,14000000,302000
4289,27974000,13356000,330000
4290,27634000,13656000,305000
4291,28296000,14000000,321000
4292,28622000,13996000,298000
4293,28634000,14008000,325000
4294,28622000,13996000,305000
4295,29634000,15004000,325000
4296,29622000,13992000,302000
4297,29622000,14996000,314000
4298,29626000,14008000,306000
4299,29626000,14996000,318000
4300,29599000,13978000,290000
4301,28630000,14026000,322000
4302,29622000,14992000,302000
4303,30630000,15008000,322000
4304,29626000,13996000,301000
4305,28613000,13988000,310000
4306,28613000,14004000,294000
4307,28630000,14008000,321000
4308,28622000,14000000,298000
4309,29626000,14996000,314000
4310,29622000,14008000,305000
4311,28630000,14000000,322000
4312,28618000,13992000,298000
4313,28604000,13982000,306000
4314,28613000,14014000,297000
4315,27960000,13339000,329000
4316,27634000,13677000,309000
4317,28308000,14000000,325000
4318,28618000,13988000,298000
4319,29626000,15004000,318000
4320,29618000,13996000,298000
4321,29596000,14974000,306000
4322,30622000,15030000,301000
4323,30638000,15000000,322000
4324,29622000,14000000,298000
4325,28626000,13996000,318000
4326,28626000,14012000,309000
4327,28634000,13996000,322000
4328,29622000,14996000,302000
4329,30617000,14992000,314000
4330,29622000,14008000,305000
4331,28630000,14000000,318000
4332,28613000,13988000,295000
4333,28622000,14008000,314000
4334,27957000,13335000,307000
4335,27622000,13665000,318000
4336,28294000,14008000,305000
4337,28626000,13992000,318000
4338,28618000,14000000,298000
4339,28626000,14000000,318000
4340,29618000,15000000,294000
4341,28960000,13335000,328000
4342,27634000,13686000,313000
4343,28303000,13987000,318000
4344,29626000,15000000,302000
4345,30622000,14992000,314000
4346,29626000,14008000,302000
4347,28626000,13992000,314000
4348,28618000,14000000,294000
4349,28621000,13996000,306000
4350,28626000,14012000,302000
4351,29630000,15000000,318000
4352,30630000,15004000,305000
4353,29630000,13996000,318000
4354,28630000,14004000,305000
4355,28626000,13992000,314000
4356,29622000,15000000,294000
4357,29634000,14008000,322000
4358,28618000,13992000,298000
4359,29622000,14996000,310000
4360,29613000,13996000,295000
4361,28642000,14025000,314000
4362,29622000,14979000,298000
4363,29605000,13992000,306000
4364,28626000,14012000,301000
4365,28621000,13992000,310000
4366,29626000,15008000,298000
4367,30630000,15000000,314000
4368,30609000,14988000,290000
4369,29613000,14000000,306000
4370,28603000,13990000,286000
4371,28638000,14030000,321000
4372,29622000,14988000,291000
4373,29622000,14000000,314000
4374,28618000,14004000,298000
4375,29630000,15000000,314000
4376,30609000,14988000,291000
4377,29617000,14004000,310000
4378,27961000,13344000,303000
4379,27603000,13638000,302000
4380,27601000,13342000,293000
4381,27638000,13688000,318000
4382,28292000,13992000,294000
4383,28626000,14004000,314000
4384,28622000,14000000,298000
4385,28626000,14000000,314000
4386,27957000,13335000,306000
4387,27630000,13669000,318000
4388,27628000,13336000,304000
4389,26953000,12987000,324000
4390,27282000,13673000,302000
4391,28290000,13992000,310000
4392,28613000,14000000,298000
4393,28622000,14004000,314000
4394,28622000,14000000,302000
4395,29630000,15008000,322000
4396,29626000,13996000,305000
4397,28617000,13992000,310000
4398,29626000,15008000,302000
4399,28952000,13327000,324000
4400,27634000,13686000,313000
4401,28299000,13987000,318000
4402,28622000,14000000,301000
4403,28630000,14004000,321000
4404,28630000,14004000,306000
4405,29635000,15000000,318000
4406,30622000,14996000,306000
4407,29627000,14000000,321000
4408,29626000,15000000,306000
4409,29630000,14000000,318000
4410,27957000,13332000,303000
4411,27617000,13656000,310000
4412,28262000,13986000,287000
4413,28626000,14018000,310000
4414,28634000,14012000,306000
4415,27941000,13307000,313000
4416,27622000,13685000,298000
4417,29304000,15000000,302000
4418,30643000,15021000,306000
4419,29626000,13983000,318000
4420,29636000,15017000,298000
4421,29617000,13971000,310000
4422,28615000,14012000,305000
4423,29656000,15022000,321000
4424,30634000,14982000,305000
4425,30622000,14996000,318000
4426,29626000,14000000,302000
4427,29630000,15000000,317000
4428,30622000,14996000,299000
4429,29618000,13992000,306000
4430,29591000,14978000,286000
4431,28952000,13357000,314000
4432,28650000,14690000,302000
4433,30293000,14983000,314000
4434,30609000,14992000,295000
4435,30638000,15021000,310000
4436,28957000,13319000,298000
4437,28626000,14676000,310000
4438,30293000,15000000,291000
4439,29618000,13988000,314000
4440,28605000,13996000,291000
4441,29626000,15004000,314000
4442,28957000,13339000,313000
4443,27630000,13665000,314000
4444,29292000,14996000,295000
4445,29622000,14000000,314000
4446,28634000,14017000,310000
4447,29630000,14987000,314000
4448,28952000,13331000,303000
4449,27626000,13669000,314000
4450,28290000,14000000,298000
4451,28630000,14004000,318000
4452,28613000,13988000,287000
4453,29622000,15004000,310000
4454,29622000,14008000,301000
4455,29626000,14996000,314000
4456,29613000,13992000,295000
4457,28613000,13996000,306000
4458,28626000,14012000,298000
4459,28630000,14000000,314000
4460,28630000,14008000,306000
4461,29617000,14984000,310000
4462,29622000,14008000,298000
4463,28634000,14004000,318000
4464,28634000,14009000,309000
4465,29622000,14983000,310000
4466,29622000,14004000,298000
4467,28622000,13996000,314000
4468,28626000,14008000,298000
4469,29630000,14996000,314000
4470,30614000,14996000,298000
4471,30626000,15004000,318000
4472,29609000,13988000,291000
4473,28630000,14016000,318000
4474,28622000,13996000,298000
4475,29626000,15000000,314000
4476,29630000,14008000,306000
4477,29630000,14996000,318000
4478,29630000,14004000,310000
4479,28630000,13996000,322000
4480,28622000,13996000,302000
4481,28592000,13966000,298000
4482,28618000,14030000,301000
4483,28638000,14008000,322000
4484,29626000,14996000,298000
4485,29596000,13970000,302000
4486,28614000,14026000,298000
4487,29634000,15004000,318000
4488,29618000,13996000,298000
4489,28622000,14000000,310000
4490,29618000,15000000,299000
4491,29609000,13992000,306000
4492,28626000,14016000,305000
4493,29599000,14970000,298000
4494,30622000,15026000,302000
4495,29622000,13996000,318000
4496,29626000,15008000,301000
4497,29617000,13984000,306000
4498,28614000,14008000,298000
4499,29622000,15000000,310000
4500,28953000,13336000,300000
4501,27618000,13664000,310000
4502,28282000,14004000,298000
4503,29622000,15000000,314000
4504,30622000,15004000,306000
4505,28949000,13324000,316000
4506,27626000,13676000,305000
4507,28290000,13996000,318000
4508,28626000,14004000,305000
4509,28634000,14004000,325000
4510,29618000,14988000,295000
4511,30630000,15008000,318000
4512,30630000,15004000,306000
4513,29630000,13996000,318000
4514,28622000,13996000,298000
4515,28626000,14000000,314000
4516,28595000,13974000,279000
4517,29630000,15030000,318000
4518,29618000,13992000,294000
4519,28622000,14000000,310000
4520,29609000,14992000,294000
4521,29630000,14016000,318000
4522,28626000,13992000,298000
4523,28604000,13982000,302000
4524,28617000,14014000,294000
4525,29607000,14986000,302000
4526,29626000,14022000,298000
4527,28634000,14004000,318000
4528,28613000,13988000,291000
4529,29603000,14986000,302000
4530,29622000,14022000,299000
4531,28634000,14004000,318000
4532,28626000,14000000,298000
4533,28622000,13992000,310000
4534,29630000,15017000,314000
4535,30622000,14983000,314000
4536,29626000,14008000,306000
4537,28626000,13996000,318000
4538,29622000,15000000,306000
4539,29622000,13996000,314000
4540,29599000,14978000,290000
4541,29634000,14034000,325000
4542,29638000,15000000,309000
4543,29626000,13992000,318000
4544,28618000,13996000,298000
4545,28634000,14012000,326000
4546,28630000,14000000,310000
4547,28626000,13992000,318000
4548,28622000,14000000,298000
4549,28638000,14013000,326000
4550,28609000,13979000,290000
4551,27937000,13319000,308000
4552,27630000,13697000,305000
4553,27622000,13311000,316000
4554,28622000,14681000,298000
4555,29315000,14013000,322000
4556,29630000,14995000,305000
4557,29600000,13970000,302000
4558,29622000,15022000,302000
4559,29626000,13996000,310000
4560,28622000,14000000,298000
4561,29630000,15008000,318000
4562,29634000,14004000,305000
4563,28630000,13996000,318000
4564,29626000,15000000,298000
4565,29617000,13988000,310000
4566,28609000,14000000,295000
4567,29630000,15008000,314000
4568,29630000,14004000,302000
4569,28622000,13992000,314000
4570,28630000,14012000,305000
4571,28617000,13980000,306000
4572,28626000,14016000,301000
4573,29626000,14992000,310000
4574,30622000,15004000,301000
4575,29626000,14000000,314000
4576,28634000,14008000,306000
4577,28622000,13988000,314000
4578,28613000,13996000,291000
4579,29626000,15004000,310000
4580,29618000,14000000,290000
4581,28603000,13982000,302000
4582,28618000,14022000,298000
4583,28638000,14008000,322000
4584,28622000,13992000,298000
4585,28630000,14004000,318000
4586,28622000,13996000,298000
4587,29630000,15004000,318000
4588,30626000,15000000,302000
4589,29617000,13988000,306000
4590,28622000,14008000,302000
4591,28630000,14004000,318000
4592,28630000,14000000,301000
4593,28630000,14000000,318000
4594,28613000,13988000,294000
4595,29604000,14986000,302000
4596,29626000,14022000,294000
4597,29621000,14992000,306000
4598,29626000,14016000,306000
4599,28622000,13988000,314000
4600,29626000,15008000,302000
4601,30634000,15000000,318000
4602,29630000,14004000,306000
4603,28630000,13996000,318000
4604,29618000,14992000,295000
4605,29622000,14000000,310000
4606,29634000,15017000,309000
4607,30630000,14991000,318000
4608,29630000,14004000,306000
4609,28603000,13970000,302000
4610,28630000,14030000,305000
4611,28626000,13988000,314000
4612,28626000,14008000,299000
4613,28634000,14000000,318000
4614,28622000,14000000,302000
4615,28634000,14004000,322000
4616,28626000,13996000,301000
4617,29617000,14988000,306000
4618,30626000,15012000,302000
4619,30630000,15000000,318000
4620,29622000,13996000,302000
4621,28622000,13996000,310000
4622,28630000,14008000,302000
4623,29634000,15004000,321000
4624,29626000,13996000,302000
4625,28622000,13992000,310000
4626,27969000,13351000,315000
4627,28617000,14645000,306000
4628,29282000,14004000,294000
4629,28613000,13992000,302000
4630,28622000,14012000,302000
4631,28626000,14000000,314000
4632,28630000,14004000,302000
4633,27952000,13323000,315000
4634,27630000,13681000,306000
4635,28298000,13996000,318000
4636,28626000,14000000,302000
4637,28626000,13996000,314000
4638,28626000,14004000,306000
4639,28630000,14000000,318000
4640,29622000,14992000,294000
4641,29622000,14000000,314000
4642,29613000,14996000,294000
4643,29621000,14000000,306000
4644,28622000,14004000,294000
4645,29604000,14982000,302000
4646,30619000,15018000,298000
4647,29634000,14008000,318000
4648,29634000,15004000,306000
4649,30626000,14992000,314000
4650,30613000,14992000,294000
4651,30626000,15008000,314000
4652,30630000,15004000,301000
4653,30626000,14996000,314000
4654,29626000,14004000,302000
4655,29626000,14996000,314000
4656,28953000,13331000,303000
4657,28630000,14673000,318000
4658,29298000,14004000,305000
4659,29626000,14992000,314000
4660,30599000,14978000,283000
4661,30634000,15030000,318000
4662,30618000,14988000,298000
4663,30618000,15000000,314000
4664,30630000,15012000,310000
4665,30613000,14980000,310000
4666,29618000,14008000,299000
4667,29617000,14992000,310000
4668,29630000,14020000,310000
4669,28630000,13992000,318000
4670,29622000,15000000,302000
4671,29626000,14000000,318000
4672,28634000,14013000,313000
4673,29622000,14983000,314000
4674,29613000,13996000,302000
4675,28626000,14008000,318000
4676,28626000,13996000,298000
4677,28617000,13996000,310000
4678,28622000,14008000,306000
4679,29617000,14992000,314000
4680,29622000,14004000,302000
4681,29626000,15000000,314000
4682,30617000,14996000,295000
4683,29626000,14008000,322000
4684,28618000,13996000,298000
4685,28621000,13996000,310000
4686,28609000,13996000,294000
4687,29622000,15008000,314000
4688,28964000,13343000,321000
4689,28626000,14661000,318000
4690,29296000,14000000,302000
4691,28622000,13996000,314000
4692,28618000,14000000,298000
4693,28603000,13982000,302000
4694,28618000,14018000,306000
4695,28617000,13996000,310000
4696,29626000,15004000,298000
4697,30617000,14996000,310000
4698,29630000,14016000,310000
4699,28626000,13992000,318000
4700,28634000,14013000,314000
4701,28622000,13983000,314000
4702,28618000,14000000,302000
4703,29626000,15004000,318000
4704,30622000,14996000,299000
4705,30603000,14982000,306000
4706,29626000,14026000,306000
4707,29621000,14988000,310000
4708,28929000,13315000,293000
4709,28622000,14689000,314000
4710,30286000,14992000,290000
4711,30622000,15008000,314000
4712,30613000,14996000,295000
4713,29613000,13996000,306000
4714,28634000,14025000,310000
4715,28634000,13991000,318000
4716,28626000,14000000,302000
4717,29630000,15000000,318000
4718,30618000,14992000,295000
4719,30634000,15012000,321000
4720,29618000,13988000,295000
4721,29626000,15004000,314000
4722,29626000,14004000,302000
4723,28622000,13992000,314000
4724,29622000,15004000,295000
4725,30621000,14992000,310000
4726,30622000,15012000,306000
4727,30630000,14996000,318000
4728,30618000,14996000,302000
4729,29613000,13992000,306000
4730,28622000,14008000,298000
4731,29622000,15000000,314000
4732,29622000,14004000,302000
4733,29626000,15000000,318000
4734,30618000,14996000,298000
4735,29634000,14008000,322000
4736,28634000,14009000,313000
4737,28626000,13987000,318000
4738,28626000,14004000,305000
4739,29626000,14996000,318000
4740,30626000,15004000,302000
4741,30626000,14996000,318000
4742,29618000,14000000,306000
4743,29626000,15000000,318000
4744,28953000,13327000,305000
4745,27613000,13661000,306000
4746,28283000,14004000,294000
4747,29613000,14996000,306000
4748,30626000,15016000,309000
4749,29626000,13996000,318000
4750,29626000,15000000,306000
4751,30626000,15000000,318000
4752,29626000,14000000,298000
4753,28617000,13992000,306000
4754,29618000,15008000,299000
4755,30609000,14988000,302000
4756,30622000,15016000,302000
4757,30618000,14992000,310000
4758,29622000,14008000,302000
4759,28622000,13996000,314000
4760,28626000,14008000,309000
4761,29626000,14996000,321000
4762,30618000,14992000,298000
4763,30603000,14982000,310000
4764,30630000,15030000,310000
4765,29621000,13980000,310000
4766,29630000,15020000,310000
4767,29634000,13996000,322000
4768,28626000,14000000,305000
4769,29626000,14996000,318000
4770,29622000,14000000,305000
4771,29613000,14988000,310000
4772,30626000,15012000,299000
4773,30617000,14988000,310000
4774,29622000,14016000,306000
4775,28607000,13974000,310000
4776,27965000,13365000,315000
4777,26949000,12972000,311000
4778,28294000,14693000,310000
4779,30275000,14970000,306000
4780,30618000,15018000,302000
4781,30626000,15000000,314000
4782,29630000,14008000,306000
4783,29630000,15000000,318000
4784,28957000,13327000,309000
4785,28630000,14673000,318000
4786,29304000,14004000,305000
4787,28626000,13992000,314000
4788,29618000,14996000,291000
4789,29626000,14004000,318000
4790,28618000,14000000,302000
4791,28638000,14008000,325000
4792,29618000,14988000,298000
4793,29622000,14000000,318000
4794,28622000,14004000,302000
4795,28638000,14008000,326000
4796,29626000,14996000,305000
4797,29617000,13988000,314000
4798,28622000,14008000,302000
4799,28634000,14004000,322000
4800,29613000,14988000,295000
4801,30626000,15008000,318000
4802,29599000,13978000,294000
4803,29630000,15026000,322000
4804,29617000,13984000,290000
4805,28622000,14008000,314000
4806,28591000,13974000,286000
4807,28626000,14030000,318000
4808,29634000,15004000,305000
4809,30630000,15000000,306000
4810,29609000,13984000,295000
4811,29614000,15008000,318000
4812,29634000,14012000,310000
4813,28626000,13988000,314000
4814,29609000,14992000,294000
4815,29622000,14008000,318000
4816,28634000,14012000,309000
4817,29626000,14988000,318000
4818,30622000,15004000,302000
4819,29621000,13992000,310000
4820,28630000,14016000,305000
4821,28622000,13988000,314000
4822,29618000,15004000,305000
4823,30626000,15000000,317000
4824,30634000,15008000,309000
4825,29603000,13970000,306000
4826,28618000,14018000,298000
4827,29630000,15004000,318000
4828,29634000,14013000,314000
4829,28626000,13987000,318000
4830,29618000,14996000,298000
4831,29626000,14004000,318000
4832,28622000,14000000,302000
4833,29617000,14992000,314000
4834,30630000,15016000,309000
4835,30630000,14992000,318000
4836,28929000,13308000,289000
4837,27630000,13696000,321000
4838,28291000,13992000,302000
4839,29626000,15004000,321000
4840,29622000,13996000,298000
4841,29638000,15012000,325000
4842,30622000,14992000,302000
4843,29622000,13996000,318000
4844,29622000,15004000,301000
4845,30630000,15000000,322000
4846,28961000,13339000,311000
4847,27621000,13653000,314000
4848,28259000,13982000,290000
4849,28621000,14018000,314000
4850,28617000,13996000,294000
4851,28638000,14020000,326000
4852,29630000,14996000,302000
4853,30630000,15000000,318000
4854,30618000,14996000,301000
4855,29600000,13978000,306000
4856,28609000,14010000,298000
4857,29634000,15016000,322000
4858,28965000,13332000,307000
4859,28599000,14638000,306000
4860,29290000,14030000,305000
4861,28642000,14004000,325000
4862,28622000,13992000,302000
4863,29626000,15000000,318000
4864,29626000,14004000,306000
4865,28630000,14000000,322000
4866,29626000,15000000,305000
4867,29626000,13996000,318000
4868,28626000,14004000,302000
4869,29626000,14996000,317000
4870,30622000,15004000,306000
4871,28953000,13324000,316000
4872,27630000,13680000,309000
4873,27613000,13315000,321000
4874,27618000,13673000,306000
4875,28300000,14004000,318000
4876,27977000,13347000,315000
4877,28626000,14653000,314000
4878,29290000,14004000,301000
4879,29613000,14984000,306000
4880,30622000,15012000,299000
4881,30642000,15013000,314000
4882,29618000,13983000,298000
4883,27949000,13331000,324000
4884,28626000,14673000,295000
4885,30294000,14992000,306000
4886,30595000,14986000,290000
4887,29634000,14030000,321000
4888,29626000,14988000,295000
4889,30630000,15008000,318000
4890,28957000,13332000,303000
4891,28626000,14664000,314000
4892,29290000,14004000,302000
4893,28622000,13992000,314000
4894,29622000,15004000,301000
4895,28969000,13340000,323000
4896,27626000,13660000,298000
4897,28286000,13996000,314000
4898,29622000,15004000,298000
4899,30607000,14978000,302000
4900,29622000,14022000,294000
4901,29607000,14978000,302000
4902,28940000,13345000,305000
4903,27626000,13673000,314000
4904,28308000,14012000,306000
4905,28630000,13992000,314000
4906,29622000,15000000,301000
4907,29622000,13996000,310000
4908,29626000,15004000,302000
4909,29626000,14000000,314000
4910,28630000,14004000,301000
4911,29617000,14988000,310000
4912,30630000,15016000,306000
4913,30630000,14992000,314000
4914,30634000,15013000,310000
4915,30626000,14987000,314000
4916,29630000,14008000,302000
4917,28630000,13996000,318000
4918,28622000,14000000,306000
4919,29613000,14984000,310000
4920,30622000,15012000,302000
4921,30626000,14996000,310000
4922,29622000,14004000,302000
4923,28622000,14000000,314000
4924,28622000,14000000,298000
4925,28613000,13992000,306000
4926,29605000,14996000,294000
4927,29622000,14012000,314000
4928,29626000,15000000,298000
4929,29618000,13996000,310000
4930,28615000,14000000,297000
4931,28626000,14008000,314000
4932,28622000,13996000,299000
4933,29605000,14988000,306000
4934,29614000,14008000,298000
4935,28613000,13992000,306000
4936,29626000,15016000,310000
4937,30630000,15000000,322000
4938,29630000,14000000,305000
4939,28617000,13988000,314000
4940,28626000,14012000,305000
4941,29651000,15018000,322000
4942,29630000,13986000,309000
4943,29614000,14988000,314000
4944,29613000,13996000,298000
4945,29613000,14996000,310000
4946,29626000,14012000,305000
4947,28621000,13992000,314000
4948,28630000,14012000,302000
4949,29634000,15000000,318000
4950,29618000,13996000,302000
4951,28626000,14000000,314000
4952,28630000,14004000,299000
4953,28617000,13988000,306000
4954,28618000,14008000,295000
4955,28617000,13992000,306000
4956,29618000,15008000,295000
4957,30617000,14992000,306000
4958,28957000,13348000,304000
4959,28626000,14660000,310000
4960,29282000,14000000,295000
4961,27954000,13332000,312000
4962,27609000,13660000,290000
4963,28282000,14004000,306000
4964,29626000,15008000,298000
4965,30613000,14988000,302000
4966,29609000,14000000,291000
4967,28613000,14000000,306000
4968,28613000,14000000,290000
4969,28622000,14004000,310000
4970,28626000,14008000,298000
4971,28622000,13992000,306000
4972,29622000,15008000,298000
4973,29622000,13996000,310000
4974,28609000,13992000,291000
4975,28622000,14008000,310000
4976,29609000,14988000,283000
4977,29609000,14000000,302000
4978,29614000,15008000,294000
4979,30622000,15000000,306000
4980,29622000,14004000,294000
4981,29622000,15000000,310000
4982,30614000,14996000,294000
4983,30622000,15004000,314000
4984,29626000,14008000,310000
4985,29626000,14996000,322000
4986,29626000,14000000,305000
4987,28617000,13988000,314000
4988,28634000,14021000,302000
4989,29630000,14987000,318000
4990,29622000,14004000,306000
4991,27956000,13323000,325000
4992,27630000,13681000,309000
4993,28291000,13984000,314000
4994,28618000,14004000,302000
4995,29630000,15004000,318000
4996,30630000,15004000,302000
4997,29617000,13988000,310000
4998,29614000,15004000,299000
4999,29643000,14022000,318000
5000,29634000,14995000,307000
5001,29605000,13975000,302000
5002,29614000,15008000,294000
5003,30626000,15004000,310000
5004,29618000,13996000,294000
5005,29622000,15004000,314000
5006,29626000,14004000,302000
5007,28622000,13992000,314000
5008,28618000,14000000,290000
5009,29626000,15000000,310000
5010,29618000,14004000,294000
5011,28622000,13996000,307000
5012,28609000,13996000,291000
5013,28623000,14008000,310000
5014,28622000,14000000,294000
5015,28622000,14000000,310000
5016,28623000,14004000,302000
5017,28626000,14000000,318000
5018,28634000,14009000,306000
5019,28622000,13983000,314000
5020,28618000,14004000,298000
5021,28626000,13996000,314000
5022,28622000,14004000,298000
5023,28634000,14004000,318000
5024,28626000,14000000,301000
5025,28622000,13992000,310000
5026,28634000,14017000,310000
5027,28626000,13987000,314000
5028,28613000,13992000,290000
5029,28630000,14012000,318000
5030,28613000,13988000,294000
5031,28630000,14012000,318000
5032,29630000,15000000,302000
5033,29617000,13988000,310000
5034,28634000,14021000,310000
5035,28634000,13991000,318000
5036,28626000,14000000,302000
5037,29642000,15013000,314000
5038,29626000,13987000,302000
5039,29618000,14996000,314000
5040,28957000,13335000,312000
5041,27626000,13665000,314000
5042,28285000,13992000,290000
5043,28622000,14004000,310000
5044,28613000,13996000,287000
5045,29622000,15004000,310000
5046,30618000,15004000,302000
5047,29622000,13996000,313000
5048,28626000,14008000,306000
5049,28630000,14000000,322000
5050,28626000,14000000,306000
5051,29630000,15000000,322000
5052,29618000,13992000,298000
5053,28617000,13996000,314000
5054,29609000,14996000,295000
5055,29630000,14012000,322000
5056,28626000,14000000,302000
5057,28630000,14000000,322000
5058,28630000,14008000,310000
5059,27969000,13332000,327000
5060,27599000,13638000,287000
5061,27620000,13353000,329000
5062,28613000,14661000,297000
5063,29304000,14012000,322000
5064,28630000,14000000,306000
5065,28626000,13996000,322000
5066,29622000,15000000,302000
5067,29617000,13988000,310000
5068,28609000,14000000,298000
5069,28621000,14004000,310000
5070,28621000,14000000,298000
5071,28617000,14000000,314000
5072,28626000,14008000,302000
5073,28604000,13974000,306000
5074,28618000,14022000,302000
5075,28625000,13996000,314000
5076,28613000,13996000,290000
5077,29626000,15008000,314000
5078,29619000,14000000,298000
5079,29617000,14996000,314000
5080,29618000,14004000,299000
5081,28634000,14008000,322000
5082,28618000,13992000,298000
5083,28617000,13996000,314000
5084,28609000,13996000,295000
5085,28621000,14004000,314000
5086,28626000,14008000,306000
5087,28630000,14000000,318000
5088,28630000,14004000,306000
5089,29617000,14988000,310000
5090,29622000,14008000,305000
5091,28630000,14004000,321000
5092,27948000,13319000,294000
5093,27603000,13655000,310000
5094,29276000,15014000,294000
5095,29638000,14012000,322000
5096,28630000,14004000,309000
5097,29603000,14970000,302000
5098,29599000,14000000,294000
5099,28622000,14018000,314000
5100,28607000,13982000,286000
5101,28604000,14000000,306000
5102,28599000,14000000,287000
5103,28634000,14026000,322000
5104,28618000,13992000,298000
5105,28634000,14012000,325000
5106,29630000,15000000,310000
5107,29630000,13996000,321000
5108,28613000,13988000,294000
5109,28626000,14008000,318000
5110,28622000,14000000,302000
5111,28603000,13978000,310000
5112,29622000,15022000,302000
5113,29630000,13996000,318000
5114,28630000,14012000,309000
5115,28638000,14000000,325000
5116,28634000,14005000,310000
5117,28613000,13975000,306000
5118,28622000,14012000,298000
5119,28634000,14004000,318000
5120,28622000,13996000,298000
5121,29651000,15026000,321000
5122,30638000,14991000,298000
5123,29618000,13983000,314000
5124,29630000,15017000,294000
5125,29622000,13979000,310000
5126,28618000,14012000,305000
5127,29647000,15014000,317000
5128,29613000,13970000,291000
5129,28622000,14012000,317000
5130,29618000,14992000,295000
5131,29626000,14004000,314000
5132,28618000,13996000,295000
5133,29630000,15008000,318000
5134,29618000,13992000,294000
5135,28617000,13996000,310000
5136,29638000,15025000,298000
5137,30630000,14983000,318000
5138,29610000,13996000,294000
5139,29634000,15008000,310000
5140,29609000,13984000,287000
5141,29647000,15034000,318000
5142,30626000,14982000,290000
5143,30618000,14996000,314000
5144,29618000,14000000,298000
5145,29630000,15004000,318000
5146,30613000,14988000,290000
5147,29630000,14012000,318000
5148,28613000,13988000,290000
5149,29626000,15008000,314000
5150,29618000,13996000,294000
5151,28603000,13982000,302000
5152,29622000,15022000,298000
5153,29630000,14000000,314000
5154,28630000,14008000,305000
5155,29622000,14988000,310000
5156,30626000,15008000,298000
5157,29630000,14000000,317000
5158,29622000,15000000,301000
5159,29630000,14000000,317000
5160,29626000,15000000,302000
5161,29626000,13996000,314000
5162,29622000,15000000,302000
5163,30630000,15004000,318000
5164,29626000,13996000,299000
5165,29626000,15000000,318000
5166,30618000,14996000,295000
5167,28949000,13323000,307000
5168,27622000,13681000,298000
5169,28285000,13992000,306000
5170,28622000,14008000,299000
5171,28630000,14004000,318000
5172,28622000,13996000,295000
5173,29638000,15013000,322000
5174,29626000,13995000,310000
5175,28609000,13980000,306000
5176,28630000,14020000,309000
5177,29626000,14992000,318000
5178,29626000,14004000,305000
5179,28626000,13996000,318000
5180,28622000,14000000,302000
5181,28603000,13978000,306000
5182,28630000,14030000,310000
5183,29630000,14992000,318000
5184,29630000,14008000,309000
5185,28626000,13992000,318000
5186,29630000,15008000,309000
5187,29626000,13992000,318000
5188,29622000,15000000,298000
5189,29617000,13992000,314000
5190,29614000,15004000,301000
5191,29626000,14000000,318000
5192,29634000,15012000,310000
5193,30630000,14992000,317000
5194,29626000,14004000,309000
5195,28622000,13992000,314000
5196,28638000,14017000,311000
5197,29622000,14983000,310000
5198,29630000,14012000,306000
5199,28599000,13966000,294000
5200,28609000,14014000,290000
5201,29617000,15004000,306000
5202,29630000,14012000,301000
5203,29626000,14996000,314000
5204,29626000,14004000,298000
5205,28603000,13974000,298000
5206,28605000,14010000,286000
5207,28613000,14000000,306000
5208,28630000,14020000,306000
5209,28617000,13980000,306000
5210,28618000,14008000,294000
5211,28626000,14000000,310000
5212,28626000,14008000,302000
5213,28634000,14004000,322000
5214,28622000,13992000,298000
5215,28622000,13996000,310000
5216,28626000,14008000,302000
5217,28630000,14000000,318000
5218,28622000,13996000,298000
5219,28626000,14000000,314000
5220,29618000,14996000,290000
5221,29622000,14000000,310000
5222,29614000,15000000,295000
5223,30617000,14996000,306000
5224,29626000,14012000,301000
5225,29622000,14992000,314000
5226,29630000,14012000,305000
5227,28634000,13996000,318000
5228,28618000,13992000,297000
5229,28617000,13996000,310000
5230,29622000,15004000,298000
5231,30626000,15000000,310000
5232,29630000,14008000,302000
5233,28604000,13974000,302000
5234,28634000,14035000,309000
5235,28630000,13987000,314000
5236,28626000,14004000,299000
5237,29604000,14974000,302000
5238,30622000,15026000,305000
5239,30626000,14992000,314000
5240,29618000,14000000,294000
5241,28613000,13992000,306000
5242,28622000,14016000,302000
5243,29617000,14988000,306000
5244,29614000,14004000,294000
5245,27966000,13348000,324000
5246,28614000,14652000,295000
5247,30282000,15000000,310000
5248,30626000,15012000,309000
5249,29622000,13992000,318000
5250,28630000,14008000,309000
5251,28626000,13992000,318000
5252,28626000,14004000,302000
5253,29617000,14988000,310000
5254,30614000,15004000,302000
5255,29630000,14008000,322000
5256,28622000,13992000,294000
5257,28626000,14004000,314000
5258,29618000,15000000,298000
5259,29613000,13992000,310000
5260,28609000,14000000,294000
5261,28622000,14004000,310000
5262,28618000,14000000,298000
5263,28622000,14004000,314000
5264,29618000,14996000,295000
5265,28953000,13335000,325000
5266,27609000,13661000,291000
5267,28296000,14008000,314000
5268,28618000,14000000,298000
5269,28613000,13992000,310000
5270,28614000,14004000,295000
5271,27945000,13324000,308000
5272,27614000,13676000,298000
5273,29294000,15008000,322000
5274,29595000,13970000,287000
5275,28630000,14030000,322000
5276,28622000,13992000,299000
5277,29626000,15004000,318000
5278,30622000,15000000,302000
5279,29630000,14004000,322000
5280,28622000,13996000,302000
5281,28622000,13996000,314000
5282,27944000,13326000,310000
5283,28626000,14678000,318000
5284,30298000,14996000,294000
5285,30626000,15004000,318000
5286,29622000,14004000,306000
5287,28630000,14000000,322000
5288,29618000,14992000,298000
5289,29630000,14008000,322000
5290,28634000,14009000,313000
5291,28622000,13983000,314000
5292,28626000,14008000,306000
5293,28617000,13988000,314000
5294,28618000,14004000,301000
5295,29630000,15004000,318000
5296,30634000,15008000,309000
5297,29626000,13992000,318000
5298,28609000,13988000,294000
5299,29613000,15000000,310000
5300,29630000,14016000,302000
5301,29646000,15013000,330000
5302,29622000,13987000,306000
5303,28634000,14004000,326000
5304,28599000,13970000,286000
5305,28622000,14018000,318000
5306,28630000,14012000,310000
5307,28630000,13992000,317000
5308,28618000,13996000,298000
5309,28634000,14012000,325000
5310,28626000,13996000,305000
5311,28630000,14000000,322000
5312,29622000,14996000,302000
5313,29622000,13996000,318000
5314,28618000,14000000,298000
5315,28626000,14000000,314000
5316,29609000,14992000,291000
5317,29613000,14000000,310000
5318,28618000,14008000,302000
5319,28621000,13996000,314000
5320,28626000,14008000,306000
5321,27960000,13331000,328000
5322,27617000,13661000,295000
5323,28295000,14004000,314000
5324,28626000,14008000,305000
5325,28603000,13974000,306000
5326,28595000,13996000,290000
5327,28626000,14022000,318000
5328,29617000,14992000,294000
5329,30634000,15016000,321000
5330,29617000,13988000,294000
5331,28630000,14012000,322000
5332,28609000,13984000,290000
5333,28622000,14008000,318000
5334,29622000,15004000,302000
5335,28960000,13331000,329000
5336,27622000,13669000,302000
5337,29291000,14992000,310000
5338,29609000,13996000,294000
5339,29626000,15012000,318000
5340,29626000,14000000,301000
5341,28617000,13992000,318000
5342,28618000,14004000,298000
5343,28638000,14008000,322000
5344,28622000,13996000,302000
5345,28613000,13988000,314000
5346,28626000,14016000,305000
5347,28630000,13992000,318000
5348,28618000,14000000,295000
5349,28626000,14000000,314000
5350,28609000,13996000,295000
5351,28613000,13996000,314000
5352,29618000,15008000,298000
5353,29630000,14000000,318000
5354,28622000,14004000,301000
5355,28626000,13996000,314000
5356,28626000,14008000,306000
5357,28630000,14000000,322000
5358,28622000,13996000,298000
5359,28621000,13992000,314000
5360,28630000,14016000,306000
5361,28634000,13992000,318000
5362,28622000,14000000,298000
5363,28626000,13996000,314000
5364,28622000,14004000,294000
5365,29638000,15008000,318000
5366,28961000,13335000,311000
5367,27626000,13661000,318000
5368,27629000,13339000,311000
5369,27622000,13653000,310000
5370,27605000,13323000,297000
5371,28622000,14677000,314000
5372,29296000,14004000,298000
5373,28634000,14004000,317000
5374,28622000,13996000,298000
5375,28634000,14008000,322000
5376,28626000,13996000,302000
5377,28613000,13984000,306000
5378,28626000,14016000,302000
5379,28638000,14004000,322000
5380,28622000,13992000,295000
5381,28630000,14004000,318000
5382,29622000,15000000,302000
5383,29630000,14000000,318000
5384,28626000,14000000,302000
5385,28622000,13992000,310000
5386,28618000,14000000,298000
5387,28622000,14000000,310000
5388,28626000,14004000,298000
5389,28604000,13978000,302000
5390,28634000,14035000,306000
5391,28630000,13987000,314000
5392,28626000,14008000,305000
5393,28630000,13996000,318000
5394,28618000,13992000,294000
5395,28617000,13996000,306000
5396,28618000,14004000,294000
5397,27952000,13331000,319000
5398,27626000,13677000,302000
5399,28298000,13996000,314000
5400,28630000,14008000,306000
5401,28617000,13984000,306000
5402,28609000,13996000,294000
5403,28600000,13986000,298000
5404,28626000,14022000,294000
5405,28626000,14000000,310000
5406,28630000,14012000,306000
5407,28634000,14000000,322000
5408,29626000,14996000,302000
5409,29630000,14000000,318000
5410,28613000,13988000,290000
5411,28634000,14016000,322000
5412,28622000,13992000,294000
5413,28626000,14000000,314000
5414,28618000,14000000,298000
5415,28622000,13996000,314000
5416,28630000,14012000,305000
5417,28634000,13996000,318000
5418,28630000,14004000,305000
5419,28613000,13980000,306000
5420,28634000,14025000,309000
5421,28621000,13979000,306000
5422,28613000,14000000,295000
5423,27961000,13344000,318000
5424,27630000,13668000,301000
5425,28293000,14000000,318000
5426,29626000,15000000,302000
5427,29630000,14000000,318000
5428,28630000,14004000,302000
5429,28630000,13996000,318000
5430,28609000,13988000,295000
5431,28626000,14008000,318000
5432,28618000,13996000,298000
5433,29603000,14982000,306000
5434,29622000,14022000,302000
5435,28621000,13992000,314000
5436,28622000,14008000,301000
5437,28630000,14000000,318000
5438,28626000,14004000,306000
5439,28626000,13996000,314000
5440,28630000,14004000,306000
5441,28626000,13996000,314000
5442,29638000,15013000,309000
5443,29622000,13983000,310000
5444,29630000,15012000,302000
5445,29626000,13992000,314000
5446,28630000,14013000,309000
5447,28630000,13991000,318000
5448,28634000,14009000,309000
5449,28630000,13991000,318000
5450,28634000,14009000,310000
5451,28638000,14000000,322000
5452,28634000,14000000,310000
5453,28613000,13979000,306000
5454,28622000,14008000,302000
5455,28630000,14004000,318000
5456,28622000,13992000,295000
5457,28622000,14000000,310000
5458,28634000,14017000,309000
5459,28626000,13987000,314000
5460,28626000,14004000,298000
5461,29617000,14988000,306000
5462,29622000,14012000,306000
5463,28630000,14000000,318000
5464,28634000,14004000,306000
5465,28626000,13992000,314000
5466,28634000,14013000,309000
5467,28622000,13983000,310000
5468,28626000,14008000,302000
5469,28626000,13996000,314000
5470,28626000,14004000,302000
5471,28630000,14000000,317000
5472,28638000,14013000,298000
5473,28626000,13983000,314000
5474,28618000,14004000,302000
5475,28634000,14004000,318000
5476,28618000,13988000,290000
5477,28609000,13992000,306000
5478,28622000,14016000,302000
5479,28630000,13996000,314000
5480,28634000,14013000,310000
5481,28613000,13975000,306000
5482,28626000,14016000,302000
5483,28621000,13988000,306000
5484,28618000,14004000,294000
5485,28617000,13996000,306000
5486,28630000,14016000,305000
5487,28630000,13996000,318000
5488,28613000,13988000,294000
5489,28622000,14004000,314000
5490,28630000,14008000,302000
5491,28630000,13996000,314000
5492,28622000,14000000,295000
5493,29630000,15004000,314000
5494,28953000,13331000,311000
5495,28630000,14673000,325000
5496,29286000,13988000,298000
5497,28617000,13996000,314000
5498,28630000,14016000,309000
5499,28621000,13984000,310000
5500,28618000,14004000,302000
5501,28638000,14017000,326000
5502,28630000,13991000,306000
5503,28626000,13996000,318000
5504,28618000,13996000,298000
5505,28630000,14008000,321000
5506,28626000,14000000,305000
5507,28630000,14000000,322000
5508,28618000,13992000,295000
5509,28599000,13978000,306000
5510,28618000,14026000,306000
5511,28638000,14004000,322000
5512,28617000,13988000,291000
5513,28613000,13996000,306000
5514,28618000,14012000,298000
5515,28617000,13992000,310000
5516,28622000,14012000,305000
5517,28622000,13992000,314000
5518,28609000,13992000,294000
5519,28626000,14012000,318000
5520,28617000,13992000,294000
5521,28617000,14000000,306000
5522,28599000,13986000,291000
5523,28599000,14000000,302000
5524,28622000,14018000,298000
5525,28634000,14012000,306000
5526,28613000,13984000,294000
5527,28601000,13996000,306000
5528,28618000,14008000,299000
5529,28592000,13970000,298000
5530,28618000,14030000,302000
5531,28625000,13996000,314000
5532,28617000,14000000,298000
5533,28621000,14000000,314000
5534,28630000,14012000,306000
5535,28608000,13974000,302000
5536,28622000,14022000,305000
5537,28626000,14000000,318000
5538,28638000,14013000,313000
5539,28617000,13979000,310000
5540,28587000,13974000,282000
5541,28617000,14026000,314000
5542,28621000,14000000,295000
5543,28630000,14008000,318000
5544,28630000,14008000,309000
5545,28617000,13984000,310000
5546,28630000,14016000,309000
5547,28630000,13996000,322000
5548,28613000,13988000,294000
5549,28613000,13996000,310000
5550,28622000,14012000,302000
5551,28621000,13992000,310000
5552,28609000,13996000,294000
5553,28622000,14008000,314000
5554,28622000,14000000,298000
5555,28613000,13992000,310000
5556,28591000,13982000,282000
5557,29638000,15038000,318000
5558,29626000,13992000,302000
5559,28613000,13992000,310000
5560,28613000,14000000,294000
5561,28599000,13982000,306000
5562,28609000,14014000,298000
5563,28607000,13986000,306000
5564,28626000,14022000,298000
5565,28611000,13982000,306000
5566,28613000,14014000,299000
5567,28626000,14004000,314000
5568,28647000,14025000,306000
5569,28617000,13971000,314000
5570,28626000,14021000,313000
5571,28630000,13987000,318000
5572,28626000,14004000,302000
5573,28617000,13988000,310000
5574,28622000,14012000,305000
5575,28613000,13984000,310000
5576,28630000,14020000,310000
5577,28626000,13988000,314000
5578,28618000,14000000,301000
5579,28626000,14004000,318000
5580,28626000,14000000,302000
5581,28617000,13992000,310000
5582,28630000,14016000,310000
5583,28600000,13966000,302000
5584,28622000,14026000,305000
5585,28621000,13992000,310000
5586,28626000,14008000,305000
