seq,latency_m2m_ns,callback_jitter,publish_jitter
386,8666000,20905000,256000
387,8673000,19078000,268000
388,8511000,19092000,273000
389,8798000,20962000,268000
390,8826000,21025000,272000
391,8608000,18860000,269000
392,8868000,21186000,268000
393,8826000,19029000,264000
394,8909000,21008000,264000
395,8714000,18880000,265000
396,8810000,21025000,264000
397,8773000,19029000,265000
398,8868000,21025000,260000
399,8731000,18942000,272000
400,8837000,21030000,268000
401,8770000,19008000,273000
402,8887000,21038000,252000
403,8880000,19072000,269000
404,8924000,20970000,268000
405,8789000,18940000,269000
406,8852000,20984000,264000
407,8843000,19062000,272000
408,9165000,21255000,276000
409,8959000,18864000,265000
410,8524000,18819000,265000
411,8801000,20953000,264000
412,8980000,21175000,260000
413,8767000,18861000,261000
414,8536000,19027000,265000
415,8656000,20116000,265000
416,9087000,21106000,252000
417,8827000,20744000,272000
418,8781000,19026000,245000
419,8957000,21101000,272000
420,8890000,19000000,256000
421,8946000,20056000,272000
422,8913000,20896000,260000
423,8869000,19027000,261000
424,8545000,18936000,265000
425,8909000,21033000,268000
426,8936000,21031000,252000
427,8793000,18928000,272000
428,8826000,20958000,260000
429,8766000,19015000,264000
430,8868000,21031000,260000
431,8882000,19085000,268000
432,8602000,18972000,269000
433,8932000,21007000,272000
434,8973000,21036000,268000
435,8818000,18921000,264000
436,8880000,20991000,272000
437,8789000,18980000,272000
438,8917000,21053000,260000
439,8850000,19008000,272000
440,9018000,21096000,273000
441,8886000,18936000,268000
442,8932000,20975000,264000
443,8856000,18999000,276000
444,8630000,19030000,265000
445,9005000,21044000,272000
446,9009000,21008000,268000
447,8811000,18873000,280000
448,8988000,21102000,260000
449,8865000,18952000,272000
450,8897000,20961000,252000
451,8830000,19004000,276000
452,8884000,20057000,260000
453,8930000,20968000,268000
454,9084000,19221000,253000
455,8906000,20758000,260000
456,8846000,19008000,256000
457,9013000,21096000,272000
458,8830000,18892000,256000
459,8917000,21016000,268000
460,8867000,19021000,260000
461,9094000,21152000,276000
462,8846000,18823000,256000
463,9005000,21091000,272000
464,8886000,18953000,256000
465,8909000,20948000,276000
466,8852000,19017000,252000
467,8613000,19017000,277000
468,8970000,21027000,264000
469,8988000,21022000,276000
470,8942000,19025000,264000
471,8653000,18963000,277000
472,9065000,21089000,256000
473,8809000,20740000,276000
474,8824000,19085000,252000
475,8868000,20978000,260000
476,8789000,18992000,256000
477,8826000,20962000,264000
478,8834000,19079000,253000
479,8868000,20967000,272000
480,8819000,19021000,260000
481,8909000,21016000,268000
482,8847000,19017000,260000
483,8822000,20900000,268000
484,8780000,19029000,252000
485,8936000,21080000,272000
486,8734000,18874000,252000
487,8909000,21104000,256000
488,8793000,18955000,264000
489,8885000,21016000,272000
490,8764000,18950000,256000
491,8860000,21030000,260000
492,8809000,19020000,253000
493,8905000,21021000,268000
494,8767000,18937000,264000
495,8612000,19100000,269000
496,8895000,20952000,256000
497,9001000,21110000,272000
498,8781000,18852000,252000
499,8830000,20974000,264000
500,8830000,19075000,268000
501,8890000,20989000,264000
502,8805000,18986000,264000
503,8772000,20892000,264000
504,8785000,19088000,256000
505,8818000,20962000,264000
506,8755000,19008000,249000
507,8519000,19016000,269000
508,8876000,21034000,264000
509,8838000,20958000,260000
510,8718000,18955000,264000
511,8801000,21012000,268000
512,8896000,19165000,252000
513,8784000,20814000,264000
514,8743000,19034000,252000
515,8895000,21081000,264000
516,8767000,18943000,260000
517,8793000,20951000,264000
518,8751000,19033000,256000
519,8832000,21010000,272000
520,8718000,18953000,264000
521,8490000,19029000,273000
522,8839000,21024000,260000
523,8609000,19094000,281000
524,8876000,20944000,252000
525,8984000,21104000,268000
526,8777000,18872000,260000
527,8563000,19038000,269000
528,8830000,20936000,260000
529,8524000,19024000,261000
530,8872000,21018000,268000
531,8559000,19018000,269000
532,8926000,21036000,252000
533,8868000,20946000,272000
534,8764000,18963000,256000
535,8573000,19066000,273000
536,8744000,20846000,260000
537,8421000,19000000,265000
538,8846000,21103000,264000
539,8737000,19215000,277000
540,8966000,20905000,264000
541,8770000,19127000,277000
542,8926000,20832000,264000
543,8533000,18931000,277000
544,9042000,21186000,256000
545,8874000,19902000,276000
546,9061000,21113000,260000
547,9007000,19016000,268000
548,8967000,20893000,260000
549,8895000,19996000,265000
550,8882000,18991000,268000
551,8657000,19027000,281000
552,9013000,21033000,256000
553,8984000,20967000,268000
554,8946000,20033000,264000
555,8806000,18864000,276000
556,8883000,20077000,264000
557,9040000,21085000,276000
558,8854000,18881000,268000
559,8953000,21029000,268000
560,8980000,19098000,252000
561,8924000,20876000,268000
562,9017000,19169000,257000
563,8901000,20805000,268000
564,8858000,19032000,261000
565,8681000,19080000,265000
566,8988000,20975000,264000
567,9057000,21073000,264000
568,8926000,18940000,272000
569,8993000,19991000,276000
570,9027000,21037000,264000
571,8951000,18996000,280000
572,8582000,18884000,274000
573,9013000,21108000,276000
574,9047000,21030000,264000
575,8930000,18958000,269000
576,9017000,21016000,264000
577,8887000,18941000,280000
578,8988000,21026000,256000
579,8946000,19025000,272000
580,8628000,18947000,261000
581,8988000,21028000,268000
582,8940000,20955000,264000
583,8887000,19019000,265000
584,8984000,21022000,268000
585,8918000,19005000,276000
586,8760000,19103000,269000
587,8897000,20805000,268000
588,8674000,19108000,270000
589,8940000,20935000,276000
590,8976000,21040000,260000
591,8847000,18938000,265000
592,8707000,19115000,257000
593,8957000,20928000,272000
594,9001000,21040000,256000
595,8865000,18939000,268000
596,8703000,19093000,265000
597,8988000,20955000,272000
598,8944000,20960000,260000
599,8959000,19085000,268000
600,8988000,20955000,268000
601,8878000,18965000,268000
602,8957000,21008000,264000
603,8950000,20064000,268000
604,8888000,18937000,260000
605,8935000,20973000,280000
606,8865000,19005000,264000
607,8954000,21017000,272000
608,8973000,19086000,268000
609,9005000,20962000,276000
610,8926000,20000000,253000
611,8942000,19012000,269000
612,8909000,20896000,256000
613,8848000,19010000,261000
614,8972000,21049000,256000
615,8882000,18981000,276000
616,9001000,21052000,264000
617,9034000,20104000,276000
618,8938000,18904000,261000
619,8883000,20869000,264000
620,8816000,19008000,260000
621,8957000,20071000,260000
622,8926000,20965000,260000
623,8861000,19010000,265000
624,8957000,21025000,268000
625,8963000,19076000,276000
626,8936000,20898000,264000
627,8926000,20062000,268000
628,8974000,20047000,260000
629,8922000,18953000,264000
630,8944000,20951000,268000
631,8895000,19022000,264000
632,8661000,19018000,269000
633,9005000,21021000,276000
634,8966000,20957000,268000
635,8839000,18948000,265000
636,8944000,21034000,260000
637,9101000,19228000,273000
638,9019000,19918000,264000
639,8972000,20877000,268000
640,8938000,19038000,260000
641,9009000,21004000,268000
642,8897000,18958000,252000
643,8988000,21017000,268000
644,8882000,18965000,252000
645,8962000,21013000,272000
646,8905000,19014000,256000
647,8936000,20955000,276000
648,8797000,18941000,256000
649,8976000,21104000,276000
650,8918000,19013000,272000
651,9034000,21040000,272000
652,8826000,18864000,268000
653,8606000,19041000,273000
654,8948000,21010000,268000
655,8905000,20961000,280000
656,8838000,19008000,264000
657,8893000,20976000,276000
658,8812000,18997000,260000
659,8922000,21036000,268000
660,8930000,19083000,253000
661,9110000,21100000,276000
662,8701000,18667000,264000
663,8868000,21096000,276000
664,8820000,19022000,268000
665,8578000,19011000,269000
666,8885000,20983000,260000
667,8891000,21002000,272000
668,8776000,18961000,256000
669,8872000,21025000,264000
670,8828000,19022000,264000
671,8923000,21024000,253000
672,8864000,19013000,257000
673,8953000,21021000,272000
674,8901000,19024000,245000
675,8930000,20949000,276000
676,8869000,19015000,268000
677,8984000,21044000,268000
678,8846000,18933000,264000
679,8626000,19031000,273000
680,8967000,21018000,260000
681,8789000,20819000,272000
682,8934000,19220000,265000
683,8976000,20970000,276000
684,8834000,18930000,261000
685,8595000,19014000,265000
686,8956000,21037000,260000
687,8913000,20953000,268000
688,8868000,19026000,249000
689,8957000,21022000,260000
690,8834000,18952000,253000
691,8937000,21024000,260000
692,8897000,19035000,261000
693,8972000,21003000,256000
694,8860000,18960000,257000
695,8673000,19065000,281000
696,8976000,20980000,264000
697,8993000,21012000,268000
698,8865000,18948000,268000
699,8953000,21016000,268000
700,8905000,19024000,260000
701,8940000,20960000,272000
702,8884000,19018000,264000
703,8922000,20968000,268000
704,8859000,19004000,264000
705,8976000,21046000,272000
706,8822000,18925000,261000
707,8948000,21051000,260000
708,8844000,19971000,264000
709,9013000,19165000,277000
710,8630000,18868000,265000
711,8984000,21032000,260000
712,8673000,19013000,265000
713,8957000,20960000,264000
714,8997000,21036000,248000
715,8849000,18927000,265000
716,8967000,21046000,264000
717,8830000,18935000,261000
718,8948000,21043000,256000
719,8874000,19000000,265000
720,8988000,21044000,264000
721,8849000,18932000,269000
722,8891000,20966000,256000
723,8888000,19072000,272000
724,8652000,19022000,261000
725,8939000,20954000,276000
726,8639000,19032000,257000
727,8988000,21018000,264000
728,8605000,18948000,270000
729,8966000,21030000,268000
730,8653000,19017000,269000
731,8948000,20965000,268000
732,8967000,21022000,264000
733,8838000,18943000,272000
734,8938000,21025000,260000
735,8897000,19033000,265000
736,8917000,20950000,244000
737,8852000,19006000,265000
738,8976000,21049000,252000
739,8887000,18986000,272000
740,8585000,18955000,269000
741,8948000,21031000,260000
742,8574000,18957000,261000
743,8924000,21018000,264000
744,8891000,20971000,260000
745,8819000,18996000,253000
746,8661000,19098000,257000
747,8868000,20884000,264000
748,8976000,21103000,264000
749,8834000,18930000,268000
750,8601000,19027000,270000
751,8953000,21020000,272000
752,8917000,20969000,264000
753,8852000,19006000,265000
754,8970000,21043000,244000
755,8768000,18873000,260000
756,8942000,21103000,260000
757,8890000,19015000,268000
758,8940000,19979000,256000
759,8629000,19021000,273000
760,8921000,20960000,252000
761,8813000,19222000,278000
762,8891000,20747000,260000
763,8639000,19080000,269000
764,8856000,20886000,264000
765,8957000,21104000,264000
766,8830000,18945000,260000
767,8932000,21027000,268000
768,8888000,19030000,260000
769,9034000,21075000,272000
770,8864000,18902000,248000
771,8872000,20933000,268000
772,8830000,19033000,264000
773,8917000,21016000,276000
774,8881000,19035000,253000
775,8897000,20941000,268000
776,8838000,19012000,264000
777,8529000,18950000,277000
778,8961000,21102000,264000
779,8909000,20952000,272000
780,8861000,19019000,252000
781,8976000,21043000,268000
782,8901000,19001000,256000
783,8678000,19033000,273000
784,8957000,20947000,252000
785,8980000,21028000,260000
786,8854000,18945000,253000
787,8541000,18939000,273000
788,8900000,21035000,264000
789,8936000,21033000,268000
790,9094000,19233000,249000
791,8968000,20810000,264000
792,8846000,18942000,253000
793,8944000,21023000,264000
794,8901000,19032000,252000
795,8924000,20952000,264000
796,8881000,19024000,260000
797,8961000,21009000,264000
798,8909000,19023000,264000
799,8603000,18950000,269000
800,8961000,21027000,264000
801,8909000,20952000,272000
802,8854000,19019000,253000
803,8620000,19016000,273000
804,8905000,20961000,260000
805,8953000,21043000,264000
806,8864000,18987000,260000
807,8570000,18962000,278000
808,8917000,21016000,264000
809,8901000,20988000,264000
810,8892000,19061000,264000
811,9067000,21101000,276000
812,8801000,18805000,260000
813,8966000,21098000,272000
814,8834000,18939000,264000
815,8613000,19030000,264000
816,8885000,20949000,260000
817,8917000,21029000,272000
818,8942000,19104000,256000
819,8957000,20940000,268000
820,8909000,19023000,268000
821,8599000,18942000,277000
822,8966000,21044000,264000
823,8972000,21001000,272000
824,8853000,18961000,260000
825,8872000,20944000,268000
826,8806000,19008000,261000
827,8935000,21051000,268000
828,8857000,19000000,264000
829,8893000,20962000,276000
830,8834000,19012000,257000
831,8887000,20977000,276000
832,8808000,19000000,257000
833,8923000,21041000,276000
834,8857000,19008000,261000
835,8976000,21041000,264000
836,8862000,19964000,256000
837,8822000,18957000,265000
838,8925000,21032000,256000
839,8785000,18931000,277000
840,8972000,21112000,268000
841,8834000,18933000,269000
842,8600000,19026000,269000
843,8953000,21022000,272000
844,8590000,18968000,270000
845,8933000,21012000,276000
846,8976000,21047000,260000
847,8759000,18854000,272000
848,8928000,20094000,248000
849,8581000,18985000,277000
850,8948000,21035000,264000
851,8629000,19013000,273000
852,8917000,20956000,260000
853,8596000,19011000,277000
854,8895000,20967000,264000
855,8905000,21014000,280000
856,8848000,19018000,264000
857,8913000,20986000,260000
858,8826000,18992000,257000
859,8936000,21034000,276000
860,8884000,19023000,245000
861,9130000,21168000,276000
862,8922000,18867000,253000
863,8901000,20908000,260000
864,8820000,18993000,257000
865,8927000,21029000,276000
866,8934000,19086000,257000
867,8897000,20888000,256000
868,8838000,19016000,253000
869,8944000,21027000,276000
870,8897000,19032000,256000
871,8988000,21016000,264000
872,8869000,18951000,252000
873,8974000,21031000,256000
874,8847000,18947000,252000
875,8933000,21015000,276000
876,8886000,19025000,249000
877,8996000,21035000,244000
878,8926000,19009000,249000
879,8944000,20943000,268000
880,8826000,18957000,257000
881,9005000,21100000,268000
882,8865000,18939000,253000
883,8913000,20973000,260000
884,9018000,20176000,252000
885,8897000,18883000,269000
886,8939000,20963000,260000
887,8891000,19023000,268000
888,8905000,20947000,260000
889,8858000,19024000,264000
890,8957000,21024000,256000
891,8817000,18935000,272000
892,8923000,21035000,260000
893,9001000,19149000,277000
894,8768000,19018000,273000
895,8909000,20819000,268000
896,8606000,19020000,265000
897,8883000,20953000,268000
898,8932000,21046000,260000
899,8853000,18996000,265000
900,8861000,20007000,268000
901,8944000,21013000,276000
902,9027000,19158000,261000
903,8922000,20816000,272000
904,8879000,19036000,261000
905,8957000,21003000,280000
906,8830000,18944000,257000
907,8600000,19023000,273000
908,8948000,21024000,260000
909,8913000,20961000,268000
910,8847000,19013000,260000
911,8957000,21035000,276000
912,8893000,19010000,261000
913,8953000,20982000,268000
914,8865000,18987000,252000
915,8909000,20973000,264000
916,8838000,19004000,264000
917,8957000,21040000,272000
918,8888000,19005000,268000
919,8852000,20893000,272000
920,8869000,19089000,268000
921,8622000,19004000,281000
922,8913000,20969000,268000
923,8603000,19014000,277000
924,8890000,20963000,272000
925,8922000,21028000,264000
926,8874000,19026000,260000
927,8612000,18996000,265000
928,8993000,21049000,268000
929,8935000,20946000,276000
930,8882000,19018000,252000
931,8577000,18948000,273000
932,8927000,21025000,260000
933,8617000,19014000,281000
934,8980000,21040000,260000
935,8948000,20964000,276000
936,8865000,18992000,272000
937,8976000,21040000,272000
938,8847000,18942000,268000
939,8972000,21050000,268000
940,8884000,18986000,268000
941,8582000,18955000,277000
942,8940000,21026000,256000
943,8893000,20958000,276000
944,8769000,18946000,268000
945,8962000,21119000,249000
946,8884000,19000000,253000
947,8913000,20955000,268000
948,8882000,19039000,261000
949,8957000,21001000,272000
950,9042000,19160000,272000
951,8925000,20818000,268000
952,8820000,18959000,272000
953,8909000,21015000,276000
954,8851000,19017000,272000
955,8470000,18875000,278000
956,8764000,20963000,264000
957,8360000,18928000,273000
958,8739000,21047000,264000
959,8756000,21021000,280000
960,8773000,19083000,256000
961,9030000,21186000,272000
962,8816000,18861000,252000
963,8590000,19031000,261000
964,8868000,20947000,268000
965,8905000,21041000,268000
966,8771000,18933000,260000
967,8876000,21034000,276000
968,8810000,19008000,260000
969,8570000,19017000,278000
970,9082000,21180000,256000
971,8896000,20819000,260000
972,8829000,19004000,260000
973,8868000,20964000,260000
974,8820000,19026000,252000
975,8905000,21015000,272000
976,8855000,19021000,264000
977,8881000,20950000,256000
978,8826000,19021000,253000
979,8852000,20954000,272000
980,8805000,19021000,257000
981,8554000,19004000,281000
982,8917000,21041000,252000
983,8537000,18943000,269000
984,8885000,21024000,264000
985,8581000,19021000,269000
986,8860000,20955000,252000
987,8909000,21045000,264000
988,8846000,19008000,249000
989,8939000,21026000,264000
990,8805000,18937000,260000
991,8927000,21047000,272000
992,8863000,19010000,249000
993,9089000,21156000,268000
994,8823000,18805000,253000
995,8868000,20970000,260000
996,8805000,19012000,253000
997,8499000,18950000,269000
998,8852000,21022000,260000
999,8876000,21028000,268000
1000,8901000,19096000,286000
1001,9690000,20041000,283000
1002,8984000,20971000,287000
1003,8846000,18929000,282000
1004,8976000,21059000,270000
1005,8892000,18990000,290000
1006,8931000,20969000,283000
1007,8869000,19004000,274000
1008,9621000,20009000,286000
1009,8957000,21013000,291000
1010,8892000,19009000,278000
1011,9640000,19996000,290000
1012,8996000,21034000,270000
1013,8926000,18997000,290000
1014,8971000,20973000,283000
1015,8909000,19014000,274000
1016,9001000,21021000,279000
1017,8886000,18956000,290000
1018,8996000,21035000,274000
1019,8857000,18935000,290000
1020,8961000,21034000,275000
1021,8905000,19015000,286000
1022,9699000,20054000,278000
1023,9625000,19922000,286000
1024,9682000,20053000,287000
1025,8968000,20970000,282000
1026,8901000,18997000,258000
1027,8928000,20959000,290000
1028,8902000,20053000,278000
1029,8938000,19021000,278000
1030,9670000,19992000,278000
1031,8948000,20947000,286000
1032,8901000,19028000,274000
1033,8924000,20951000,291000
1034,8877000,19021000,274000
1035,8864000,19916000,278000
1036,8901000,21041000,271000
1037,8769000,18938000,282000
1038,8885000,21041000,270000
1039,8789000,18988000,290000
1040,8842000,20982000,275000
1041,8696000,18926000,286000
1042,8822000,21050000,283000
1043,8751000,18996000,282000
1044,8852000,21030000,279000
1045,8789000,19016000,274000
1046,8831000,20958000,286000
1047,8701000,18946000,290000
1048,9499000,20054000,282000
1049,9494000,19992000,290000
1050,8860000,21042000,275000
1051,8797000,19008000,286000
1052,9524000,19980000,287000
1053,9523000,20002000,286000
1054,8809000,20955000,263000
1055,8955000,19220000,282000
1056,8836000,20818000,275000
1057,8793000,19021000,278000
1058,8889000,21021000,278000
1059,9946000,20132000,286000
1060,8756000,18805000,270000
1061,8844000,21021000,282000
1062,8869000,19093000,270000
1063,8970000,21030000,278000
1064,8838000,18939000,278000
1065,9009000,21104000,282000
1066,8886000,18948000,274000
1067,8980000,21019000,278000
1068,8863000,18958000,270000
1069,9441000,19834000,290000
1070,9231000,21459000,279000
1071,8856000,19696000,278000
1072,8901000,19044000,262000
1073,8970000,21003000,279000
1074,8842000,18947000,258000
1075,9643000,20049000,290000
1076,9649000,20010000,282000
1077,9612000,19960000,297000
1078,9609000,20000000,290000
1079,9591000,19978000,298000
1080,8944000,21030000,291000
1081,8882000,19009000,290000
1082,9629000,20000000,278000
1083,8988000,21035000,290000
1084,8838000,18921000,282000
1085,8966000,21053000,282000
1086,8888000,18996000,278000
1087,8936000,20976000,291000
1088,8801000,18938000,282000
1089,8992000,21116000,290000
1090,8910000,18997000,274000
1091,9578000,19920000,290000
1092,9636000,20053000,290000
1093,9609000,19977000,298000
1094,9612000,20000000,294000
1095,8957000,21022000,290000
1096,8905000,19015000,286000
1097,9013000,21037000,286000
1098,8878000,18935000,278000
1099,9609000,19991000,286000
1100,9609000,19996000,294000
1101,8953000,21022000,283000
1102,8847000,18965000,282000
1103,8997000,21075000,290000
1104,8816000,18889000,282000
1105,8962000,21080000,286000
1106,8858000,18967000,278000
1107,8953000,21020000,290000
1108,8893000,19015000,286000
1109,8923000,20959000,282000
1110,8865000,19012000,282000
1111,9106000,21167000,298000
1112,8838000,18807000,282000
1113,9649000,20066000,283000
1114,8940000,20961000,279000
1115,8882000,19017000,294000
1116,8905000,20952000,287000
1117,8863000,19029000,274000
1118,8952000,21014000,278000
1119,8909000,19028000,286000
1120,8936000,20960000,275000
1121,8865000,18999000,286000
1122,8901000,20962000,287000
1123,8853000,19027000,290000
1124,8939000,21015000,282000
1125,8946000,19078000,286000
1126,8917000,20896000,279000
1127,8854000,19012000,282000
1128,8900000,20974000,275000
1129,8901000,19072000,282000
1130,8940000,20964000,286000
1131,8865000,19001000,294000
1132,8984000,21048000,286000
1133,8842000,18929000,282000
1134,8961000,21044000,283000
1135,8816000,18929000,286000
1136,8948000,21062000,275000
1137,8864000,18987000,282000
1138,8913000,20974000,282000
1139,8839000,19000000,286000
1140,8957000,21048000,290000
1141,8812000,18925000,290000
1142,8924000,21038000,286000
1143,8853000,19007000,282000
1144,8953000,21025000,290000
1145,8818000,18941000,286000
1146,8940000,21042000,275000
1147,8798000,18937000,282000
1148,8832000,20959000,275000
1149,9971000,20211000,282000
1150,9943000,19971000,286000
1151,8826000,18884000,286000
1152,9630000,20056000,294000
1153,8931000,20978000,290000
1154,8860000,18999000,270000
1155,9599000,19991000,291000
1156,9577000,19984000,285000
1157,8949000,21039000,294000
1158,8870000,19000000,274000
1159,8976000,21032000,290000
1160,8844000,18942000,282000
1161,9091000,21169000,298000
1162,8893000,18881000,274000
1163,8992000,21024000,286000
1164,8793000,18876000,278000
1165,8826000,20954000,282000
1166,8861000,19110000,270000
1167,8876000,20944000,278000
1168,8896000,19095000,274000
1169,8918000,20942000,290000
1170,8878000,19035000,270000
1171,8897000,20949000,278000
1172,8838000,19016000,274000
1173,8940000,21022000,294000
1174,8830000,18966000,274000
1175,8905000,21004000,291000
1176,8856000,19017000,282000
1177,8883000,20956000,290000
1178,8830000,19019000,274000
1179,8924000,21027000,295000
1180,8805000,18948000,282000
1181,8909000,21033000,298000
1182,8843000,19009000,278000
1183,8953000,21039000,291000
1184,8830000,18948000,274000
1185,8929000,21024000,294000
1186,8865000,19011000,274000
1187,8905000,20969000,290000
1188,8830000,18996000,282000
1189,9581000,20004000,294000
1190,9634000,20057000,285000
1191,9608000,19969000,297000
1192,8901000,20970000,286000
1193,8849000,19015000,286000
1194,9578000,19985000,286000
1195,9559000,19985000,300000
1196,9621000,20058000,290000
1197,8901000,20957000,294000
1198,8789000,18955000,282000
1199,8953000,21093000,294000
1200,8834000,18956000,290000
1201,8933000,21028000,287000
1202,8865000,19007000,278000
1203,8897000,20953000,294000
1204,9838000,20016000,286000
1205,8830000,18988000,286000
1206,8944000,21047000,283000
1207,8861000,18987000,290000
1208,8905000,20970000,290000
1209,8849000,19015000,278000
1210,8948000,21032000,279000
1211,8815000,18938000,294000
1212,9560000,19996000,278000
1213,8988000,21106000,295000
1214,8855000,18934000,286000
1215,8897000,20971000,290000
1216,8821000,18999000,290000
1217,9565000,20001000,297000
1218,8913000,21016000,283000
1219,8718000,18876000,282000
1220,8897000,21112000,275000
1221,8848000,19022000,294000
1222,8940000,21016000,283000
1223,8874000,19010000,286000
1224,9537000,19919000,293000
1225,8897000,21029000,290000
1226,8834000,19008000,286000
1227,9703000,20128000,294000
1228,8931000,20897000,282000
1229,8865000,19010000,294000
1230,8984000,21048000,286000
1231,8780000,18862000,278000
1232,8957000,21107000,278000
1233,8812000,18929000,290000
1234,8940000,21057000,278000
1235,8860000,18991000,294000
1236,9611000,20004000,286000
1237,8944000,21010000,291000
1238,8838000,18965000,282000
1239,8925000,21011000,290000
1240,8797000,18948000,286000
1241,9103000,21235000,294000
1242,8843000,18815000,274000
1243,8872000,20950000,282000
1244,8816000,19018000,282000
1245,9624000,20066000,293000
1246,9609000,19980000,290000
1247,8901000,20969000,295000
1248,8769000,18938000,282000
1249,8944000,21101000,286000
1250,8812000,18942000,266000
1251,8927000,21045000,294000
1252,8776000,18920000,290000
1253,8966000,21115000,290000
1254,9789000,19898000,286000
1255,8950000,19157000,286000
1256,9554000,19863000,286000
1257,8901000,21017000,294000
1258,8773000,18947000,286000
1259,8872000,21028000,294000
1260,8816000,19014000,278000
1261,9549000,19986000,297000
1262,9544000,20000000,289000
1263,8901000,21025000,286000
1264,8853000,19023000,286000
1265,8868000,20948000,294000
1266,8812000,19018000,274000
1267,9550000,19986000,291000
1268,8929000,21057000,279000
1269,8838000,18980000,290000
1270,8887000,20973000,282000
1271,8818000,19007000,290000
1272,8914000,21024000,290000
1273,8855000,19013000,286000
1274,8897000,20967000,279000
1275,8834000,19012000,290000
1276,8940000,21034000,283000
1277,8826000,18958000,286000
1278,8917000,21016000,278000
1279,8857000,19014000,290000
1280,8944000,21017000,287000
1281,8834000,18961000,294000
1282,8937000,21028000,283000
1283,8950000,19088000,282000
1284,8980000,20959000,275000
1285,8922000,19013000,294000
1286,9653000,19983000,282000
1287,8993000,21017000,286000
1288,8946000,19024000,286000
1289,8980000,20959000,290000
1290,8922000,19017000,274000
1291,8949000,20955000,294000
1292,8897000,19020000,278000
1293,8988000,21016000,298000
1294,8943000,19029000,286000
1295,9034000,21020000,298000
1296,8922000,18960000,274000
1297,8949000,20951000,286000
1298,8975000,19106000,270000
1299,8992000,20942000,279000
1300,9909000,19988000,282000
1301,8905000,18996000,286000
1302,9042000,21062000,287000
1303,9861000,19894000,286000
1304,8884000,19022000,282000
1305,8972000,21017000,295000
1306,8934000,19034000,278000
1307,8966000,20957000,286000
1308,8897000,19006000,278000
1309,9001000,21032000,294000
1310,8947000,19013000,278000
1311,9693000,20004000,297000
1312,9176000,21158000,275000
1313,8849000,18744000,286000
1314,9009000,21086000,282000
1315,8955000,19020000,298000
1316,9678000,19980000,286000
1317,8976000,20967000,282000
1318,8905000,19004000,290000
1319,9657000,20008000,287000
1320,9640000,19978000,286000
1321,8909000,20947000,287000
1322,8930000,19092000,282000
1323,8962000,20957000,290000
1324,8897000,19010000,278000
1325,8993000,21025000,287000
1326,8882000,18960000,282000
1327,8984000,21027000,282000
1328,8947000,19037000,278000
1329,8953000,20936000,283000
1330,8897000,19019000,278000
1331,9001000,21025000,278000
1332,9918000,19992000,286000
1333,8846000,18928000,294000
1334,8896000,20979000,290000
1335,8891000,19066000,290000
1336,9635000,19996000,285000
1337,8984000,21026000,282000
1338,8869000,18956000,278000
1339,8963000,21018000,294000
1340,8834000,18943000,274000
1341,9140000,21238000,299000
1342,8882000,18813000,282000
1343,8992000,21036000,290000
1344,8922000,19005000,278000
1345,9665000,19999000,294000
1346,9021000,21025000,279000
1347,8892000,18941000,290000
1348,8872000,19914000,274000
1349,8933000,21057000,278000
1350,8918000,19060000,278000
1351,8952000,20963000,286000
1352,8901000,19019000,274000
1353,9625000,19977000,290000
1354,9617000,19995000,286000
1355,8970000,21023000,290000
1356,8914000,19018000,282000
1357,8944000,20960000,278000
1358,8905000,19028000,278000
1359,9686000,20037000,298000
1360,9685000,20004000,285000
1361,9590000,19900000,295000
1362,8967000,21053000,283000
1363,9785000,19889000,294000
1364,8963000,19178000,266000
1365,8980000,20943000,282000
1366,8869000,18964000,282000
1367,9017000,21077000,286000
1368,8895000,18949000,274000
1369,9073000,21103000,290000
1370,8955000,18956000,270000
1371,9034000,21008000,294000
1372,8773000,18810000,286000
1373,8961000,21114000,274000
1374,8820000,18929000,274000
1375,9711000,20151000,290000
1376,9617000,19902000,279000
1377,9034000,21094000,283000
1378,8976000,19013000,270000
1379,9021000,20971000,278000
1380,8950000,19000000,270000
1381,8917000,20900000,291000
1382,8922000,19076000,282000
1383,8976000,20978000,286000
1384,8834000,18934000,278000
1385,9570000,19992000,291000
1386,9558000,19983000,283000
1387,8905000,21025000,290000
1388,8922000,19088000,278000
1389,9721000,20051000,282000
1390,8943000,20899000,287000
1391,8873000,18997000,290000
1392,9639000,20022000,279000
1393,8897000,20935000,290000
1394,8922000,19100000,266000
1395,8824000,19898000,290000
1396,8945000,21045000,283000
1397,8870000,19000000,278000
1398,8905000,20965000,278000
1399,8905000,19071000,290000
1400,9731000,20078000,290000
1401,8998000,20942000,298000
1402,8801000,18876000,286000
1403,8976000,21100000,282000
1404,8910000,19008000,286000
1405,9168000,21188000,298000
1406,10043000,20945000,286000
1407,8897000,19854000,290000
1408,8842000,18946000,282000
1409,10113000,20270000,298000
1410,8877000,19765000,270000
1411,8909000,19023000,282000
1412,9009000,21034000,287000
1413,8892000,18957000,290000
1414,8976000,21013000,279000
1415,8926000,19026000,278000
1416,8953000,20947000,286000
1417,8893000,19020000,286000
1418,8927000,20958000,282000
1419,8930000,19075000,290000
1420,8910000,20904000,279000
1421,8909000,19075000,282000
1422,8948000,20968000,283000
1423,8874000,19000000,278000
1424,9005000,21053000,267000
1425,8857000,18930000,282000
1426,8917000,20986000,271000
1427,8896000,19054000,282000
1428,8952000,20977000,274000
1429,8939000,19065000,282000
1430,8937000,20923000,279000
1431,8781000,18916000,286000
1432,8895000,21038000,279000
1433,8963000,19140000,290000
1434,9703000,19999000,274000
1435,8913000,20880000,282000
1436,8867000,19024000,274000
1437,8957000,21024000,282000
1438,8905000,19019000,274000
1439,9634000,19981000,287000
1440,8927000,20969000,283000
1441,8865000,19009000,294000
1442,8970000,21031000,283000
1443,8913000,19018000,290000
1444,9021000,21037000,275000
1445,8815000,18865000,290000
1446,8921000,21031000,283000
1447,8946000,19096000,282000
1448,9661000,19975000,286000
1449,9586000,19921000,291000
1450,9639000,20057000,286000
1451,8997000,21027000,286000
1452,8930000,19008000,278000
1453,9529000,19855000,283000
1454,9657000,20124000,286000
1455,9634000,19981000,287000
1456,9648000,20011000,282000
1457,9616000,19972000,290000
1458,8984000,21036000,275000
1459,10081000,20172000,282000
1460,9959000,19873000,282000
1461,8884000,18929000,282000
1462,8992000,21038000,279000
1463,8926000,19005000,282000
1464,8988000,20987000,278000
1465,8822000,18905000,294000
1466,8944000,21055000,279000
1467,8878000,19000000,286000
1468,8997000,21049000,267000
1469,8909000,18987000,286000
1470,9017000,21037000,286000
1471,8816000,18869000,290000
1472,8931000,21040000,287000
1473,8878000,19023000,290000
1474,8901000,20952000,283000
1475,8918000,19088000,290000
1476,9013000,21020000,282000
1477,8897000,18959000,290000
1478,9549000,19908000,293000
1479,8988000,21108000,290000
1480,8905000,18992000,290000
1481,9585000,19937000,300000
1482,9507000,19918000,282000
1483,8928000,21097000,286000
1484,8934000,19077000,290000
1485,9665000,19984000,301000
1486,9652000,19991000,281000
1487,8940000,20956000,294000
1488,8822000,18957000,278000
1489,8864000,19971000,282000
1490,8993000,21125000,275000
1491,8848000,18930000,282000
1492,9585000,19994000,292000
1493,8997000,21080000,286000
1494,8897000,18971000,282000
1495,8901000,20937000,287000
1496,8862000,19032000,286000
1497,9648000,20039000,301000
1498,8944000,20972000,286000
1499,8806000,18932000,294000
1500,9685000,20133000,289000
1501,8988000,19979000,286000
1502,9026000,21033000,282000
1503,8897000,18947000,294000
1504,8933000,20965000,282000
1505,8874000,19011000,294000
1506,9060000,21112000,278000
1507,8858000,18876000,282000
1508,10132000,22200000,287000
1509,8938000,18877000,290000
1510,8809000,18871000,274000
1511,9633000,20077000,294000
1512,9001000,20044000,278000
1513,9674000,19996000,291000
1514,8880000,20883000,283000
1515,8819000,19006000,286000
1516,8930000,21040000,282000
1517,8870000,19014000,278000
1518,9670000,20057000,283000
1519,9582000,19908000,287000
1520,8970000,20065000,275000
1521,8928000,20953000,282000
1522,8874000,19025000,266000
1523,9674000,20053000,282000
1524,9052000,21047000,275000
1525,8905000,18924000,270000
1526,8941000,20969000,279000
1527,8873000,18999000,286000
1528,8992000,21048000,286000
1529,8918000,19001000,286000
1530,9589000,19928000,279000
1531,9574000,19980000,287000
1532,9549000,19979000,282000
1533,8905000,21025000,286000
1534,8926000,19092000,278000
1535,9653000,19987000,298000
1536,8944000,20959000,286000
1537,8975000,19103000,282000
1538,8913000,20871000,286000
1539,8861000,19018000,294000
1540,8896000,20961000,287000
1541,8982000,19157000,294000
1542,8939000,20890000,279000
1543,8942000,19078000,286000
1544,8980000,20959000,282000
1545,8852000,18951000,278000
1546,9021000,21094000,287000
1547,8818000,18872000,282000
1548,8928000,21031000,290000
1549,8789000,18936000,286000
1550,8897000,21037000,287000
1551,8844000,19022000,278000
1552,9017000,21094000,287000
1553,9848000,19909000,290000
1554,8893000,19042000,270000
1555,8905000,20941000,290000
1556,8918000,19088000,282000
1557,8882000,20885000,294000
1558,8906000,19102000,278000
1559,8935000,20955000,283000
1560,8869000,19009000,278000
1561,10148000,22199000,302000
1562,8869000,19797000,274000
1563,8866000,19000000,278000
1564,8816000,18950000,270000
1565,8984000,21094000,290000
1566,8793000,18880000,270000
1567,8961000,21093000,291000
1568,8834000,18952000,270000
1569,9009000,21100000,290000
1570,8955000,19021000,266000
1571,8997000,20963000,294000
1572,8848000,18926000,270000
1573,8957000,21038000,282000
1574,8967000,19085000,266000
1575,9013000,20967000,294000
1576,8861000,18926000,278000
1577,8984000,21049000,282000
1578,8913000,19004000,270000
1579,9021000,21029000,282000
1580,8897000,18955000,262000
1581,8992000,21020000,287000
1582,8860000,18943000,274000
1583,8891000,20951000,290000
1584,8838000,19023000,270000
1585,9005000,21096000,286000
1586,8882000,18952000,274000
1587,8917000,20956000,286000
1588,9918000,20076000,274000
1589,8889000,18974000,282000
1590,9017000,21054000,287000
1591,8878000,18932000,294000
1592,9639000,20013000,289000
1593,9038000,21076000,294000
1594,8934000,18967000,270000
1595,8949000,20939000,282000
1596,8892000,19014000,282000
1597,8918000,20960000,291000
1598,8938000,19091000,282000
1599,8897000,20884000,295000
1600,8910000,19087000,286000
1601,9026000,21045000,294000
1602,8873000,18919000,270000
1603,8993000,21045000,291000
1604,8926000,19012000,286000
1605,8905000,20904000,294000
1606,8901000,19067000,286000
1607,9017000,21041000,286000
1608,8874000,18931000,286000
1609,9001000,21057000,286000
1610,8926000,18992000,278000
1611,10075000,22078000,286000
1612,9843000,19842000,282000
1613,9888000,20045000,290000
1614,8982000,19095000,282000
1615,8857000,18871000,290000
1616,9661000,20064000,286000
1617,9182000,20189000,287000
1618,8902000,19803000,262000
1619,8989000,21008000,279000
1620,9015000,19098000,274000
1621,8970000,20880000,286000
1622,8922000,19027000,282000
1623,9005000,21012000,290000
1624,8900000,18961000,274000
1625,8992000,21022000,282000
1626,9020000,19103000,270000
1627,8847000,19827000,282000
1628,9160000,21242000,286000
1629,9814000,20733000,290000
1630,8834000,19012000,286000
1631,8860000,19026000,290000
1632,9665000,20058000,289000
1633,8944000,20955000,294000
1634,9016000,19147000,274000
1635,8997000,20910000,286000
1636,8938000,19008000,278000
1637,9608000,19926000,294000
1638,8957000,21018000,283000
1639,9946000,20064000,294000
1640,8815000,18864000,286000
1641,8993000,21112000,291000
1642,8922000,19000000,286000
1643,9607000,19937000,298000
1644,9017000,21087000,283000
1645,8882000,18932000,294000
1646,9559000,19933000,290000
1647,8976000,21093000,282000
1648,8777000,18872000,290000
1649,9657000,20133000,294000
1650,9009000,21029000,279000
1651,9854000,19912000,290000
1652,9922000,20072000,282000
1653,9830000,19904000,282000
1654,9888000,20061000,290000
1655,9861000,19973000,294000
1656,9810000,19949000,282000
1657,8815000,19006000,278000
1658,8988000,21098000,287000
1659,8926000,19009000,278000
1660,9042000,21049000,283000
1661,10066000,20095000,294000
1662,10104000,21038000,286000
1663,8801000,19693000,290000
1664,9797000,20000000,278000
1665,9847000,20050000,294000
1666,9830000,19987000,274000
1667,9822000,19988000,294000
1668,9812000,19993000,286000
1669,8917000,19098000,282000
1670,8848000,18938000,270000
1671,9017000,21091000,298000
1672,8880000,18941000,282000
1673,9005000,21051000,294000
1674,8934000,19000000,282000
1675,9608000,19926000,298000
1676,9652000,20049000,285000
1677,9030000,21045000,290000
1678,9922000,19972000,274000
1679,9897000,19971000,282000
1680,9961000,20067000,282000
1681,9870000,19910000,290000
1682,8897000,19027000,278000
1683,9001000,21029000,294000
1684,8884000,18957000,270000
1685,8980000,21018000,290000
1686,8866000,18960000,278000
1687,8936000,20999000,294000
1688,9882000,20017000,278000
1689,9921000,20036000,286000
1690,9922000,20005000,286000
1691,9955000,20032000,294000
1692,8926000,18968000,278000
1693,8949000,20951000,290000
1694,8947000,19073000,290000
1695,9681000,19992000,300000
1696,8976000,20963000,290000
1697,8909000,19008000,298000
1698,9021000,21041000,282000
1699,8891000,18941000,290000
1700,8993000,21027000,286000
1701,8938000,19016000,294000
1702,9670000,19992000,286000
1703,9673000,20000000,297000
1704,8948000,20951000,279000
1705,9926000,20049000,294000
1706,9913000,19983000,282000
1707,8934000,19025000,294000
1708,9666000,19984000,287000
1709,9719000,20058000,293000
1710,9633000,19910000,293000
1711,9616000,19987000,297000
1712,9612000,19991000,293000
1713,8957000,21022000,294000
1714,9947000,20064000,270000
1715,8899000,18941000,286000
1716,9648000,20010000,289000
1717,9613000,19968000,287000
1718,9617000,20000000,279000
1719,8949000,21008000,295000
1720,8843000,18965000,278000
1721,9005000,21088000,290000
1722,8943000,19012000,282000
1723,8971000,20958000,295000
1724,8930000,19030000,278000
1725,8949000,20943000,287000
1726,8888000,19014000,282000
1727,8920000,20961000,294000
1728,8864000,19016000,286000
1729,8972000,21032000,286000
1730,9878000,19982000,274000
1731,9865000,19987000,282000
1732,9926000,20061000,274000
1733,8963000,19032000,282000
1734,9682000,19980000,279000
1735,8966000,20953000,278000
1736,9870000,19978000,290000
1737,9866000,19996000,290000
1738,9842000,19977000,286000
1739,9842000,20000000,282000
1740,9821000,19979000,290000
1741,9882000,20057000,286000
1742,9869000,19987000,270000
1743,9848000,19983000,298000
1744,8878000,19025000,266000
1745,8893000,20949000,294000
1746,9878000,20055000,278000
1747,9793000,19916000,294000
1748,8830000,19033000,270000
1749,8877000,19975000,278000
1750,9630000,20085000,286000
1751,8887000,20925000,298000
1752,9816000,20004000,286000
1753,9861000,20046000,294000
1754,9865000,20004000,278000
1755,9834000,19965000,290000
1756,9830000,19996000,274000
1757,9878000,20052000,282000
1758,9797000,19915000,274000
1759,9785000,19988000,290000
1760,9847000,20066000,278000
1761,9822000,19975000,294000
1762,8853000,19031000,270000
1763,8944000,21020000,298000
1764,9865000,19988000,282000
1765,9864000,19999000,282000
1766,9834000,19974000,282000
1767,9842000,20004000,290000
1768,9810000,19971000,282000
1769,9801000,19988000,286000
1770,9853000,20056000,290000
1771,9865000,20012000,278000
1772,9897000,20031000,286000
1773,9830000,19934000,286000
1774,9878000,20047000,282000
1775,9781000,19903000,286000
1776,9842000,20062000,278000
1777,9830000,19988000,294000
1778,9822000,19996000,270000
1779,8909000,19079000,286000
1780,8963000,20982000,278000
1781,9852000,19965000,282000
1782,9847000,19995000,278000
1783,9822000,19971000,286000
1784,9830000,20012000,278000
1785,9793000,19963000,298000
1786,9865000,20068000,282000
1787,9848000,19987000,290000
1788,9844000,19996000,282000
1789,9818000,19974000,290000
1790,9878000,20060000,274000
1791,9861000,19983000,286000
1792,8810000,18944000,274000
1793,9541000,19992000,290000
1794,8909000,21037000,283000
1795,9808000,19973000,290000
1796,9878000,20071000,278000
1797,9874000,19996000,286000
1798,9846000,19972000,278000
1799,9830000,19984000,290000
1800,9821000,19990000,282000
1801,9891000,20067000,278000
1802,9860000,19973000,286000
1803,9789000,19925000,278000
1804,9834000,20049000,278000
1805,9905000,20067000,274000
1806,9882000,19977000,282000
1807,9857000,19978000,298000
1808,9849000,19993000,278000
1809,10043000,20194000,302000
1810,9034000,19991000,266000
1811,9874000,19848000,282000
1812,8830000,18944000,266000
1813,9564000,19993000,294000
1814,8967000,20072000,266000
1815,8901000,20939000,290000
1816,9834000,20004000,282000
1817,8846000,19008000,282000
1818,8967000,21049000,266000
1819,9851000,19956000,286000
1820,9858000,20011000,274000
1821,9830000,19972000,278000
1822,9828000,19994000,278000
1823,9878000,20054000,278000
1824,9869000,19991000,266000
1825,9781000,19912000,286000
1826,9838000,20061000,270000
1827,9826000,19984000,278000
1828,9882000,20056000,270000
1829,9870000,19983000,286000
1830,9857000,19992000,278000
1831,8886000,19025000,274000
1832,9529000,19903000,282000
1833,8897000,21037000,286000
1834,8830000,19004000,274000
1835,8948000,21051000,282000
1836,9842000,19965000,278000
1837,9852000,20006000,278000
1838,9824000,19975000,282000
1839,9801000,19974000,286000
1840,9797000,19996000,274000
1841,9847000,20054000,282000
1842,9822000,19979000,278000
1843,9819000,19989000,294000
1844,9805000,19990000,290000
1845,9861000,20055000,286000
1846,9868000,20004000,282000
1847,9838000,19974000,290000
1848,9846000,20004000,278000
1849,9869000,20027000,290000
1850,9878000,20008000,282000
1851,9785000,19908000,290000
1852,9869000,20079000,282000
1853,9830000,19966000,282000
1854,9834000,20004000,282000
1855,9797000,19963000,294000
1856,9797000,20000000,278000
1857,9846000,20049000,298000
1858,9834000,19992000,278000
1859,9959000,20120000,302000
1860,9831000,19869000,266000
1861,9820000,19988000,274000
1862,9793000,19978000,274000
1863,9855000,20062000,286000
1864,9769000,19914000,282000
1865,9830000,20061000,294000
1866,9818000,19983000,270000
1867,9809000,19992000,278000
1868,9846000,20041000,278000
1869,9865000,20018000,278000
1870,9830000,19966000,282000
1871,9810000,19979000,290000
1872,9809000,19996000,274000
1873,9862000,20057000,282000
1874,9842000,19984000,270000
1875,8789000,18938000,286000
1876,9604000,20072000,286000
1877,9577000,19978000,293000
1878,8970000,21061000,275000
1879,9772000,19881000,282000
1880,9772000,20000000,278000
1881,9822000,20046000,278000
1882,9822000,20004000,274000
1883,9789000,19967000,282000
1884,9793000,20004000,274000
1885,9835000,20041000,286000
1886,9843000,20008000,278000
1887,9812000,19965000,282000
1888,9874000,20062000,274000
1889,9785000,19912000,278000
1890,9773000,19992000,274000
1891,9830000,20057000,282000
1892,9826000,19996000,270000
1893,9808000,19981000,282000
1894,9793000,19982000,278000
1895,9793000,20000000,290000
1896,9838000,20041000,278000
1897,9755000,19917000,282000
1898,9816000,20064000,282000
1899,9812000,19996000,286000
1900,9864000,20048000,274000
1901,9781000,19917000,278000
1902,8874000,19097000,258000
1903,8897000,20953000,286000
1904,9805000,19979000,270000
1905,9860000,20059000,282000
1906,9846000,19982000,270000
1907,9766000,19923000,282000
1908,9946000,20181000,282000
1909,9854000,20904000,278000
1910,9842000,19988000,278000
1911,9743000,19901000,294000
1912,9834000,20087000,278000
1913,9797000,19963000,290000
1914,9789000,19996000,282000
1915,9777000,19988000,282000
1916,9847000,20069000,278000
1917,9959000,20108000,290000
1918,9990000,21036000,286000
1919,9801000,20811000,286000
1920,9793000,19988000,282000
1921,9785000,19991000,286000
1922,9765000,19988000,274000
1923,9816000,20043000,282000
1924,8854000,19039000,270000
1925,9816000,19965000,294000
1926,9819000,20004000,270000
1927,9802000,19986000,282000
1928,9781000,19980000,278000
1929,9865000,20080000,274000
1930,9830000,19965000,286000
1931,9822000,19992000,282000
1932,9873000,20051000,290000
1933,9806000,19932000,286000
1934,9777000,19975000,274000
1935,9771000,19995000,282000
1936,9826000,20051000,266000
1937,9802000,19979000,282000
1938,9797000,19992000,278000
1939,9777000,19983000,286000
1940,9834000,20058000,278000
1941,9818000,19984000,286000
1942,9826000,20004000,290000
1943,9789000,19963000,282000
1944,9805000,20016000,282000
1945,9843000,20037000,298000
1946,9856000,20009000,278000
1947,9755000,19900000,286000
1948,9816000,20064000,282000
1949,9801000,19982000,282000
1950,9797000,20000000,278000
1951,9769000,19971000,294000
1952,9765000,19993000,282000
1953,9743000,19978000,294000
1954,9869000,20130000,274000
1955,9858000,19989000,290000
1956,9714000,19856000,278000
1957,9767000,20049000,286000
1958,9816000,20052000,286000
1959,9822000,20007000,294000
1960,9739000,19917000,274000
1961,9789000,20046000,286000
1962,9768000,19983000,290000
1963,9769000,20000000,290000
1964,9809000,20037000,274000
1965,9805000,19996000,282000
1966,9789000,19988000,286000
1967,9785000,19996000,294000
1968,9773000,19984000,278000
1969,9950000,20181000,302000
1970,9805000,19855000,270000
1971,9793000,19988000,282000
1972,9781000,19988000,286000
1973,9763000,19981000,298000
1974,9826000,20064000,286000
1975,9812000,19985000,286000
1976,9743000,19932000,282000
1977,9777000,20034000,290000
1978,9776000,19999000,286000
1979,9755000,19975000,286000
1980,9826000,20075000,282000
1981,9801000,19971000,278000
1982,9797000,20000000,278000
1983,9780000,19979000,290000
1984,9773000,19992000,278000
1985,9821000,20053000,294000
1986,9801000,19984000,278000
1987,9789000,19984000,290000
1988,9852000,20063000,282000
1989,9967000,20115000,294000
1990,9834000,19863000,282000
1991,9748000,19917000,294000
1992,9801000,20050000,278000
1993,9878000,20080000,286000
1994,9781000,19904000,270000
1995,9996000,20210000,274000
1996,9820000,19828000,282000
1997,9751000,19932000,286000
1998,9801000,20050000,266000
1999,9793000,19988000,282000
2000,9777000,19983000,274000
2001,9824000,20047000,290000
2002,9816000,20000000,270000
2003,9801000,19982000,286000
2004,9793000,19988000,266000
2005,9846000,20053000,286000
2006,9838000,19992000,278000
2007,9810000,19975000,290000
2008,9818000,20004000,282000
2009,9785000,19971000,286000
2010,9797000,20013000,278000
2011,9761000,19964000,298000
2012,9834000,20073000,278000
2013,9801000,19967000,298000
2014,9892000,20086000,270000
2015,9853000,19965000,286000
2016,9853000,20000000,286000
2017,9951000,20098000,290000
2018,9820000,19869000,270000
2019,9930000,20111000,298000
2020,9863000,19933000,274000
2021,9846000,19979000,286000
2022,9834000,19992000,274000
2023,9824000,19981000,286000
2024,9813000,19994000,282000
2025,9805000,19996000,290000
2026,9864000,20054000,274000
2027,9859000,20000000,290000
2028,9834000,19971000,278000
2029,9829000,19994000,282000
2030,9809000,19985000,278000
2031,9801000,19992000,290000
2032,9846000,20041000,274000
2033,9773000,19930000,286000
2034,9816000,20047000,278000
2035,9805000,19982000,290000
2036,9805000,20000000,274000
2037,9849000,20048000,282000
2038,9838000,19985000,274000
2039,9959000,20124000,290000
2040,9759000,19797000,274000
2041,9930000,20175000,290000
2042,9801000,19871000,278000
2043,9838000,20037000,294000
2044,9846000,20008000,274000
2045,9816000,19969000,286000
2046,9892000,20076000,278000
2047,9785000,19893000,290000
2048,9793000,20009000,282000
2049,9765000,19972000,282000
2050,9755000,19990000,274000
2051,9739000,19984000,290000
2052,9793000,20058000,286000
2053,9861000,20064000,286000
2054,9773000,19911000,274000
2055,9762000,19990000,282000
2056,9747000,19985000,278000
2057,9805000,20058000,282000
2058,9781000,19976000,274000
2059,9780000,19999000,290000
2060,9767000,19987000,278000
2061,9848000,20081000,282000
2062,9814000,19965000,274000
2063,9810000,19996000,282000
2064,9785000,19975000,274000
2065,9855000,20071000,286000
2066,9772000,19917000,266000
2067,9830000,20058000,274000
2068,9801000,19971000,286000
2069,9922000,20121000,282000
2070,9778000,19856000,278000
2071,9765000,19982000,278000
2072,9755000,19995000,278000
2073,9805000,20050000,290000
2074,9813000,20004000,278000
2075,9781000,19972000,286000
2076,9779000,19997000,282000
2077,9751000,19973000,290000
2078,9834000,20079000,270000
2079,9726000,19896000,282000
2080,9797000,20071000,278000
2081,9769000,19971000,282000
2082,9767000,19999000,290000
2083,9803000,20044000,294000
2084,9801000,19990000,282000
2085,9797000,19992000,286000
2086,9777000,19984000,286000
2087,9830000,20053000,294000
2088,9825000,19995000,282000
2089,9950000,20125000,290000
2090,9801000,19851000,278000
2091,9797000,19996000,294000
2092,9773000,19971000,274000
2093,9830000,20058000,282000
2094,9809000,19983000,290000
2095,9816000,20002000,290000
2096,9785000,19969000,278000
2097,9781000,20001000,294000
2098,9763000,19982000,286000
2099,9812000,20048000,294000
2100,9814000,20002000,286000
2101,9785000,19972000,290000
2102,9777000,19992000,286000
2103,9764000,19987000,286000
2104,9830000,20062000,274000
2105,9806000,19979000,298000
2106,9816000,20010000,278000
2107,9793000,19978000,286000
2108,9793000,20000000,278000
2109,9756000,19963000,298000
2110,9751000,19995000,286000
2111,9797000,20042000,290000
2112,9877000,20084000,278000
2113,9775000,19898000,294000
2114,9842000,20067000,282000
2115,9820000,19973000,290000
2116,9747000,19928000,278000
2117,9789000,20046000,290000
2118,9789000,19996000,282000
2119,9909000,20124000,298000
2120,9830000,19921000,282000
2121,9755000,19925000,294000
2122,9805000,20050000,278000
2123,9793000,19988000,290000
2124,9785000,19988000,266000
2125,9855000,20073000,286000
2126,9834000,19976000,274000
2127,9747000,19917000,278000
2128,9797000,20050000,278000
2129,9801000,20004000,290000
2130,9834000,20033000,286000
2131,9760000,19926000,290000
2132,9810000,20049000,286000
2133,9730000,19921000,290000
2134,9722000,19992000,274000
2135,9781000,20055000,286000
2136,9830000,20053000,286000
2137,9886000,20052000,294000
2138,9830000,19948000,270000
2139,9998000,20168000,298000
2140,9764000,20766000,278000
2141,9739000,19975000,282000
2142,9751000,20012000,270000
2143,9793000,20038000,278000
2144,9855000,20062000,278000
2145,9761000,19909000,290000
2146,9765000,20005000,270000
2147,9738000,19969000,274000
2148,9869000,20131000,278000
2149,9785000,19919000,282000
2150,9773000,19988000,274000
2151,9755000,19983000,278000
2152,9809000,20054000,286000
2153,9873000,20064000,286000
2154,9781000,19908000,286000
2155,9789000,20008000,286000
2156,9820000,20030000,282000
2157,9750000,19936000,270000
2158,9801000,20046000,274000
2159,9801000,20000000,294000
2160,9785000,19980000,270000
2161,9764000,19983000,282000
2162,9809000,20045000,274000
2163,9819000,20010000,294000
2164,9868000,20045000,282000
2165,9775000,19911000,298000
2166,9762000,19990000,282000
2167,9743000,19982000,286000
2168,9873000,20126000,274000
2169,9785000,19912000,282000
2170,9789000,20004000,274000
2171,9830000,20045000,286000
2172,9834000,20004000,282000
2173,9942000,20108000,294000
2174,9913000,20967000,286000
2175,9822000,19909000,286000
2176,9773000,19943000,274000
2177,9805000,20036000,286000
2178,9801000,20000000,278000
2179,9775000,19974000,294000
2180,9773000,19993000,286000
2181,9677000,19909000,294000
2182,9806000,20132000,278000
2183,9785000,19980000,286000
2184,9851000,20061000,278000
2185,9772000,19922000,278000
2186,9830000,20058000,266000
2187,9747000,19921000,282000
2188,9809000,20058000,270000
2189,9730000,19925000,282000
2190,9777000,20047000,274000
2191,9769000,19991000,274000
2192,9816000,20047000,278000
2193,9752000,19932000,278000
2194,9869000,20117000,266000
2195,9856000,19992000,282000
2196,9847000,19991000,270000
2197,9685000,19838000,282000
2198,9830000,20141000,274000
2199,9805000,19975000,282000
2200,9857000,20052000,286000
2201,9842000,19985000,294000
2202,9838000,19996000,278000
2203,9820000,19981000,290000
2204,9822000,19999000,270000
2205,9859000,20037000,286000
2206,9809000,19950000,270000
2207,9768000,19963000,290000
2208,9771000,20003000,278000
2209,9824000,20048000,278000
2210,9747000,19928000,282000
2211,9722000,19975000,282000
2212,9714000,19992000,278000
2213,9697000,19979000,282000
2214,9752000,20054000,278000
2215,9739000,19991000,286000
2216,9793000,20055000,282000
2217,9779000,19986000,290000
2218,9709000,19926000,274000
2219,9909000,20204000,286000
2220,9874000,19972000,286000
2221,9734000,19853000,290000
2222,9865000,20127000,274000
2223,9785000,19920000,286000
2224,9838000,20053000,274000
2225,9747000,19921000,290000
2226,9739000,19984000,282000
2227,10028000,20285000,274000
2228,9760000,20736000,282000
2229,9730000,19970000,290000
2230,9726000,19996000,286000
2231,9710000,19984000,290000
2232,9773000,20058000,274000
2233,9751000,19983000,294000
2234,9747000,19992000,270000
2235,9726000,19983000,294000
2236,9730000,20000000,270000
2237,9838000,20112000,290000
2238,9834000,19996000,282000
2239,9811000,19977000,286000
2240,9886000,20071000,286000
2241,9718000,19832000,294000
2242,9785000,20066000,282000
2243,9761000,19980000,286000
2244,9838000,20078000,270000
2245,9738000,19896000,290000
2246,9793000,20059000,278000
2247,9777000,19984000,290000
2248,9842000,20065000,282000
2249,9755000,19909000,290000
2250,9743000,19992000,278000
2251,9726000,19979000,290000
2252,9934000,20208000,278000
2253,9722000,19792000,286000
2254,9767000,20041000,274000
2255,9765000,20002000,278000
2256,9594000,19829000,278000
2257,9743000,20149000,290000
2258,9714000,19971000,286000
2259,9846000,20128000,278000
2260,9759000,19913000,274000
2261,9759000,20000000,286000
2262,9805000,20046000,274000
2263,9797000,19992000,278000
2264,9842000,20049000,274000
2265,9822000,19980000,290000
2266,9744000,19917000,286000
2267,9865000,20126000,298000
2268,9735000,19870000,274000
2269,9848000,20108000,294000
2270,9852000,20004000,274000
2271,9755000,19904000,286000
2272,9756000,20004000,274000
2273,9797000,20038000,286000
2274,9809000,20012000,266000
2275,9838000,20029000,290000
2276,9767000,19928000,286000
2277,9743000,19981000,294000
2278,9730000,19987000,290000
2279,9789000,20055000,286000
2280,9854000,20065000,274000
2281,9830000,19976000,282000
2282,9824000,19998000,282000
2283,9874000,20049000,290000
2284,9793000,19920000,286000
2285,9856000,20058000,294000
2286,9773000,19921000,286000
2287,9838000,20066000,278000
2288,9814000,19971000,286000
2289,9806000,19996000,286000
2290,9861000,20056000,278000
2291,9789000,19924000,290000
2292,9762000,19977000,290000
2293,9822000,20060000,294000
2294,9735000,19913000,282000
2295,9858000,20123000,286000
2296,9777000,19919000,290000
2297,9764000,19986000,290000
2298,9751000,19988000,290000
2299,9739000,19988000,290000
2300,9818000,20075000,282000
2301,9785000,19966000,282000
2302,9930000,20146000,282000
2303,9776000,19846000,274000
2304,9764000,19992000,278000
2305,9805000,20041000,282000
2306,9801000,19996000,282000
2307,9852000,20051000,290000
2308,9860000,20008000,274000
2309,9760000,19900000,286000
2310,9814000,20053000,278000
2311,9869000,20056000,282000
2312,9718000,19849000,286000
2313,9842000,20124000,290000
2314,9824000,19981000,286000
2315,9815000,19992000,290000
2316,9877000,20062000,270000
2317,9793000,19916000,290000
2318,9773000,19979000,286000
2319,9777000,20000000,282000
2320,9755000,19979000,270000
2321,9824000,20072000,290000
2322,9801000,19978000,270000
2323,9789000,19987000,286000
2324,9842000,20054000,278000
2325,9834000,19992000,290000
2326,9755000,19917000,274000
2327,9801000,20050000,278000
2328,9873000,20067000,270000
2329,9774000,19901000,290000
2330,9838000,20065000,274000
2331,9816000,19981000,290000
2332,9748000,19932000,270000
2333,9785000,20037000,286000
2334,9801000,20013000,278000
2335,9771000,19970000,282000
2336,9766000,19999000,286000
2337,9805000,20035000,282000
2338,9814000,20012000,282000
2339,9726000,19909000,278000
2340,9858000,20135000,282000
2341,9764000,19907000,286000
2342,9746000,19987000,278000
2343,9805000,20054000,286000
2344,9730000,19921000,266000
2345,9785000,20055000,278000
2346,9693000,19912000,282000
2347,9752000,20058000,286000
2348,9739000,19988000,282000
2349,9805000,20066000,286000
2350,9789000,19984000,278000
2351,9857000,20068000,290000
2352,9761000,19904000,274000
2353,9755000,19994000,282000
2354,9809000,20054000,278000
2355,9873000,20064000,294000
2356,9709000,19836000,282000
2357,9767000,20058000,294000
2358,9751000,19984000,286000
2359,9730000,19979000,298000
2360,9730000,19996000,270000
2361,9710000,19984000,282000
2362,9776000,20066000,274000
2363,10029000,20253000,298000
2364,9785000,20756000,286000
2365,9771000,19982000,282000
2366,9842000,20075000,278000
2367,9673000,19830000,290000
2368,9818000,20146000,282000
2369,9785000,19967000,290000
2370,9785000,20000000,286000
2371,9767000,19982000,290000
2372,9705000,19942000,274000
2373,9801000,20092000,278000
2374,9818000,20012000,270000
2375,9855000,20042000,282000
2376,9705000,19850000,278000
2377,9693000,19984000,274000
2378,9747000,20058000,278000
2379,9730000,19979000,286000
2380,9785000,20059000,274000
2381,9797000,20012000,274000
2382,9834000,20037000,278000
2383,9822000,19988000,290000
2384,9743000,19917000,270000
2385,9743000,20000000,290000
2386,9714000,19975000,282000
2387,9838000,20124000,294000
2388,9758000,19920000,286000
2389,9762000,20004000,274000
2390,9797000,20035000,282000
2391,9705000,19908000,294000
2392,9705000,20000000,270000
2393,9685000,19980000,298000
2394,9743000,20058000,282000
2395,9726000,19983000,290000
2396,9722000,19996000,286000
2397,9769000,20046000,298000
2398,9789000,20016000,282000
2399,9891000,20107000,294000
2400,10030000,20139000,282000
2401,9842000,20812000,286000
2402,9713000,19867000,274000
2403,9747000,20034000,282000
2404,9743000,20000000,278000
2405,9859000,20116000,282000
2406,9797000,19938000,274000
2407,9752000,19954000,290000
2408,9811000,20064000,282000
2409,9726000,19911000,298000
2410,9793000,20067000,274000
2411,9856000,20059000,286000
2412,9838000,19982000,282000
2413,9830000,19996000,286000
2414,9673000,19842000,282000
2415,9812000,20139000,294000
2416,9710000,19899000,286000
2417,9779000,20065000,294000
2418,9766000,19990000,274000
2419,9762000,19997000,294000
2420,9869000,20107000,286000
2421,9722000,19853000,294000
2422,9842000,20120000,286000
2423,9776000,19934000,282000
2424,9820000,20039000,286000
2425,9730000,19911000,286000
2426,9722000,19996000,286000
2427,9722000,20000000,282000
2428,9697000,19975000,286000
2429,10030000,20333000,298000
2430,10002000,20972000,286000
2431,10124000,21117000,290000
2433,10656000,21537000,219000
2434,9898000,29182000,306000
2435,9801000,19959000,294000
2436,9789000,19992000,298000
2437,9697000,19912000,298000
2438,9766000,20064000,294000
2439,9818000,20057000,286000
2440,9735000,19917000,290000
2441,9722000,19983000,282000
2442,9777000,20058000,286000
2443,9781000,19997000,286000
2444,9751000,19974000,294000
2445,9755000,20012000,290000
2446,9801000,20038000,290000
2447,9789000,19988000,286000
2448,9705000,19916000,286000
2449,9773000,20072000,286000
2450,9689000,19912000,278000
2451,9726000,20050000,286000
2452,9722000,19983000,278000
2453,9773000,20055000,282000
2454,9769000,19991000,286000
2455,9756000,19988000,290000
2456,9814000,20053000,294000
2457,9805000,19992000,286000
2458,9809000,20004000,290000
2459,9913000,20108000,298000
2460,9846000,19933000,290000
2461,9824000,19973000,282000
2462,9842000,20019000,278000
2463,9863000,20025000,290000
2464,9789000,19926000,294000
2465,9842000,20049000,282000
2466,9857000,20014000,278000
2467,9810000,19957000,294000
2468,9809000,19996000,286000
2469,9869000,20059000,278000
2470,9780000,19916000,290000
2471,9838000,20054000,282000
2472,9886000,20052000,294000
2473,9878000,19991000,286000
2474,9868000,19991000,286000
2475,9801000,19929000,286000
2476,9838000,20037000,290000
2477,9826000,19992000,286000
2478,9809000,19983000,294000
2479,9810000,20000000,294000
2480,9789000,19980000,290000
2481,9852000,20059000,282000
2482,9777000,19924000,270000
2483,9834000,20062000,282000
2484,9824000,19989000,274000
2485,9863000,20036000,282000
2486,9714000,19855000,286000
2487,9768000,20053000,274000
2488,9759000,19996000,278000
2489,9726000,19963000,278000
2490,9743000,20017000,270000
2491,9777000,20034000,282000
2492,9785000,20008000,286000
2493,9887000,20106000,286000
2494,9727000,19848000,278000
2495,9656000,19921000,286000
2496,9731000,20075000,278000
2497,9771000,20039000,286000
2498,9773000,20003000,282000
2499,9739000,19966000,286000
2500,9735000,19996000,282000
2501,9785000,20050000,282000
2502,9777000,19992000,282000
2503,9767000,19986000,282000
2504,9754000,19990000,282000
2505,9730000,19973000,282000
2506,9726000,19996000,278000
2507,9785000,20063000,286000
2508,9765000,19979000,286000
2509,9765000,20000000,282000
2510,9677000,19913000,282000
2511,9726000,20049000,290000
2512,9710000,19984000,282000
2513,9793000,20079000,282000
2514,9765000,19976000,286000
2515,9752000,19986000,286000
2516,9739000,19984000,282000
2517,9718000,19983000,286000
2518,9777000,20058000,290000
2519,9765000,19988000,278000
2520,9769000,19997000,266000
2521,9735000,19970000,286000
2522,9812000,20080000,290000
2523,9777000,19965000,286000
2524,9785000,20005000,278000
2525,9830000,20045000,282000
2526,9826000,20000000,282000
2527,9939000,20108000,286000
2528,9789000,19863000,290000
2529,9773000,19976000,286000
2530,9777000,20003000,286000
2531,9821000,20041000,282000
2532,9820000,19998000,282000
2533,9797000,19974000,278000
2534,9785000,19996000,286000
2535,9774000,19985000,290000
2536,9769000,19987000,286000
2537,9747000,19986000,290000
2538,9735000,19988000,290000
2539,9747000,20008000,282000
2540,9710000,19967000,278000
2541,9778000,20064000,282000
2542,9757000,19982000,286000
2543,9755000,19995000,294000
2544,9730000,19979000,286000
2545,9714000,19984000,294000
2546,9710000,19996000,290000
2547,9777000,20067000,282000
2548,9750000,19981000,278000
2549,9739000,19981000,274000
2550,9714000,19975000,294000
2551,9769000,20054000,294000
2552,9693000,19925000,294000
2553,9751000,20058000,290000
2554,9739000,19988000,290000
2555,9722000,19983000,294000
2556,9739000,20017000,286000
2557,9773000,20029000,290000
2558,9693000,19925000,298000
2559,9747000,20050000,286000
2560,9747000,20004000,294000
2561,9714000,19963000,290000
2562,9726000,20012000,278000
2563,9689000,19967000,290000
2564,9769000,20076000,286000
2565,9664000,19895000,294000
2566,9735000,20075000,286000
2567,9714000,19979000,290000
2568,9768000,20054000,290000
2569,9751000,19979000,290000
2570,9739000,19992000,290000
2571,9730000,19991000,294000
2572,9726000,19992000,282000
2573,9718000,19992000,286000
2574,9764000,20046000,290000
2575,9746000,19991000,282000
2576,9739000,19988000,290000
2577,9735000,19996000,294000
2578,9842000,20107000,298000
2579,9701000,19859000,294000
2580,9901000,20200000,278000
2581,9669000,19767000,286000
2582,9735000,20067000,290000
2583,9913000,20174000,286000
2584,9697000,19792000,290000
2585,9751000,20050000,298000
2586,9755000,20000000,286000
2587,9726000,19975000,290000
2588,9793000,20067000,294000
2589,9789000,19987000,274000
2590,9730000,19950000,278000
2591,9743000,20013000,298000
2592,9762000,20019000,282000
2593,9722000,19956000,286000
2594,9730000,20008000,286000
2595,9697000,19971000,290000
2596,9769000,20067000,290000
2597,9743000,19979000,282000
2598,9801000,20058000,286000
2599,9777000,19975000,294000
2600,9777000,20001000,294000
2601,9758000,19981000,294000
2602,9814000,20056000,290000
2603,9826000,20012000,282000
2604,9789000,19963000,294000
2605,9777000,19988000,298000
2606,9776000,19998000,286000
2607,9844000,20069000,290000
2608,9810000,19965000,294000
2609,9946000,20137000,294000
2610,9760000,20814000,282000
2611,9769000,20005000,286000
2612,9820000,20054000,278000
2613,9789000,19970000,290000
2614,9781000,19992000,290000
2615,9766000,19984000,290000
2616,9820000,20054000,290000
2617,9793000,19974000,290000
2618,9793000,19996000,294000
2619,9785000,19992000,286000
2620,9785000,20004000,294000
2621,9755000,19966000,290000
2622,9816000,20064000,294000
2623,9805000,19986000,286000
2624,10000000,20199000,290000
2625,9739000,20735000,290000
2626,9810000,20074000,294000
2627,9726000,19913000,286000
2628,9789000,20063000,290000
2629,9755000,19974000,298000
2630,9820000,20060000,290000
2631,9734000,19911000,290000
2632,9739000,20009000,274000
2633,9777000,20038000,286000
2634,9764000,19987000,298000
2635,9755000,19987000,286000
2636,9743000,19992000,294000
2637,9743000,19996000,290000
2638,9722000,19983000,282000
2639,9853000,20130000,286000
2640,9834000,19978000,286000
2641,9846000,20012000,278000
2642,9739000,19897000,290000
2643,9793000,20054000,286000
2644,9773000,19979000,286000
2645,9789000,20013000,282000
2646,9824000,20038000,282000
2647,9743000,19920000,286000
2648,9797000,20054000,290000
2649,9789000,19992000,286000
2650,9777000,19988000,286000
2651,9830000,20053000,290000
2652,9820000,19989000,298000
2653,9801000,19982000,294000
2654,9816000,20014000,286000
2655,9769000,19953000,294000
2656,9838000,20070000,290000
2657,9824000,19977000,286000
2658,9764000,19945000,290000
2659,9726000,19962000,290000
2660,9789000,20067000,294000
2661,9766000,19973000,294000
2662,9757000,19994000,290000
2663,9822000,20065000,282000
2664,9810000,19988000,278000
2665,9789000,19980000,290000
2666,9773000,19979000,294000
2667,9763000,19991000,294000
2668,9751000,19988000,290000
2669,9946000,20199000,298000
2670,9773000,20826000,286000
2671,9838000,20066000,290000
2672,9743000,19905000,290000
2673,9734000,19991000,282000
2674,9793000,20059000,278000
2675,9789000,19996000,282000
2676,9773000,19976000,282000
2677,9747000,19982000,294000
2678,9793000,20046000,298000
2679,9789000,19992000,290000
2680,9780000,19990000,290000
2681,9844000,20068000,282000
2682,9743000,19900000,294000
2683,9801000,20058000,286000
2684,9797000,19996000,290000
2685,9905000,20108000,294000
2686,9892000,20982000,286000
2687,9689000,20802000,290000
2688,9705000,20012000,286000
2689,9673000,19967000,286000
2690,9739000,20071000,294000
2691,9710000,19971000,290000
2692,9726000,20012000,282000
2693,9681000,19963000,298000
2694,9752000,20066000,294000
2695,9660000,19909000,286000
2696,9722000,20066000,278000
2697,9706000,19983000,286000
2698,9689000,19984000,286000
2699,9747000,20054000,294000
2700,9747000,19996000,290000
2701,9722000,19979000,294000
2702,9722000,20000000,286000
2703,9705000,19983000,278000
2704,9755000,20054000,290000
2705,9689000,19934000,282000
2706,9735000,20042000,278000
2707,9861000,20129000,278000
2708,9710000,19850000,282000
2709,9018000,19308000,278000
2710,9747000,20729000,282000
2711,9747000,19996000,286000
2712,9809000,20058000,282000
2713,9853000,20048000,294000
2714,9705000,19848000,286000
2715,9764000,20059000,274000
2716,9748000,19987000,290000
2717,9656000,19909000,286000
2718,9739000,20083000,290000
2719,9705000,19966000,294000
2720,9789000,20079000,278000
2721,9681000,19892000,278000
2722,9777000,20096000,274000
2723,9743000,19971000,270000
2724,9722000,19979000,294000
2725,9709000,19983000,282000
2726,9709000,20004000,290000
2727,9755000,20046000,278000
2728,9739000,19984000,286000
2729,9714000,19975000,294000
2730,9718000,20004000,282000
2731,9701000,19983000,282000
2732,9680000,19988000,286000
2733,9729000,20049000,290000
2734,9734000,19996000,282000
2735,9722000,19988000,286000
2736,9697000,19975000,286000
2737,9765000,20067000,290000
2738,9681000,19912000,286000
2739,9677000,19996000,286000
2740,9722000,20046000,282000
2741,9705000,19987000,294000
2742,9685000,19980000,290000
2743,9681000,20004000,294000
2744,9739000,20050000,290000
2745,9722000,19983000,290000
2746,9710000,19988000,286000
2747,9689000,19979000,298000
2748,9681000,19992000,298000
2749,9735000,20054000,294000
2750,9722000,19987000,282000
2751,9705000,19983000,286000
2752,9926000,20217000,294000
2753,9697000,19771000,282000
2754,9824000,20130000,294000
2755,9801000,19978000,290000
2756,9739000,19938000,290000
2757,9554000,19815000,286000
2758,9701000,20147000,290000
2759,9751000,20046000,282000
2760,9747000,19996000,286000
2761,9652000,19909000,294000
2762,9714000,20062000,286000
2763,9834000,20120000,286000
2764,9689000,19851000,286000
2765,9747000,20062000,286000
2766,9805000,20058000,290000
2767,9793000,19988000,290000
2768,9705000,19912000,290000
2769,9713000,20004000,286000
2770,9742000,20042000,290000
2771,9946000,20195000,294000
2772,9685000,20747000,286000
2773,9697000,20004000,282000
2774,9669000,19971000,290000
2775,9664000,19996000,290000
2776,9643000,19979000,294000
2777,9697000,20054000,286000
2778,9689000,19992000,282000
2779,9673000,19983000,286000
2780,9734000,20062000,286000
2781,9714000,19980000,286000
2782,9709000,19995000,286000
2783,9764000,20055000,290000
2784,9746000,19991000,290000
2785,9669000,19913000,290000
2786,9685000,20017000,274000
2787,9714000,20029000,286000
2788,9705000,19991000,282000
2789,9697000,19992000,274000
2790,9685000,19988000,282000
2791,9805000,20120000,282000
2792,9726000,19921000,290000
2793,9705000,19979000,286000
2794,9619000,19914000,290000
2795,9677000,20057000,286000
2796,9739000,20063000,286000
2797,9730000,19991000,278000
2798,9718000,19988000,278000
2799,9922000,20204000,290000
2800,9656000,20734000,290000
2801,9714000,20058000,286000
2802,9697000,19983000,290000
2803,9705000,20008000,286000
2804,9673000,19967000,294000
2805,9669000,19996000,290000
2806,9861000,20193000,286000
2807,9718000,19857000,290000
2808,9767000,20045000,278000
2809,9751000,19984000,278000
2810,9739000,19992000,286000
2811,9726000,19983000,282000
2812,9781000,20058000,290000
2813,9693000,19909000,282000
2814,9824000,20134000,286000
2815,9669000,19845000,294000
2816,9739000,20071000,290000
2817,9714000,19975000,282000
2818,9639000,19925000,290000
2819,9709000,20070000,270000
2820,9697000,19988000,286000
2821,9665000,19971000,286000
2822,9669000,20000000,286000
2823,9639000,19971000,278000
2824,9785000,20146000,290000
2825,9677000,19891000,282000
2826,9734000,20054000,286000
2827,9647000,19917000,286000
2828,9713000,20062000,290000
2829,9713000,20000000,278000
2830,9693000,19984000,278000
2831,9685000,19988000,278000
2832,9664000,19979000,278000
2833,9660000,20000000,278000
2834,9709000,20049000,290000
2835,9701000,19992000,278000
2836,9677000,19975000,278000
2837,9681000,20005000,282000
2838,9656000,19975000,290000
2839,9714000,20058000,282000
2840,9697000,19983000,294000
2841,9697000,20000000,286000
2842,9677000,19975000,278000
2843,9865000,20192000,294000
2844,9656000,19788000,278000
2845,9781000,20129000,282000
2846,9681000,19900000,286000
2847,9677000,20000000,282000
2848,9677000,19995000,290000
2849,9647000,19971000,282000
2850,9722000,20075000,294000
2851,9620000,19894000,290000
2852,9693000,20073000,282000
2853,9738000,20045000,278000
2854,9673000,19939000,290000
2855,9718000,20045000,278000
2856,9639000,19921000,290000
2857,9685000,20046000,286000
2858,9743000,20058000,290000
2859,9673000,19925000,278000
2860,9730000,20058000,282000
2861,9705000,19979000,282000
2862,9693000,19988000,290000
2863,9681000,19983000,286000
2864,9743000,20063000,286000
2865,9730000,19991000,286000
2866,9718000,19988000,290000
2867,9722000,20004000,278000
2868,9685000,19963000,282000
2869,9673000,19987000,282000
2870,9730000,20058000,282000
2871,9660000,19930000,290000
2872,9701000,20041000,294000
2873,9697000,19992000,282000
2874,9677000,19984000,290000
2875,9664000,19987000,294000
2876,9652000,19988000,294000
2877,9705000,20049000,282000
2878,9769000,20068000,294000
2879,9752000,19982000,282000
2880,9768000,20017000,286000
2881,9656000,19884000,286000
2882,9730000,20078000,286000
2883,9766000,20035000,290000
2884,9705000,19936000,290000
2885,9685000,19980000,282000
2886,9739000,20058000,298000
2887,9718000,19979000,282000
2888,9726000,20008000,294000
2889,9763000,20037000,290000
2890,9677000,19914000,298000
2891,9660000,19983000,294000
2892,9865000,20205000,290000
2893,9852000,19987000,294000
2894,9709000,19853000,286000
2895,9689000,19984000,286000
2896,9747000,20054000,286000
2897,9747000,20000000,278000
2898,9722000,19975000,286000
2899,9722000,20004000,282000
2900,9705000,19983000,282000
2901,9701000,19996000,286000
2902,9751000,20050000,274000
2903,9669000,19917000,274000
2904,9785000,20117000,278000
2905,9643000,19862000,282000
2906,9761000,20114000,278000
2907,9669000,19911000,278000
2908,9735000,20067000,278000
2909,9718000,19983000,270000
2910,9701000,19983000,286000
2911,9693000,19992000,278000
2912,9762000,20065000,278000
2913,9943000,20180000,278000
2914,9910000,20980000,286000
2915,10105000,21186000,282000
2917,10656000,21548000,223000
2918,9803000,29091000,302000
2919,9714000,19971000,282000
2920,9709000,19991000,278000
2921,9701000,19992000,282000
2922,9680000,19988000,274000
2923,9739000,20049000,282000
2924,9656000,19918000,294000
2925,9714000,20058000,282000
2926,9770000,20055000,286000
2927,9693000,19924000,290000
2928,9673000,19979000,278000
2929,9735000,20066000,282000
2930,9718000,19984000,274000
2931,9718000,20000000,278000
2932,9697000,19975000,274000
2933,9677000,19984000,286000
2934,9739000,20062000,278000
2935,9639000,19900000,290000
2936,9776000,20133000,290000
2937,9685000,19909000,290000
2938,9685000,19996000,282000
2939,9873000,20188000,290000
2940,9718000,19853000,286000
2941,9846000,20120000,294000
2942,9888000,21045000,294000
2943,9769000,20881000,290000
2944,9705000,19933000,290000
2945,9673000,19967000,290000
2946,9743000,20071000,290000
2947,9647000,19908000,290000
2948,9660000,20013000,278000
2949,9681000,20021000,298000
2950,9610000,19929000,294000
2951,9730000,20120000,290000
2952,9722000,19996000,286000
2953,9701000,19979000,286000
2954,9701000,19996000,282000
2955,9747000,20050000,282000
2956,9673000,19921000,294000
2957,9673000,20000000,290000
2958,9643000,19971000,294000
2959,9714000,20071000,282000
2960,9760000,20046000,286000
2961,9681000,19925000,286000
2962,9664000,19983000,286000
2963,9726000,20062000,278000
2964,9701000,19975000,290000
2965,9701000,20000000,286000
2966,9677000,19976000,290000
2967,9731000,20054000,286000
2968,9726000,19991000,298000
2969,9850000,20123000,290000
2970,9709000,19856000,282000
2971,9755000,20050000,286000
2972,9681000,19926000,282000
2973,9743000,20058000,274000
2974,9730000,19991000,286000
2975,9705000,19971000,286000
2976,9709000,20004000,286000
2977,9685000,19980000,282000
2978,9693000,20004000,282000
2979,9722000,20033000,290000
2980,9726000,20004000,290000
2981,9705000,19979000,282000
2982,9713000,20004000,286000
2983,9673000,19963000,290000
2984,9669000,19996000,290000
2985,9714000,20046000,290000
2986,9709000,19991000,286000
2987,9689000,19984000,286000
2988,9759000,20066000,282000
2989,9878000,20122000,282000
2990,9726000,19849000,290000
2991,9726000,20000000,286000
2992,9705000,19975000,278000
2993,9701000,19996000,274000
2994,9677000,19979000,286000
2995,9751000,20075000,282000
2996,9722000,19967000,290000
2997,9709000,19991000,294000
2998,9705000,19992000,282000
2999,9742000,20050000,294000
3000,9739000,19988000,282000
3001,9647000,19904000,286000
3002,9710000,20067000,282000
3003,9697000,19987000,290000
3004,9685000,19988000,294000
3005,9669000,19983000,282000
3006,9730000,20062000,294000
3007,9722000,19988000,278000
3008,9714000,19996000,282000
3009,9685000,19971000,294000
3010,9681000,19996000,298000
3011,9734000,20049000,290000
3012,9735000,20005000,290000
3013,9701000,19966000,286000
3014,9689000,19992000,286000
3015,9677000,19984000,286000
3016,9873000,20192000,286000
3017,9639000,19778000,298000
3018,9705000,20058000,278000
3019,9830000,20125000,298000
3020,9697000,19863000,278000
3021,9673000,19979000,294000
3022,9660000,19988000,282000
3023,9664000,20000000,278000
3024,9705000,20045000,286000
3025,9709000,19996000,286000
3026,9744000,20042000,282000
3027,9677000,19933000,286000
3028,9722000,20046000,282000
3029,9726000,20004000,290000
3030,9770000,20043000,290000
3031,9689000,19920000,278000
3032,9669000,19987000,290000
3033,9656000,19976000,282000
3034,9652000,20000000,290000
3035,9701000,20057000,286000
3036,9697000,19988000,286000
3037,9669000,19979000,286000
3038,9661000,19992000,286000
3039,9864000,20192000,286000
3040,9718000,19862000,286000
3041,9697000,19975000,278000
3042,9701000,20004000,290000
3043,9673000,19967000,290000
3044,9664000,19996000,290000
3045,9718000,20050000,274000
3046,9726000,20012000,286000
3047,9689000,19963000,290000
3048,9693000,20004000,286000
3049,9722000,20037000,290000
3050,9714000,19992000,290000
3051,9701000,19979000,290000
3052,9689000,19992000,286000
3053,9685000,19988000,274000
3054,9664000,19983000,294000
3055,9856000,20199000,286000
3056,9710000,19851000,286000
3057,9709000,19995000,290000
3058,9685000,19976000,278000
3059,9685000,20000000,290000
3060,9738000,20049000,274000
3061,9726000,19988000,286000
3062,9705000,19983000,290000
3063,9705000,20000000,290000
3064,9747000,20042000,278000
3065,9747000,19992000,286000
3066,9722000,19983000,290000
3067,9709000,19983000,286000
3068,9765000,20060000,294000
3069,9896000,20126000,282000
3070,9677000,19785000,274000
3071,9734000,20054000,282000
3072,9629000,19899000,286000
3073,9701000,20068000,274000
3074,9697000,20000000,290000
3075,9681000,19979000,286000
3076,9685000,20009000,290000
3077,9714000,20029000,282000
3078,9718000,20004000,282000
3079,9697000,19979000,278000
3080,9772000,20070000,286000
3081,9664000,19897000,278000
3082,9734000,20070000,290000
3083,9713000,19975000,286000
3084,9701000,19992000,290000
3085,9689000,19988000,286000
3086,9751000,20062000,282000
3087,9738000,19983000,282000
3088,9652000,19917000,286000
3089,9857000,20206000,290000
3090,9697000,19840000,278000
3091,9689000,19988000,286000
3092,9669000,19983000,290000
3093,9743000,20075000,286000
3094,9709000,19966000,282000
3095,9701000,19992000,286000
3096,9685000,19984000,286000
3097,9755000,20066000,282000
3098,9660000,19909000,294000
3099,9714000,20054000,290000
3100,9713000,19995000,278000
3101,9763000,20054000,290000
3102,9681000,19917000,290000
3103,9738000,20054000,286000
3104,9726000,19992000,278000
3105,9705000,19979000,290000
3106,9773000,20068000,294000
3107,9693000,19916000,282000
3108,9677000,19987000,282000
3109,9785000,20108000,278000
3110,9734000,19950000,282000
3111,9623000,19889000,294000
3112,9638000,20007000,278000
3113,9681000,20046000,286000
3114,9681000,20005000,294000
3115,9718000,20033000,282000
3116,9647000,19929000,274000
3117,9689000,20046000,294000
3118,9685000,19996000,286000
3119,9873000,20184000,290000
3120,9664000,19795000,286000
3121,9643000,19979000,290000
3122,9625000,19982000,282000
3123,9709000,20084000,278000
3124,9739000,20030000,286000
3125,9805000,20062000,290000
3126,9681000,20880000,286000
3127,9689000,20008000,294000
3128,9585000,19896000,294000
3129,9647000,20062000,298000
3130,9629000,19982000,290000
3131,9620000,19991000,294000
3132,9685000,20061000,282000
3133,9660000,19979000,298000
3134,9652000,19992000,294000
3135,9769000,20116000,282000
3136,9701000,19933000,290000
3137,9689000,19984000,286000
3138,9685000,19996000,282000
3139,9660000,19979000,294000
3140,9660000,20000000,294000
3141,9619000,19959000,298000
3142,9634000,20011000,286000
3143,9673000,20042000,286000
3144,9602000,19930000,294000
3145,9647000,20045000,294000
3146,9652000,20004000,294000
3147,9689000,20034000,286000
3148,9607000,19922000,290000
3149,9669000,20061000,294000
3150,9656000,19988000,286000
3151,9710000,20054000,286000
3152,9705000,19991000,290000
3153,9685000,19984000,294000
3154,9600000,19914000,290000
3155,9664000,20065000,286000
3156,9578000,19910000,294000
3157,9647000,20069000,286000
3158,9689000,20046000,286000
3159,9685000,19996000,294000
3160,9604000,19919000,286000
3161,9677000,20073000,290000
3162,9710000,20033000,286000
3163,9639000,19921000,294000
3164,9606000,19975000,290000
3165,9677000,20071000,290000
3166,9730000,20053000,294000
3167,9643000,19913000,286000
3168,9643000,19996000,282000
3169,9620000,19972000,286000
3170,9693000,20082000,294000
3171,9681000,19984000,278000
3172,9585000,19908000,298000
3173,9714000,20129000,290000
3174,9643000,19929000,298000
3175,9681000,20038000,290000
3176,9681000,19996000,294000
3177,9652000,19975000,282000
3178,9730000,20078000,294000
3179,9705000,19975000,286000
3180,9693000,19984000,290000
3181,9743000,20050000,282000
3182,9801000,20062000,298000
3183,9635000,19842000,294000
3184,9705000,20062000,294000
3185,9693000,19988000,286000
3186,9685000,19992000,282000
3187,9685000,19996000,286000
3188,9660000,19979000,290000
3189,9656000,19992000,290000
3190,9625000,19972000,298000
3191,9701000,20077000,290000
3192,9677000,19971000,282000
3193,9660000,19992000,286000
3194,9648000,19988000,282000
3195,9643000,19995000,282000
3196,9613000,19970000,282000
3197,9888000,20274000,282000
3198,9846000,20959000,286000
3199,9660000,20814000,290000
3200,9648000,19988000,286000
3201,9636000,19979000,282000
3202,9619000,19991000,286000
3203,9610000,19987000,278000
3204,9689000,20080000,282000
3205,9726000,20037000,282000
3206,9648000,19930000,290000
3207,9768000,20116000,290000
3208,9643000,19875000,274000
3209,9685000,20042000,274000
3210,9669000,19983000,282000
3211,9785000,20112000,282000
3212,9665000,19884000,278000
3213,9693000,20029000,286000
3214,9608000,19914000,282000
3215,9587000,19979000,282000
3216,9652000,20066000,282000
3217,9635000,19983000,286000
3218,9710000,20075000,274000
3219,9689000,19979000,282000
3220,9604000,19911000,278000
3221,9685000,20085000,274000
3222,9660000,19975000,274000
3223,9639000,19979000,282000
3224,9701000,20058000,278000
3225,9697000,19996000,294000
3226,9601000,19903000,282000
3227,9669000,20068000,290000
3228,9652000,19984000,278000
3229,9664000,20012000,278000
3230,9689000,20025000,290000
3231,9669000,19979000,290000
3232,9593000,19921000,282000
3233,9655000,20058000,282000
3234,9643000,19996000,286000
3235,9624000,19977000,286000
3236,9619000,19999000,290000
3237,9664000,20045000,294000
3238,9685000,20021000,282000
3239,9714000,20029000,286000
3240,9635000,19925000,274000
3241,9693000,20054000,270000
3242,9697000,20008000,274000
3243,9660000,19959000,278000
3244,9652000,19996000,286000
3245,9627000,19971000,278000
3246,9614000,19991000,278000
3247,9598000,19979000,278000
3248,9665000,20071000,282000
3249,9652000,19988000,282000
3250,9714000,20062000,278000
3251,9624000,19909000,274000
3252,9751000,20128000,282000
3253,9677000,19926000,286000
3254,9648000,19971000,282000
3255,9656000,20008000,286000
3256,9629000,19969000,286000
3257,9543000,19910000,286000
3258,9677000,20138000,298000
3259,9677000,20000000,294000
3260,9652000,19975000,286000
3261,9643000,19991000,290000
3262,9693000,20050000,286000
3263,9760000,20067000,290000
3264,9673000,19912000,294000
3265,9656000,19984000,294000
3266,9575000,19918000,290000
3267,9697000,20123000,290000
3268,9718000,20017000,282000
3269,9677000,19958000,290000
3270,9673000,20000000,294000
3271,9647000,19975000,290000
3272,9664000,20013000,282000
3273,9624000,19963000,286000
3274,9697000,20074000,286000
3275,9669000,19971000,286000
3276,9677000,20008000,286000
3277,9639000,19963000,294000
3278,9625000,19986000,294000
3279,9608000,19979000,282000
3280,9681000,20077000,290000
3281,9587000,19905000,290000
3282,9647000,20061000,290000
3283,9557000,19906000,282000
3284,9697000,20140000,290000
3285,9622000,19924000,290000
3286,9660000,20043000,286000
3287,9660000,20000000,294000
3288,9639000,19979000,290000
3289,9647000,20004000,290000
3290,9606000,19963000,286000
3291,9677000,20070000,290000
3292,9589000,19913000,290000
3293,9660000,20071000,290000
3294,9639000,19979000,286000
3295,9689000,20046000,282000
3296,9689000,20004000,282000
3297,9582000,19893000,290000
3298,9652000,20070000,286000
3299,9630000,19978000,294000
3300,9850000,20216000,286000
3301,9677000,19839000,290000
3302,9609000,19923000,290000
3303,9652000,20044000,286000
3304,9647000,19991000,278000
3305,9705000,20058000,278000
3306,9639000,19930000,294000
3307,9681000,20045000,286000
3308,9673000,19996000,282000
3309,9651000,19975000,286000
3310,9643000,19996000,290000
3311,9611000,19968000,286000
3312,9611000,19995000,278000
3313,9878000,20271000,290000
3314,9697000,20820000,290000
3315,9685000,19984000,286000
3316,9600000,19919000,278000
3317,9668000,20064000,290000
3318,9571000,19906000,290000
3319,9652000,20082000,282000
3320,9614000,19962000,290000
3321,9685000,20067000,286000
3322,9589000,19907000,290000
3323,9664000,20076000,294000
3324,9647000,19979000,278000
3325,9693000,20046000,282000
3326,9611000,19922000,286000
3327,9586000,19975000,286000
3328,9669000,20082000,282000
3329,9705000,20037000,290000
3330,9625000,19920000,274000
3331,9681000,20056000,290000
3332,9673000,19991000,294000
3333,9652000,19980000,290000
3334,9652000,20004000,298000
3335,9627000,19970000,294000
3336,9722000,20092000,278000
3337,9681000,19963000,290000
3338,9685000,20004000,286000
3339,9575000,19890000,282000
3340,9664000,20085000,274000
3341,9623000,19959000,286000
3342,9693000,20074000,282000
3343,9589000,19896000,282000
3344,9660000,20071000,290000
3345,9643000,19983000,290000
3346,9559000,19916000,290000
3347,9689000,20130000,286000
3348,9747000,20058000,282000
3349,9810000,20062000,298000
3350,9581000,19772000,290000
3351,9846000,20265000,286000
3352,9629000,19783000,282000
3353,9621000,19992000,286000
3354,9681000,20060000,282000
3355,9730000,20049000,286000
3356,9652000,19922000,278000
3357,9709000,20057000,290000
3358,9614000,19905000,282000
3359,9601000,19983000,286000
3360,9669000,20071000,278000
3361,9643000,19975000,290000
3362,9640000,19996000,278000
3363,9689000,20050000,294000
3364,9689000,20000000,282000
3365,9601000,19908000,274000
3366,9673000,20071000,286000
3367,9714000,20046000,290000
3368,9647000,19933000,282000
3369,9616000,19964000,278000
3370,9612000,20001000,294000
3371,9652000,20040000,294000
3372,9581000,19929000,286000
3373,9634000,20048000,278000
3374,9714000,20085000,290000
3375,9809000,20095000,282000
3376,9591000,19782000,290000
3377,9722000,20131000,278000
3378,9643000,19921000,282000
3379,9622000,19979000,286000
3380,9618000,19996000,286000
3381,9589000,19971000,298000
3382,9664000,20075000,290000
3383,9660000,19996000,286000
3384,9701000,20041000,294000
3385,9685000,19984000,286000
3386,9673000,19987000,298000
3387,9602000,19930000,294000
3388,9660000,20054000,278000
3389,9647000,19991000,290000
3390,9551000,19904000,294000
3391,9681000,20130000,294000
3392,9664000,19979000,294000
3393,9660000,19996000,278000
3394,9710000,20054000,290000
3395,9622000,19908000,286000
3396,9621000,19999000,282000
3397,9669000,20051000,286000
3398,9673000,20004000,286000
3399,9781000,20109000,294000
3400,9660000,19875000,282000
3401,9611000,19954000,294000
3402,9625000,20015000,282000
3403,9669000,20043000,286000
3404,9669000,20000000,286000
3405,9773000,20104000,282000
3406,9639000,19867000,282000
3407,9681000,20042000,290000
3408,9751000,20070000,278000
3409,9586000,19834000,286000
3410,9656000,20071000,286000
3411,9701000,20045000,286000
3412,9701000,19996000,274000
3413,9681000,19979000,282000
3414,9669000,19992000,290000
3415,9726000,20058000,290000
3416,9718000,19988000,278000
3417,9639000,19925000,282000
3418,9613000,19974000,286000
3419,9596000,19983000,290000
3420,9656000,20060000,282000
3421,9660000,20004000,290000
3422,9705000,20045000,290000
3423,9606000,19901000,278000
3424,9614000,20004000,278000
3425,9722000,20112000,286000
3426,9656000,19934000,290000
3427,9559000,19903000,282000
3428,9643000,20080000,266000
3429,9615000,19972000,278000
3430,9619000,20008000,286000
3431,9652000,20033000,282000
3432,9573000,19921000,294000
3433,9713000,20136000,274000
3434,9639000,19930000,278000
3435,9592000,19949000,286000
3436,9751000,20159000,278000
3437,9714000,19967000,294000
3438,9718000,20004000,290000
3439,9610000,19892000,282000
3440,9685000,20071000,282000
3441,9600000,19915000,282000
3442,9664000,20068000,282000
3443,9639000,19975000,282000
3444,9631000,19988000,270000
3445,9611000,19979000,286000
3446,9601000,19995000,290000
3447,9594000,19992000,294000
3448,9643000,20050000,294000
3449,9773000,20130000,290000
3450,9689000,19916000,290000
3451,9693000,20004000,290000
3452,9747000,20050000,278000
3453,9805000,20058000,286000
3454,9739000,20938000,286000
3455,9651000,20908000,290000
3456,9621000,19974000,294000
3457,9470000,19844000,282000
3458,9673000,20207000,294000
3459,9579000,19903000,294000
3460,9705000,20130000,298000
3461,9838000,20129000,286000
3462,9602000,19775000,290000
3463,9664000,20055000,294000
3464,9818000,20154000,282000
3465,10116000,21301000,278000
3467,10652000,21537000,227000
3468,9798000,29087000,294000
3469,9818000,20071000,282000
3470,9882000,20076000,278000
3471,9543000,20652000,290000
3472,9615000,20069000,290000
3473,9598000,19987000,278000
3474,9586000,19991000,282000
3475,9581000,19995000,282000
3476,9714000,20134000,278000
3477,9625000,19911000,286000
3478,9685000,20060000,278000
3479,9669000,19983000,282000
3480,9665000,19996000,274000
3481,9583000,19914000,282000
3482,9561000,19974000,270000
3483,9621000,20061000,290000
3484,9620000,19999000,270000
3485,9660000,20044000,282000
3486,9656000,19996000,278000
3487,9627000,19971000,290000
3488,9638000,20003000,278000
3489,9610000,19975000,286000
3490,9681000,20076000,278000
3491,9660000,19975000,286000
3492,9664000,20004000,278000
3493,9624000,19960000,286000
3494,9718000,20094000,282000
3495,9594000,19880000,294000
3496,9594000,19999000,290000
3497,9643000,20050000,286000
3498,9577000,19934000,290000
3499,9693000,20116000,290000
3500,9620000,19927000,282000
3501,9734000,20110000,286000
3502,9660000,19930000,286000
3503,9565000,19905000,290000
3504,9709000,20140000,282000
3505,9605000,19900000,282000
3506,9596000,19991000,286000
3507,9673000,20076000,294000
3508,9647000,19975000,290000
3509,9714000,20067000,282000
3510,9611000,19896000,298000
3511,9693000,20083000,282000
3512,9593000,19900000,274000
3513,9726000,20133000,286000
3514,9643000,19913000,282000
3515,9705000,20066000,294000
3516,9603000,19894000,290000
3517,9590000,19987000,278000
3518,9660000,20070000,290000
3519,9557000,19900000,286000
3520,9629000,20065000,286000
3521,9535000,19914000,286000
3522,9673000,20137000,298000
3523,9591000,19918000,286000
3524,9578000,19988000,290000
3525,9623000,20044000,286000
3526,9709000,20083000,270000
3527,9597000,19896000,298000
3528,9601000,20000000,298000
3529,9567000,19966000,294000
3530,9571000,20003000,294000
3531,9615000,20045000,294000
3532,9562000,19947000,278000
3533,9660000,20098000,294000
3534,9581000,19917000,290000
3535,9629000,20052000,298000
3536,9697000,20068000,290000
3537,9608000,19910000,294000
3538,9603000,19996000,286000
3539,9521000,19917000,290000
3540,9714000,20194000,286000
3541,9651000,19933000,282000
3542,9701000,20050000,282000
3543,9689000,19992000,282000
3544,9596000,19906000,286000
3545,9588000,19992000,298000
3546,9566000,19979000,290000
3547,9777000,20211000,290000
3548,9614000,19833000,290000
3549,9601000,19990000,294000
3550,9584000,19984000,282000
3551,9563000,19979000,294000
3552,9643000,20076000,278000
3553,9611000,19968000,278000
3554,9611000,19999000,274000
3555,9593000,19987000,290000
3556,9726000,20133000,286000
3557,9705000,19979000,286000
3558,9734000,20025000,266000
3559,9604000,19874000,286000
3560,9603000,19999000,294000
3561,9586000,19983000,286000
3562,9660000,20074000,290000
3563,9556000,19896000,286000
3564,9625000,20069000,290000
3565,9596000,19971000,298000
3566,9734000,20134000,294000
3567,9575000,19844000,282000
3568,9644000,20065000,286000
3569,9626000,19983000,278000
3570,9681000,20059000,294000
3571,9589000,19908000,298000
3572,9735000,20145000,282000
3573,9656000,19922000,278000
3574,9628000,19972000,290000
3575,9620000,19992000,290000
3576,9606000,19986000,290000
3577,9598000,19991000,286000
3578,9573000,19976000,298000
3579,9573000,20000000,294000
3580,9621000,20043000,294000
3581,9534000,19918000,290000
3582,9591000,20057000,286000
3583,9643000,20052000,298000
3584,9785000,20138000,286000
3585,9622000,19837000,282000
3586,9613000,19995000,286000
3587,9588000,19975000,286000
3588,9608000,20020000,286000
3589,9643000,20035000,294000
3590,9644000,19996000,282000
3591,9607000,19972000,298000
3592,9769000,20157000,290000
3593,9656000,19892000,290000
3594,9660000,20000000,298000
3595,9568000,19907000,290000
3596,9647000,20080000,290000
3597,9607000,19960000,282000
3598,9603000,19995000,286000
3599,9578000,19976000,294000
3600,9577000,19995000,290000
3601,9705000,20132000,290000
3602,9621000,19912000,278000
3603,9600000,19983000,294000
3604,9673000,20072000,290000
3605,9656000,19984000,278000
3606,9639000,19983000,286000
3607,9701000,20062000,294000
3608,9697000,19996000,274000
3609,9681000,19984000,294000
3610,9726000,20045000,290000
3611,9652000,19926000,290000
3612,9701000,20049000,286000
3613,9697000,19996000,294000
3614,9677000,19980000,278000
3615,9730000,20053000,294000
3616,9652000,19922000,294000
3617,9705000,20053000,282000
3618,9624000,19919000,286000
3619,9677000,20053000,286000
3620,9751000,20070000,286000
3621,9718000,19971000,294000
3622,9590000,19872000,286000
3623,9622000,20031000,286000
3624,9617000,19996000,294000
3625,9596000,19979000,290000
3626,9600000,20004000,294000
3627,9563000,19962000,290000
3628,9566000,20003000,298000
3629,9606000,20041000,298000
3630,9606000,19999000,294000
3631,9581000,19975000,294000
3632,9580000,20000000,290000
3633,9563000,19983000,294000
3634,9620000,20052000,294000
3635,9747000,20132000,294000
3636,9743000,19992000,290000
3637,9730000,19991000,290000
3638,9714000,19984000,290000
3639,9718000,20000000,290000
3640,9697000,19983000,286000
3641,9701000,20000000,274000
3642,9599000,19901000,282000
3643,9664000,20066000,286000
3644,9714000,20046000,286000
3645,9633000,19919000,282000
3646,9751000,20122000,290000
3647,9592000,19841000,294000
3648,9576000,19983000,298000
3649,9563000,19983000,290000
3650,9631000,20069000,286000
3651,9610000,19983000,294000
3652,9610000,20000000,298000
3653,9597000,19982000,270000
3654,9656000,20064000,290000
3655,9555000,19899000,298000
3656,9567000,20012000,294000
3657,9530000,19958000,286000
3658,9525000,19999000,290000
3659,9643000,20119000,294000
3660,9656000,20009000,290000
3661,9552000,19899000,290000
3662,9612000,20057000,286000
3663,9595000,19987000,282000
3664,9587000,19988000,290000
3665,9643000,20060000,290000
3666,9638000,19987000,286000
3667,9617000,19987000,282000
3668,9601000,19980000,290000
3669,9592000,19994000,282000
3670,9571000,19980000,290000
3671,9570000,19999000,286000
3672,9627000,20057000,286000
3673,9623000,19996000,282000
3674,9589000,19966000,294000
3675,9585000,19995000,294000
3676,9584000,19995000,282000
3677,9564000,19985000,290000
3678,9608000,20044000,298000
3679,9599000,19990000,290000
3680,9598000,19995000,286000
3681,9573000,19976000,286000
3682,9643000,20074000,282000
3683,9613000,19970000,294000
3684,9547000,19929000,286000
3685,9664000,20122000,298000
3686,9603000,19935000,290000
3687,9562000,19962000,290000
3688,9638000,20069000,294000
3689,9613000,19975000,286000
3690,9693000,20084000,290000
3691,9576000,19887000,290000
3692,9583000,20003000,294000
3693,9558000,19975000,294000
3694,9623000,20069000,290000
3695,9537000,19913000,282000
3696,9589000,20053000,294000
3697,9557000,19967000,290000
3698,9572000,20012000,286000
3699,9551000,19983000,294000
3700,9608000,20052000,294000
3701,9595000,19991000,290000
3702,9586000,19988000,294000
3703,9660000,20078000,294000
3704,9572000,19912000,282000
3705,9555000,19983000,290000
3706,9600000,20041000,286000
3707,9681000,20085000,294000
3708,9575000,19893000,298000
3709,9781000,20207000,302000
3710,9739000,20958000,290000
3711,9614000,20875000,298000
3712,9532000,19918000,290000
3713,9726000,20194000,286000
3714,9584000,19853000,282000
3715,9563000,19984000,290000
3716,9640000,20068000,282000
3717,9541000,19906000,286000
3718,9610000,20068000,282000
3719,9512000,19906000,294000
3720,9585000,20074000,290000
3721,9559000,19974000,282000
3722,9547000,19991000,290000
3723,9530000,19984000,282000
3724,9607000,20077000,286000
3725,9574000,19962000,286000
3726,9577000,20004000,286000
3727,9556000,19975000,290000
3728,9539000,19987000,298000
3729,9592000,20053000,282000
3730,9583000,19995000,282000
3731,9562000,19979000,286000
3732,9565000,19999000,274000
3733,9614000,20049000,274000
3734,9605000,19995000,278000
3735,9592000,19987000,286000
3736,9648000,20056000,286000
3737,9639000,19995000,298000
3738,9619000,19972000,290000
3739,9603000,19984000,290000
3740,9586000,19991000,286000
3741,9602000,20004000,290000
3742,9635000,20045000,286000
3743,9631000,19996000,286000
3744,9616000,19977000,290000
3745,9599000,19983000,294000
3746,9664000,20065000,290000
3747,9574000,19909000,294000
3748,9569000,19992000,286000
3749,9548000,19983000,290000
3750,9681000,20133000,286000
3751,9592000,19910000,290000
3752,9595000,20004000,286000
3753,9562000,19967000,298000
3754,9579000,20020000,282000
3755,9529000,19954000,294000
3756,9609000,20073000,290000
3757,9511000,19906000,290000
3758,9457000,19938000,282000
3759,9639000,20186000,286000
3760,9558000,19927000,282000
3761,9599000,20028000,294000
3762,9586000,19992000,286000
3763,9656000,20070000,286000
3764,9572000,19912000,286000
3765,9617000,20045000,278000
3766,9539000,19925000,294000
3767,9811000,20273000,278000
3768,9591000,19787000,282000
3769,9577000,19979000,286000
3770,9557000,19980000,290000
3771,9639000,20082000,290000
3772,9677000,20038000,294000
3773,9735000,20057000,294000
3774,9575000,19841000,298000
3775,9652000,20077000,298000
3776,9627000,19975000,290000
3777,9610000,19983000,294000
3778,9597000,19987000,290000
3779,9652000,20055000,286000
3780,9639000,19987000,294000
3781,9555000,19911000,294000
3782,9616000,20061000,294000
3783,9669000,20061000,298000
3784,9603000,19930000,294000
3785,9577000,19971000,286000
3786,9647000,20074000,290000
3787,9613000,19966000,298000
3788,9556000,19943000,290000
3789,9583000,20027000,294000
3790,9537000,19950000,274000
3791,9562000,20028000,294000
3792,9647000,20082000,290000
3793,9602000,19958000,290000
3794,9597000,19996000,286000
3795,9584000,19987000,290000
3796,9575000,19987000,290000
3797,9624000,20053000,298000
3798,9615000,19987000,282000
3799,9541000,19929000,286000
3800,9589000,20049000,294000
3801,9593000,20004000,294000
3802,9568000,19971000,290000
3803,9628000,20064000,294000
3804,9538000,19910000,294000
3805,9616000,20074000,286000
3806,9582000,19970000,294000
3807,9577000,19995000,294000
3808,9630000,20053000,294000
3809,9553000,19922000,290000
3810,9531000,19978000,290000
3811,9575000,20045000,286000
3812,9583000,20007000,290000
3813,9557000,19975000,282000
3814,9639000,20082000,282000
3815,9532000,19893000,282000
3816,9613000,20080000,286000
3817,9584000,19971000,290000
3818,9584000,19997000,286000
3819,9620000,20040000,298000
3820,9557000,19937000,290000
3821,9529000,19971000,294000
3822,9606000,20074000,290000
3823,9576000,19974000,290000
3824,9647000,20071000,294000
3825,9543000,19896000,286000
3826,9739000,20196000,298000
3827,9591000,19851000,294000
3828,9586000,19996000,290000
3829,9569000,19983000,286000
3830,9622000,20052000,290000
3831,9613000,19992000,282000
3832,9604000,19991000,290000
3833,9595000,19991000,278000
3834,9575000,19975000,290000
3835,9647000,20077000,298000
3836,9553000,19902000,286000
3837,9606000,20056000,294000
3838,9601000,19995000,278000
3839,9669000,20068000,286000
3840,9559000,19891000,286000
3841,9620000,20060000,294000
3842,9603000,19984000,286000
3843,9590000,19987000,294000
3844,9586000,19991000,290000
3845,9565000,19983000,294000
3846,9556000,19992000,286000
3847,9539000,19983000,286000
3848,9555000,20016000,282000
3849,9735000,20180000,282000
3850,9582000,19847000,286000
3851,9549000,19967000,290000
3852,9565000,20016000,294000
3853,9677000,20112000,294000
3854,9681000,20000000,278000
3855,9583000,19902000,286000
3856,9583000,20000000,282000
3857,9550000,19970000,294000
3858,9479000,19930000,286000
3859,9593000,20114000,290000
3860,9668000,20071000,286000
3861,9572000,19907000,294000
3862,9563000,19992000,290000
3863,9481000,19917000,290000
3864,9530000,20049000,290000
3865,9611000,20081000,290000
3866,9581000,19967000,282000
3867,9568000,19991000,290000
3868,9556000,19983000,290000
3869,9556000,20004000,290000
3870,9677000,20117000,290000
3871,9594000,19922000,290000
3872,9574000,19979000,294000
3873,9570000,19993000,282000
3874,9552000,19982000,290000
3875,9613000,20064000,278000
3876,9584000,19972000,298000
3877,9579000,19991000,290000
3878,9566000,19991000,286000
3879,9550000,19983000,290000
3880,9614000,20065000,282000
3881,9528000,19914000,290000
3882,9593000,20065000,294000
3883,9568000,19974000,294000
3884,9710000,20143000,294000
3885,9685000,19971000,286000
3886,9554000,19873000,290000
3887,9582000,20028000,294000
3888,9647000,20061000,286000
3889,9564000,19917000,290000
3890,9552000,19991000,294000
3891,9604000,20053000,282000
3892,9595000,19991000,290000
3893,9718000,20123000,298000
3894,9530000,20815000,282000
3895,9594000,20061000,294000
3896,9589000,19995000,286000
3897,9656000,20063000,286000
3898,9552000,19900000,286000
3899,9552000,20000000,294000
3900,9603000,20051000,282000
3901,9598000,19991000,286000
3902,9570000,19976000,294000
3903,9647000,20077000,286000
3904,9560000,19913000,282000
3905,9605000,20045000,290000
3906,9592000,19987000,294000
3907,9579000,19987000,294000
3908,9656000,20077000,282000
3909,9619000,19963000,294000
3910,9541000,19918000,278000
3911,9594000,20060000,298000
3912,9589000,19992000,290000
3913,9718000,20125000,290000
3914,9647000,19933000,294000
3915,9554000,19907000,286000
3916,9563000,20004000,286000
3917,9590000,20028000,286000
3918,9673000,20082000,282000
3919,9565000,19896000,290000
3920,9573000,20009000,294000
3921,9535000,19962000,294000
3922,9530000,19995000,294000
3923,9583000,20053000,294000
3924,9574000,19991000,290000
3925,9561000,19987000,286000
3926,9540000,19979000,294000
3927,9532000,19991000,294000
3928,9596000,20065000,290000
3929,9527000,19935000,278000
3930,9705000,20178000,290000
3931,9566000,19860000,274000
3932,9537000,19972000,286000
3933,9541000,20004000,282000
3934,9726000,20185000,286000
3935,9502000,19776000,286000
3936,9559000,20057000,274000
3937,9625000,20065000,282000
3938,9599000,19971000,282000
3939,9594000,19999000,278000
3940,9577000,19983000,278000
3941,9556000,19975000,274000
3942,9552000,19999000,282000
3943,9539000,19987000,278000
3944,9530000,19992000,270000
3945,9583000,20044000,286000
3946,9587000,20008000,286000
3947,9549000,19963000,294000
3948,9626000,20076000,290000
3949,9597000,19971000,282000
3950,9528000,19931000,286000
3951,9571000,20044000,282000
3952,9574000,19999000,290000
3953,9697000,20127000,274000
3954,9554000,19861000,278000
3955,9589000,20035000,278000
3956,9581000,19987000,274000
3957,9506000,19922000,266000
3958,9555000,20053000,278000
3959,9538000,19987000,282000
3960,9595000,20057000,282000
3961,9509000,19909000,286000
3962,9573000,20061000,294000
3963,9569000,20000000,290000
3964,9552000,19978000,282000
3965,9747000,20200000,302000
3966,9714000,20963000,286000
3967,9628000,19918000,290000
3968,9534000,19901000,294000
3969,9524000,19995000,286000
3970,9508000,19980000,290000
3971,9581000,20077000,290000
3972,9560000,19974000,290000
3973,9543000,19983000,290000
3974,9526000,19988000,286000
3975,9501000,19979000,298000
3976,9570000,20065000,298000
3977,9553000,19987000,282000
3978,9540000,19987000,286000
3979,9593000,20053000,286000
3980,9605000,20008000,286000
3981,9579000,19970000,290000
3982,9566000,19991000,298000
3983,9619000,20053000,290000
3984,9562000,19939000,286000
3985,9581000,20027000,286000
3986,9585000,20003000,286000
3987,9560000,19975000,286000
3988,9652000,20089000,282000
3989,9538000,19890000,286000
3990,9595000,20056000,286000
3991,9578000,19984000,286000
3992,9569000,19991000,286000
3993,9560000,19987000,286000
3994,9548000,19987000,290000
3995,9539000,19987000,286000
3996,9518000,19984000,286000
3997,9588000,20069000,282000
3998,9562000,19975000,298000
3999,9561000,19999000,286000
4000,9544000,19983000,294000
4001,9759000,20214000,294000
4002,9519000,19768000,282000
4003,9575000,20049000,294000
4004,9562000,19987000,294000
4005,9554000,19991000,286000
4006,9533000,19980000,282000
4007,9512000,19979000,286000
4008,9577000,20064000,298000
4009,9560000,19984000,294000
4010,9551000,19991000,298000
4011,9538000,19987000,290000
4012,9542000,20003000,290000
4013,9656000,20115000,294000
4014,9590000,19934000,286000
4015,9565000,19974000,286000
4016,9639000,20075000,286000
4017,9535000,19896000,290000
4018,9535000,20000000,294000
4019,9579000,20043000,286000
4020,9505000,19922000,290000
4021,9545000,20045000,286000
4022,9606000,20061000,294000
4023,9520000,19913000,294000
4024,9576000,20057000,286000
4025,9490000,19914000,298000
4026,9555000,20064000,294000
4027,9624000,20070000,290000
4028,9606000,19978000,286000
4029,9593000,19991000,282000
4030,9652000,20059000,294000
4031,9581000,19929000,282000
4032,9628000,20047000,278000
4033,9751000,20123000,286000
4034,9669000,19917000,286000
4035,9878000,20209000,294000
4036,9557000,20675000,274000
4037,9605000,20049000,290000
4038,9735000,20134000,282000
4039,9498000,19763000,290000
4040,9567000,20069000,282000
4041,9542000,19971000,290000
4042,9541000,20003000,286000
4043,9582000,20041000,290000
4044,9594000,20008000,290000
4045,9557000,19966000,298000
4046,9556000,20000000,282000
4047,9535000,19979000,290000
4048,9613000,20073000,286000
4049,9726000,20118000,298000
4050,9582000,19852000,290000
4051,9553000,19975000,290000
4052,9631000,20074000,282000
4053,9597000,19970000,286000
4054,9592000,19991000,290000
4055,9579000,19991000,286000
4056,9571000,19991000,286000
4057,9542000,19972000,294000
4058,9422000,19876000,278000
4059,9586000,20167000,286000
4060,9585000,19996000,290000
4061,9789000,20208000,282000
4062,9543000,19762000,282000
4063,9546000,19995000,290000
4064,9615000,20061000,270000
4065,9599000,19992000,294000
4066,9577000,19974000,290000
4067,9495000,19922000,294000
4068,9482000,19983000,278000
4069,9625000,20147000,286000
4070,9592000,19966000,286000
4071,9647000,20056000,294000
4072,9643000,19996000,282000
4073,9638000,19987000,282000
4074,9685000,20055000,290000
4075,9593000,19904000,282000
4076,9681000,20087000,282000
4077,9563000,19887000,294000
4078,9647000,20084000,294000
4079,9607000,19960000,286000
4080,9693000,20082000,278000
4081,9660000,19971000,294000
4082,9664000,20004000,286000
4083,9564000,19900000,290000
4084,9647000,20083000,282000
4085,9604000,19956000,294000
4086,9595000,19992000,290000
4087,9652000,20057000,278000
4088,9660000,20004000,278000
4089,9622000,19966000,282000
4090,9617000,19995000,290000
4091,9681000,20064000,286000
4092,9592000,19910000,290000
4093,9583000,19991000,290000
4094,9647000,20065000,282000
4095,9643000,19996000,286000
4096,9606000,19962000,282000
4097,9673000,20067000,294000
4098,9580000,19908000,282000
4099,9797000,20217000,294000
4100,9588000,20790000,290000
4101,9586000,19999000,282000
4102,9639000,20053000,290000
4103,9626000,19987000,290000
4104,9618000,19991000,290000
4105,9589000,19972000,298000
4106,9588000,19999000,294000
4107,9567000,19979000,290000
4108,9647000,20076000,278000
4109,9611000,19968000,294000
4110,9626000,20011000,282000
4111,9593000,19967000,290000
4112,9594000,20000000,286000
4113,9568000,19978000,290000
4114,9559000,19992000,290000
4115,9542000,19979000,290000
4116,9554000,20012000,286000
4117,9509000,19958000,286000
4118,9577000,20069000,290000
4119,9560000,19983000,290000
4120,9548000,19987000,294000
4121,9527000,19980000,298000
4122,9522000,19991000,278000
4123,9509000,19991000,290000
4124,9566000,20057000,286000
4125,9570000,20003000,290000
4126,9540000,19967000,294000
4127,9531000,19995000,294000
4128,9519000,19983000,282000
4129,9580000,20066000,286000
4130,9489000,19905000,290000
4131,9550000,20064000,294000
4132,9533000,19984000,286000
4133,9525000,19996000,286000
4134,9500000,19970000,294000
4135,9498000,19995000,286000
4136,9555000,20061000,282000
4137,9526000,19971000,278000
4138,9533000,20007000,286000
4139,9509000,19971000,290000
4140,9573000,20065000,290000
4141,9552000,19983000,290000
4142,9568000,20012000,286000
4143,9673000,20108000,298000
4144,9526000,19854000,286000
4145,9575000,20044000,286000
4146,9522000,19951000,282000
4147,9545000,20024000,290000
4148,9614000,20068000,282000
4149,9516000,19906000,274000
4150,9664000,20141000,294000
4151,9567000,19903000,290000
4152,9485000,19918000,294000
4153,9534000,20048000,286000
4154,9537000,20008000,286000
4155,9512000,19975000,294000
4156,9577000,20064000,286000
4157,9564000,19983000,282000
4158,9414000,19855000,290000
4159,9543000,20129000,298000
4160,9587000,20044000,278000
4161,9586000,19999000,282000
4162,9569000,19983000,278000
4163,9562000,19992000,294000
4164,9536000,19975000,294000
4165,9592000,20060000,286000
4166,9580000,19983000,290000
4167,9505000,19922000,282000
4168,9558000,20053000,290000
4169,9545000,19991000,286000
4170,9532000,19987000,294000
4171,9585000,20052000,294000
4172,9515000,19930000,286000
4173,9494000,19979000,290000
4174,9562000,20069000,282000
4175,9534000,19971000,294000
4176,9538000,20005000,290000
4177,9578000,20039000,282000
4178,9585000,20007000,286000
4179,9560000,19976000,286000
4180,9556000,19996000,282000
4181,9518000,19966000,282000
4182,9599000,20072000,278000
4183,9497000,19903000,298000
4184,9557000,20060000,290000
4185,9541000,19983000,298000
4186,9605000,20061000,286000
4187,9592000,19991000,286000
4188,9514000,19918000,286000
4189,9518000,20008000,286000
4190,9550000,20032000,282000
4191,9610000,20060000,298000
4192,9598000,19988000,290000
4193,9598000,19996000,286000
4194,9568000,19970000,290000
4195,9563000,19995000,294000
4196,9543000,19983000,294000
4197,9539000,20000000,286000
4198,9582000,20040000,278000
4199,9508000,19922000,290000
4200,9565000,20060000,286000
4201,9552000,19988000,278000
4202,9539000,19983000,286000
4203,9526000,19987000,282000
4204,9583000,20061000,294000
4205,9562000,19975000,282000
4206,9501000,19943000,286000
4207,9541000,20035000,294000
4208,9601000,20065000,286000
4209,9511000,19910000,286000
4210,9589000,20077000,286000
4211,9555000,19966000,298000
4212,9554000,20000000,294000
4213,9533000,19979000,278000
4214,9533000,20004000,298000
4215,9508000,19970000,294000
4216,9568000,20057000,282000
4217,9551000,19987000,278000
4218,9542000,19995000,282000
4219,9460000,19918000,278000
4220,9590000,20126000,270000
4221,9639000,20049000,286000
4222,9697000,20058000,282000
4223,9523000,20826000,274000
4224,9572000,20049000,286000
4225,9563000,19991000,286000
4226,9632000,20064000,274000
4227,9539000,19912000,294000
4228,9525000,19986000,294000
4229,9581000,20060000,286000
4230,9573000,19983000,274000
4231,9565000,19997000,294000
4232,9543000,19974000,286000
4233,9514000,19979000,286000
4234,9579000,20061000,286000
4235,9562000,19987000,286000
4236,9476000,19914000,286000
4237,9471000,19991000,286000
4238,9540000,20072000,286000
4239,9588000,20049000,282000
4240,9592000,20004000,282000
4241,9559000,19966000,286000
4242,9558000,20000000,282000
4243,9598000,20040000,290000
4244,9607000,20009000,282000
4245,9508000,19896000,282000
4246,9572000,20069000,290000
4247,9547000,19975000,286000
4248,9547000,19999000,278000
4249,9530000,19979000,286000
4250,9529000,19996000,286000
4251,9573000,20048000,290000
4252,9565000,19991000,286000
4253,9548000,19984000,294000
4254,9547000,19999000,286000
4255,9530000,19983000,294000
4256,9595000,20064000,278000
4257,9734000,20136000,286000
4258,9484000,19754000,298000
4259,9560000,20072000,278000
4260,9528000,19971000,294000
4261,9597000,20074000,286000
4262,9572000,19970000,294000
4263,9574000,19999000,282000
4264,9777000,20202000,286000
4265,10120000,21344000,286000
4267,10660000,21544000,227000
4268,9594000,28877000,306000
4269,9505000,19964000,282000
4270,9586000,20081000,286000
4271,9549000,19966000,290000
4272,9544000,19996000,290000
4273,9523000,19975000,286000
4274,9601000,20077000,286000
4275,9567000,19970000,290000
4276,9562000,19992000,282000
4277,9611000,20048000,286000
4278,9525000,19922000,290000
4279,9581000,20053000,294000
4280,9568000,19987000,294000
4281,9486000,19914000,294000
4282,9547000,20064000,294000
4283,9543000,19997000,294000
4284,9587000,20043000,286000
4285,9516000,19926000,286000
4286,9499000,19987000,290000
4287,9565000,20066000,294000
4288,9535000,19970000,290000
4289,9600000,20064000,290000
4290,9510000,19911000,286000
4291,9583000,20073000,294000
4292,9492000,19909000,286000
4293,9610000,20118000,294000
4294,9601000,19995000,282000
4295,9580000,19975000,298000
4296,9506000,19926000,294000
4297,9555000,20049000,294000
4298,9554000,19999000,290000
4299,9541000,19987000,286000
4300,9607000,20066000,282000
4301,9573000,19966000,286000
4302,9511000,19937000,282000
4303,9551000,20041000,294000
4304,9556000,20005000,294000
4305,9526000,19969000,290000
4306,9525000,20000000,294000
4307,9566000,20040000,298000
4308,9561000,19996000,286000
4309,9685000,20124000,290000
4310,9539000,19858000,274000
4311,9523000,19979000,290000
4312,9587000,20065000,278000
4313,9566000,19979000,278000
4314,9554000,19987000,290000
4315,9483000,19930000,286000
4316,9532000,20049000,290000
4317,9594000,20061000,290000
4318,9572000,19978000,286000
4319,9567000,19995000,290000
4320,9550000,19980000,290000
4321,9620000,20073000,278000
4322,9598000,19975000,278000
4323,9512000,19917000,290000
4324,9568000,20053000,274000
4325,9551000,19987000,282000
4326,9535000,19988000,282000
4327,9526000,19987000,290000
4328,9575000,20048000,294000
4329,9562000,19988000,290000
4330,9578000,20015000,290000
4331,9544000,19963000,290000
4332,9535000,19995000,290000
4333,9580000,20045000,294000
4334,9519000,19939000,290000
4335,9566000,20043000,286000
4336,9623000,20061000,286000
4337,9525000,19902000,294000
4338,9541000,20012000,294000
4339,9511000,19970000,282000
4340,9564000,20057000,294000
4341,9547000,19982000,294000
4342,9534000,19992000,290000
4343,9591000,20052000,298000
4344,9582000,19992000,294000
4345,9643000,20061000,294000
4346,9495000,19852000,290000
4347,9555000,20056000,290000
4348,9527000,19976000,290000
4349,9522000,19994000,286000
4350,9505000,19984000,294000
4351,9521000,20012000,282000
4352,9484000,19967000,294000
4353,9548000,20060000,290000
4354,9527000,19983000,286000
4355,9527000,20000000,294000
4356,9498000,19970000,286000
4357,9481000,19984000,294000
4358,9472000,19991000,282000
4359,9673000,20201000,298000
4360,9512000,19839000,286000
4361,9507000,19991000,290000
4362,9490000,19987000,278000
4363,9477000,19987000,290000
4364,9489000,20012000,290000
4365,9525000,20036000,282000
4366,9533000,20007000,282000
4367,9709000,20177000,290000
4368,9496000,19795000,294000
4369,9540000,20031000,278000
4370,9543000,20003000,274000
4371,9530000,19987000,278000
4372,9459000,19934000,278000
4373,9488000,20029000,286000
4374,9480000,19995000,278000
4375,9544000,20061000,282000
4376,9527000,19983000,282000
4377,9503000,19975000,278000
4378,9502000,19996000,282000
4379,9493000,19990000,282000
4380,9546000,20053000,286000
4381,9550000,20004000,286000
4382,9458000,19913000,290000
4383,9519000,20061000,282000
4384,9568000,20049000,278000
4385,9499000,19930000,286000
4386,9542000,20044000,286000
4387,9525000,19983000,290000
4388,9505000,19979000,290000
4389,9569000,20061000,282000
4390,9552000,19987000,278000
4391,9548000,19991000,282000
4392,9539000,19991000,270000
4393,9518000,19984000,286000
4394,9497000,19979000,294000
4395,9558000,20060000,286000
4396,9557000,19995000,278000
4397,9532000,19976000,282000
4398,9536000,20008000,294000
4399,9584000,20047000,282000
4400,9571000,19988000,290000
4401,9550000,19975000,282000
4402,9558000,20012000,290000
4403,9521000,19962000,294000
4404,9512000,19992000,286000
4405,9568000,20056000,286000
4406,9560000,19995000,278000
4407,9531000,19971000,298000
4408,9526000,19992000,298000
4409,9718000,20192000,294000
4410,9505000,19787000,282000
4411,9574000,20069000,290000
4412,9548000,19970000,278000
4413,9543000,19995000,278000
4414,9604000,20061000,282000
4415,9468000,19867000,286000
4416,9570000,20099000,278000
4417,9554000,19987000,294000
4418,9557000,19999000,270000
4419,9533000,19988000,294000
4420,9515000,19979000,278000
4421,9506000,19987000,290000
4422,9551000,20053000,274000
4423,9558000,19999000,278000
4424,9538000,19979000,286000
4425,9574000,20045000,286000
4426,9512000,19930000,290000
4427,9495000,19979000,282000
4428,9569000,20073000,286000
4429,9539000,19975000,282000
4430,9550000,20011000,274000
4431,9518000,19967000,286000
4432,9587000,20070000,286000
4433,9553000,19966000,282000
4434,9548000,19999000,278000
4435,9531000,19975000,290000
4436,9540000,20012000,282000
4437,9571000,20036000,282000
4438,9710000,20139000,278000
4439,9538000,19831000,290000
4440,9525000,19988000,290000
4441,9528000,19991000,286000
4442,9515000,19991000,290000
4443,9498000,19983000,290000
4444,9559000,20061000,290000
4445,9550000,19991000,282000
4446,9529000,19979000,294000
4447,9457000,19928000,290000
4448,9500000,20043000,290000
4449,9569000,20069000,294000
4450,9478000,19909000,282000
4451,9477000,19999000,286000
4452,9599000,20122000,282000
4453,9518000,19919000,294000
4454,9493000,19978000,282000
4455,9565000,20068000,286000
4456,9479000,19915000,286000
4457,9523000,20044000,286000
4458,9519000,19995000,282000
4459,9510000,19987000,282000
4460,9493000,19988000,290000
4461,9476000,19983000,278000
4462,9489000,20009000,286000
4463,9516000,20031000,294000
4464,9527000,20007000,274000
4465,9490000,19967000,290000
4466,9564000,20074000,290000
4467,9538000,19970000,290000
4468,9542000,20007000,278000
4469,9509000,19967000,286000
4470,9582000,20074000,282000
4471,9487000,19905000,286000
4472,9536000,20049000,298000
4473,9452000,19916000,298000
4474,9514000,20062000,290000
4475,9513000,19995000,282000
4476,9485000,19976000,294000
4477,9620000,20135000,286000
4478,9677000,20057000,294000
4479,9512000,20835000,290000
4480,9563000,20051000,274000
4481,9539000,19975000,294000
4482,9455000,19916000,286000
4483,9522000,20068000,294000
4484,9501000,19974000,286000
4485,9557000,20061000,286000
4486,9471000,19914000,286000
4487,9544000,20069000,290000
4488,9596000,20048000,282000
4489,9498000,19910000,298000
4490,9489000,19995000,282000
4491,9468000,19979000,290000
4492,9541000,20069000,266000
4493,9448000,19911000,286000
4494,9516000,20059000,286000
4495,9494000,19983000,294000
4496,9572000,20078000,286000
4497,9465000,19893000,290000
4498,9533000,20072000,286000
4499,9505000,19971000,278000
4500,9521000,20017000,278000
4501,9552000,20027000,282000
4502,9552000,19999000,282000
4503,9535000,19987000,278000
4504,9530000,19995000,282000
4505,9501000,19972000,282000
4506,9493000,19987000,294000
4507,9488000,19987000,278000
4508,9528000,20049000,290000
4509,9523000,19995000,294000
4510,9515000,19991000,286000
4511,9510000,19995000,290000
4512,9489000,19980000,294000
4513,9489000,19996000,290000
4514,9461000,19976000,290000
4515,9524000,20063000,290000
4516,9512000,19983000,290000
4517,9503000,19992000,290000
4518,9482000,19986000,282000
4519,9485000,19999000,282000
4520,9474000,19986000,278000
4521,9513000,20042000,290000
4522,9496000,19984000,298000
4523,9483000,19987000,290000
4524,9540000,20056000,298000
4525,9468000,19925000,274000
4526,9522000,20058000,290000
4527,9501000,19975000,294000
4528,9504000,20007000,290000
4529,9537000,20033000,286000
4530,9480000,19943000,290000
4531,9527000,20043000,286000
4532,9515000,19987000,294000
4533,9498000,19987000,278000
4534,9571000,20078000,286000
4535,9542000,19966000,290000
4536,9537000,19995000,294000
4537,9508000,19972000,294000
4538,9511000,20003000,286000
4539,9494000,19983000,286000
4540,9547000,20053000,282000
4541,9393000,19841000,294000
4542,9526000,20133000,286000
4543,9522000,19996000,290000
4544,9500000,19975000,278000
4545,9560000,20064000,290000
4546,9601000,20045000,290000
4547,9477000,19876000,286000
4548,9455000,19978000,278000
4549,9497000,20042000,286000
4550,9481000,19987000,290000
4551,9484000,20000000,294000
4552,9465000,19980000,290000
4553,9507000,20043000,294000
4554,9507000,19996000,294000
4555,9431000,19924000,282000
4556,9481000,20050000,290000
4557,9399000,19922000,294000
4558,9525000,20126000,294000
4559,9443000,19914000,286000
4560,9581000,20142000,282000
4561,9552000,19967000,294000
4562,9612000,20064000,286000
4563,9592000,19979000,294000
4564,9530000,19939000,294000
4565,9570000,20040000,282000
4566,9565000,19999000,282000
4567,9540000,19971000,294000
4568,9540000,19999000,290000
4569,9584000,20045000,290000
4570,9583000,19999000,282000
4571,9559000,19975000,294000
4572,9550000,19992000,294000
4573,9603000,20048000,290000
4574,9524000,19926000,294000
4575,9523000,19995000,290000
4576,9576000,20057000,282000
4577,9568000,19988000,294000
4578,9539000,19974000,294000
4579,9607000,20065000,290000
4580,9574000,19971000,290000
4581,9590000,20012000,282000
4582,9561000,19978000,286000
4583,9552000,19987000,294000
4584,9616000,20061000,286000
4585,9592000,19979000,286000
4586,9514000,19922000,294000
4587,9497000,19979000,294000
4588,9484000,19992000,298000
4589,9475000,19987000,282000
4590,9468000,19997000,290000
4591,9592000,20124000,286000
4592,9510000,19914000,290000
4593,9431000,19925000,282000
4594,9497000,20066000,294000
4595,9533000,20036000,290000
4596,9468000,19931000,290000
4597,9652000,20188000,286000
4598,9577000,19929000,286000
4599,9474000,19897000,298000
4600,9546000,20068000,298000
4601,9591000,20045000,298000
4602,9517000,19922000,278000
4603,9570000,20056000,294000
4604,9561000,19987000,294000
4605,9556000,19995000,274000
4606,9531000,19980000,298000
4607,9604000,20069000,294000
4608,9575000,19975000,290000
4609,9643000,20064000,290000
4610,9623000,19984000,294000
4611,9627000,19999000,290000
4612,9669000,20046000,290000
4613,9580000,19912000,290000
4614,9568000,19987000,286000
4615,9568000,20000000,298000
4616,9477000,19905000,290000
4617,9594000,20122000,290000
4618,9590000,19995000,294000
4619,9496000,19906000,290000
4620,9568000,20069000,278000
4621,9547000,19979000,294000
4622,9604000,20057000,294000
4623,9526000,19925000,290000
4624,9603000,20074000,290000
4625,9569000,19970000,278000
4626,9569000,19995000,290000
4627,9548000,19983000,286000
4628,9548000,20001000,294000
4629,9514000,19966000,294000
4630,9575000,20065000,290000
4631,9562000,19979000,290000
4632,9570000,20012000,278000
4633,9529000,19958000,290000
4634,9585000,20057000,286000
4635,9511000,19922000,286000
4636,9494000,19987000,298000
4637,9547000,20048000,286000
4638,9477000,19930000,290000
4639,9465000,19993000,290000
4640,9520000,20051000,282000
4641,9528000,20004000,270000
4642,9491000,19966000,290000
4643,9482000,19992000,294000
4644,9462000,19980000,290000
4645,9539000,20076000,282000
4646,9501000,19971000,286000
4647,9652000,20147000,278000
4648,9483000,19823000,286000
4649,9544000,20064000,282000
4650,9527000,19988000,290000
4651,9580000,20048000,290000
4652,9498000,19922000,294000
4653,9562000,20065000,286000
4654,9549000,19987000,290000
4655,9524000,19975000,294000
4656,9593000,20069000,294000
4657,9568000,19975000,286000
4658,9577000,20008000,294000
4659,9413000,19837000,294000
4660,9607000,20194000,294000
4661,9582000,19975000,282000
4662,9599000,20017000,286000
4663,9557000,19962000,298000
4664,9774000,20213000,294000
4665,9572000,20806000,282000
4666,9568000,19987000,294000
4667,9559000,19991000,290000
4668,9550000,19988000,290000
4669,9677000,20130000,294000
4670,9660000,19984000,282000
4671,9651000,19987000,286000
4672,9499000,19847000,274000
4673,9490000,19991000,290000
4674,9477000,19992000,278000
4675,9547000,20069000,286000
4676,9660000,20114000,286000
4677,9508000,19848000,286000
4678,9483000,19979000,286000
4679,9503000,20012000,274000
4680,9468000,19969000,286000
4681,9462000,19994000,286000
4682,9518000,20051000,278000
4683,9497000,19979000,286000
4684,9480000,19988000,278000
4685,9480000,19995000,278000
4686,9536000,20057000,274000
4687,9515000,19979000,282000
4688,9519000,20008000,282000
4689,9622000,20098000,290000
4690,9550000,19937000,274000
4691,9521000,19967000,286000
4692,9470000,19949000,286000
4693,9520000,20045000,270000
4694,9495000,19984000,282000
4695,9555000,20056000,278000
4696,9559000,20004000,282000
4697,9522000,19963000,290000
4698,9513000,19991000,278000
4699,9628000,20115000,290000
4700,9561000,19933000,286000
4701,9467000,19906000,294000
4702,9473000,20006000,286000
4703,9522000,20049000,282000
4704,9509000,19987000,286000
4705,9497000,19988000,286000
4706,9542000,20044000,290000
4707,9541000,19995000,286000
4708,9457000,19917000,286000
4709,9524000,20071000,290000
4710,9498000,19974000,278000
4711,9489000,19991000,290000
4712,9542000,20053000,286000
4713,9477000,19935000,282000
4714,9517000,20039000,286000
4715,9503000,19987000,282000
4716,9503000,19996000,274000
4717,9552000,20048000,278000
4718,9535000,19987000,286000
4719,9664000,20126000,282000
4720,9501000,19841000,290000
4721,9480000,19979000,294000
4722,9492000,20012000,294000
4723,9532000,20039000,294000
4724,9535000,20004000,286000
4725,9440000,19904000,290000
4726,9506000,20071000,290000
4727,9558000,20044000,282000
4728,9480000,19926000,286000
4729,9457000,19976000,294000
4730,9533000,20076000,290000
4731,9507000,19971000,286000
4732,9697000,20194000,294000
4733,9685000,19988000,298000
4734,9647000,20962000,290000
4735,9533000,20886000,286000
4736,9517000,19984000,290000
4737,9500000,19983000,290000
4738,9499000,19995000,286000
4739,9561000,20065000,298000
4740,9539000,19979000,294000
4741,9526000,19987000,298000
4742,9506000,19980000,286000
4743,9522000,20011000,286000
4744,9476000,19959000,290000
4745,9479000,20002000,290000
4746,9528000,20050000,282000
4747,9528000,20003000,282000
4748,9502000,19975000,286000
4749,9489000,19983000,282000
4750,9476000,19987000,290000
4751,9537000,20053000,290000
4752,9528000,19995000,286000
4753,9504000,19979000,298000
4754,9580000,20081000,274000
4755,9621000,20040000,282000
4756,9490000,19866000,282000
4757,9456000,19966000,282000
4758,9735000,20283000,286000
4759,9337000,20602000,282000
4760,9481000,20143000,282000
4761,9441000,19961000,286000
4762,9511000,20066000,298000
4763,9427000,19912000,286000
4764,9485000,20058000,290000
4765,9473000,19987000,286000
4766,9453000,19985000,294000
4767,9508000,20055000,294000
4768,9569000,20057000,294000
4769,9487000,19917000,286000
4770,9478000,19991000,290000
4771,9458000,19985000,286000
4772,9450000,19988000,286000
4773,9463000,20012000,282000
4774,9436000,19981000,270000
4775,9495000,20052000,278000
4776,9459000,19968000,290000
4777,9480000,20021000,278000
4778,9526000,20042000,278000
4779,9437000,19914000,286000
4780,9481000,20045000,294000
4781,9460000,19978000,294000
4782,9532000,20069000,290000
4783,9451000,19918000,290000
4784,9442000,19996000,286000
4785,9555000,20113000,294000
4786,9486000,19931000,290000
4787,9461000,19975000,294000
4788,9457000,19996000,294000
4789,9504000,20043000,294000
4790,9520000,20020000,278000
4791,9482000,19962000,282000
4792,9490000,19999000,278000
4793,9455000,19973000,294000
4794,9531000,20076000,294000
4795,9501000,19970000,286000
4796,9488000,19988000,294000
4797,9467000,19979000,294000
4798,9532000,20064000,286000
4799,9454000,19918000,290000
4800,9510000,20061000,290000
4801,9489000,19979000,294000
4802,9484000,19995000,290000
4803,9480000,19996000,290000
4804,9464000,19984000,282000
4805,9459000,19994000,286000
4806,9491000,20037000,286000
4807,9499000,20004000,294000
4808,9465000,19966000,294000
4809,9533000,20064000,282000
4810,9450000,19921000,286000
4811,9594000,20144000,282000
4812,9503000,19905000,282000
4813,9689000,20190000,290000
4814,9539000,19846000,282000
4815,9454000,19919000,290000
4816,9514000,20060000,286000
4817,9493000,19978000,282000
4818,9432000,19936000,290000
4819,9467000,20039000,294000
4820,9545000,20077000,290000
4821,9519000,19971000,282000
4822,9506000,19995000,282000
4823,9485000,19975000,290000
4824,9494000,20009000,294000
4825,9541000,20047000,282000
4826,9524000,19983000,290000
4827,9508000,19983000,290000
4828,9503000,19991000,278000
4829,9494000,19991000,278000
4830,9408000,19918000,294000
4831,9466000,20055000,282000
4832,9513000,20051000,294000
4833,9500000,19987000,290000
4834,9565000,20064000,286000
4835,9552000,19983000,286000
4836,9472000,19925000,282000
4837,9468000,19991000,278000
4838,9434000,19975000,282000
4839,9445000,20002000,278000
4840,9492000,20048000,282000
4841,9484000,19996000,290000
4842,9532000,20044000,282000
4843,9515000,19983000,278000
4844,9498000,19987000,286000
4845,9478000,19979000,294000
4846,9481000,19999000,286000
4847,9468000,19992000,286000
4848,9451000,19982000,290000
4849,9435000,19981000,290000
4850,9437000,20005000,294000
4851,9486000,20046000,282000
4852,9489000,20007000,274000
4853,9450000,19961000,294000
4854,9460000,20010000,278000
4855,9488000,20032000,294000
4856,9437000,19945000,278000
4857,9467000,20029000,286000
4858,9481000,20015000,278000
4859,9467000,19978000,274000
4860,9437000,19978000,286000
4861,9485000,20048000,290000
4862,9480000,19991000,286000
4863,9473000,19992000,282000
4864,9520000,20052000,294000
4865,9436000,19915000,290000
4866,9502000,20067000,286000
4867,9489000,19987000,286000
4868,9477000,19988000,286000
4869,9537000,20059000,278000
4870,9513000,19980000,278000
4871,9440000,19924000,286000
4872,9487000,20047000,290000
4873,9482000,19995000,290000
4874,9531000,20048000,294000
4875,9467000,19933000,286000
4876,9437000,19974000,286000
4877,9432000,19990000,286000
4878,9476000,20048000,286000
4879,9463000,19988000,290000
4880,9459000,19996000,290000
4881,9510000,20051000,290000
4882,9445000,19931000,274000
4883,9485000,20040000,282000
4884,9497000,20016000,286000
4885,9468000,19971000,282000
4886,9524000,20055000,278000
4887,9499000,19976000,286000
4888,9507000,20008000,290000
4889,9613000,20102000,290000
4890,9477000,19864000,278000
4891,9453000,19980000,286000
4892,9516000,20063000,282000
4893,9495000,19979000,286000
4894,9487000,19991000,282000
4895,9606000,20120000,286000
4896,9534000,19928000,286000
4897,9656000,20122000,290000
4898,9448000,19788000,278000
4899,9496000,20048000,290000
4900,9479000,19987000,286000
4901,9480000,20001000,290000
4902,9523000,20043000,278000
4903,9448000,19924000,286000
4904,9498000,20050000,286000
4905,9502000,20001000,282000
4906,9473000,19970000,290000
4907,9477000,20004000,278000
4908,9449000,19977000,290000
4909,9495000,20046000,294000
4910,9490000,19995000,286000
4911,9415000,19920000,282000
4912,9456000,20046000,290000
4913,9660000,20204000,290000
4914,9440000,19780000,286000
4915,9491000,20051000,290000
4916,9487000,19996000,290000
4917,9463000,19976000,294000
4918,9472000,20013000,286000
4919,9435000,19959000,298000
4920,9505000,20069000,290000
4921,9484000,19976000,286000
4922,9484000,20004000,286000
4923,9461000,19976000,278000
4924,9523000,20063000,282000
4925,9494000,19975000,286000
4926,9428000,19934000,282000
4927,9465000,20036000,286000
4928,9461000,19993000,282000
4929,9508000,20051000,286000
4930,9441000,19928000,278000
4931,9508000,20067000,278000
4932,9413000,19910000,290000
4933,9469000,20056000,286000
4934,9526000,20057000,282000
4935,9455000,19929000,286000
4936,9496000,20041000,282000
4937,9487000,19991000,282000
4938,9475000,19983000,286000
4939,9484000,20002000,286000
4940,9454000,19974000,294000
4941,9498000,20047000,294000
4942,9489000,19988000,286000
4943,9480000,19991000,286000
4944,9468000,19988000,294000
4945,9516000,20052000,298000
4946,9519000,19999000,286000
4947,9434000,19918000,286000
4948,9494000,20060000,294000
4949,9481000,19987000,282000
4950,9529000,20053000,278000
4951,9509000,19975000,298000
4952,9747000,20235000,286000
4953,9528000,20784000,282000
4954,9523000,20000000,286000
4955,9506000,19979000,274000
4956,9510000,20004000,282000
4957,9485000,19978000,274000
4958,9464000,19980000,286000
4959,9445000,19980000,282000
4960,9441000,19997000,286000
4961,9487000,20046000,282000
4962,9486000,19999000,282000
4963,9469000,19983000,278000
4964,9452000,19979000,270000
4965,9526000,20078000,286000
4966,9508000,19982000,278000
4967,9495000,19987000,282000
4968,9487000,19987000,274000
4969,9479000,19997000,282000
4970,9459000,19979000,278000
4971,9514000,20052000,282000
4972,9497000,19987000,278000
4973,9488000,19991000,278000
4974,9471000,19983000,282000
4975,9456000,19985000,282000
4976,9519000,20055000,270000
4977,9498000,19987000,282000
4978,9563000,20064000,278000
4979,9473000,19906000,282000
4980,9476000,20004000,274000
4981,9445000,19973000,286000
4982,9521000,20072000,274000
4983,9491000,19978000,282000
4984,9486000,19991000,282000
4985,9462000,19971000,286000
4986,9477000,20016000,286000
4987,9447000,19970000,286000
4988,9508000,20057000,286000
4989,9627000,20119000,286000
4990,9590000,20967000,282000
4991,9507000,19912000,286000
4992,9490000,19988000,294000
4993,9481000,19987000,278000
4994,9466000,19985000,286000
4995,9453000,19991000,290000
4996,9441000,19988000,290000
4997,9507000,20062000,278000
4998,9479000,19979000,282000
4999,9487000,20004000,286000
5000,9463000,19973000,290000
5001,9587000,20128000,286000
5002,9497000,19914000,286000
5003,9493000,19996000,286000
5004,9545000,20047000,282000
5005,9532000,19992000,286000
5006,9523000,19983000,286000
5007,9502000,19983000,294000
5008,9489000,19983000,290000
5009,9542000,20053000,286000
5010,9541000,20003000,270000
5011,9453000,19915000,282000
5012,9504000,20051000,278000
5013,9556000,20053000,286000
5014,9563000,20003000,282000
5015,9535000,19975000,286000
5016,9535000,20001000,290000
5017,9501000,19966000,290000
5018,9504000,19999000,282000
5019,9487000,19979000,294000
5020,9705000,20218000,282000
5021,9507000,20806000,290000
5022,9498000,19991000,282000
5023,9477000,19979000,290000
5024,9538000,20061000,290000
5025,9517000,19979000,294000
5026,9513000,19995000,294000
5027,9492000,19979000,294000
5028,9487000,19992000,290000
5029,9560000,20073000,286000
5030,9523000,19970000,290000
5031,9525000,19995000,282000
5032,9509000,19984000,286000
5033,9505000,20000000,294000
5034,9553000,20044000,290000
5035,9536000,19987000,294000
5036,9588000,20052000,286000
5037,9516000,19927000,294000
5038,9506000,19986000,278000
5039,9546000,20045000,286000
5040,9545000,19995000,278000
5041,9521000,19979000,294000
5042,9516000,19996000,286000
5043,9499000,19979000,290000
5044,9502000,20003000,282000
5045,9554000,20056000,282000
5046,9551000,20000000,290000
5047,9445000,19891000,298000
5048,9652000,20207000,298000
5049,9480000,19831000,290000
5050,9496000,20012000,294000
5051,9462000,19967000,294000
5052,9534000,20068000,290000
5053,9506000,19975000,294000
5054,9522000,20012000,286000
5055,9488000,19967000,290000
5056,9479000,19995000,282000
5057,9464000,19981000,290000
5058,9519000,20059000,294000
5059,9499000,19979000,294000
5060,9567000,20065000,282000
5061,9550000,19986000,290000
5062,9525000,19980000,286000
5063,9537000,20004000,294000
5064,9656000,20119000,298000
5065,9651000,19995000,282000
5066,9568000,19920000,278000
5067,9572000,20000000,278000
5068,9472000,19901000,274000
5069,9533000,20061000,278000
5070,9505000,19971000,290000
5071,9508000,20004000,290000
5072,9483000,19979000,290000
5073,9414000,19931000,274000
5074,9523000,20108000,282000
5075,9510000,19984000,290000
5076,9493000,19983000,286000
5077,9546000,20056000,278000
5078,9549000,20004000,274000
5079,9532000,19983000,286000
5080,9536000,20004000,286000
5081,9709000,20173000,286000
5082,10124000,21415000,282000
5084,10652000,21528000,227000
5085,9603000,28895000,306000
5086,9463000,19916000,282000
5087,9443000,19980000,290000
5088,9509000,20062000,274000
5089,9501000,19996000,286000
5090,9484000,19978000,270000
5091,9472000,19992000,294000
5092,9457000,19986000,282000
5093,9454000,19996000,294000
5094,9439000,19982000,274000
5095,9489000,20058000,282000
5096,9469000,19976000,290000
5097,9474000,20004000,294000
5098,9512000,20039000,282000
5099,9503000,19991000,290000
5100,9487000,19983000,278000
5101,9470000,19984000,290000
5102,9464000,19994000,290000
5103,9450000,19986000,298000
5104,9436000,19982000,278000
5105,9488000,20056000,290000
5106,9433000,19940000,266000
5107,9471000,20039000,286000
5108,9468000,20000000,278000
5109,9518000,20047000,282000
5110,9526000,20008000,274000
5111,9493000,19970000,270000
5112,9487000,19995000,274000
5113,9469000,19977000,290000
5114,9466000,20002000,278000
5115,9503000,20036000,294000
5116,9490000,19988000,290000
5117,9477000,19983000,290000
5118,9462000,19988000,286000
5119,9449000,19988000,294000
5120,9441000,19991000,286000
5121,9439000,19994000,282000
5122,9494000,20056000,274000
5123,9495000,20000000,282000
5124,9454000,19968000,270000
5125,9450000,19996000,290000
5126,9436000,19978000,270000
5127,9489000,20069000,286000
5128,9479000,19974000,282000
5129,9467000,19992000,298000
5130,9450000,19986000,282000
5131,9461000,20003000,290000
5132,9431000,19975000,274000
5133,9484000,20053000,286000
5134,9473000,19984000,286000
5135,9456000,19988000,294000
5136,9441000,19985000,290000
5137,9422000,19981000,298000
5138,9436000,20010000,278000
5139,9469000,20045000,290000
5140,9470000,19993000,282000
5141,9454000,19980000,282000
5142,9441000,19994000,282000
5143,9491000,20047000,282000
5144,9488000,20004000,278000
5145,9455000,19967000,290000
5146,9471000,20004000,274000
5147,9514000,20043000,286000
5148,9525000,20016000,278000
5149,9488000,19962000,286000
5150,9479000,19988000,274000
5151,9465000,19989000,294000
5152,9459000,19995000,278000
5153,9441000,19978000,286000
5154,9497000,20060000,274000
5155,9481000,19983000,290000
5156,9391000,19911000,278000
5157,9533000,20142000,286000
5158,9440000,19907000,282000
5159,9430000,19994000,286000
5160,9486000,20048000,282000
5161,9490000,20008000,290000
5162,9458000,19968000,286000
5163,9462000,20004000,290000
5164,9431000,19969000,278000
5165,9492000,20056000,282000
5166,9482000,19991000,270000
5167,9468000,19990000,290000
5168,9450000,19981000,282000
5169,9434000,19980000,294000
5170,9428000,19998000,290000
5171,9421000,19994000,286000
5172,9487000,20062000,278000
5173,9452000,19968000,294000
5174,9468000,20016000,278000
5175,9490000,20027000,290000
5176,9420000,19930000,294000
5177,9464000,20040000,302000
5178,9482000,20018000,278000
5179,9512000,20026000,294000
5180,9440000,19931000,294000
5181,9436000,19992000,286000
5182,9414000,19982000,282000
5183,9466000,20049000,294000
5184,9450000,19987000,290000
5185,9430000,19981000,298000
5186,9432000,19998000,278000
5187,9479000,20047000,294000
5188,9467000,19991000,290000
5189,9389000,19922000,298000
5190,9455000,20067000,286000
5191,9438000,19987000,290000
5192,9492000,20050000,282000
5193,9472000,19979000,290000
5194,9461000,19989000,286000
5195,9398000,19937000,294000
5196,9443000,20045000,282000
5197,9498000,20056000,298000
5198,9489000,19990000,282000
5199,9399000,19911000,302000
5200,9457000,20058000,286000
5201,9443000,19982000,290000
5202,9503000,20064000,278000
5203,9416000,19909000,298000
5204,9498000,20086000,278000
5205,9456000,19954000,290000
5206,9461000,20009000,274000
5207,9425000,19967000,290000
5208,9449000,20017000,270000
5209,9542000,20096000,298000
5210,9478000,19937000,270000
5211,9451000,19973000,290000
5212,9472000,20020000,274000
5213,9494000,20022000,286000
5214,9429000,19931000,274000
5215,9407000,19983000,298000
5216,9398000,19990000,282000
5217,9373000,19976000,294000
5218,9364000,19991000,290000
5219,9428000,20060000,286000
5220,9414000,19990000,286000
5221,9416000,20002000,294000
5222,9529000,20109000,278000
5223,9377000,19856000,282000
5224,9495000,20114000,286000
5225,9429000,19934000,294000
5226,9406000,19977000,290000
5227,9404000,19994000,282000
5228,9518000,20113000,286000
5229,9450000,19936000,282000
5230,9420000,19971000,282000
5231,9471000,20047000,298000
5232,9536000,20064000,270000
5233,9384000,19849000,290000
5234,9434000,20054000,290000
5235,9427000,19993000,294000
5236,9485000,20057000,294000
5237,9476000,19992000,286000
5238,9469000,19993000,294000
5239,9361000,19896000,294000
5240,9434000,20069000,290000
5241,9474000,20040000,298000
5242,9486000,20008000,278000
5243,9387000,19909000,282000
5244,9378000,19987000,282000
5245,9643000,20265000,294000
5246,9534000,20891000,278000
5247,9508000,19977000,290000
5248,9431000,19924000,286000
5249,9490000,20055000,282000
5250,9413000,19923000,278000
5251,9461000,20047000,298000
5252,9525000,20064000,286000
5253,9459000,19934000,290000
5254,9499000,20037000,282000
5255,9487000,19996000,286000
5256,9535000,20044000,294000
5257,9470000,19931000,294000
5258,9446000,19980000,294000
5259,9443000,20001000,290000
5260,9488000,20045000,282000
5261,9483000,19991000,282000
5262,9459000,19980000,286000
5263,9511000,20052000,294000
5264,9440000,19924000,278000
5265,9433000,19998000,278000
5266,9481000,20047000,282000
5267,9533000,20053000,290000
5268,9520000,19987000,282000
5269,9304000,19784000,286000
5270,9439000,20131000,278000
5271,9420000,19981000,286000
5272,9486000,20070000,286000
5273,9454000,19968000,290000
5274,9533000,20078000,274000
5275,9441000,19905000,290000
5276,9516000,20071000,278000
5277,9475000,19962000,298000
5278,9547000,20073000,290000
5279,9455000,19908000,294000
5280,9451000,19992000,286000
5281,9501000,20053000,294000
5282,9492000,19992000,286000
5283,9475000,19983000,294000
5284,9468000,19989000,286000
5285,9532000,20068000,298000
5286,9438000,19906000,290000
5287,9429000,19991000,286000
5288,9429000,20000000,282000
5289,9427000,19997000,290000
5290,9385000,19959000,290000
5291,9455000,20070000,282000
5292,9374000,19914000,278000
5293,9429000,20060000,298000
5294,9418000,19985000,282000
5295,9460000,20046000,294000
5296,9378000,19918000,290000
5297,9428000,20050000,298000
5298,9436000,20003000,278000
5299,9471000,20039000,294000
5300,9407000,19936000,290000
5301,9450000,20044000,294000
5302,9464000,20010000,278000
5303,9433000,19972000,278000
5304,9424000,19992000,290000
5305,9464000,20039000,302000
5306,9493000,20026000,274000
5307,9380000,19887000,290000
5308,9367000,19991000,278000
5309,9353000,19986000,290000
5310,9438000,20081000,282000
5311,9461000,20023000,298000
5312,9453000,19992000,274000
5313,9436000,19987000,298000
5314,9423000,19987000,282000
5315,9470000,20047000,290000
5316,9473000,19999000,282000
5317,9464000,19991000,290000
5318,9374000,19910000,290000
5319,9375000,20005000,282000
5320,9417000,20041000,286000
5321,9490000,20070000,286000
5322,9456000,19970000,294000
5323,9463000,20007000,298000
5324,9371000,19907000,282000
5325,9372000,20001000,294000
5326,9413000,20042000,294000
5327,9460000,20047000,298000
5328,9452000,19988000,290000
5329,9441000,19988000,294000
5330,9430000,19993000,278000
5331,9417000,19988000,294000
5332,9406000,19989000,282000
5333,9453000,20046000,290000
5334,9461000,20005000,282000
5335,9427000,19974000,290000
5336,9432000,20001000,290000
5337,9410000,19974000,286000
5338,9416000,20005000,286000
5339,9450000,20039000,298000
5340,9456000,20005000,290000
5341,9428000,19973000,290000
5342,9428000,20000000,286000
5343,9467000,20039000,298000
5344,9452000,19984000,282000
5345,9376000,19924000,290000
5346,9433000,20058000,278000
5347,9428000,19991000,294000
5348,9415000,19990000,290000
5349,9481000,20066000,294000
5350,9450000,19969000,282000
5351,9441000,19991000,286000
5352,9431000,19987000,282000
5353,9425000,19998000,302000
5354,9411000,19982000,278000
5355,9469000,20057000,294000
5356,9374000,19905000,282000
5357,9378000,20005000,294000
5358,9416000,20042000,282000
5359,9407000,19991000,302000
5360,9460000,20049000,290000
5361,9458000,19998000,290000
5362,9370000,19916000,282000
5363,9436000,20061000,282000
5364,9352000,19917000,286000
5365,9403000,20054000,286000
5366,9470000,20067000,290000
5367,9432000,19967000,290000
5368,9351000,19919000,282000
5369,9413000,20054000,294000
5370,9432000,20018000,286000
5371,9461000,20033000,294000
5372,9453000,19993000,286000
5373,9427000,19973000,282000
5374,9443000,20017000,286000
5375,9410000,19967000,290000
5376,9389000,19978000,294000
5377,9453000,20065000,286000
5378,9446000,19992000,282000
5379,9420000,19975000,298000
5380,9413000,19993000,290000
5381,9411000,19997000,298000
5382,9384000,19974000,282000
5383,9455000,20074000,290000
5384,9501000,20043000,286000
5385,9361000,19859000,290000
5386,9407000,20046000,286000
5387,9473000,20066000,298000
5388,9449000,19977000,282000
5389,9448000,19998000,290000
5390,9427000,19980000,290000
5391,9477000,20050000,282000
5392,9403000,19926000,290000
5393,9374000,19971000,298000
5394,9373000,19999000,286000
5395,9430000,20057000,294000
5396,9482000,20052000,286000
5397,9470000,19987000,298000
5398,9474000,20004000,286000
5399,9576000,20107000,290000
5400,9454000,19874000,290000
5401,9420000,19966000,294000
5402,9421000,20001000,290000
5403,9467000,20046000,294000
5404,9401000,19934000,282000
5405,9435000,20034000,298000
5406,9448000,20013000,278000
5407,9417000,19969000,298000
5408,9407000,19989000,286000
5409,9389000,19979000,290000
5410,9455000,20069000,286000
5411,9495000,20040000,298000
5412,9424000,19930000,290000
5413,9433000,20008000,290000
5414,9465000,20033000,278000
5415,9461000,19995000,278000
5416,9440000,19980000,286000
5417,9571000,20131000,302000
5418,9413000,19846000,286000
5419,9418000,19997000,286000
5420,9383000,19969000,290000
5421,9459000,20072000,298000
5422,9432000,19976000,290000
5423,9424000,19992000,302000
5424,9419000,19992000,286000
5425,9381000,19966000,298000
5426,9379000,19998000,290000
5427,9442000,20063000,286000
5428,9431000,19989000,274000
5429,9410000,19978000,298000
5430,9426000,20016000,286000
5431,9448000,20026000,290000
5432,9455000,20003000,290000
5433,9430000,19976000,294000
