seq,latency_m2m_ns,callback_jitter,publish_jitter
153,14585000,51995000,12064000
154,12577000,47992000,10354000
155,12589000,50013000,10390000
156,13589000,50999000,11060000
157,14596000,51007000,12771000
158,13581000,48986000,11052000
159,23001000,59420000,11490000
160,13612000,40607000,11277000
161,15612000,52000000,13056000
162,13584000,47980000,11072000
163,12595000,49007000,10632000
164,13593000,50997000,11088000
165,15592000,52000000,12854000
166,13572000,47984000,11070000
167,13596000,50020000,11261000
168,13604000,50008000,11080000
169,15611000,52007000,12861000
170,12585000,46978000,10810000
171,13593000,50999000,11158000
172,13599000,50007000,11035000
173,14596000,50997000,12821000
174,12589000,47992000,10688000
175,13595000,51007000,11081000
176,23001000,59406000,11576000
177,15589000,42588000,12904000
178,11924000,46339000,10831000
179,13593000,51664000,11166000
180,13592000,50000000,10849000
181,13937000,50345000,12840000
182,12593000,48655000,10565000
183,13597000,51005000,11165000
184,13595000,49998000,11200000
185,15612000,52017000,13191000
186,12573000,46965000,10725000
187,12603000,50026000,10418000
188,13585000,50982000,11153000
189,13620000,50035000,11187000
190,13599000,49979000,11146000
191,13593000,49993000,11136000
192,13592000,50000000,11167000
193,13593000,50001000,11128000
194,13581000,49987000,11082000
195,13597000,50016000,10865000
196,13592000,49996000,11105000
197,12581000,48988000,10805000
198,13589000,51009000,11104000
199,12589000,49000000,10656000
200,13589000,50999000,11041000
201,13593000,50004000,11155000
202,12592000,49000000,10629000
203,13597000,51004000,11017000
204,12585000,48988000,10632000
205,13577000,50992000,11158000
206,13597000,50020000,11111000
207,13597000,50001000,11164000
208,13589000,49991000,11144000
209,12589000,49001000,10632000
210,13589000,50999000,11059000
211,13593000,50004000,11031000
212,13585000,49992000,11154000
213,12588000,49004000,10345000
214,12584000,49997000,10585000
215,13593000,51008000,11124000
216,12601000,49007000,10451000
217,13581000,50980000,11061000
218,13585000,50005000,11082000
219,13593000,50007000,11064000
220,13589000,49997000,11013000
221,13587000,49998000,11136000
222,13577000,49990000,11082000
223,13580000,50003000,11067000
224,13595000,50015000,11105000
225,13597000,50001000,11085000
226,12597000,49001000,10684000
227,13589000,50991000,11088000
228,13589000,50000000,11053000
229,13589000,50000000,11158000
230,12589000,49001000,10641000
231,13577000,50988000,11093000
232,13592000,50015000,11060000
233,12585000,48992000,10681000
234,13588000,51004000,10984000
235,13589000,50001000,11095000
236,13599000,50010000,11078000
237,13580000,49981000,11171000
238,13581000,50000000,11080000
239,13599000,50019000,11117000
240,13593000,49993000,11083000
241,12581000,48989000,10572000
242,13583000,51002000,11011000
243,13585000,50002000,11061000
244,12593000,49007000,10673000
245,13599000,51007000,11133000
246,13581000,49982000,11013000
247,12581000,48999000,10589000
248,13591000,51011000,11031000
249,12593000,49001000,10653000
250,13581000,50989000,11037000
251,13599000,50018000,11145000
252,12593000,48994000,10559000
253,13585000,50992000,11090000
254,13595000,50010000,11045000
255,13577000,49982000,11091000
256,13585000,50008000,10983000
257,12593000,49008000,10614000
258,13596000,51003000,11055000
259,13593000,49996000,11025000
260,12589000,48997000,10716000
261,13588000,50999000,11026000
262,13581000,49993000,10990000
263,13589000,50007000,11032000
264,13581000,49993000,10996000
265,12569000,48988000,10835000
266,13585000,51016000,10993000
267,12589000,49004000,10496000
268,13581000,50991000,11011000
269,13597000,50016000,10909000
270,12573000,48976000,10450000
271,13584000,51012000,10981000
272,13593000,50008000,11017000
273,13589000,49996000,11072000
274,13572000,49984000,10942000
275,13581000,50009000,10995000
276,13577000,49996000,11041000
277,13593000,50015000,11004000
278,13589000,49997000,10965000
279,13593000,50004000,11018000
280,13593000,49999000,11052000
281,12593000,49000000,10742000
282,13595000,51003000,10979000
283,13585000,49990000,11012000
284,13585000,50000000,10985000
285,13595000,50010000,10960000
286,13580000,49985000,10974000
287,13585000,50005000,11036000
288,13603000,50018000,10992000
289,13593000,49989000,11042000
290,12589000,49000000,10724000
291,13595000,51007000,11043000
292,13585000,49989000,11002000
293,12581000,48997000,10709000
294,13591000,51010000,11012000
295,12589000,48998000,10641000
296,13589000,51000000,11080000
297,13589000,50000000,11068000
298,13593000,50003000,11088000
299,13577000,49984000,10983000
300,12565000,48989000,10465000
301,13573000,51008000,11081000
302,13585000,50012000,11034000
303,13581000,49996000,11082000
304,13583000,50002000,11113000
305,13581000,49998000,11002000
306,12585000,49003000,10629000
307,12587000,50003000,10530000
308,13581000,50993000,10907000
309,13593000,50012000,10896000
310,13589000,49996000,11052000
311,13577000,49989000,10950000
312,12589000,49012000,10783000
313,13597000,51008000,11165000
314,13585000,49987000,10936000
315,13584000,50000000,11032000
316,13585000,50001000,10998000
317,13583000,49998000,10973000
318,13589000,50005000,11000000
319,13581000,49992000,10987000
320,13595000,50015000,11013000
321,12585000,48989000,10573000
322,13585000,51001000,11010000
323,13581000,49995000,11199000
324,13585000,50005000,10954000
325,12585000,49000000,10726000
326,13585000,51000000,11030000
327,12565000,48980000,10733000
328,13585000,51019000,11039000
329,13585000,50001000,11011000
330,13595000,50010000,10901000
331,13589000,49993000,11007000
332,13589000,50001000,10975000
333,13599000,50010000,11009000
334,13589000,49990000,11056000
335,12584000,48995000,10749000
336,13589000,51005000,10987000
337,13573000,49984000,10896000
338,13577000,50004000,10915000
339,13589000,50012000,10897000
340,13573000,49984000,10998000
341,13589000,50016000,11033000
342,13585000,49995000,11081000
343,13600000,50016000,10970000
344,13593000,49992000,10863000
345,12589000,48997000,10705000
346,13583000,50994000,10933000
347,12577000,48994000,10348000
348,13589000,51011000,11015000
349,13573000,49984000,10987000
350,12589000,49016000,10678000
351,13581000,50993000,10991000
352,13589000,50007000,10957000
353,13569000,49981000,10999000
354,13601000,50032000,10962000
355,13589000,49988000,10999000
356,13585000,49996000,10894000
357,12573000,48988000,10665000
358,13585000,51012000,11049000
359,13583000,49998000,10873000
360,13588000,50005000,10974000
361,12585000,48996000,10616000
362,13575000,50991000,10983000
363,13577000,50002000,11021000
364,13585000,50007000,10993000
365,12584000,49000000,10681000
366,12572000,49988000,10716000
367,12577000,50004000,10554000
368,13585000,51009000,11075000
369,12577000,48992000,10491000
370,13577000,51000000,11079000
371,13658000,50081000,11185000
372,13660000,50002000,11151000
373,13572000,49912000,11056000
374,13573000,50001000,11082000
375,13676000,50103000,11131000
376,13589000,49912000,11091000
377,13585000,49996000,11063000
378,13588000,50004000,11100000
379,13577000,49989000,11074000
380,13581000,50004000,11103000
381,13589000,50008000,11088000
382,13577000,49988000,11122000
383,12577000,48999000,10669000
384,13585000,51008000,11121000
385,13595000,50011000,11091000
386,13585000,49990000,11116000
387,12589000,49003000,10615000
388,13583000,50995000,11058000
389,13584000,50001000,11094000
390,13581000,49997000,11131000
391,13588000,50007000,11097000
392,13580000,49992000,11066000
393,13573000,49992000,11115000
394,13585000,50012000,11083000
395,13580000,49996000,11125000
396,13589000,50008000,11087000
397,12585000,48997000,10708000
398,13595000,51010000,11089000
399,13585000,49990000,11131000
400,12585000,49000000,10744000
401,13587000,51002000,11063000
402,13569000,49982000,11092000
403,13593000,50024000,11147000
404,12585000,48991000,10633000
405,13673000,51089000,11216000
406,13601000,49927000,11050000
407,12589000,48989000,10672000
408,12585000,49995000,10645000
409,12574000,49989000,10746000
410,12589000,50016000,10775000
411,13599000,51010000,11097000
412,13592000,49993000,11064000
413,13595000,50003000,11099000
414,13599000,50004000,11066000
415,13585000,49985000,11099000
416,13577000,49993000,11081000
417,13589000,50012000,11178000
418,13593000,50004000,11080000
419,13593000,50000000,11049000
420,13593000,49999000,11005000
421,13589000,49996000,11128000
422,13593000,50004000,11015000
423,13673000,50081000,11129000
424,13597000,49924000,11098000
425,13589000,49992000,11075000
426,13573000,49984000,11091000
427,12591000,49018000,10581000
428,13581000,50989000,11095000
429,13581000,50000000,10991000
430,13595000,50015000,11099000
431,13565000,49969000,11008000
432,13569000,50005000,11053000
433,13581000,50012000,11094000
434,13576000,49995000,11057000
435,13585000,50009000,11019000
436,13585000,50000000,11125000
437,12585000,48999000,10555000
438,13581000,50997000,10988000
439,13577000,49996000,11096000
440,13599000,50022000,11064000
441,13596000,49997000,11171000
442,12581000,48985000,10721000
443,13595000,51014000,11095000
444,13581000,49986000,11067000
445,13580000,49999000,11047000
446,13585000,50004000,10998000
447,13589000,50005000,10982000
448,13581000,49991000,11012000
449,12577000,48997000,10420000
450,13597000,51019000,11093000
451,13589000,49993000,11075000
452,12585000,48995000,10616000
453,12595000,50011000,10724000
454,13584000,50989000,11093000
455,13572000,49988000,11136000
456,13579000,50007000,11095000
457,12584000,49005000,10597000
458,13577000,50993000,11046000
459,13585000,50008000,11080000
460,13581000,49995000,11050000
461,13585000,50005000,11011000
462,13585000,50000000,10972000
463,12577000,48991000,10546000
464,13593000,51017000,11052000
465,13577000,49984000,11018000
466,12585000,49007000,10578000
467,12589000,50005000,10755000
468,13577000,50988000,11069000
469,13591000,50014000,10956000
470,12581000,48990000,10793000
471,13581000,51000000,11043000
472,13589000,50007000,10999000
473,12577000,48988000,10562000
474,13577000,51000000,11082000
475,13585000,50009000,11057000
476,13573000,49988000,11023000
477,13569000,49995000,11060000
478,13573000,50005000,11084000
479,13595000,50022000,11061000
480,12585000,48990000,10814000
481,12580000,49995000,10656000
482,13587000,51007000,11035000
483,13577000,49990000,11074000
484,13581000,50003000,11042000
485,13581000,50001000,11084000
486,13581000,49999000,10967000
487,12589000,49008000,10453000
488,13585000,50996000,10981000
489,12565000,48980000,10527000
490,13677000,51113000,11128000
491,12597000,48919000,10616000
492,13581000,50984000,11072000
493,13585000,50004000,11029000
494,12589000,49005000,10586000
495,13587000,50998000,11031000
496,13577000,49990000,11072000
497,13585000,50008000,11049000
498,13595000,50010000,11004000
499,13581000,49985000,11054000
500,12581000,49000000,10594000
501,13581000,51001000,11056000
502,13581000,49999000,11015000
503,13589000,50008000,11059000
504,13585000,49997000,11016000
505,13589000,50004000,11077000
506,12573000,48983000,10552000
507,12585000,50013000,10438000
508,13587000,51002000,11031000
509,13589000,50001000,11002000
510,13577000,49988000,10971000
511,13611000,50035000,10938000
512,13596000,49985000,11057000
513,13608000,50008000,11162000
514,13605000,50000000,10977000
515,13589000,49985000,10944000
516,13589000,49999000,10910000
517,12585000,48996000,10678000
518,13577000,50993000,10993000
519,13593000,50016000,11101000
520,12608000,49015000,10725000
521,13607000,50999000,10974000
522,13589000,49982000,11074000
523,13596000,50003000,10905000
524,13591000,49995000,10938000
525,12585000,48994000,10835000
526,13585000,50999000,10873000
527,13589000,50004000,10982000
528,13581000,49993000,11088000
529,13577000,49996000,10917000
530,12585000,49007000,10554000
531,13589000,51004000,10993000
532,13581000,49992000,10964000
533,12580000,49000000,10728000
534,13581000,51000000,11052000
535,13585000,50004000,10941000
536,13581000,49996000,11050000
537,13587000,50007000,10943000
538,13589000,50001000,10984000
539,13677000,50089000,11292000
540,12583000,48906000,10492000
541,13581000,50997000,10957000
542,13581000,50001000,10910000
543,13585000,50003000,11029000
544,13588000,50004000,10856000
545,12593000,49005000,10828000
546,12589000,49995000,10662000
547,12593000,50004000,10362000
548,12589000,49996000,10590000
549,13593000,51004000,10910000
550,13595000,50003000,10947000
551,13597000,50001000,10911000
552,13589000,49992000,10941000
553,12599000,49011000,10577000
554,12585000,49985000,10751000
555,13593000,51008000,11068000
556,13589000,49996000,11021000
557,13589000,50001000,10993000
558,12589000,48999000,10337000
559,13585000,50996000,11002000
560,12592000,49008000,10490000
561,13597000,51004000,11007000
562,12597000,49000000,10637000
563,13603000,51007000,10940000
564,13593000,49989000,10981000
565,13589000,49996000,10950000
566,12595000,49007000,10710000
567,12585000,49990000,10534000
568,13593000,51008000,10988000
569,12592000,48999000,10619000
570,13593000,51001000,10851000
571,12589000,48995000,10415000
572,13593000,51005000,10941000
573,13585000,49992000,10984000
574,12592000,49007000,10602000
575,13589000,50996000,10912000
576,12587000,48999000,10612000
577,12593000,50005000,10652000
578,13584000,50992000,10953000
579,13599000,50015000,10922000
580,13581000,49982000,10891000
581,12589000,49008000,10792000
582,13585000,50995000,10896000
583,13599000,50015000,10929000
584,13597000,49997000,11037000
585,13585000,49988000,10941000
586,13589000,50005000,10911000
587,12585000,48995000,10322000
588,13593000,51009000,10907000
589,13595000,50002000,11098000
590,12585000,48990000,10496000
591,13593000,51008000,10879000
592,13594000,50002000,10987000
593,13577000,49982000,10955000
594,12589000,49011000,10648000
595,13589000,51001000,11026000
596,13568000,49980000,11002000
597,13593000,50024000,10962000
598,12593000,49000000,10726000
599,13573000,50980000,10985000
600,13593000,50020000,11001000
601,13589000,49996000,11049000
602,13589000,50000000,11006000
603,13573000,49984000,10978000
604,13585000,50012000,11012000
605,13599000,50014000,10919000
606,13592000,49993000,11021000
607,12593000,49001000,10443000
608,13599000,51006000,10894000
609,13593000,49994000,11072000
610,12605000,49011000,10696000
611,12595000,49991000,10514000
612,12585000,49990000,10406000
613,13589000,51004000,11009000
614,12589000,48999000,10484000
615,13589000,51000000,11023000
616,13596000,50008000,10974000
617,13593000,49997000,11020000
618,13587000,49994000,10985000
619,13597000,50010000,11025000
620,13581000,49983000,10990000
621,13603000,50023000,10958000
622,13589000,49985000,10922000
623,13585000,49996000,10968000
624,13584000,50000000,11071000
625,13573000,49989000,10901000
626,13585000,50012000,10864000
627,13665000,50080000,10982000
628,13673000,50008000,11094000
629,13589000,49915000,10979000
630,13593000,50004000,10889000
631,13595000,50003000,10988000
632,13597000,50002000,10953000
633,13589000,49992000,10921000
634,13595000,50006000,10959000
635,13581000,49986000,10999000
636,13597000,50015000,10963000
637,13593000,49996000,11000000
638,13593000,50000000,11050000
639,13589000,49997000,11014000
640,13593000,50003000,10904000
641,12591000,49000000,10326000
642,13580000,50988000,10906000
643,12593000,49013000,10747000
644,13599000,51006000,10989000
645,12593000,48994000,10619000
646,13589000,50995000,11142000
647,12587000,48999000,10342000
648,12593000,50005000,10297000
649,12593000,50000000,10555000
650,12593000,50000000,10732000
651,12593000,50000000,10345000
652,13593000,51000000,10933000
653,12589000,48997000,10419000
654,12581000,49992000,10518000
655,13596000,51015000,10980000
656,13593000,49996000,10887000
657,13595000,50003000,10920000
658,13589000,49994000,11015000
659,13597000,50007000,10925000
660,13599000,50003000,10956000
661,13589000,49989000,11004000
662,12577000,48989000,10548000
663,13581000,51004000,10932000
664,12577000,48996000,10693000
665,13573000,50996000,10933000
666,13589000,50015000,10975000
667,12601000,49013000,10192000
668,13592000,50992000,10976000
669,12589000,48995000,10686000
670,13599000,51011000,10979000
671,13589000,49990000,10895000
672,13593000,50003000,10922000
673,13599000,50007000,10901000
674,13677000,50078000,10996000
675,13589000,49915000,10897000
676,13599000,50011000,10932000
677,12577000,48977000,10561000
678,13581000,51005000,10880000
679,13597000,50015000,10906000
680,13589000,49993000,10870000
681,13581000,49992000,10919000
682,12581000,48999000,10817000
683,12581000,50001000,10586000
684,12585000,50003000,10812000
685,13581000,50997000,10918000
686,12595000,49014000,10822000
687,13585000,50990000,10864000
688,12589000,49004000,10824000
689,13595000,51006000,10934000
690,12589000,48993000,10825000
691,12589000,50000000,10815000
692,13589000,51000000,10898000
693,13593000,50005000,10888000
694,13577000,49984000,10848000
695,13585000,50008000,10889000
696,13581000,49996000,10923000
697,13601000,50019000,11038000
698,13593000,49992000,10854000
699,13579000,49987000,10897000
700,13589000,50009000,11066000
701,13589000,50000000,10897000
702,13595000,50007000,10862000
703,13581000,49985000,10979000
704,13585000,50004000,10888000
705,13581000,49996000,10903000
706,13592000,50012000,11086000
707,12585000,48993000,10585000
708,13589000,51003000,10894000
709,13593000,50004000,10934000
710,12581000,48988000,10612000
711,13585000,51005000,10928000
712,13591000,50006000,10961000
713,13589000,49997000,11005000
714,13589000,50001000,10901000
715,12587000,48998000,10317000
716,13593000,51006000,10905000
717,13573000,49980000,10935000
718,13576000,50003000,10904000
719,13581000,50004000,10944000
720,13593000,50012000,10908000
721,13581000,49989000,10897000
722,13580000,49999000,10922000
723,13569000,49989000,10955000
724,13589000,50020000,10927000
725,12595000,49006000,10268000
726,12587000,49992000,10509000
727,12585000,49998000,10337000
728,12599000,50014000,10449000
729,12585000,49986000,10344000
730,13569000,50984000,10940000
731,12589000,49019000,10287000
732,12573000,49985000,10524000
733,13593000,51019000,10913000
734,13589000,49996000,10889000
735,13585000,49996000,10936000
736,13589000,50005000,10889000
737,13593000,50004000,10928000
738,13576000,49983000,11033000
739,13593000,50016000,10862000
740,13585000,49992000,10897000
741,13583000,49999000,10931000
742,11927000,48344000,10834000
743,13581000,51653000,11013000
744,11937000,48357000,10836000
745,13577000,51640000,11010000
746,13580000,50003000,10905000
747,12581000,49000000,10253000
748,13581000,51000000,10850000
749,12581000,49000000,10818000
750,13581000,51000000,10849000
751,13589000,50009000,10902000
752,13589000,50000000,10858000
753,12589000,48999000,10829000
754,13595000,51007000,10864000
755,13589000,49993000,10973000
756,13585000,49997000,10933000
757,12591000,49006000,10632000
758,13581000,50989000,10937000
759,13577000,49997000,10910000
760,12589000,49011000,10615000
761,13573000,50984000,10915000
762,12565000,48992000,10543000
763,22997000,60433000,11443000
764,12569000,39567000,10350000
765,13581000,51016000,10938000
766,13572000,49992000,10976000
767,12591000,49019000,10598000
768,13589000,50997000,10907000
769,13577000,49989000,10949000
770,12591000,49014000,10573000
771,13581000,50989000,10958000
772,12589000,49008000,10641000
773,13589000,51000000,10964000
774,13577000,49988000,10928000
775,13580000,50004000,10896000
776,12573000,48993000,10508000
777,13581000,51007000,10980000
778,13557000,49976000,11007000
779,13580000,50024000,10971000
780,12579000,48999000,10602000
781,13573000,50994000,10912000
782,13561000,49988000,10942000
783,13595000,50034000,10913000
784,13585000,49990000,10946000
785,12585000,48999000,10652000
786,13577000,50992000,10889000
787,12589000,49012000,10300000
788,12585000,49997000,10621000
789,13585000,51000000,10925000
790,13589000,50003000,10899000
791,13577000,49989000,10930000
792,13585000,50008000,10957000
793,13591000,50006000,10872000
794,13585000,49994000,10970000
795,13588000,50003000,10941000
796,11929000,48340000,10833000
797,13592000,51664000,10887000
798,13584000,49992000,10838000
799,13581000,49997000,10898000
800,13581000,49999000,10921000
801,13589000,50009000,11032000
802,13593000,50003000,10857000
803,13585000,49993000,11050000
804,13585000,49999000,10856000
805,13585000,50001000,10899000
806,13591000,50006000,10866000
807,13588000,49997000,10901000
808,13589000,50000000,10866000
809,13684000,50095000,10991000
810,13577000,49894000,10888000
811,12589000,49011000,10372000
812,13588000,51000000,10897000
813,13593000,50004000,10932000
814,12593000,49001000,10762000
815,13597000,51003000,10862000
816,12596000,49000000,10693000
817,13589000,50992000,10947000
818,13593000,50004000,10907000
819,13593000,50001000,10896000
820,12593000,48999000,10637000
821,13585000,50993000,10942000
822,13591000,50006000,10846000
823,12577000,48986000,10816000
824,13593000,51015000,10847000
825,13607000,50015000,11033000
826,13589000,49981000,10925000
827,12585000,48997000,10265000
828,13585000,50999000,10918000
829,13589000,50004000,10902000
830,12589000,49001000,10307000
831,12577000,49988000,10837000
832,12589000,50012000,10674000
833,12589000,50000000,10567000
834,13601000,51011000,10888000
835,13595000,49995000,10985000
836,13581000,49985000,10952000
837,12585000,49004000,10585000
838,13595000,51011000,11096000
839,13581000,49985000,10921000
840,13593000,50012000,10955000
841,13585000,49992000,10935000
842,13569000,49984000,10899000
843,13595000,50027000,10865000
844,13581000,49985000,10905000
845,13581000,50001000,10942000
846,12581000,48999000,10144000
847,12589000,50008000,10245000
848,13595000,51007000,10976000
849,13585000,49989000,10892000
850,13581000,49997000,10912000
851,13592000,50011000,10896000
852,13589000,49996000,10919000
853,13589000,50000000,10898000
854,13581000,49992000,10996000
855,13589000,50009000,10964000
856,12593000,49004000,10373000
857,13589000,50996000,10970000
858,12589000,48999000,10522000
859,22997000,60409000,10944000
860,12585000,39584000,10249000
861,13587000,51006000,10909000
862,13585000,49998000,10941000
863,13584000,49999000,10987000
864,12587000,49003000,10809000
865,13585000,50997000,10858000
866,13581000,49997000,10890000
867,13585000,50004000,10923000
868,13581000,49996000,10953000
869,12585000,49004000,10593000
870,13585000,51000000,10893000
871,13585000,50000000,11013000
872,13588000,50003000,10894000
873,12589000,49000000,10528000
874,13583000,50995000,10913000
875,13585000,50002000,10945000
876,13581000,49995000,10914000
877,13597000,50016000,10951000
878,13573000,49976000,10850000
879,12585000,49012000,10818000
880,12581000,49996000,10586000
881,12581000,50001000,10202000
882,13581000,51000000,10861000
883,13658000,50077000,10967000
884,13661000,50003000,10935000
885,11918000,48257000,10839000
886,13585000,51666000,10884000
887,13593000,50008000,10850000
888,12589000,48996000,10818000
889,13581000,50993000,10845000
890,12599000,49018000,10543000
891,12589000,49990000,10225000
892,12589000,50000000,10815000
893,13603000,51014000,10928000
894,13593000,49990000,10890000
895,13596000,50003000,10866000
896,12585000,48989000,10826000
897,13576000,50991000,10877000
898,13596000,50020000,10904000
899,12589000,48992000,10815000
900,12593000,50005000,10640000
901,13585000,50991000,10898000
902,13580000,49996000,10910000
903,13593000,50012000,10896000
904,13585000,49992000,10856000
905,13573000,49989000,10897000
906,13591000,50018000,10870000
907,12588000,48997000,10204000
908,13593000,51004000,10868000
909,12597000,49004000,10830000
910,13585000,50989000,11082000
911,12593000,49007000,10837000
912,13593000,51000000,10879000
913,13597000,50004000,10850000
914,13585000,49988000,10883000
915,13589000,50005000,10850000
916,12603000,49014000,10819000
917,13589000,50986000,10852000
918,13592000,50003000,11038000
919,13595000,50003000,10925000
920,12597000,49001000,10693000
921,13593000,50997000,10871000
922,11927000,48334000,10834000
923,13585000,51657000,10940000
924,13589000,50005000,10900000
925,13597000,50008000,10887000
926,13584000,49987000,10983000
927,13593000,50009000,10952000
928,13593000,49999000,10916000
929,13603000,50010000,10896000
930,13585000,49982000,10924000
931,12593000,49009000,10333000
932,13599000,51006000,10926000
933,12597000,48998000,10416000
934,13593000,50996000,10996000
935,13589000,49996000,10903000
936,13589000,49999000,10944000
937,13589000,50001000,10982000
938,13597000,50007000,10891000
939,13589000,49992000,10846000
940,12593000,49005000,10249000
941,13589000,50996000,10848000
942,13599000,50010000,10949000
943,13585000,49985000,10932000
944,13585000,50000000,10970000
945,13603000,50019000,10946000
946,13592000,49989000,10902000
947,13588000,49996000,10872000
948,13589000,50001000,11121000
949,13585000,49996000,10878000
950,12589000,49003000,10578000
951,13581000,50993000,10947000
952,13589000,50008000,10924000
953,13597000,50008000,11030000
954,13589000,49992000,10847000
955,13580000,49991000,10898000
956,12581000,49001000,10712000
957,13585000,51004000,10899000
958,13680000,50095000,10993000
959,13572000,49892000,10899000
960,13589000,50017000,10883000
961,12595000,49006000,10636000
962,13585000,50989000,10883000
963,12585000,49000000,10783000
964,13581000,50996000,10891000
965,12593000,49012000,10652000
966,13584000,50992000,10948000
967,12589000,49005000,10218000
968,12593000,50003000,10826000
969,12589000,49996000,10810000
970,12589000,50000000,10695000
971,12591000,50003000,10581000
972,12585000,49993000,10824000
973,12589000,50005000,10801000
974,13680000,51090000,10970000
975,13577000,49897000,10870000
976,13585000,50008000,10842000
977,13584000,50000000,10891000
978,13595000,50011000,10847000
979,12581000,48986000,10818000
980,12577000,49995000,10712000
981,13585000,51009000,10903000
982,12585000,48999000,10578000
983,13560000,50976000,10898000
984,13583000,50023000,10932000
985,13565000,49982000,10900000
986,13577000,50012000,10860000
987,12587000,49010000,10207000
988,13593000,51006000,10868000
989,12573000,48980000,10838000
990,13584000,51011000,10884000
991,12589000,49005000,10500000
992,13589000,50999000,10889000
993,13589000,50001000,10926000
994,12601000,49011000,10827000
995,13593000,50993000,10926000
996,13569000,49976000,10957000
997,12591000,49022000,10589000
998,13565000,50974000,10891000
999,13577000,50011000,10929000
1000,13595000,50019000,10971000
1001,13585000,49990000,11012000
1002,13581000,49996000,11055000
1003,13589000,50008000,10944000
1004,13585000,49996000,10977000
1005,13581000,49996000,11019000
1006,13581000,50000000,10987000
1007,13585000,50004000,10955000
1008,12589000,49004000,10589000
1009,13585000,50996000,10960000
1010,12585000,49000000,10738000
1011,13585000,51000000,11045000
1012,13577000,49992000,11007000
1013,13595000,50018000,10975000
1014,13569000,49974000,11008000
1015,13593000,50023000,10976000
1016,13599000,50007000,11006000
1017,13581000,49982000,10986000
1018,13569000,49988000,11011000
1019,13581000,50011000,10987000
1020,13577000,49997000,11168000
1021,13585000,50008000,10992000
1022,13581000,49996000,11034000
1023,13581000,50000000,11073000
1024,13590000,50008000,11045000
1025,13573000,49984000,11083000
1026,13597000,50024000,11125000
1027,12582000,48984000,10453000
1028,13573000,50992000,10972000
1029,14575000,51002000,11986000
1030,13585000,49010000,10974000
1031,13589000,50003000,11231000
1032,13599000,50011000,10991000
1033,13589000,49989000,10955000
1034,13581000,49993000,10989000
1035,13589000,50007000,11043000
1036,13585000,49997000,10990000
1037,12585000,49000000,10628000
1038,13581000,50996000,10867000
1039,13593000,50012000,10971000
1040,13574000,49981000,11005000
1041,13585000,50011000,10973000
1042,13577000,49992000,10946000
1043,13577000,50000000,10913000
1044,13589000,50012000,11020000
1045,13591000,50002000,10926000
1046,13589000,49998000,10952000
1047,13585000,49995000,10924000
1048,13603000,50019000,10889000
1049,13581000,49978000,10929000
1050,12585000,49004000,10825000
1051,13581000,50995000,10939000
1052,13585000,50004000,11602000
1053,13585000,50000000,11009000
1054,13589000,50005000,10904000
1055,13581000,49991000,11015000
1056,13589000,50009000,10979000
1057,13589000,49999000,11024000
1058,13589000,50001000,10924000
1059,13585000,49995000,11030000
1060,13589000,50004000,10993000
1061,14591000,51003000,11933000
1062,13589000,48998000,11003000
1063,13581000,49991000,11045000
1064,13591000,50011000,10931000
1065,12589000,48997000,10636000
1066,13585000,50996000,10940000
1067,12585000,49000000,10288000
1068,13585000,51001000,11011000
1069,13569000,49983000,11059000
1070,12589000,49020000,10607000
1071,14589000,52001000,12030000
1072,13593000,49004000,10952000
1073,13589000,49996000,10857000
1074,13589000,49999000,10975000
1075,13581000,49993000,10938000
1076,14585000,51004000,12008000
1077,13587000,49002000,11005000
1078,13585000,49997000,10973000
1079,13573000,49989000,11010000
1080,14599000,51026000,12019000
1081,13585000,48985000,11158000
1082,13581000,49997000,11818000
1083,12595000,49014000,10830000
1084,13581000,50986000,11138000
1085,13589000,50008000,10905000
1086,13585000,49996000,10861000
1087,12589000,49003000,10143000
1088,13569000,50981000,10867000
1089,12589000,49020000,10568000
1090,13565000,50976000,10889000
1091,14581000,51016000,11891000
1092,14585000,50004000,11849000
1093,13595000,49010000,10921000
1094,14581000,50986000,11926000
1095,14593000,50012000,11897000
1096,13595000,49002000,10887000
1097,13565000,49970000,10932000
1098,13589000,50023000,11734000
1099,12595000,49007000,10593000
1100,13589000,50994000,11742000
1101,13589000,49999000,10871000
1102,13577000,49989000,10903000
1103,12585000,49008000,10524000
1104,13585000,51000000,10904000
1105,12589000,49003000,10604000
1106,13585000,50997000,10847000
1107,13589000,50004000,10888000
1108,12589000,49000000,10495000
1109,13587000,50998000,10895000
1110,14585000,50998000,11889000
1111,14593000,50007000,11929000
1112,13591000,48999000,10926000
1113,13593000,50002000,10902000
1114,12581000,48987000,10314000
1115,13599000,51019000,11601000
1116,13581000,49982000,11010000
1117,13585000,50004000,10905000
1118,14577000,50992000,12060000
1119,13589000,49012000,11546000
1120,14585000,50996000,11919000
1121,14577000,49992000,11960000
1122,14593000,50016000,11933000
1123,14585000,49992000,11897000
1124,14581000,49995000,11858000
1125,12593000,48013000,10306000
1126,14577000,51984000,11931000
1127,14585000,50008000,11907000
1128,14591000,50006000,11937000
1129,13577000,48986000,10945000
1130,13589000,50011000,11460000
1131,13595000,50007000,11644000
1132,13589000,49994000,10910000
1133,14577000,50988000,11989000
1134,14589000,50012000,11889000
1135,14589000,50000000,11925000
1136,14589000,49999000,11893000
1137,14573000,49985000,11930000
1138,14589000,50016000,11907000
1139,13662000,49072000,11523000
1140,14665000,51004000,12048000
1141,14680000,50015000,12089000
1142,13589000,48909000,11003000
1143,14581000,50992000,12016000
1144,14587000,50006000,11980000
1145,13585000,48998000,11681000
1146,14573000,50988000,11920000
1147,12591000,48018000,10226000
1148,13573000,50982000,11652000
1149,14573000,50999000,11963000
1150,13593000,49020000,11657000
1151,14681000,51089000,12049000
1152,14585000,49904000,12002000
1153,14585000,50000000,11908000
1154,13585000,48999000,11456000
1155,14581000,50997000,11910000
1156,14585000,50004000,11943000
1157,13592000,49006000,11364000
1158,13577000,49986000,11611000
1159,13589000,50012000,11373000
1160,14599000,51010000,11890000
1161,14581000,49982000,11934000
1162,13585000,49004000,11628000
1163,14591000,51006000,11863000
1164,14585000,49993000,11899000
1165,13577000,48993000,11385000
1166,14589000,51012000,11970000
1167,14589000,50000000,11942000
1168,13581000,48992000,11424000
1169,14584000,51002000,11947000
1170,12585000,48002000,10466000
1171,14589000,52004000,11892000
1172,14585000,49995000,11990000
1173,14600000,50015000,11962000
1174,13569000,48970000,11795000
1175,14577000,51008000,11963000
1176,14583000,50006000,11932000
1177,14589000,50006000,11973000
1178,14581000,49992000,11937000
1179,14603000,50022000,11905000
1180,14577000,49974000,11942000
1181,14577000,50000000,11910000
1182,14585000,50008000,11883000
1183,13589000,49004000,11644000
1184,13589000,50000000,11548000
1185,14593000,51004000,11925000
1186,14597000,50003000,12049000
1187,14589000,49993000,11930000
1188,14577000,49988000,11894000
1189,14581000,50004000,11868000
1190,13581000,48999000,11557000
1191,13589000,50009000,11669000
1192,14592000,51002000,11837000
1193,13589000,48997000,11819000
1194,13573000,49985000,11290000
1195,14595000,51022000,11898000
1196,13585000,48990000,11426000
1197,13577000,49992000,11402000
1198,13585000,50008000,11577000
1199,13589000,50004000,11558000
1200,14589000,51000000,11923000
1201,13581000,48992000,11623000
1202,14585000,51003000,11941000
1203,14589000,50004000,11970000
1204,14589000,50001000,11937000
1205,14593000,50004000,11906000
1206,13593000,49000000,11669000
1207,13589000,49996000,11286000
1208,13579000,49990000,11459000
1209,14585000,51006000,12063000
1210,13589000,49004000,11329000
1211,14587000,50998000,11922000
1212,13593000,49005000,11615000
1213,14593000,51001000,11935000
1214,14581000,49988000,11899000
1215,14589000,50008000,11941000
1216,13589000,49000000,11568000
1217,14593000,51004000,11938000
1218,14593000,49999000,11988000
1219,13585000,48993000,11551000
1220,14573000,50988000,11851000
1221,14589000,50016000,11974000
1222,14585000,49996000,11925000
1223,14589000,50004000,11901000
1224,14599000,50010000,11930000
1225,14589000,49990000,11976000
1226,14589000,50000000,11932000
1227,13595000,49006000,11202000
1228,14589000,50993000,11933000
1229,14593000,50004000,11905000
1230,14573000,49981000,11934000
1231,14589000,50015000,11976000
1232,13589000,49001000,11597000
1233,14589000,51000000,11912000
1234,14573000,49984000,11958000
1235,14581000,50008000,11991000
1236,13589000,49007000,11399000
1237,14573000,50985000,11864000
1238,14582000,50008000,11888000
1239,13581000,49000000,11801000
1240,13605000,50023000,11624000
1241,13589000,49985000,11243000
1242,14589000,51000000,11898000
1243,14583000,49994000,11947000
1244,14589000,50006000,11915000
1245,14577000,49988000,11888000
1246,14577000,50000000,11912000
1247,13581000,49004000,11533000
1248,13581000,50000000,11787000
1249,13573000,49992000,11822000
1250,13577000,50004000,11520000
1251,12914000,49337000,11843000
1252,13589000,50675000,11809000
1253,14677000,51088000,11918000
1254,13589000,48911000,11803000
1255,13589000,50001000,11778000
1256,13603000,50014000,11820000
1257,13577000,49973000,11784000
1258,13589000,50012000,11466000
1259,13596000,50007000,11789000
1260,13577000,49981000,11816000
1261,13589000,50012000,11795000
1262,13589000,50001000,11826000
1263,14581000,50992000,11867000
1264,13589000,49008000,11827000
1265,13589000,50000000,11806000
1266,14585000,50995000,11841000
1267,13577000,48993000,11252000
1268,13589000,50012000,11224000
1269,13581000,49992000,11826000
1270,13569000,49988000,11711000
1271,13589000,50019000,11681000
1272,13587000,49999000,11791000
1273,14590000,51002000,11896000
1274,14569000,49980000,11862000
1275,14587000,50018000,11956000
1276,13678000,49090000,11581000
1277,13593000,49916000,11828000
1278,14581000,50988000,11861000
1279,13593000,49012000,11628000
1280,14585000,50992000,11863000
1281,14577000,49992000,11903000
1282,13585000,49008000,11520000
1283,14589000,51004000,11912000
1284,14578000,49988000,11949000
1285,13585000,49008000,11726000
1286,14589000,51004000,11888000
1287,13581000,48992000,11788000
1288,13595000,50014000,11128000
1289,13589000,49994000,11793000
1290,13589000,50000000,11406000
1291,14583000,50994000,11870000
1292,13585000,49002000,11203000
1293,13589000,50004000,11803000
1294,13581000,49992000,11703000
1295,13589000,50008000,11809000
1296,14589000,50999000,11840000
1297,13589000,49000000,11182000
1298,13581000,49992000,11155000
1299,13573000,49993000,11755000
1300,13581000,50007000,11788000
1301,13569000,49988000,11832000
1302,14585000,51017000,11852000
1303,14669000,50084000,11905000
1304,13603000,48934000,11799000
1305,13569000,49966000,11563000
1306,14585000,51016000,11864000
1307,13591000,49006000,11079000
1308,13589000,49998000,11602000
1309,13589000,50000000,11572000
1310,13589000,49999000,11456000
1311,14589000,51000000,11850000
1312,13585000,48997000,11810000
1313,13585000,50000000,11720000
1314,13601000,50016000,11755000
1315,14573000,50972000,11865000
1316,14585000,50012000,11897000
1317,13573000,48988000,11388000
1318,13585000,50012000,11696000
1319,14589000,51004000,11868000
1320,14591000,50002000,11908000
1321,13577000,48986000,11459000
1322,14581000,51004000,11841000
1323,14595000,50014000,11892000
1324,13584000,48988000,11506000
1325,13577000,49994000,11474000
1326,14589000,51012000,11856000
1327,13585000,48996000,11139000
1328,14589000,51004000,11854000
1329,13589000,49000000,11485000
1330,13585000,49996000,11796000
1331,14589000,51004000,11972000
1332,13581000,48992000,11597000
1333,14593000,51011000,11917000
1334,14577000,49985000,11883000
1335,14585000,50008000,11918000
1336,14599000,50014000,11947000
1337,14601000,50001000,12067000
1338,14577000,49977000,11887000
1339,14591000,50014000,11928000
1340,13585000,48994000,11553000
1341,13589000,50004000,11236000
1342,14595000,51006000,11890000
1343,14577000,49982000,11887000
1344,13589000,49012000,11708000
1345,14589000,51000000,11873000
1346,13597000,49008000,11150000
1347,14577000,50980000,12023000
1348,14581000,50004000,11922000
1349,13593000,49012000,11560000
1350,14577000,50983000,11856000
1351,14585000,50009000,11895000
1352,13587000,49002000,11505000
1353,13661000,50074000,11627000
1354,14657000,50996000,11934000
1355,14587000,49930000,11902000
1356,14589000,50002000,11869000
1357,14589000,49999000,11903000
1358,13595000,49007000,11602000
1359,14577000,50982000,11845000
1360,13589000,49011000,11526000
1361,12918000,49330000,11842000
1362,13589000,50670000,11534000
1363,14589000,51000000,11848000
1364,13581000,48992000,11463000
1365,14585000,51005000,11862000
1366,14585000,50000000,11889000
1367,13585000,49000000,11660000
1368,14603000,51018000,11891000
1369,14573000,49970000,11864000
1370,13589000,49015000,11206000
1371,14595000,51007000,11941000
1372,13589000,48994000,11346000
1373,13573000,49983000,11322000
1374,13591000,50019000,11776000
1375,13573000,49981000,11532000
1376,13581000,50008000,11781000
1377,13573000,49993000,11758000
1378,13589000,50015000,11785000
1379,13589000,50001000,11825000
1380,13589000,49999000,11652000
1381,13585000,49996000,11636000
1382,13573000,49989000,11161000
1383,13585000,50011000,11771000
1384,13587000,50003000,11803000
1385,12924000,49337000,11842000
1386,13589000,50665000,11808000
1387,13591000,50002000,11090000
1388,13592000,50001000,11813000
1389,13581000,49989000,11793000
1390,13595000,50014000,11758000
1391,13585000,49989000,11721000
1392,13585000,50000000,11754000
1393,13591000,50007000,11515000
1394,13581000,49990000,11766000
1395,14665000,51084000,11933000
1396,14661000,49996000,11901000
1397,13573000,48912000,11327000
1398,13585000,50012000,11709000
1399,13585000,50000000,11817000
1400,13595000,50010000,11777000
1401,13577000,49982000,11190000
1402,13585000,50008000,11786000
1403,13591000,50006000,11817000
1404,13589000,49998000,11793000
1405,13573000,49984000,11831000
1406,13611000,50038000,11508000
1407,14681000,51070000,11900000
1408,13589000,48908000,11733000
1409,13585000,49996000,11766000
1410,13589000,50003000,11453000
1411,13570000,49981000,11347000
1412,14585000,51015000,11944000
1413,14585000,50000000,11861000
1414,14589000,50004000,11887000
1415,14589000,50001000,11849000
1416,14589000,49999000,11889000
1417,14585000,49996000,11859000
1418,13585000,49000000,11823000
1419,14680000,51096000,11936000
1420,13593000,48913000,11480000
1421,13581000,49988000,11098000
1422,12925000,49344000,11834000
1423,13589000,50664000,11808000
1424,14585000,50996000,11839000
1425,14589000,50004000,11878000
1426,13577000,48988000,11488000
1427,14581000,51004000,11891000
1428,14589000,50008000,11850000
1429,14589000,49999000,11898000
1430,13581000,48993000,11372000
1431,13589000,50007000,11823000
1432,13589000,50000000,11448000
1433,13593000,50004000,11345000
1434,14578000,50985000,11858000
1435,13595000,49018000,11838000
1436,13593000,49998000,11523000
1437,13569000,49975000,11835000
1438,13599000,50031000,11813000
1439,13589000,49990000,11781000
1440,13585000,49996000,11464000
1441,13589000,50004000,11228000
1442,14593000,51004000,11889000
1443,13589000,48996000,11789000
1444,13585000,49995000,11479000
1445,14589000,51005000,11887000
1446,14578000,49988000,11897000
1447,13585000,49008000,11318000
1448,13593000,50008000,11433000
1449,14581000,50988000,11888000
1450,13581000,49000000,11360000
1451,13587000,50006000,11814000
1452,13593000,50006000,11423000
1453,14577000,50984000,11890000
1454,13576000,48998000,11502000
1455,14585000,51010000,11905000
1456,14589000,50004000,12001000
1457,14589000,50000000,11900000
1458,14586000,49996000,11866000
1459,12918000,48333000,11841000
1460,13589000,50671000,11811000
1461,14581000,50992000,11920000
1462,13585000,49004000,11821000
1463,13589000,50004000,11720000
1464,12910000,49320000,11831000
1465,14593000,51684000,11992000
1466,13577000,48984000,11818000
1467,13587000,50010000,11091000
1468,13589000,50002000,11544000
1469,13577000,49988000,11794000
1470,13583000,50006000,11821000
1471,14585000,51002000,11870000
1472,14585000,50000000,11842000
1473,14581000,49995000,11877000
1474,13589000,49009000,11767000
1475,13589000,50000000,11818000
1476,13585000,49996000,11782000
1477,13678000,50092000,11559000
1478,13581000,49904000,11509000
1479,14589000,51008000,11892000
1480,13593000,49004000,11798000
1481,13589000,49995000,11773000
1482,13585000,49996000,11166000
1483,14587000,51003000,11897000
1484,13585000,48997000,11726000
1485,13585000,50001000,11774000
1486,14591000,51006000,11869000
1487,13593000,49002000,11771000
1488,14681000,51088000,11887000
1489,13593000,48912000,11717000
1490,13581000,49988000,11318000
1491,13589000,50008000,11648000
1492,13585000,49996000,11752000
1493,23997000,60412000,12243000
1494,13674000,39673000,11820000
1495,14593000,50923000,11857000
1496,13593000,49000000,11767000
1497,13577000,49984000,11800000
1498,13589000,50012000,11692000
1499,13595000,50006000,11745000
1500,13585000,49990000,11771000
1501,13585000,50000000,11745000
1502,13595000,50010000,11779000
1503,13589000,49993000,11257000
1504,13582000,49993000,11640000
1505,13585000,50004000,11819000
1506,13581000,49995000,11292000
1507,13581000,50001000,11190000
1508,13581000,50000000,11297000
1509,13589000,50008000,11767000
1510,13573000,49984000,11796000
1511,13581000,50008000,11771000
1512,13577000,49996000,11742000
1513,13589000,50012000,11708000
1514,13577000,49988000,11738000
1515,13607000,50030000,11783000
1516,14593000,50986000,11946000
1517,14589000,49992000,11918000
1518,13603000,49018000,11749000
1519,13589000,49986000,11721000
1520,13581000,49992000,11755000
1521,14587000,51006000,11862000
1522,13585000,48998000,11759000
1523,14597000,51011000,11888000
1524,13577000,48981000,11201000
1525,13585000,50008000,11808000
1526,13593000,50007000,11698000
1527,14597000,51000000,11879000
1528,14581000,49984000,11846000
1529,13597000,49017000,11824000
1530,13577000,49980000,11785000
1531,13603000,50026000,11765000
1532,13589000,49986000,11370000
1533,13593000,50004000,11766000
1534,13597000,50003000,11367000
1535,13589000,49993000,11771000
1536,13590000,50000000,11805000
1537,12928000,49338000,11840000
1538,13585000,50658000,11805000
1539,13577000,49992000,11779000
1540,13588000,50012000,11810000
1541,13581000,49992000,11644000
1542,13586000,50004000,11752000
1543,13593000,50008000,11724000
1544,13592000,50000000,11684000
1545,13574000,49980000,11724000
1546,13585000,50012000,11681000
1547,13599000,50014000,11106000
1548,13593000,49994000,11771000
1549,13589000,49996000,11745000
1550,13599000,50010000,11484000
1551,13593000,49994000,11750000
1552,13577000,49984000,11771000
1553,13596000,50018000,11820000
1554,13589000,49994000,11785000
1555,13589000,49999000,11753000
1556,13589000,50001000,11797000
1557,13585000,49996000,11754000
1558,13585000,50000000,11436000
1559,14593000,51008000,11902000
1560,13593000,49000000,11727000
1561,13593000,50000000,11774000
1562,13589000,49996000,11737000
1563,13599000,50010000,11712000
1564,13593000,49993000,11387000
1565,13589000,49997000,11428000
1566,13603000,50014000,11677000
1567,13681000,50078000,11154000
1568,13589000,49908000,11752000
1569,13591000,50002000,11443000
1570,13601000,50010000,11681000
1571,13597000,49996000,11660000
1572,13597000,50000000,11690000
1573,13589000,49992000,11241000
1574,13593000,50004000,11418000
1575,14589000,50996000,11941000
1576,13589000,49000000,11355000
1577,13581000,49992000,11673000
1578,13593000,50012000,11424000
1579,13577000,49984000,11693000
1580,13581000,50004000,11720000
1581,13589000,50008000,11123000
1582,13595000,50006000,11366000
1583,13593000,49998000,11473000
1584,13585000,49992000,11789000
1585,13593000,50008000,11409000
1586,13580000,49988000,11306000
1587,13593000,50012000,11627000
1588,13585000,49992000,11738000
1589,13593000,50008000,11704000
1590,13581000,49988000,11669000
1591,13589000,50008000,11780000
1592,13585000,49996000,11681000
1593,13601000,50016000,11572000
1594,13601000,49999000,11677000
1595,13593000,49993000,11457000
1596,13589000,49996000,11269000
1597,13593000,50003000,11388000
1598,13595000,50003000,11703000
1599,13581000,49986000,11455000
1600,13586000,50004000,11280000
1601,13591000,50006000,11746000
1602,14585000,50994000,11842000
1603,13589000,49004000,11751000
1604,13585000,49996000,11372000
1605,13589000,50003000,11409000
1606,13581000,49993000,11789000
1607,13593000,50011000,11754000
1608,13577000,49984000,11783000
1609,13589000,50012000,11767000
1610,13569000,49981000,11519000
1611,13581000,50011000,11779000
1612,13593000,50013000,11250000
1613,13577000,49983000,11572000
1614,13584000,50007000,11391000
1615,13589000,50006000,11787000
1616,13593000,50003000,11747000
1617,13587000,49995000,11720000
1618,13589000,50001000,11471000
1619,13585000,49997000,11725000
1620,13577000,49992000,11758000
1621,13573000,49996000,11730000
1622,13581000,50008000,11693000
1623,13585000,50003000,11740000
1624,12910000,49326000,11832000
1625,13588000,50679000,11667000
1626,13582000,49992000,11141000
1627,13589000,50008000,11265000
1628,13589000,50000000,11363000
1629,13589000,49999000,11755000
1630,13588000,49999000,11434000
1631,13581000,49993000,11826000
1632,13577000,49996000,11505000
1633,13583000,50007000,11763000
1634,13593000,50010000,11726000
1635,13589000,49995000,11764000
1636,13593000,50005000,11652000
1637,13593000,50000000,11557000
1638,13581000,49987000,11374000
1639,13589000,50008000,11765000
1640,13573000,49984000,11660000
1641,13585000,50013000,11356000
1642,13589000,50004000,11458000
1643,13578000,49988000,11717000
1644,13589000,50012000,11677000
1645,13577000,49988000,11725000
1646,13672000,50095000,11462000
1647,14577000,50905000,11923000
1648,13589000,49012000,11755000
1649,14673000,51083000,11865000
1650,13593000,48925000,11759000
1651,13673000,50080000,11799000
1652,13665000,49992000,11412000
1653,13589000,49924000,11665000
1654,13585000,49995000,11483000
1655,13589000,50005000,11668000
1656,13585000,49995000,11778000
1657,13585000,50001000,11746000
1658,13569000,49983000,11212000
1659,13589000,50020000,11271000
1660,13585000,49997000,11785000
1661,13573000,49988000,11681000
1662,13592000,50019000,11431000
1663,13573000,49980000,11480000
1664,13581000,50009000,11734000
1665,13591000,50010000,11636000
1666,13593000,50002000,11168000
1667,13581000,49988000,11287000
1668,13595000,50014000,11745000
1669,13589000,49993000,11289000
1670,13577000,49988000,11383000
1671,13589000,50013000,11788000
1672,13593000,50004000,11397000
1673,13570000,49976000,11789000
1674,13581000,50012000,11394000
1675,13590000,50008000,11739000
1676,13577000,49988000,11408000
1677,13589000,50012000,11800000
1678,13603000,50014000,11409000
1679,13593000,49990000,11736000
1680,13585000,49992000,11700000
1681,13591000,50006000,11742000
1682,13589000,49998000,11709000
1683,13585000,49996000,11816000
1684,13595000,50010000,11784000
1685,13585000,49990000,11752000
1686,13586000,50000000,11716000
1687,13593000,50007000,11142000
1688,13573000,49981000,11791000
1689,13585000,50012000,11763000
1690,13585000,50000000,11732000
1691,13593000,50007000,11712000
1692,13593000,50000000,11381000
1693,13585000,49993000,11349000
1694,13587000,50002000,11665000
1695,13577000,49990000,11424000
1696,13585000,50008000,11681000
1697,13587000,50002000,11785000
1698,15581000,51993000,13412000
1699,13585000,48005000,11088000
1700,13599000,50014000,11755000
1701,13582000,49982000,11804000
1702,15577000,51995000,13568000
1703,13591000,48015000,11797000
1704,13593000,50002000,11828000
1705,13574000,49980000,11808000
1706,15595000,52022000,13226000
1707,13562000,47970000,11045000
1708,13589000,50024000,11714000
1709,13587000,49998000,11681000
1710,15592000,52005000,13099000
1711,13585000,47993000,11745000
1712,13591000,50006000,11725000
1713,13589000,49998000,11346000
1714,15592000,52003000,13116000
1715,13591000,47999000,11695000
1716,13589000,49998000,11736000
1717,13578000,49988000,11708000
1718,15599000,52022000,13193000
1719,13577000,47978000,11078000
1720,13581000,50004000,11669000
1721,14607000,51026000,11910000
1722,15592000,50985000,13200000
1723,13581000,47989000,11640000
1724,13575000,49994000,11762000
1725,13590000,50014000,11797000
1726,15577000,51987000,13158000
1727,13587000,48011000,11164000
1728,13589000,50002000,11767000
1729,13581000,49992000,11802000
1730,15584000,52002000,13084000
1731,13586000,48002000,11673000
1732,13581000,49996000,11783000
1733,13676000,50095000,11339000
1734,15597000,51920000,13525000
1735,13569000,47972000,11115000
1736,14579000,51011000,11845000
1737,13589000,49010000,11693000
1738,15584000,51995000,13463000
1739,13599000,48015000,11754000
1740,13581000,49982000,11731000
1741,13581000,50000000,11835000
1742,15580000,51999000,13193000
1743,13581000,48001000,11133000
1744,13585000,50004000,11741000
1745,13605000,50020000,11771000
1746,15588000,51983000,12918000
1747,13581000,47992000,11086000
1748,13603000,50023000,11749000
1749,13569000,49966000,11794000
1750,15581000,52012000,13484000
1751,13575000,47994000,11781000
1752,13577000,50001000,11261000
1753,13585000,50009000,11442000
1754,15596000,52011000,13564000
1755,13589000,47992000,11098000
1756,13589000,50000000,11705000
1757,13585000,49996000,11743000
1758,15584000,52000000,13509000
1759,13585000,48000000,11381000
1760,13599000,50015000,11781000
1761,13593000,49993000,11471000
1762,15604000,52012000,13443000
1763,13591000,47987000,11131000
1764,13581000,49990000,11731000
1765,13589000,50008000,11767000
1766,15589000,51999000,13534000
1767,13569000,47981000,11128000
1768,13585000,50015000,11798000
1769,13581000,49997000,11763000
1770,15600000,52019000,13128000
1771,13589000,47989000,11703000
1772,13603000,50014000,11185000
1773,13581000,49978000,11018000
1774,15596000,52015000,13344000
1775,13595000,47999000,11783000
1776,13593000,49998000,11396000
1777,13590000,49996000,11789000
1778,15589000,51999000,13486000
1779,13589000,48000000,11100000
1780,13589000,50001000,11700000
1781,13585000,49996000,11738000
1782,15577000,51991000,13358000
1783,13561000,47985000,11665000
1784,13581000,50020000,11635000
1785,13577000,49996000,11532000
1786,15577000,51999000,13446000
1787,13583000,48007000,11065000
1788,13585000,50001000,11367000
1789,13586000,50001000,11822000
1790,15588000,52003000,13253000
1791,13573000,47985000,11198000
1792,13585000,50012000,11589000
1793,13589000,50004000,11342000
1794,15592000,52003000,13321000
1795,13586000,47993000,11696000
1796,13581000,49996000,11677000
1797,13589000,50008000,11294000
1798,15593000,52003000,13001000
1799,13578000,47985000,11636000
1800,13593000,50016000,11461000
1801,13581000,49988000,11726000
1802,15584000,52003000,13204000
1803,13586000,48001000,11507000
1804,13578000,49992000,11620000
1805,13570000,49992000,11521000
1806,15592000,52023000,13357000
1807,13581000,47989000,10898000
1808,13589000,50008000,11413000
1809,13585000,49996000,11601000
1810,15589000,52003000,13087000
1811,13573000,47985000,11602000
1812,13585000,50012000,11573000
1813,13585000,49999000,11269000
1814,15576000,51992000,13313000
1815,13573000,47997000,11607000
1816,13585000,50012000,11654000
1817,13581000,49996000,11695000
1818,15589000,52008000,13116000
1819,13581000,47992000,11069000
1820,13585000,50004000,11673000
1821,13585000,50000000,11636000
1822,15581000,51995000,13127000
1823,13589000,48009000,11082000
1824,13585000,49996000,11673000
1825,13589000,50004000,11718000
1826,15596000,52007000,13149000
1827,13569000,47973000,11225000
1828,13593000,50024000,11063000
1829,13673000,50080000,11737000
1830,15589000,51916000,13166000
1831,13581000,47992000,11795000
1832,13589000,50008000,11628000
1833,13593000,50004000,11311000
1834,15596000,52003000,13368000
1835,13589000,47992000,11178000
1836,13581000,49993000,11645000
1837,13585000,50003000,11610000
1838,15576000,51992000,13374000
1839,13589000,48013000,11673000
1840,13593000,50004000,11576000
1841,13581000,49988000,11143000
1842,15584000,52003000,13385000
1843,13569000,47985000,11762000
1844,13585000,50016000,11739000
1845,13581000,49996000,11155000
1846,15576000,51995000,13331000
1847,13577000,48001000,11146000
1848,13593000,50015000,10896000
1849,13601000,50008000,11157000
1850,15584000,51984000,13558000
1851,13585000,48001000,11150000
1852,13581000,49996000,11331000
1853,13585000,50004000,11438000
1854,15592000,52007000,13573000
1855,13573000,47981000,11023000
1856,13585000,50012000,11628000
1857,13573000,49988000,11744000
1858,15592000,52019000,13355000
1859,13585000,47993000,11602000
1860,13581000,49996000,11779000
1861,13585000,50004000,11685000
1862,15588000,52003000,13381000
1863,13581000,47993000,11112000
1864,13589000,50008000,11645000
1865,13573000,49984000,11768000
1866,15651000,52078000,13611000
1867,13589000,47938000,11056000
1868,14605000,51015000,11929000
1869,14609000,50001000,11914000
1870,15596000,50991000,13461000
1871,13577000,47980000,11696000
1872,13585000,50009000,11733000
1873,13577000,49992000,11708000
1874,15592000,52015000,13472000
1875,14597000,49005000,11847000
1876,13601000,49004000,11392000
1877,13609000,50008000,11720000
1878,15608000,51999000,13644000
1879,13581000,47969000,11785000
1880,13597000,50016000,11685000
1881,13597000,50000000,11744000
1882,15601000,52003000,13420000
1883,13581000,47981000,11027000
1884,13597000,50016000,11704000
1885,13597000,50000000,11753000
1886,15596000,51999000,13589000
1887,14593000,48997000,11939000
1888,13597000,49004000,11640000
1889,13589000,49992000,11755000
1890,13605000,50016000,11652000
1891,13593000,49988000,11260000
1892,13589000,49996000,11231000
1893,13589000,50000000,11346000
1894,13594000,50004000,11665000
1895,13589000,49996000,11695000
1896,13589000,50000000,11749000
1897,13590000,50000000,11703000
1898,13581000,49992000,11673000
1899,13589000,50008000,11150000
1900,13593000,50004000,11747000
1901,13581000,49988000,11719000
1902,13577000,49996000,11689000
1903,13574000,49996000,11717000
1904,13585000,50011000,11681000
1905,13578000,49993000,11665000
1906,14593000,51016000,11894000
1907,13673000,49080000,11735000
1908,13665000,49992000,11712000
1909,13677000,50012000,11741000
1910,13585000,49908000,11636000
1911,13589000,50004000,11742000
1912,13593000,50004000,11644000
1913,13589000,49996000,11609000
1914,13582000,49992000,11652000
1915,13589000,50008000,11546000
1916,13595000,50006000,11648000
1917,13589000,49994000,11636000
1918,13585000,49996000,11585000
1919,13589000,50004000,11619000
1920,13593000,50004000,11601000
1921,13581000,49988000,11707000
1922,13593000,50012000,11667000
1923,13589000,49996000,11640000
1924,13585000,49996000,11391000
1925,13593000,50008000,11718000
1926,13589000,49996000,11201000
1927,13589000,50000000,10944000
1928,13581000,49992000,11611000
1929,13581000,50000000,11665000
1930,13593000,50012000,11698000
1931,13589000,49996000,11510000
1932,13593000,50004000,11636000
1933,13597000,50004000,11385000
1934,13581000,49983000,11564000
1935,13597000,50016000,11669000
1936,13597000,50000000,11632000
1937,13597000,50000000,11677000
1938,13607000,50011000,11640000
1939,13593000,49986000,10973000
1940,13597000,50004000,11644000
1941,13581000,49984000,10995000
1942,13593000,50012000,11585000
1943,13593000,50000000,11615000
1944,13573000,49980000,11666000
1945,13593000,50020000,11702000
1946,13597000,50004000,11661000
1947,13594000,49996000,10934000
1948,14585000,50992000,11871000
1949,13589000,49004000,11708000
1950,13592000,50002000,11751000
1951,13585000,49994000,11636000
1952,13593000,50008000,11463000
1953,13603000,50010000,11725000
1954,13613000,50009000,11758000
1955,13597000,49985000,11730000
1956,13589000,49992000,11696000
1957,13593000,50004000,11307000
1958,13589000,49996000,11695000
1959,13581000,49992000,11391000
1960,13593000,50012000,11708000
1961,13593000,50000000,11680000
1962,13580000,49986000,11726000
1963,13589000,50010000,11602000
1964,13585000,49996000,11499000
1965,13585000,50000000,11619000
1966,13593000,50008000,11577000
1967,13589000,49996000,11619000
1968,13599000,50010000,11585000
1969,13589000,49990000,11631000
1970,13577000,49988000,11593000
1971,13589000,50012000,11581000
1972,13589000,50000000,11601000
1973,13597000,50008000,11585000
1974,13591000,49994000,11542000
1975,13577000,49986000,11572000
1976,13597000,50020000,11327000
1977,13599000,50002000,11722000
1978,12928000,49329000,11834000
1979,13581000,50653000,11577000
1980,13595000,50014000,11755000
1981,13585000,49990000,11731000
1982,13589000,50004000,11343000
1983,13585000,49996000,11671000
1984,13589000,50004000,11707000
1985,13585000,49996000,11745000
1986,13603000,50018000,11700000
1987,13585000,49982000,11053000
1988,13593000,50008000,11644000
1989,13595000,50002000,11623000
1990,13597000,50001000,11652000
1991,13589000,49993000,11677000
1992,13603000,50014000,11577000
1993,13581000,49978000,11627000
1994,13581000,50000000,11589000
1995,13591000,50010000,11689000
1996,13593000,50001000,11661000
1997,13585000,49993000,11703000
1998,13587000,50002000,11593000
1999,13581000,49994000,11077000
2000,13593000,50011000,11668000
2001,13599000,50007000,11291000
2002,13585000,49986000,11673000
2003,13581000,49996000,11496000
2004,13587000,50006000,11615000
2005,13589000,50002000,11510000
2006,13589000,50000000,11685000
2007,13591000,50002000,11656000
2008,13589000,49998000,11271000
2009,13593000,50004000,11660000
2010,13589000,49996000,11696000
2011,13586000,49996000,11037000
2012,13593000,50008000,11347000
2013,13577000,49983000,11605000
2014,13589000,50013000,11644000
2015,13589000,50000000,11049000
2016,13593000,50004000,11782000
2017,13581000,49988000,11685000
2018,13597000,50016000,11652000
2019,13577000,49980000,11619000
2020,13585000,50008000,11593000
2021,13593000,50008000,11561000
2022,13581000,49988000,11661000
2023,13580000,49998000,11563000
2024,13589000,50010000,11597000
2025,13593000,50003000,11640000
2026,13595000,50003000,11681000
2027,13581000,49986000,10944000
2028,13585000,50004000,11669000
2029,13668000,50083000,11726000
2030,13589000,49921000,11685000
2031,13593000,50004000,11652000
2032,13593000,50000000,11615000
2033,13581000,49988000,11660000
2034,13585000,50004000,11690000
2035,13589000,50004000,11452000
2036,13573000,49984000,11711000
2037,13581000,50008000,10972000
2038,13593000,50012000,11708000
2039,13593000,50000000,11681000
2040,13577000,49984000,11717000
2041,13593000,50016000,11685000
2042,13595000,50002000,11718000
2043,13593000,49998000,11689000
2044,13581000,49988000,11723000
2045,13583000,50002000,11693000
2046,13677000,50094000,11164000
2047,13585000,49912000,11064000
2048,13589000,50004000,11726000
2049,13581000,49992000,11697000
2050,13589000,50008000,11732000
2051,13566000,49976000,11077000
2052,13582000,50016000,11746000
2053,13585000,50004000,11640000
2054,13589000,50004000,11673000
2055,13595000,50006000,11714000
2056,13593000,49997000,11254000
2057,13581000,49989000,11364000
2058,13592000,50010000,11685000
2059,13569000,49978000,11589000
2060,13589000,50020000,11554000
2061,13595000,50006000,11665000
2062,13589000,49994000,11628000
2063,13581000,49992000,11593000
2064,13577000,49996000,11564000
2065,13585000,50007000,11525000
2066,13585000,50001000,11090000
2067,13589000,50003000,11530000
2068,13581000,49993000,11577000
2069,13589000,50008000,11619000
2070,13589000,49999000,11648000
2071,13588000,49999000,10990000
2072,13593000,50006000,11505000
2073,13585000,49992000,11555000
2074,13580000,49994000,11589000
2075,13589000,50009000,11567000
2076,13589000,50001000,11593000
2077,13591000,50002000,11566000
2078,13589000,49998000,11525000
2079,13585000,49995000,11572000
2080,13585000,50001000,11611000
2081,13585000,50000000,11572000
2082,13589000,50004000,11607000
2083,13589000,49999000,11585000
2084,13585000,49997000,11555000
2085,13585000,49999000,11589000
2086,13589000,50004000,11555000
2087,13596000,50007000,11589000
2088,13589000,49993000,11560000
2089,13577000,49988000,11597000
2090,13591000,50015000,11632000
2091,13585000,49993000,11049000
2092,13585000,50001000,11564000
2093,13591000,50006000,11462000
2094,13589000,49997000,11434000
2095,13581000,49992000,11475000
2096,13589000,50008000,11581000
2097,13589000,50000000,11407000
2098,13589000,50001000,11375000
2099,13577000,49988000,11408000
2100,13585000,50007000,11524000
2101,13593000,50008000,11560000
2102,13577000,49984000,11174000
2103,13595000,50019000,11708000
2104,13593000,49997000,11669000
2105,14605000,51012000,11917000
2106,13595000,48991000,11538000
2107,13585000,49990000,10891000
2108,13581000,49996000,11553000
2109,13599000,50018000,11513000
2110,13581000,49982000,11693000
2111,13577000,49996000,11241000
2112,13573000,49996000,11699000
2113,13577000,50004000,11597000
2114,13581000,50004000,11636000
2115,13589000,50008000,11321000
2116,13586000,49996000,11636000
2117,13589000,50004000,11330000
2118,13585000,49996000,11502000
2119,13587000,50002000,10977000
2120,13597000,50010000,11496000
2121,24005000,60408000,12165000
2122,13591000,39582000,11593000
2123,13573000,49985000,11563000
2124,13593000,50020000,11661000
2125,13583000,49991000,11564000
2126,13585000,50002000,11597000
2127,13585000,50000000,11566000
2128,13581000,49995000,11593000
2129,13581000,50001000,11636000
2130,13581000,49999000,11602000
2131,13585000,50005000,11225000
2132,13585000,49999000,11550000
2133,13593000,50009000,11581000
2134,13585000,49991000,11546000
2135,13581000,49997000,11510000
2136,13593000,50012000,11551000
2137,13601000,50008000,11728000
2138,13599000,49998000,11069000
2139,13589000,49990000,11035000
2140,13669000,50080000,11632000
2141,13599000,49930000,11049000
2142,13585000,49986000,11702000
2143,13589000,50004000,11605000
2144,13585000,49996000,11218000
2145,13581000,49996000,11614000
2146,13589000,50008000,11644000
2147,13585000,49996000,11689000
2148,13589000,50004000,11664000
2149,13589000,50000000,11197000
2150,13577000,49988000,11581000
2151,13589000,50012000,11568000
2152,13573000,49984000,11517000
2153,13577000,50004000,11567000
2154,13595000,50018000,11310000
2155,13589000,49994000,11494000
2156,13593000,50004000,11524000
2157,13583000,49990000,11640000
2158,13581000,49998000,11534000
2159,13577000,49996000,11581000
2160,13581000,50003000,11538000
2161,13581000,50001000,11160000
2162,13582000,50000000,11548000
2163,13653000,50072000,11656000
2164,13662000,50008000,11481000
2165,13589000,49927000,11517000
2166,13589000,50000000,11559000
2167,13595000,50007000,10911000
2168,13597000,50001000,11209000
2169,13585000,49988000,11250000
2170,13592000,50007000,11636000
2171,13585000,49993000,11677000
2172,13573000,49989000,11581000
2173,13583000,50010000,11063000
2174,13589000,50006000,11511000
2175,13584000,49995000,11556000
2176,13589000,50004000,11231000
2177,13573000,49984000,11558000
2178,13589000,50017000,11518000
2179,13585000,49995000,11416000
2180,13589000,50004000,11523000
2181,13593000,50004000,11572000
2182,13585000,49992000,11459000
2183,13589000,50005000,11436000
2184,13585000,49995000,11464000
2185,13593000,50008000,11576000
2186,13599000,50007000,11543000
2187,13589000,49989000,10891000
2188,13593000,50004000,11552000
2189,13599000,50007000,11513000
2190,13581000,49982000,11558000
2191,13593000,50012000,11593000
2192,13597000,50003000,11559000
2193,13585000,49988000,11597000
2194,13578000,49993000,11628000
2195,13593000,50016000,11610000
2196,13581000,49988000,11636000
2197,13593000,50012000,11610000
2198,13593000,50000000,11154000
2199,13589000,49996000,11623000
2200,13585000,49996000,11581000
2201,13613000,50027000,11334000
2202,13599000,49987000,11585000
2203,13597000,49997000,11628000
2204,13589000,49992000,11237000
2205,13587000,49999000,11568000
2206,13585000,49998000,11520000
2207,13593000,50008000,11778000
2208,13661000,50068000,11321000
2209,13597000,49936000,11572000
2210,13604000,50007000,11756000
2211,13597000,49989000,11021000
2212,13593000,49996000,11063000
2213,13681000,50088000,11733000
2214,13593000,49916000,11615000
2215,13601000,50007000,11318000
2216,13609000,50009000,11766000
2217,13597000,49983000,11243000
2218,13607000,50015000,11560000
2219,13677000,50070000,11671000
2220,13581000,49904000,11632000
2221,13599000,50018000,11749000
2222,13589000,49989000,11573000
2223,13589000,50001000,11610000
2224,13587000,49998000,11503000
2225,13589000,50002000,11546000
2226,13589000,49999000,11585000
2227,13589000,50000000,10853000
2228,13581000,49993000,11589000
2229,13589000,50007000,11567000
2230,13593000,50005000,11593000
2231,13577000,49984000,11572000
2232,13593000,50016000,11598000
2233,13593000,50000000,11355000
2234,13585000,49991000,10980000
2235,13585000,50001000,11648000
2236,13593000,50008000,11615000
2237,13599000,50006000,11504000
2238,13589000,49990000,11611000
2239,13577000,49988000,11517000
2240,13595000,50018000,11142000
2241,13577000,49981000,11033000
2242,13585000,50009000,11559000
2243,13573000,49988000,11528000
2244,13593000,50020000,11573000
2245,13593000,49999000,11256000
2246,13589000,49997000,11577000
2247,13593000,50004000,11551000
2248,13585000,49992000,11645000
2249,13589000,50004000,11615000
2250,13581000,49992000,11521000
2251,13597000,50015000,10917000
2252,13589000,49993000,11164000
2253,13595000,50006000,10996000
2254,13585000,49990000,11164000
2255,13581000,49996000,11564000
2256,13599000,50018000,10892000
2257,13589000,49990000,11492000
2258,13581000,49992000,11525000
2259,13581000,50000000,11498000
2260,13585000,50004000,11607000
2261,13578000,49992000,11572000
2262,13577000,50000000,11538000
2263,13581000,50004000,11101000
2264,13577000,49996000,11538000
2265,13577000,50000000,11232000
2266,13585000,50007000,11564000
2267,13585000,50001000,10897000
2268,13562000,49976000,11557000
2269,13591000,50030000,11601000
2270,13589000,49998000,11489000
2271,13569000,49980000,11530000
2272,13579000,50010000,11564000
2273,13589000,50010000,11615000
2274,13581000,49992000,11503000
2275,13669000,50088000,11615000
2276,13581000,49912000,11293000
2277,13589000,50008000,11550000
2278,13581000,49992000,11585000
2279,13585000,50004000,11495000
2280,13585000,49999000,11512000
2281,13581000,49997000,11565000
2282,13585000,50004000,11460000
2283,13589000,50004000,11493000
2284,13665000,50076000,11611000
2285,13587000,49922000,11153000
2286,13585000,49998000,11538000
2287,13581000,49996000,10888000
2288,13591000,50010000,11460000
2289,13581000,49989000,11505000
2290,13589000,50008000,11473000
2291,13581000,49992000,11098000
2292,13589000,50009000,11552000
2293,13599000,50010000,11516000
2294,13593000,49994000,11558000
2295,13593000,49999000,11597000
2296,13577000,49984000,11559000
2297,13613000,50036000,11254000
2298,13585000,49972000,11585000
2299,13593000,50009000,11610000
2300,13593000,49999000,11504000
2301,13599000,50007000,11542000
2302,13593000,49994000,11577000
2303,13581000,49988000,11628000
2304,13599000,50018000,11581000
2305,13581000,49982000,11557000
2306,13581000,50000000,11597000
2307,13581000,50000000,11562000
2308,13593000,50011000,11309000
2309,13593000,50001000,11282000
2310,13581000,49987000,11249000
2311,13585000,50004000,11491000
2312,13585000,50001000,11534000
2313,13589000,50004000,11496000
2314,13589000,50000000,11620000
2315,13577000,49988000,11581000
2316,13593000,50016000,11551000
2317,13603000,50010000,11512000
2318,13585000,49982000,11553000
2319,13577000,49992000,11243000
2320,13599000,50022000,11273000
2321,13585000,49986000,11526000
2322,13589000,50003000,11282000
2323,13593000,50004000,11120000
2324,13593000,50001000,11491000
2325,13593000,50000000,11542000
2326,13585000,49991000,11497000
2327,13589000,50004000,11261000
2328,13589000,50001000,11577000
2329,13593000,50004000,11681000
2330,13593000,50000000,11521000
2331,13593000,49999000,10994000
2332,13589000,49997000,11239000
2333,13603000,50014000,10934000
2334,13589000,49986000,11245000
2335,13577000,49988000,11495000
2336,13603000,50026000,11538000
2337,13593000,49989000,11496000
2338,13593000,50001000,11615000
2339,13589000,49996000,11653000
2340,13582000,49992000,11611000
2341,13585000,50004000,11585000
2342,13589000,50004000,11552000
2343,13585000,49996000,11304000
2344,13597000,50012000,11554000
2345,13581000,49984000,11597000
2346,13586000,50004000,11568000
2347,13573000,49988000,10906000
2348,13574000,50000000,11564000
2349,13591000,50018000,11533000
2350,13589000,49998000,11292000
2351,13585000,49996000,11615000
2352,13595000,50010000,11498000
2353,13593000,49998000,11551000
2354,13673000,50080000,11091000
2355,13593000,49920000,11557000
2356,13589000,49996000,11593000
2357,13593000,50004000,11566000
2358,13581000,49988000,11593000
2359,13589000,50007000,11564000
2360,13581000,49993000,11519000
2361,13597000,50016000,11717000
2362,13589000,49992000,11546000
2363,13589000,50000000,11576000
2364,13589000,50000000,11252000
2365,13595000,50006000,11581000
2366,13589000,49994000,11615000
2367,13577000,49988000,11736000
2368,13596000,50018000,11564000
2369,13577000,49982000,11589000
2370,13589000,50012000,11481000
2371,13599000,50010000,11253000
2372,13586000,49986000,11490000
2373,13585000,49999000,11054000
2374,13589000,50005000,11496000
2375,13585000,49996000,11529000
2376,13593000,50008000,11220000
2377,13589000,49996000,11477000
2378,13585000,49996000,11516000
2379,13577000,49992000,11471000
2380,13577000,50000000,11500000
2381,13595000,50018000,11476000
2382,13581000,49986000,11517000
2383,13577000,49996000,11481000
2384,13591000,50014000,11445000
2385,13589000,49998000,11487000
2386,13585000,49995000,11455000
2387,13595000,50011000,11423000
2388,13593000,49997000,11460000
2389,13585000,49993000,11428000
2390,13589000,50003000,11461000
2391,13585000,49997000,11437000
2392,13593000,50008000,11467000
2393,13589000,49996000,11443000
2394,13593000,50004000,11489000
2395,13585000,49992000,11379000
2396,13581000,49996000,11482000
2397,13599000,50018000,11450000
2398,13589000,49990000,11483000
2399,13573000,49984000,11116000
2400,13583000,50010000,11427000
2401,13570000,49986000,11457000
2402,13589000,50020000,11428000
2403,13591000,50002000,11401000
2404,13589000,49998000,11430000
2405,13577000,49988000,11194000
2406,13593000,50016000,11652000
2407,13585000,49992000,10987000
2408,13589000,50004000,11164000
2409,13573000,49984000,11490000
2410,13589000,50016000,11602000
2411,13589000,50000000,11081000
2412,13585000,49996000,11525000
2413,13595000,50010000,11007000
2414,13578000,49982000,11179000
2415,13581000,50003000,11498000
2416,13597000,50017000,11534000
2417,13582000,49984000,11361000
2418,13589000,50008000,11550000
2419,13676000,50087000,11589000
2420,13669000,49993000,11624000
2421,13595000,49926000,11515000
2422,13581000,49986000,11560000
2423,13589000,50008000,11601000
2424,13577000,49988000,11484000
2425,13593000,50015000,11384000
2426,13589000,49997000,11573000
2427,12585000,48996000,10838000
2428,13569000,50984000,11286000
2429,13588000,50018000,11681000
2430,13593000,50006000,11431000
2431,13593000,50000000,11472000
2432,13595000,50002000,11510000
2433,13581000,49986000,11481000
2434,13585000,50004000,11589000
2435,13588000,50002000,11483000
2436,13569000,49982000,11520000
2437,13585000,50016000,11566000
2438,13589000,50003000,11526000
2439,13589000,50000000,11424000
2440,13585000,49997000,11534000
2441,13573000,49988000,11644000
2442,13573000,49999000,11615000
2443,13585000,50013000,11504000
2444,13577000,49992000,11472000
2445,13595000,50018000,11518000
2446,13585000,49990000,11474000
2447,13589000,50004000,11446000
2448,13595000,50006000,11479000
2449,13585000,49989000,11521000
2450,13581000,49997000,11564000
2451,13595000,50014000,10983000
2452,13589000,49994000,11494000
2453,13581000,49992000,11474000
2454,13593000,50012000,11438000
2455,13593000,50000000,11479000
2456,13585000,49991000,11509000
2457,13589000,50004000,11415000
2458,13589000,50000000,11534000
2459,13593000,50005000,11417000
2460,13585000,49992000,11515000
2461,13680000,50095000,11568000
2462,13589000,49909000,11525000
2463,13585000,49996000,11159000
2464,13595000,50010000,11542000
2465,13581000,49986000,11576000
2466,13589000,50008000,11470000
2467,13599000,50010000,10898000
2468,13589000,49990000,11472000
2469,13589000,50000000,11172000
2470,13589000,50000000,11481000
2471,13573000,49984000,11449000
2472,13581000,50008000,11487000
2473,13585000,50004000,11524000
2474,13589000,50004000,11497000
2475,13589000,50000000,11522000
2476,13569000,49980000,11000000
2477,13595000,50026000,11466000
2478,13589000,49994000,11491000
2479,13677000,50088000,11615000
2480,13595000,49918000,11504000
2481,13582000,49986000,11627000
2482,13581000,50000000,11510000
2483,13595000,50014000,11486000
2484,13569000,49974000,11597000
2485,13585000,50016000,11210000
2486,13666000,50080000,11663000
2487,13653000,49988000,11636000
2488,13661000,50008000,11602000
2489,13661000,50000000,11790000
2490,13673000,50012000,11611000
2491,13653000,49980000,11640000
2492,13642000,49988000,11316000
2493,13649000,50008000,11024000
2494,13669000,50020000,11611000
2495,13661000,49992000,11099000
2496,13657000,49996000,11556000
2497,13654000,49997000,11585000
2498,13645000,49991000,11557000
2499,13665000,50019000,11676000
2500,13653000,49989000,11564000
2501,13669000,50016000,11530000
2502,13703000,50034000,11644000
2503,13665000,49962000,11601000
2504,13673000,50008000,11636000
2505,13665000,49992000,11553000
2506,13661000,49996000,11649000
2507,13661000,50000000,10984000
2508,13676000,50015000,11506000
2509,13674000,49997000,11556000
2510,13677000,50004000,11439000
2511,13665000,49988000,11623000
2512,13661000,49996000,11522000
2513,13670000,50008000,11567000
2514,13661000,49992000,10972000
2515,13676000,50015000,11568000
2516,13661000,49985000,11524000
2517,13670000,50009000,11427000
2518,13761000,50091000,11395000
2519,13650000,49889000,11502000
2520,13661000,50011000,11543000
2521,13684000,50023000,11721000
2522,13669000,49985000,11471000
2523,13665000,49996000,11513000
2524,13660000,49995000,11477000
2525,13669000,50009000,11526000
2526,13593000,49924000,11412000
2527,13585000,49992000,10964000
2528,13581000,49995000,11418000
2529,13573000,49993000,11455000
2530,13569000,49995000,11427000
2531,13581000,50013000,11473000
2532,13593000,50011000,11428000
2533,13589000,49996000,11135000
2534,13595000,50007000,11434000
2535,13585000,49989000,11475000
2536,13577000,49993000,11439000
2537,13591000,50014000,11075000
2538,13577000,49985000,11449000
2539,13577000,50001000,11417000
2540,13595000,50018000,11381000
2541,13585000,49990000,11426000
2542,13585000,49999000,11317000
2543,13581000,49996000,11358000
2544,13589000,50009000,11391000
2545,13581000,49991000,11506000
2546,13589000,50008000,10980000
2547,22997000,59409000,11423000
2548,13589000,40588000,10990000
2549,13581000,49996000,11652000
2550,13599000,50018000,11412000
2551,13589000,49989000,11449000
2552,13589000,50001000,11409000
2553,13599000,50010000,11455000
2554,13577000,49977000,11492000
2555,13585000,50009000,11460000
2556,13591000,50006000,11428000
2557,13589000,49998000,11123000
2558,13589000,49999000,11368000
2559,13593000,50005000,11137000
2560,13597000,50003000,11581000
2561,13597000,50000000,11064000
2562,13662000,50065000,11164000
2563,13597000,49932000,10943000
2564,13582000,49984000,11380000
2565,13593000,50012000,11425000
2566,13573000,49980000,11468000
2567,13597000,50028000,11423000
2568,13605000,50008000,11538000
2569,13611000,50002000,11580000
2570,13593000,49986000,11470000
2571,13577000,49984000,11438000
2572,13595000,50018000,11332000
2573,12581000,48985000,10753000
2574,13589000,51009000,11411000
2575,13573000,49983000,11375000
2576,13585000,50013000,11142000
2577,13585000,50000000,11103000
2578,13585000,50000000,11422000
2579,13589000,50004000,11463000
2580,13573000,49984000,11146000
2581,13585000,50012000,11391000
2582,13585000,50000000,11434000
2583,13577000,49992000,11546000
2584,13585000,50008000,11014000
2585,13607000,50022000,11615000
2586,13581000,49974000,11366000
2587,22997000,59416000,11315000
2588,13590000,40590000,10892000
2589,13589000,50002000,11344000
2590,13589000,50000000,11381000
2591,13585000,49996000,11349000
2592,13585000,50000000,11390000
2593,13585000,50000000,11424000
2594,13581000,49996000,11392000
2595,23997000,60416000,11897000
2596,13577000,39576000,11401000
2597,13581000,50008000,10953000
2598,13581000,50000000,11412000
2599,13582000,50000000,11444000
2600,13589000,50007000,10987000
2601,13603000,50015000,11380000
2602,13569000,49966000,11417000
2603,13589000,50019000,11053000
2604,13587000,49999000,10994000
2605,13573000,49986000,11456000
2606,13573000,50000000,11498000
2607,13585000,50012000,11461000
2608,13581000,49995000,11425000
2609,13577000,49996000,11467000
2610,13589000,50012000,11435000
2611,13585000,49997000,11689000
2612,13577000,49992000,11436000
2613,13577000,50000000,11416000
2614,13581000,50003000,11385000
2615,13577000,49997000,11483000
2616,13581000,50004000,11455000
2617,13611000,50030000,11282000
2618,13596000,49985000,11452000
2619,13585000,49988000,11510000
2620,13595000,50011000,11470000
2621,13585000,49989000,11442000
2622,13589000,50004000,11402000
2623,13589000,50001000,11513000
2624,13585000,49995000,11411000
2625,13589000,50005000,11518000
2626,13577000,49987000,10996000
2627,13585000,50008000,11458000
2628,13581000,49996000,11418000
2629,13581000,50000000,11459000
2630,13581000,50000000,11581000
2631,13589000,50009000,11387000
2632,13593000,50003000,11282000
2633,13595000,50003000,11546000
2634,13589000,49993000,11512000
2635,13585000,49996000,11410000
2636,13587000,50003000,11023000
2637,13577000,49989000,11485000
2638,13577000,50001000,11033000
2639,13589000,50011000,11201000
2640,13589000,50001000,11589000
2641,13569000,49980000,11484000
2642,13589000,50019000,11521000
2643,13585000,49997000,11493000
2644,13577000,49992000,11453000
2645,13589000,50011000,11429000
2646,13577000,49989000,11468000
2647,12589000,49012000,10818000
2648,13593000,51003000,11464000
2649,13595000,50003000,11436000
2650,13589000,49994000,11551000
2651,13589000,49999000,11589000
2652,13591000,50003000,10989000
2653,13585000,49993000,10905000
2654,13589000,50005000,11415000
2655,13573000,49983000,11387000
2656,13573000,50001000,11490000
2657,13585000,50012000,11458000
2658,13589000,50004000,11564000
2659,13589000,50000000,11463000
2660,13574000,49984000,11427000
2661,13586000,50012000,11061000
2662,13593000,50008000,11511000
2663,13589000,49996000,11474000
2664,13586000,49996000,11585000
2665,13592000,50006000,11410000
2666,13585000,49994000,11378000
2667,13588000,50003000,10865000
2668,13595000,50007000,11379000
2669,13589000,49993000,11355000
2670,13581000,49993000,11116000
2671,13573000,49991000,11357000
2672,13573000,50001000,11459000
2673,13581000,50008000,11366000
2674,13593000,50012000,10842000
2675,13669000,50076000,11652000
2676,13657000,49988000,11470000
2677,13585000,49928000,11446000
2678,13585000,50000000,11560000
2679,13577000,49992000,11448000
2680,13589000,50012000,11137000
2681,13597000,50008000,11665000
2682,12593000,48996000,10800000
2683,13585000,50992000,11528000
2684,13583000,49998000,11353000
2685,13589000,50006000,11464000
2686,13593000,50004000,11436000
2687,13591000,49998000,11400000
2688,13581000,49990000,11437000
2689,13573000,49992000,11475000
2690,13577000,50004000,11373000
2691,13573000,49996000,11484000
2692,13569000,49996000,11518000
2693,13585000,50016000,11420000
2694,13589000,50004000,11544000
2695,13581000,49991000,11495000
2696,13589000,50009000,10904000
2697,13589000,50000000,11505000
2698,13581000,49992000,11391000
2699,13589000,50008000,11224000
2700,13591000,50002000,11470000
2701,13589000,49998000,11167000
2702,13589000,50000000,11402000
2703,13602000,50013000,11374000
2704,13586000,49983000,11407000
2705,13585000,50000000,11383000
2706,13589000,50004000,10931000
2707,12585000,48995000,10831000
2708,13585000,51001000,11488000
2709,13589000,50004000,11529000
2710,13589000,49999000,11581000
2711,13589000,50000000,11469000
2712,13593000,50005000,11433000
2713,13593000,50000000,11405000
2714,13593000,49999000,11434000
2715,13597000,50004000,11479000
2716,13599000,50003000,11440000
2717,13589000,49990000,11485000
2718,13590000,50000000,11453000
2719,13583000,49994000,11417000
2720,13569000,49986000,11450000
2721,13593000,50024000,11492000
2722,13593000,49999000,11460000
2723,13589000,49996000,11432000
2724,13589000,50001000,11469000
2725,13585000,49995000,11433000
2726,13573000,49989000,11480000
2727,13589000,50016000,11447000
2728,13593000,50004000,11403000
2729,13589000,49996000,11452000
2730,13569000,49980000,11477000
2731,13589000,50020000,11384000
2732,13595000,50006000,10864000
2733,13589000,49994000,11061000
2734,13585000,49996000,11431000
2735,13591000,50006000,11468000
2736,13585000,49994000,11428000
2737,13585000,50000000,11400000
2738,13589000,50004000,11434000
2739,13573000,49984000,11406000
2740,13577000,50004000,11435000
2741,13581000,50004000,11411000
2742,12581000,49000000,10830000
2743,13581000,51000000,11490000
2744,13573000,49992000,11446000
2745,13619000,50046000,11636000
2746,13577000,49958000,11459000
2747,12589000,49012000,10738000
2748,13591000,51002000,11391000
2749,13589000,49997000,11433000
2750,13589000,50001000,11397000
2751,12587000,48998000,10825000
2752,13577000,50990000,11483000
2753,13585000,50008000,11439000
2754,13577000,49992000,11403000
2755,13589000,50012000,11453000
2756,13581000,49991000,11347000
2757,13589000,50009000,11389000
2758,13569000,49980000,11431000
2759,13581000,50012000,11390000
2760,13593000,50012000,11350000
2761,13588000,49994000,11473000
2762,13589000,50002000,11368000
2763,13669000,50080000,11542000
2764,13599000,49930000,11369000
2765,13593000,49993000,11406000
2766,13585000,49993000,11436000
2767,13591000,50006000,10858000
2768,13589000,49997000,11310000
2769,13585000,49997000,11417000
2770,13589000,50004000,11447000
2771,13581000,49992000,11349000
2772,13589000,50008000,11387000
2773,13589000,50000000,11354000
2774,13585000,49996000,11384000
2775,13585000,50000000,11433000
2776,13581000,49996000,11119000
2777,13597000,50015000,11505000
2778,13581000,49985000,11402000
2779,13577000,49995000,11305000
2780,13592000,50015000,11412000
2781,13589000,49997000,11457000
2782,13593000,50004000,11344000
2783,13587000,49995000,11382000
2784,13589000,50002000,10933000
2785,13589000,50000000,11387000
2786,12589000,48999000,10742000
2787,13581000,50992000,11392000
2788,13581000,50000000,11430000
2789,13589000,50009000,11332000
2790,13585000,49995000,11448000
2791,13577000,49992000,11407000
2792,13589000,50012000,11367000
2793,13589000,50000000,11339000
2794,13569000,49980000,11376000
2795,13573000,50005000,11418000
2796,13672000,50099000,11451000
2797,13589000,49917000,10869000
2798,13581000,49992000,11522000
2799,13595000,50014000,11355000
2800,13677000,50082000,11462000
2801,13585000,49908000,11361000
2802,13589000,50004000,11398000
2803,13585000,49996000,11440000
2804,13577000,49992000,11473000
2805,13577000,50000000,11098000
2806,13589000,50012000,11636000
2807,13585000,49996000,11242000
2808,13581000,49996000,11341000
2809,13573000,49992000,11257000
2810,13577000,50004000,11350000
2811,13577000,50000000,11326000
2812,13595000,50018000,11017000
2813,13589000,49993000,11132000
2814,13593000,50004000,11369000
2815,13583000,49991000,11407000
2816,13586000,50002000,11648000
2817,13585000,50000000,11067000
2818,13569000,49984000,11098000
2819,13581000,50012000,11421000
2820,13577000,49996000,11381000
2821,13589000,50012000,11085000
2822,13589000,50000000,11404000
2823,13585000,49996000,11428000
2824,13581000,49996000,11057000
2825,13574000,49992000,11106000
2826,13585000,50012000,11475000
2827,12578000,48992000,10753000
2828,13595000,51018000,11139000
2829,13585000,49990000,11448000
2830,13589000,50004000,11147000
2831,13591000,50002000,11385000
2832,13589000,49998000,11414000
2833,13585000,49996000,11451000
2834,13589000,50004000,11489000
2835,13585000,49996000,11111000
2836,13577000,49992000,11138000
2837,13593000,50016000,11319000
2838,13566000,49972000,11158000
2839,13585000,50020000,11398000
2840,13589000,50004000,11358000
2841,12586000,48996000,10652000
2842,13581000,50996000,11371000
2843,13577000,49996000,11401000
2844,13591000,50014000,11373000
2845,13589000,49998000,11341000
2846,13585000,49996000,11444000
2847,13591000,50006000,11347000
2848,13574000,49982000,11449000
2849,13589000,50016000,11421000
2850,13593000,50004000,11319000
2851,13573000,49979000,10945000
2852,13589000,50016000,10978000
2853,13593000,50005000,11436000
2854,13578000,49984000,11405000
2855,13585000,50008000,11368000
2856,13589000,50003000,11332000
2857,13589000,50000000,11105000
2858,13585000,49997000,10929000
2859,13577000,49992000,11317000
2860,13599000,50022000,11424000
2861,13593000,49993000,11392000
2862,13577000,49985000,11356000
2863,13587000,50010000,11398000
2864,13593000,50006000,11365000
2865,13577000,49984000,11407000
2866,12593000,49016000,10762000
2867,13582000,50988000,11331000
2868,13593000,50012000,11299000
2869,13573000,49980000,11406000
2870,13585000,50012000,11309000
2871,13585000,50000000,11562000
2872,13585000,49999000,11383000
2873,13617000,50032000,11648000
2874,13593000,49977000,11388000
2875,13581000,49988000,11422000
2876,13595000,50014000,11123000
2877,13585000,49989000,11358000
2878,13589000,50005000,11395000
2879,13595000,50006000,11371000
2880,13585000,49990000,11335000
2881,13585000,50000000,11021000
2882,13585000,49999000,11332000
2883,13573000,49989000,11378000
2884,13585000,50012000,11415000
2885,13589000,50004000,11318000
2886,13569000,49980000,11425000
2887,12589000,49020000,10702000
2888,13593000,51004000,11357000
2889,13593000,49999000,11415000
2890,13577000,49985000,11297000
2891,13577000,49999000,11396000
2892,12599000,49023000,10743000
2893,13589000,50990000,11335000
2894,13581000,49992000,11373000
2895,13599000,50018000,11337000
2896,13582000,49982000,11301000
2897,13590000,50008000,11342000
2898,13589000,50000000,11314000
2899,13585000,49996000,11356000
2900,13585000,50000000,11316000
2901,13585000,50000000,11084000
2902,13585000,50000000,11313000
2903,13585000,50000000,11363000
2904,13589000,50004000,11322000
2905,13600000,50011000,11509000
2906,12589000,48989000,10789000
2907,12590000,50000000,10753000
2908,13591000,51002000,11407000
2909,12589000,48998000,10758000
2910,13577000,50988000,11339000
2911,13595000,50018000,11380000
2912,13581000,49985000,11271000
2913,13581000,50001000,11390000
2914,13589000,50008000,11350000
2915,13581000,49992000,11391000
2916,12593000,49012000,10738000
2917,13585000,50992000,11124000
2918,13589000,50003000,11295000
2919,13578000,49989000,11406000
2920,13589000,50012000,11370000
2921,13681000,50092000,11282000
2922,13580000,49900000,11301000
2923,12585000,49004000,10727000
2924,13595000,51010000,11377000
2925,13581000,49986000,11349000
2926,13577000,49996000,11316000
2927,13595000,50018000,11289000
2928,13581000,49985000,11318000
2929,13577000,49997000,11286000
2930,13577000,50000000,11335000
2931,13666000,50088000,11430000
2932,13653000,49988000,10840000
2933,13569000,49916000,11370000
2934,12581000,49012000,10645000
2935,13585000,51004000,11306000
2936,13589000,50004000,11339000
2937,13593000,50003000,11390000
2938,13577000,49984000,11353000
2939,13585000,50008000,11386000
2940,13591000,50007000,11493000
2941,13577000,49986000,11542000
2942,13593000,50016000,11356000
2943,13595000,50002000,11397000
2944,13585000,49990000,11500000
2945,13585000,50000000,11403000
2946,12587000,49002000,10690000
2947,12589000,50002000,10652000
2948,13585000,50996000,11306000
2949,13585000,50000000,10932000
2950,13585000,50000000,11308000
2951,13585000,50000000,11280000
2952,13593000,50007000,11313000
2953,13585000,49993000,11372000
2954,13581000,49995000,11319000
2955,13581000,50001000,11299000
2956,13591000,50010000,11328000
2957,13589000,49997000,11300000
2958,13581000,49993000,10987000
2959,12595000,49014000,10817000
2960,13589000,50994000,11265000
2961,13589000,50000000,11311000
2962,13599000,50010000,11348000
2963,13581000,49981000,11316000
2964,13593000,50012000,11346000
2965,13593000,50001000,11322000
2966,13573000,49980000,11355000
2967,13585000,50012000,11327000
2968,13589000,50004000,11291000
2969,13605000,50016000,11477000
2970,13581000,49976000,11370000
2971,13573000,49992000,11334000
2972,12595000,49022000,10818000
2973,13589000,50993000,11340000
2974,13581000,49993000,11303000
2975,13587000,50006000,11349000
2976,13585000,49998000,11317000
2977,13593000,50008000,11285000
2978,13595000,50002000,11322000
2979,13589000,49994000,11286000
2980,13589000,50000000,11534000
2981,13585000,49996000,11361000
2982,13585000,50000000,11325000
2983,13589000,50004000,11374000
2984,13593000,50003000,11338000
2985,12581000,48989000,10776000
2986,13585000,51004000,11278000
2987,12565000,48980000,10689000
2988,13591000,51026000,11342000
2989,13589000,49998000,11383000
2990,13589000,50000000,11351000
2991,13583000,49994000,11327000
2992,13589000,50006000,11017000
2993,13593000,50004000,11336000
2994,13583000,49990000,11504000
2995,13589000,50006000,11341000
2996,13586000,49996000,11371000
2997,13593000,50008000,11343000
2998,13574000,49980000,11303000
2999,13581000,50008000,11487000
3000,13590000,50008000,11308000
3001,13589000,50000000,11164000
3002,13593000,50003000,11387000
3003,13585000,49993000,11351000
3004,13592000,50006000,11311000
3005,12589000,48998000,10808000
3006,13585000,50996000,11390000
3007,12599000,49014000,10685000
3008,13585000,50985000,11333000
3009,13593000,50008000,11371000
3010,13595000,50003000,11335000
3011,13593000,49997000,11311000
3012,13589000,49996000,10928000
3013,13681000,50093000,11459000
3014,13581000,49900000,11350000
3015,13585000,50004000,11383000
3016,13577000,49992000,11347000
3017,13589000,50012000,11552000
3018,13573000,49984000,11434000
3019,13581000,50008000,11255000
3020,13583000,50002000,11289000
3021,13589000,50006000,10987000
3022,13589000,49999000,11367000
3023,13591000,50003000,11266000
3024,13573000,49982000,11369000
3025,13589000,50016000,11272000
3026,13595000,50006000,11309000
3027,13569000,49974000,11277000
3028,13589000,50020000,11310000
3029,13585000,49995000,11282000
3030,13577000,49992000,11044000
3031,13577000,50001000,11357000
3032,13589000,50012000,11321000
3033,13581000,49992000,11371000
3034,13573000,49992000,11326000
3035,13589000,50016000,11376000
3036,13583000,49994000,11332000
3037,13577000,49994000,11304000
3038,13585000,50008000,11337000
3039,12595000,49010000,10762000
3040,13569000,50973000,11343000
3041,12589000,49021000,10699000
3042,22997000,60408000,11624000
3043,13586000,40584000,11397000
3044,13589000,50008000,11149000
3045,13589000,50000000,11326000
3046,13578000,49988000,11359000
3047,12573000,48996000,10784000
3048,12593000,50020000,10538000
3049,12585000,49992000,10660000
3050,13581000,50995000,11370000
3051,13573000,49993000,11342000
3052,13600000,50026000,10893000
3053,13589000,49989000,11085000
3054,13585000,49997000,11388000
3055,13591000,50006000,11357000
3056,13581000,49990000,11320000
3057,13585000,50004000,11358000
3058,13591000,50006000,11399000
3059,13577000,49986000,11294000
3060,13577000,50000000,11397000
3061,13589000,50012000,11372000
3062,13573000,49984000,11333000
3063,13581000,50008000,11374000
3064,13593000,50012000,11407000
3065,12601000,49007000,10838000
3066,13565000,50965000,11344000
3067,12573000,49008000,10487000
3068,12599000,50026000,10664000
3069,13569000,50970000,11255000
3070,13593000,50024000,11358000
3071,13587000,49994000,11261000
3072,13585000,49997000,11360000
3073,13585000,50001000,11401000
3074,13591000,50006000,11365000
3075,13577000,49986000,11333000
3076,13569000,49992000,11371000
3077,13569000,50000000,11420000
3078,13577000,50008000,10890000
3079,13585000,50008000,11360000
3080,13585000,50000000,11385000
3081,13578000,49992000,11367000
3082,13569000,49992000,11314000
3083,13589000,50019000,11502000
3084,13592000,50003000,11327000
3085,13577000,49986000,11372000
3086,12582000,49004000,10789000
3087,13593000,51012000,11378000
3088,13577000,49984000,11342000
3089,13577000,50000000,10963000
3090,13592000,50014000,11416000
3091,13569000,49978000,11381000
3092,13581000,50011000,10860000
3093,13585000,50005000,11178000
3094,13585000,50000000,11419000
3095,13585000,50000000,11399000
3096,13589000,50004000,11355000
3097,13593000,50004000,11468000
3098,13581000,49988000,11577000
3099,13581000,50000000,11402000
3100,13595000,50014000,11019000
3101,13577000,49982000,11411000
3102,13581000,50004000,11367000
3103,13595000,50014000,11356000
3104,13581000,49986000,11381000
3105,13586000,50004000,11353000
3106,12591000,49006000,10767000
3107,13585000,50994000,11358000
3108,13585000,50000000,11392000
3109,13585000,50000000,11364000
3110,13589000,50004000,11393000
3111,12585000,48996000,10685000
3112,13589000,51004000,11402000
3113,13585000,49996000,11305000
3114,13577000,49991000,11338000
3115,13581000,50005000,11380000
3116,13595000,50014000,11340000
3117,13589000,49994000,11385000
3118,13585000,49995000,11415000
3119,13595000,50011000,11333000
3120,13589000,49994000,11351000
3121,13573000,49984000,11396000
3122,13583000,50010000,11356000
3123,13581000,49998000,11259000
3124,13589000,50008000,10887000
3125,13593000,50003000,11337000
3126,13593000,50001000,11297000
3127,13665000,50072000,10938000
3128,13597000,49931000,11303000
3129,13601000,50005000,11485000
3130,13589000,49987000,11382000
3131,13593000,50005000,11500000
3132,13589000,49995000,10850000
3133,13593000,50005000,11371000
3134,13585000,49992000,11323000
3135,13595000,50010000,11438000
3136,13585000,49990000,11332000
3137,13593000,50008000,11305000
3138,13599000,50006000,11477000
3139,13589000,49990000,11379000
3140,13581000,49992000,11274000
3141,13593000,50012000,11319000
3142,13577000,49984000,11344000
3143,13585000,50007000,11247000
3144,13589000,50005000,11281000
3145,13597000,50007000,11335000
3146,13589000,49993000,11359000
3147,12593000,49003000,10787000
3148,13589000,50996000,11374000
3149,13585000,49997000,11337000
3150,13585000,50000000,11239000
3151,13603000,50018000,11273000
3152,13587000,49984000,11233000
3153,13589000,50001000,11344000
3154,13599000,50011000,11304000
3155,13593000,49993000,11349000
3156,13585000,49993000,11313000
3157,13585000,50000000,11354000
3158,13593000,50007000,11314000
3159,13573000,49981000,11433000
3160,13585000,50012000,11250000
3161,13585000,50000000,11444000
3162,12574000,48988000,10713000
3163,13589000,51015000,11297000
3164,13589000,50001000,11274000
3165,13593000,50004000,11233000
3166,13581000,49988000,11274000
3167,13595000,50014000,11320000
3168,13588000,49993000,11341000
3169,13573000,49985000,11383000
3170,13583000,50010000,11416000
3171,13585000,50001000,10902000
3172,13577000,49993000,10940000
3173,13589000,50012000,11328000
3174,13581000,49992000,11296000
3175,13593000,50012000,11272000
3176,13593000,49999000,11294000
3177,13597000,50005000,11344000
3178,13593000,49996000,11299000
3179,13593000,50000000,11142000
3180,13593000,49999000,11314000
3181,12593000,49000000,10733000
3182,13581000,50989000,11383000
3183,13597000,50016000,11090000
3184,13589000,49992000,11050000
3185,13589000,50000000,11361000
3186,12599000,49010000,10775000
3187,13665000,51066000,10891000
3188,13673000,50008000,11469000
3189,12585000,48911000,10751000
3190,13589000,51004000,11548000
3191,13581000,49993000,11246000
3192,13593000,50011000,11341000
3193,13615000,50023000,11514000
3194,13589000,49974000,11346000
3195,13581000,49992000,10902000
3196,13577000,49996000,11357000
3197,13585000,50008000,11319000
3198,13589000,50003000,11353000
3199,13599000,50011000,10994000
3200,13661000,50062000,11432000
3201,13589000,49928000,11330000
3202,13591000,50002000,11364000
3203,13589000,49998000,10989000
3204,13589000,50000000,11439000
3205,13581000,49992000,11349000
3206,13589000,50007000,11305000
3207,14589000,51000000,12761000
3208,13592000,49003000,11299000
3209,12577000,48986000,10735000
3210,13577000,50999000,11382000
3211,14588000,51012000,12467000
3212,12585000,47997000,10829000
3213,13585000,51000000,11363000
3214,13577000,49992000,11327000
3215,14592000,51015000,12701000
3216,13581000,48989000,11251000
3217,12581000,49000000,10681000
3218,13589000,51008000,11334000
3219,13918000,50329000,12840000
3220,13581000,49662000,11339000
3221,13592000,50012000,11319000
3222,13581000,49988000,11487000
3223,15599000,52019000,13071000
3224,13585000,47989000,11199000
3225,13589000,50000000,11256000
3226,12593000,49004000,10739000
3227,14587000,51995000,12514000
3228,13589000,49001000,11364000
3229,13585000,49996000,11344000
3230,13589000,50005000,11304000
3231,15580000,51991000,13026000
3232,13569000,47993000,11294000
3233,13593000,50020000,11274000
3234,13589000,49996000,11242000
3235,15593000,52003000,13091000
3236,13577000,47989000,11309000
3237,13585000,50003000,10946000
3238,13581000,49997000,11326000
3239,15577000,51995000,13113000
3240,13577000,48005000,11312000
3241,13581000,50000000,11300000
3242,13673000,50092000,11333000
3243,15596000,51923000,13124000
3244,13577000,47985000,11257000
3245,13585000,50004000,11314000
3246,13581000,49996000,10927000
3247,14592000,51011000,12510000
3248,13573000,48981000,11206000
3249,13589000,50016000,11321000
3250,13589000,50000000,11293000
3251,15588000,51999000,13064000
3252,13574000,47989000,10876000
3253,13593000,50016000,11266000
3254,13589000,49996000,11234000
3255,15585000,51995000,13021000
3256,13570000,47989000,11151000
3257,13621000,50047000,11495000
3258,13593000,49973000,11376000
3259,15592000,51999000,12943000
3260,12581000,46993000,10755000
3261,13589000,51004000,11219000
3262,13589000,50000000,11248000
3263,15584000,51995000,12969000
3264,13569000,47988000,10972000
3265,13585000,50012000,11237000
3266,13593000,50008000,10848000
3267,15596000,52004000,12972000
3268,13561000,47969000,11199000
3269,13593000,50027000,10979000
3270,13593000,50000000,11355000
3271,14596000,51004000,12585000
3272,13589000,48993000,11271000
3273,13585000,49995000,11328000
3274,13585000,50001000,11296000
3275,15588000,52003000,13077000
3276,13573000,47989000,11278000
3277,13593000,50015000,11258000
3278,13593000,50001000,11299000
3279,15584000,51991000,13009000
3280,13573000,47993000,11281000
3281,13585000,50008000,11334000
3282,13581000,49996000,11298000
3283,15573000,51992000,12938000
3284,13569000,48000000,11295000
3285,13585000,50011000,11280000
3286,13592000,50008000,11243000
3287,15597000,52004000,12906000
3288,12561000,46968000,10620000
3289,13605000,51040000,11496000
3290,13585000,49981000,11263000
3291,15592000,52007000,13034000
3292,12574000,46985000,10701000
3293,13589000,51012000,11236000
3294,13589000,50000000,10850000
3295,15588000,51999000,12983000
3296,12569000,46985000,10632000
3297,13589000,51016000,11177000
3298,13585000,49996000,11280000
3299,15581000,51995000,12999000
3300,13569000,47993000,11212000
3301,12581000,49008000,10648000
3302,13589000,51008000,11307000
3303,15596000,52007000,12947000
3304,13573000,47980000,11211000
3305,13589000,50013000,11281000
3306,13589000,50000000,11305000
3307,12609000,49019000,10441000
3308,13585000,50973000,11238000
3309,13589000,50008000,11291000
3310,13581000,49992000,11181000
3311,15592000,52011000,13039000
3312,12562000,46973000,10616000
3313,13585000,51020000,11294000
3314,13585000,50000000,11263000
3315,15576000,51991000,13114000
3316,13574000,48001000,11328000
3317,13589000,50012000,11321000
3318,13589000,50000000,11272000
3319,15584000,51995000,13186000
3320,12577000,46997000,10723000
3321,13581000,51000000,11319000
3322,13585000,50003000,11283000
3323,13601000,50017000,11318000
3324,13673000,50072000,11412000
3325,13593000,49920000,10971000
3326,13581000,49988000,11291000
3327,13621000,50039000,11262000
3328,13585000,49961000,11353000
3329,13585000,50004000,11199000
3330,13581000,49996000,11293000
3331,13589000,50008000,11261000
3332,12581000,48992000,10811000
3333,13585000,51004000,11201000
3334,13573000,49988000,11304000
3335,13571000,49998000,11353000
3336,13589000,50018000,11232000
3337,12581000,48992000,10803000
3338,13573000,50992000,11543000
3339,13585000,50012000,11217000
3340,13589000,50004000,11239000
3341,13593000,50004000,10950000
3342,13589000,49996000,11326000
3343,13577000,49988000,11302000
3344,13569000,49992000,11328000
3345,12585000,49016000,10819000
3346,12585000,50000000,10785000
3347,13579000,50994000,11235000
3348,13573000,49994000,11260000
3349,13585000,50012000,11240000
3350,13596000,50010000,11205000
3351,13589000,49993000,11184000
3352,13570000,49981000,11267000
3353,13589000,50020000,11264000
3354,13577000,49988000,11147000
3355,13581000,50004000,11260000
3356,13581000,50000000,11018000
3357,13569000,49988000,11135000
3358,13585000,50016000,11230000
3359,13579000,49994000,11287000
3360,13573000,49994000,11231000
3361,13585000,50012000,11211000
3362,13595000,50010000,11237000
3363,13581000,49986000,11278000
3364,13585000,50004000,11234000
3365,13587000,50002000,11295000
3366,13589000,50002000,11247000
3367,12585000,48996000,10464000
3368,13589000,51004000,11124000
3369,13585000,49996000,11229000
3370,13581000,49996000,11197000
3371,13595000,50014000,11166000
3372,13585000,49990000,11190000
3373,13577000,49992000,11170000
3374,12595000,49018000,10589000
3375,13665000,51070000,11322000
3376,13573000,49908000,11139000
3377,13589000,50016000,11247000
3378,13589000,50000000,11153000
3379,13581000,49992000,11183000
3380,13587000,50006000,11144000
3381,13589000,50002000,11192000
3382,13585000,49996000,11164000
3383,13587000,50002000,11205000
3384,13585000,49998000,11296000
3385,13613000,50028000,11494000
3386,13599000,49986000,11232000
3387,12585000,48986000,10656000
3388,13577000,50992000,10960000
3389,13591000,50014000,11214000
3390,13585000,49994000,11177000
3391,13585000,50000000,11223000
3392,13587000,50002000,11183000
3393,13581000,49994000,11012000
3394,13589000,50008000,11254000
3395,13595000,50006000,10956000
3396,12581000,48986000,10716000
3397,13581000,51000000,11174000
3398,13677000,50095000,11273000
3399,13589000,49912000,11183000
3400,13589000,50000000,10988000
3401,13595000,50007000,11185000
3402,13593000,49998000,11295000
3403,13577000,49984000,10904000
3404,13587000,50010000,11204000
3405,12585000,48998000,10567000
3406,13569000,50984000,11150000
3407,12577000,49008000,10789000
3408,13577000,50999000,11226000
3409,13585000,50009000,11194000
3410,13589000,50004000,11232000
3411,13589000,50000000,11071000
3412,13589000,50000000,11225000
3413,13589000,50000000,11278000
3414,13577000,49988000,11238000
3415,13585000,50008000,11288000
3416,13589000,50004000,11236000
3417,13601000,50011000,11425000
3418,12589000,48988000,10702000
3419,13589000,51000000,11017000
3420,13581000,49992000,11254000
3421,13589000,50009000,11296000
3422,13593000,50003000,11260000
3423,13589000,49997000,11317000
3424,12577000,48988000,10773000
3425,13593000,51016000,11167000
3426,12585000,48992000,10788000
3427,12585000,49999000,10703000
3428,13589000,51005000,11210000
3429,13585000,49996000,11063000
3430,13589000,50003000,11220000
3431,13589000,50000000,11127000
3432,13585000,49996000,11155000
3433,13593000,50008000,11127000
3434,13589000,49996000,11155000
3435,13595000,50007000,11195000
3436,13589000,49993000,10893000
3437,13585000,49996000,11138000
3438,13580000,49995000,11164000
3439,13589000,50009000,11148000
3440,13573000,49985000,11170000
3441,13587000,50014000,11082000
3442,13593000,50006000,11175000
3443,13661000,50068000,11216000
3444,13661000,50000000,11319000
3445,13593000,49931000,11158000
3446,13577000,49985000,11124000
3447,13581000,50004000,11172000
3448,13593000,50011000,11139000
3449,13593000,50001000,11237000
3450,13577000,49984000,11197000
3451,13587000,50010000,11242000
3452,13585000,49997000,10994000
3453,13585000,50001000,11313000
3454,13684000,50099000,10867000
3455,13581000,49897000,11265000
3456,13585000,50004000,11141000
3457,13587000,50002000,11258000
3458,12586000,48998000,10524000
3459,13589000,51003000,11190000
3460,13577000,49989000,11228000
3461,13585000,50008000,11196000
3462,13582000,49996000,11233000
3463,13589000,50008000,11143000
3464,13585000,49995000,11238000
3465,13574000,49989000,11141000
3466,13577000,50004000,11121000
3467,12579000,49002000,10593000
3468,13589000,51010000,11180000
3469,13589000,50000000,11229000
3470,13575000,49986000,11185000
3471,13585000,50009000,10891000
3472,13574000,49989000,11127000
3473,13583000,50010000,11165000
3474,13585000,50002000,11192000
3475,13585000,50000000,11165000
3476,13577000,49992000,11131000
3477,13593000,50016000,11170000
3478,13585000,49992000,11207000
3479,13589000,50003000,11183000
3480,13581000,49993000,11282000
3481,13601000,50019000,11390000
3482,13589000,49989000,11287000
3483,13585000,49995000,11259000
3484,13585000,50000000,11288000
3485,13577000,49992000,11264000
3486,13592000,50015000,11020000
3487,12577000,48985000,10657000
3488,13573000,50997000,11234000
3489,13583000,50010000,11271000
3490,13593000,50009000,11243000
3491,13593000,50001000,10933000
3492,12589000,48995000,10696000
3493,13589000,51000000,11213000
3494,13569000,49980000,11181000
3495,13581000,50012000,11299000
3496,13593000,50012000,11199000
3497,13577000,49984000,11176000
3498,13577000,50001000,11136000
3499,13581000,50003000,11165000
3500,13581000,50000000,10851000
3501,13581000,50000000,11169000
3502,13579000,49999000,11136000
3503,13573000,49994000,11110000
3504,13581000,50007000,11219000
3505,13591000,50011000,11128000
3506,12573000,48981000,10597000
3507,22997000,60425000,11179000
3508,22997000,49996000,11054000
3509,22993000,50000000,11102000
3510,12590000,39592000,10615000
3511,13593000,51008000,10858000
3512,13577000,49983000,11178000
3513,13593000,50016000,11345000
3514,13585000,49993000,11169000
3515,13593000,50008000,11145000
3516,12573000,48980000,10825000
3517,13581000,51008000,11147000
3518,13599000,50018000,11172000
3519,13585000,49986000,11157000
3520,13585000,50000000,11124000
3521,13599000,50014000,11151000
3522,13589000,49990000,11127000
3523,13593000,50004000,11171000
3524,13577000,49984000,11131000
3525,12589000,49012000,10823000
3526,13589000,51000000,11202000
3527,13581000,49992000,11178000
3528,13581000,50000000,11273000
3529,13577000,49996000,11175000
3530,13589000,50012000,11142000
3531,13577000,49988000,11255000
3532,13589000,50012000,11218000
3533,13585000,49996000,11181000
3534,12591000,49006000,10738000
3535,13593000,51002000,11195000
3536,13593000,50000000,11164000
3537,13599000,50006000,11266000
3538,13593000,49994000,11234000
3539,13577000,49984000,11268000
3540,13577000,50000000,11232000
3541,12595000,49018000,10513000
3542,13585000,50990000,11109000
3543,13578000,49992000,11151000
3544,13585000,50008000,11255000
3545,12581000,48996000,10805000
3546,13581000,51000000,11248000
3547,12577000,48996000,10465000
3548,13581000,51004000,11124000
3549,13589000,50007000,11164000
3550,13583000,49995000,11128000
3551,13577000,49994000,11174000
3552,13578000,50000000,11333000
3553,13591000,50014000,11163000
3554,13577000,49986000,11196000
3555,13589000,50012000,11176000
3556,13581000,49992000,11206000
3557,13589000,50008000,11120000
3558,13569000,49980000,11215000
3559,13582000,50012000,11187000
3560,13581000,49999000,11229000
3561,13589000,50009000,11188000
3562,13577000,49987000,11152000
3563,13605000,50029000,11343000
3564,13589000,49983000,11227000
3565,13589000,50000000,11199000
3566,13603000,50015000,11377000
3567,13597000,49990000,11286000
3568,13585000,49987000,11238000
3569,13595000,50011000,11283000
3570,13585000,49989000,11174000
3571,13573000,49993000,10887000
3572,13593000,50020000,11182000
3573,13593000,49995000,11091000
3574,13593000,50004000,11250000
3575,13589000,49997000,11234000
3576,13589000,50000000,11259000
3577,13605000,50016000,11367000
3578,13589000,49984000,11195000
3579,13589000,50000000,11176000
3580,13577000,49988000,11270000
3581,13593000,50015000,11177000
3582,12589000,48997000,10729000
3583,13577000,50988000,11259000
3584,13581000,50004000,11212000
3585,13579000,49998000,11253000
3586,12589000,49010000,10602000
3587,13589000,51000000,11189000
3588,13593000,50003000,11152000
3589,13581000,49989000,11194000
3590,13585000,50003000,11224000
3591,12577000,48993000,10730000
3592,13597000,51020000,11237000
3593,13569000,49972000,11209000
3594,13570000,50000000,11239000
3595,13585000,50016000,11163000
3596,13581000,49996000,11183000
3597,13585000,50004000,11152000
3598,12589000,49004000,10564000
3599,13590000,51000000,11229000
3600,13585000,49996000,11123000
3601,13595000,50010000,11160000
3602,13589000,49994000,11139000
3603,13586000,49996000,11232000
3604,13587000,50002000,11131000
3605,13589000,50002000,11103000
3606,12573000,48984000,10581000
3607,12574000,50000000,10561000
3608,13581000,51007000,11203000
3609,12585000,49005000,10559000
3610,13585000,51000000,11145000
3611,13589000,50004000,11197000
3612,13589000,50000000,10880000
3613,13581000,49992000,11128000
3614,12677000,49096000,10673000
3615,13593000,50916000,11203000
3616,13585000,49992000,11163000
3617,13579000,49994000,11274000
3618,13585000,50005000,11164000
3619,13573000,49988000,11214000
3620,13599000,50027000,11239000
3621,13589000,49990000,11154000
3622,13581000,49992000,11179000
3623,13577000,49996000,10951000
3624,13585000,50007000,11184000
3625,13585000,50001000,11158000
3626,13585000,50000000,11128000
3627,12585000,49000000,10477000
3628,13577000,50992000,11130000
3629,12569000,48992000,10555000
3630,13592000,51022000,11201000
3631,13589000,49998000,11177000
3632,22997000,59408000,11187000
3633,22997000,49996000,11175000
3634,22993000,50000000,10977000
3635,13574000,40576000,11184000
3636,13587000,50018000,11145000
3637,13669000,50082000,11258000
3638,12577000,48908000,10597000
3639,13577000,51000000,11198000
3640,13597000,50020000,11228000
3641,13589000,49991000,11409000
3642,13581000,49993000,11229000
3643,13581000,50000000,11152000
3644,13589000,50007000,11177000
3645,13589000,50001000,11218000
3646,13585000,49995000,11183000
3647,13585000,50000000,11220000
3648,13581000,49996000,11184000
3649,13591000,50011000,11222000
3650,13585000,49994000,11193000
3651,12577000,48992000,10753000
3652,22997000,60420000,11176000
3653,22997000,49996000,11218000
3654,12581000,39588000,10726000
3655,13577000,50995000,11241000
3656,13593000,50016000,11139000
3657,13585000,49993000,11255000
3658,13585000,50000000,11141000
3659,13573000,49987000,11192000
3660,13589000,50016000,11217000
3661,13589000,50000000,11189000
3662,12585000,48996000,10607000
3663,13569000,50985000,11263000
3664,13569000,50000000,11227000
3665,13596000,50026000,11199000
3666,12585000,48990000,10619000
3667,12577000,49992000,10589000
3668,13595000,51018000,11242000
3669,13589000,49993000,11210000
3670,13589000,50000000,11178000
3671,12577000,48988000,10738000
3672,13589000,51013000,10838000
3673,13593000,50004000,11426000
3674,13581000,49988000,11258000
3675,13589000,50008000,11167000
3676,13577000,49988000,11190000
3677,13589000,50012000,11235000
3678,13589000,50000000,11208000
3679,12585000,48996000,10689000
3680,13573000,50988000,11205000
3681,13591000,50018000,11176000
3682,13573000,49982000,11214000
3683,13577000,50004000,11244000
3684,12587000,49010000,10796000
3685,13585000,50998000,11176000
3686,13573000,49988000,11149000
3687,13581000,50008000,11193000
3688,12597000,49015000,10814000
3689,13589000,50993000,11264000
3690,13589000,50000000,11085000
3691,13585000,49995000,11139000
3692,12581000,48997000,10811000
3693,13573000,50992000,11138000
3694,12581000,49008000,10554000
3695,13577000,50996000,11144000
3696,13589000,50012000,11099000
3697,13591000,50002000,11142000
3698,13593000,50002000,11124000
3699,13665000,50072000,11287000
3700,11980000,48314000,10832000
3701,13578000,51598000,11151000
3702,13585000,50007000,11183000
3703,13577000,49993000,11236000
3704,13577000,50000000,11127000
3705,13569000,49992000,11162000
3706,13577000,50008000,11194000
3707,12585000,49008000,10485000
3708,13573000,50988000,11141000
3709,13589000,50016000,11104000
3710,13589000,50000000,11148000
3711,13577000,49988000,11124000
3712,13589000,50012000,11145000
3713,13591000,50002000,11186000
3714,13589000,49998000,11151000
3715,13589000,50000000,11192000
3716,13583000,49994000,11156000
3717,13589000,50006000,11193000
3718,13573000,49984000,11158000
3719,13577000,50004000,11210000
3720,13589000,50011000,11163000
3721,13577000,49989000,11204000
3722,13589000,50012000,11168000
3723,13589000,49999000,11218000
3724,13589000,50001000,11242000
3725,13589000,49999000,11219000
3726,13581000,49993000,11188000
3727,12589000,49008000,10542000
3728,13570000,50980000,11184000
3729,13599000,50030000,11225000
3730,13589000,49990000,11132000
3731,13589000,50000000,11092000
3732,13595000,50006000,10857000
3733,13593000,49998000,11236000
3734,13589000,49996000,11196000
3735,13589000,50000000,11180000
3736,13593000,50004000,11146000
3737,13609000,50016000,11244000
3738,13593000,49983000,11145000
3739,13593000,50000000,11183000
3740,13589000,49997000,11212000
3741,13589000,49999000,11331000
3742,13577000,49988000,11096000
3743,13585000,50008000,11140000
3744,13589000,50005000,11158000
3745,13599000,50010000,11071000
3746,12581000,48982000,10469000
3747,13589000,51007000,11146000
3748,13599000,50011000,11044000
3749,13589000,49990000,11150000
3750,13589000,50000000,11119000
3751,13581000,49992000,11098000
3752,13573000,49991000,11115000
3753,13581000,50009000,11089000
3754,13565000,49984000,11055000
3755,13581000,50015000,11092000
3756,13589000,50009000,11059000
3757,13589000,49999000,11167000
3758,13589000,50000000,11082000
3759,12589000,49000000,10766000
3760,13585000,50997000,11066000
3761,13591000,50006000,11173000
3762,13577000,49986000,11074000
3763,13581000,50003000,11057000
3764,13575000,49995000,11081000
3765,13589000,50014000,11119000
3766,12569000,48979000,10597000
3767,13657000,51089000,11266000
3768,12589000,48931000,10748000
3769,13593000,51005000,11331000
3770,12593000,48999000,10813000
3771,13585000,50992000,11135000
3772,12581000,48997000,10830000
3773,13589000,51008000,11213000
3774,12581000,48992000,10768000
3775,13581000,51000000,11088000
3776,13585000,50004000,11123000
3777,13591000,50006000,11148000
3778,13585000,49994000,11059000
3779,13585000,50000000,11105000
3780,13587000,50002000,11131000
3781,13585000,49998000,11100000
3782,13589000,50004000,11072000
3783,13577000,49988000,11101000
3784,13585000,50008000,11065000
3785,13581000,49996000,11107000
3786,13565000,49984000,11079000
3787,12581000,49016000,10484000
3788,13589000,51007000,11146000
3789,13585000,49997000,11322000
3790,13585000,50000000,11094000
3791,13589000,50003000,11128000
3792,13589000,50000000,11150000
3793,13595000,50007000,11132000
3794,13589000,49994000,11156000
3795,13581000,49992000,11064000
3796,13584000,50002000,11026000
3797,12585000,49002000,10656000
3798,13581000,50996000,11100000
3799,13589000,50008000,11081000
3800,13585000,49996000,11041000
3801,13581000,49996000,11086000
3802,13593000,50012000,11176000
3803,13589000,49996000,11153000
3804,11906000,48316000,10831000
3805,13585000,51680000,11163000
3806,13589000,50004000,10987000
3807,13577000,49988000,11027000
3808,13581000,50004000,11131000
3809,12587000,49006000,10689000
3810,13585000,50997000,10989000
3811,12573000,48989000,10699000
3812,13587000,51014000,11137000
3813,12589000,49002000,10623000
3814,13585000,50996000,11142000
3815,12581000,48996000,10494000
3816,13589000,51008000,11213000
3817,13577000,49988000,11185000
3818,13585000,50008000,11152000
3819,13589000,50003000,11199000
3820,13577000,49988000,11157000
3821,13581000,50005000,11200000
3822,13585000,50004000,11100000
3823,13573000,49987000,11081000
3824,13589000,50017000,11097000
3825,13580000,49990000,11079000
3826,12585000,49006000,10481000
3827,13589000,51004000,11090000
3828,13595000,50006000,11116000
3829,13581000,49986000,11154000
3830,13585000,50004000,11051000
3831,13581000,49996000,11027000
3832,13593000,50011000,11056000
3833,13600000,50008000,11243000
3834,12577000,48977000,10792000
3835,13589000,51012000,11103000
3836,13581000,49992000,11069000
3837,13589000,50007000,11110000
3838,13589000,50001000,11087000
3839,13589000,49999000,11183000
3840,13589000,50000000,11145000
3841,13591000,50003000,11120000
3842,13581000,49990000,11154000
3843,12589000,49008000,10640000
3844,13587000,50998000,11015000
3845,13585000,49998000,10846000
3846,13589000,50004000,11086000
3847,12585000,48995000,10445000
3848,13585000,51001000,11165000
3849,13581000,49996000,11148000
3850,13585000,50004000,11037000
3851,13589000,50004000,11083000
3852,13585000,49996000,10963000
3853,12589000,49004000,10593000
3854,13585000,50996000,11055000
3855,13577000,49992000,11162000
3856,13581000,50003000,11123000
3857,13595000,50015000,11088000
3858,13589000,49993000,11139000
3859,12573000,48985000,10615000
3860,13595000,51022000,11193000
3861,13585000,49990000,11100000
3862,13569000,49984000,11073000
3863,13569000,50000000,11057000
3864,13577000,50008000,11074000
3865,13593000,50016000,11044000
3866,13581000,49988000,11086000
3867,12589000,49008000,10636000
3868,12585000,49996000,10741000
3869,13585000,51000000,11057000
3870,13581000,49996000,11094000
3871,12594000,49012000,10506000
3872,12589000,49996000,10814000
3873,13603000,51014000,11063000
3874,13589000,49986000,11041000
3875,13589000,50000000,10995000
3876,13599000,50010000,11041000
3877,13585000,49985000,11079000
3878,13589000,50005000,11046000
3879,13595000,50006000,11018000
3880,13589000,49993000,11052000
3881,13585000,49997000,11023000
3882,13589000,50004000,11187000
3883,13593000,50004000,10955000
3884,13577000,49984000,10919000
3885,13593000,50015000,10956000
3886,13581000,49989000,11003000
3887,12593000,49012000,10632000
3888,13593000,50999000,10999000
3889,13595000,50003000,10967000
3890,13589000,49993000,11004000
3891,12577000,48989000,10700000
3892,13583000,51006000,11010000
3893,12589000,49006000,10349000
3894,13577000,50988000,10942000
3895,13587000,50010000,10991000
3896,13589000,50001000,11021000
3897,13601000,50012000,11210000
3898,13589000,49989000,11019000
3899,13585000,49996000,10990000
3900,12589000,49003000,10687000
3901,13585000,50997000,11004000
3902,13581000,49996000,11053000
3903,13589000,50008000,11009000
3904,13585000,49996000,11120000
3905,13585000,50000000,11007000
3906,12585000,49000000,10701000
3907,12585000,50000000,10395000
3908,13591000,51006000,11059000
3909,12589000,48998000,10689000
3910,13581000,50992000,10924000
3911,13595000,50014000,11171000
3912,13589000,49994000,10991000
3913,12581000,48992000,10627000
3914,12581000,50000000,10734000
3915,13605000,51023000,11187000
3916,13597000,49993000,10997000
3917,13601000,50003000,11049000
3918,13601000,50000000,11165000
3919,13593000,49989000,11064000
3920,13589000,49995000,11016000
3921,13596000,50007000,10992000
3922,13593000,49997000,11017000
3923,13597000,50009000,11266000
3924,13607000,50010000,11237000
3925,13605000,49994000,11146000
3926,13593000,49992000,11033000
3927,13602000,50009000,11147000
3928,13597000,49994000,11117000
3929,13593000,49997000,11088000
3930,13589000,49996000,11112000
3931,12577000,48988000,10806000
3932,12581000,50004000,10767000
3933,12585000,50004000,10461000
3934,13585000,51000000,11135000
3935,22997000,59412000,11073000
3936,12578000,39576000,10500000
3937,13589000,51016000,11045000
3938,13577000,49988000,11131000
3939,13585000,50008000,11034000
3940,13595000,50010000,11135000
3941,13585000,49990000,11250000
3942,13585000,50000000,11210000
3943,13595000,50010000,11131000
3944,13581000,49986000,11149000
3945,13589000,50007000,11127000
3946,13581000,49993000,11083000
3947,12585000,49004000,10495000
3948,12585000,50000000,10459000
3949,13585000,50999000,11139000
3950,13581000,49997000,11112000
3951,12581000,49000000,10445000
3952,13585000,51004000,11034000
3953,13585000,49999000,11006000
3954,13593000,50009000,11112000
3955,13665000,50072000,11215000
3956,13664000,49999000,11179000
3957,13589000,49925000,11008000
3958,13585000,49996000,11055000
3959,22997000,59412000,11354000
3960,13588000,40587000,11054000
3961,13613000,50028000,11230000
3962,13581000,49969000,11064000
3963,13589000,50008000,11098000
3964,13585000,49996000,11069000
3965,13581000,49996000,11031000
3966,13585000,50004000,11002000
3967,12581000,48996000,10415000
3968,13589000,51008000,11146000
3969,13577000,49988000,11125000
3970,13589000,50012000,11149000
3971,13589000,50000000,10907000
3972,12595000,49006000,10459000
3973,12589000,49994000,10644000
3974,13577000,50988000,11089000
3975,12599000,49022000,10444000
3976,12593000,49994000,10681000
3977,12585000,49992000,10793000
3978,13581000,50996000,11096000
3979,13589000,50008000,11077000
3980,13577000,49988000,11170000
3981,12585000,49008000,10452000
3982,13585000,51000000,11180000
3983,13593000,50008000,11098000
3984,13593000,50000000,10977000
3985,13601000,50007000,11101000
3986,12593000,48992000,10354000
3987,13585000,50993000,11093000
3988,13599000,50014000,11131000
3989,13589000,49989000,11165000
3990,12581000,48992000,10652000
3991,13607000,51027000,11114000
3992,12581000,48974000,10304000
3993,12577000,49996000,10415000
3994,13593000,51016000,11083000
3995,12573000,48980000,10632000
3996,13581000,51007000,11013000
3997,13577000,49997000,11123000
3998,13585000,50008000,11081000
3999,13577000,49992000,11140000
4000,13589000,50012000,10951000
4001,13577000,49988000,11075000
4002,13589000,50012000,11095000
4003,12585000,48996000,10442000
4004,13583000,50998000,11239000
4005,13593000,50010000,11079000
4006,13577000,49984000,11114000
4007,12575000,48998000,10388000
4008,13592000,51018000,11131000
4009,12599000,49006000,10756000
4010,13581000,50982000,11123000
4011,12589000,49008000,10818000
4012,13581000,50992000,10979000
4013,12581000,49000000,10400000
4014,13677000,51096000,11138000
4015,13585000,49908000,10964000
4016,13589000,50004000,11002000
4017,13577000,49988000,10975000
4018,13589000,50012000,11007000
4019,13589000,50000000,10983000
4020,13595000,50006000,11009000
4021,13589000,49994000,11072000
4022,13573000,49984000,11014000
4023,13576000,50002000,11064000
4024,13573000,49998000,10950000
4025,13617000,50043000,11222000
4026,13599000,49983000,10960000
4027,12585000,48986000,10368000
4028,12573000,49987000,10816000
4029,13577000,51005000,10998000
4030,13577000,50000000,10962000
4031,13585000,50008000,11008000
4032,12585000,49000000,10560000
4033,13589000,51004000,11091000
4034,13573000,49984000,11052000
4035,13589000,50016000,11101000
4036,13576000,49986000,11055000
4037,13677000,50102000,11168000
4038,13589000,49912000,11057000
4039,12595000,49006000,10689000
4040,13569000,50974000,11059000
4041,12577000,49008000,10632000
4042,13587000,51010000,11079000
4043,13585000,49998000,11046000
4044,13573000,49988000,10996000
4045,13585000,50012000,11048000
4046,13585000,50000000,11082000
4047,13593000,50007000,11065000
4048,13593000,50000000,11084000
4049,13589000,49997000,11065000
4050,13593000,50004000,11090000
4051,12581000,48988000,10718000
4052,13581000,51000000,11087000
4053,12589000,49008000,10304000
4054,13585000,50996000,11037000
4055,13587000,50002000,11145000
4056,13589000,50002000,11111000
4057,13615000,50026000,11149000
4058,13595000,49980000,11048000
4059,13577000,49981000,11006000
4060,12585000,49009000,10488000
4061,12589000,50003000,10605000
4062,12589000,50001000,10709000
4063,12589000,49999000,10615000
4064,13577000,50989000,10847000
4065,13585000,50008000,11171000
4066,12589000,49003000,10365000
4067,13577000,50988000,11032000
4068,13596000,50019000,11074000
4069,12581000,48986000,10623000
4070,13589000,51008000,11001000
4071,13595000,50006000,11057000
4072,13585000,49990000,11093000
4073,12585000,48999000,10572000
4074,13579000,50995000,11084000
4075,12585000,49006000,10779000
4076,13589000,51003000,11086000
4077,12589000,49000000,10364000
4078,12589000,50001000,10681000
4079,13585000,50996000,11068000
4080,13585000,50000000,11037000
4081,13576000,49992000,11081000
4082,13585000,50007000,10964000
4083,13589000,50004000,11009000
4084,13588000,49999000,11044000
4085,12677000,49090000,10605000
4086,13593000,50916000,11053000
4087,12595000,49002000,10330000
4088,13593000,50998000,11051000
4089,12589000,48996000,10751000
4090,13599000,51010000,11055000
4091,12593000,48994000,10410000
4092,12573000,49980000,10717000
4093,12586000,50012000,10562000
4094,13585000,51000000,11200000
4095,12589000,49004000,10421000
4096,13581000,50992000,11001000
4097,13589000,50008000,10987000
4098,12573000,48984000,10665000
4099,13589000,51016000,11132000
4100,13592000,50002000,10939000
4101,13677000,50086000,11075000
4102,13597000,49919000,10948000
4103,13595000,49999000,10925000
4104,13585000,49990000,10954000
4105,12589000,49003000,10660000
4106,13599000,51011000,11045000
4107,12581000,48981000,10322000
4108,13585000,51004000,10969000
4109,13577000,49993000,10940000
4110,13573000,49996000,10966000
4111,13601000,50028000,11094000
4112,13577000,49976000,10971000
4113,13581000,50004000,10952000
4114,13577000,49996000,11059000
4115,13589000,50012000,11234000
4116,13575000,49986000,10994000
4117,13581000,50006000,11101000
4118,13582000,50000000,10988000
4119,13592000,50010000,10971000
4120,13594000,50002000,10924000
4121,13569000,49976000,11193000
4122,12595000,49026000,10378000
4123,13589000,50994000,11057000
4124,13589000,50000000,11012000
4125,13589000,49999000,10992000
4126,13593000,50005000,11013000
4127,13585000,49992000,10989000
4128,13585000,50000000,11084000
4129,13585000,50000000,10995000
4130,13593000,50008000,11029000
4131,13585000,49992000,11083000
4132,13596000,50010000,11034000
4133,12581000,48986000,10523000
4134,13589000,51008000,10962000
4135,12595000,49006000,10742000
4136,13585000,50990000,10975000
4137,12589000,49004000,10750000
4138,13603000,51014000,10972000
4139,12593000,48989000,10546000
4140,13589000,50997000,11055000
4141,13577000,49988000,10958000
4142,13589000,50012000,10991000
4143,13589000,50000000,10967000
4144,13589000,50000000,10988000
4145,12577000,48988000,10277000
4146,12593000,50015000,10304000
4147,12585000,49993000,10284000
4148,13592000,51006000,11083000
4149,12593000,49001000,10708000
4150,13585000,50993000,11009000
4151,12591000,49006000,10719000
4152,12570000,49978000,10382000
4153,13593000,51023000,10923000
4154,13603000,50011000,11085000
4155,12589000,48986000,10795000
4156,12581000,49992000,10759000
4157,13589000,51007000,10935000
4158,12593000,49005000,10628000
4159,12585000,49992000,10814000
4160,13581000,50996000,10970000
4161,13577000,49996000,10955000
4162,13593000,50016000,11057000
4163,12574000,48980000,10396000
4164,13577000,51004000,11067000
4165,12577000,49000000,10822000
4166,13593000,51015000,10986000
4167,13583000,49991000,11032000
4168,12589000,49006000,10363000
4169,13589000,50999000,10964000
4170,13599000,50011000,10932000
4171,13585000,49986000,10969000
4172,12589000,49004000,10525000
4173,12581000,49992000,10489000
4174,12573000,49992000,10598000
4175,12577000,50004000,10355000
4176,13589000,51012000,10940000
4177,13585000,49996000,10925000
4178,13586000,50000000,10887000
4179,13577000,49992000,10991000
4180,13589000,50012000,10956000
4181,13589000,50000000,10931000
4182,13599000,50010000,10964000
4183,12599000,49000000,10801000
4184,13589000,50990000,10961000
4185,13589000,49999000,10938000
4186,13591000,50003000,10901000
4187,12593000,49001000,10322000
4188,11927000,49335000,10835000
4189,13589000,51662000,10956000
4190,13589000,50000000,10912000
4191,13581000,49991000,10898000
4192,12581000,49001000,10577000
4193,13565000,50984000,10904000
4194,13581000,50016000,10923000
4195,13593000,50012000,10896000
4196,12585000,48992000,10370000
4197,12589000,50004000,10631000
4198,13589000,51000000,11003000
4199,13591000,50002000,11056000
4200,13589000,49998000,11001000
4201,13577000,49988000,10985000
4202,12599000,49022000,10810000
4203,13577000,50978000,11067000
4204,13589000,50012000,11016000
4205,13577000,49987000,10926000
4206,12581000,49005000,10602000
4207,12581000,49999000,10376000
4208,13589000,51009000,11100000
4209,12590000,49000000,10742000
4210,13593000,51004000,11041000
4211,12669000,49076000,10669000
4212,12669000,50000000,10708000
4213,12569000,49899000,10610000
4214,13589000,51021000,11048000
4215,13591000,50002000,10949000
4216,13581000,49989000,10909000
4217,13589000,50008000,10896000
4218,13599000,50011000,10919000
4219,12589000,48990000,10759000
4220,13577000,50988000,10989000
4221,13585000,50008000,10965000
4222,13593000,50008000,10991000
4223,13593000,49999000,11054000
4224,13589000,49996000,11138000
4225,12577000,48989000,10568000
4226,12589000,50012000,10796000
4227,12581000,49992000,10779000
4228,12585000,50003000,10751000
4229,13589000,51005000,10922000
4230,13589000,49999000,10887000
4231,12595000,49007000,10660000
4232,13585000,50990000,10883000
4233,22997000,59412000,11386000
4234,13601000,40599000,10893000
4235,13589000,49992000,10866000
4236,13589000,50000000,10894000
4237,13589000,50001000,10871000
4238,13589000,49999000,10899000
4239,12589000,49001000,10816000
4240,13585000,50995000,10908000
4241,13581000,49996000,10950000
4242,13589000,50008000,10910000
4243,13585000,49996000,10955000
4244,13589000,50004000,10924000
4245,13589000,50000000,10895000
4246,13589000,50000000,10917000
4247,12603000,49015000,10558000
4248,12673000,50070000,10224000
4249,13593000,50920000,11057000
4250,13599000,50006000,10997000
4251,12597000,48998000,10572000
4252,12589000,49992000,10660000
4253,13589000,51000000,10982000
4254,13585000,49996000,10942000
4255,12593000,49008000,10442000
4256,13601000,51008000,10944000
4257,13601000,49999000,10924000
4258,13609000,50009000,11098000
4259,13601000,49988000,10937000
4260,13597000,49996000,10972000
4261,12593000,48995000,10522000
4262,13597000,51004000,10964000
4263,13607000,50015000,11010000
4264,13609000,50002000,11314000
4265,13597000,49983000,11166000
4266,13599000,50007000,10909000
4267,12585000,48986000,10394000
4268,13589000,51004000,10980000
4269,13587000,49998000,10960000
4270,12593000,49006000,10500000
4271,13597000,51004000,11031000
4272,13577000,49980000,11135000
4273,12589000,49012000,10562000
4274,12590000,50000000,10515000
4275,12585000,49996000,10640000
4276,14589000,52004000,11986000
4277,13593000,49004000,10982000
4278,13585000,49992000,10938000
4279,12599000,49014000,10502000
4280,13593000,50994000,11009000
4281,13597000,50004000,11133000
4282,13607000,50010000,11508000
4283,13593000,49985000,10994000
4284,13593000,50001000,10950000
4285,12587000,48994000,10597000
4286,12593000,50006000,10763000
4287,13584000,50991000,10939000
4288,13589000,50004000,10972000
4289,13589000,50000000,11010000
4290,13589000,50001000,10970000
4291,13593000,50003000,11019000
4292,12599000,49007000,10506000
4293,12585000,49986000,10619000
4294,13585000,51000000,10993000
4295,13585000,50000000,10957000
4296,12593000,49008000,10500000
4297,13585000,50991000,10900000
4298,13599000,50015000,10996000
4299,13589000,49989000,10972000
4300,13589000,50001000,10928000
4301,13591000,50002000,10973000
4302,13593000,50001000,11002000
4303,13605000,50013000,10917000
4304,13589000,49984000,11004000
4305,13589000,50000000,10919000
4306,12581000,48992000,10523000
4307,12581000,50000000,10581000
4308,13595000,51014000,10958000
4309,13587000,49992000,10995000
4310,13585000,49998000,10951000
4311,13573000,49988000,11009000
4312,13593000,50019000,10956000
4313,12589000,48997000,10670000
4314,13583000,50994000,11037000
4315,13589000,50006000,11015000
4316,12665000,49076000,10697000
4317,13595000,50930000,10888000
4318,13581000,49986000,10911000
4319,12581000,49000000,10397000
4320,13577000,50996000,10974000
4321,13581000,50004000,10896000
4322,13593000,50012000,10987000
4323,13589000,49996000,10963000
4324,13581000,49992000,10928000
4325,13585000,50004000,10903000
4326,13585000,49999000,10990000
4327,12585000,49001000,10362000
4328,13589000,51004000,10930000
4329,13577000,49988000,10910000
4330,13595000,50018000,10936000
4331,13589000,49994000,11065000
4332,13585000,49996000,11010000
4333,13599000,50014000,10995000
4334,13581000,49982000,10890000
4335,12589000,49008000,10443000
4336,12585000,49996000,10462000
4337,13589000,51004000,10940000
4338,13585000,49996000,10892000
4339,12589000,49004000,10741000
4340,13589000,51000000,11180000
4341,13589000,50000000,10942000
4342,12593000,49003000,10636000
4343,12589000,49997000,10757000
4344,13577000,50988000,10904000
4345,13581000,50004000,10965000
4346,13587000,50006000,10910000
4347,12577000,48990000,10404000
4348,13585000,51008000,10988000
4349,13583000,49998000,10968000
4350,13569000,49986000,10920000
4351,13589000,50020000,10900000
4352,13585000,49996000,10857000
4353,12573000,48988000,10568000
4354,13577000,51004000,10935000
4355,12589000,49012000,10779000
4356,13585000,50995000,10949000
4357,13577000,49993000,10847000
4358,13585000,50008000,10890000
4359,12581000,48996000,10518000
4360,13589000,51007000,10947000
4361,13670000,50081000,11074000
4362,12599000,48930000,10815000
4363,12585000,49986000,10597000
4364,13589000,51004000,10958000
4365,13583000,49994000,10942000
4366,12589000,49006000,10826000
4367,13569000,50980000,10943000
4368,13577000,50008000,10899000
4369,13585000,50008000,10956000
4370,12581000,48996000,10211000
4371,12581000,50000000,10472000
4372,13581000,51000000,11138000
4373,13573000,49992000,10967000
4374,13593000,50020000,10855000
4375,13581000,49988000,10914000
4376,13593000,50012000,10853000
4377,13581000,49988000,10909000
4378,13591000,50010000,10863000
4379,14589000,50998000,11888000
4380,12585000,47996000,10732000
4381,12587000,50002000,10779000
4382,22997000,60410000,11398000
4383,13585000,40584000,10993000
4384,13581000,50000000,11089000
4385,13585000,50004000,10855000
4386,13593000,50008000,11022000
4387,12585000,48992000,10373000
4388,13585000,51000000,10902000
4389,13581000,49996000,10933000
4390,22997000,59416000,11420000
4391,13589000,40588000,10956000
4392,13589000,50004000,11050000
4393,13589000,50000000,10877000
4394,11918000,48329000,10832000
4395,13577000,51659000,10949000
4396,12577000,49000000,10358000
4397,13583000,51006000,10963000
4398,13573000,49990000,10907000
4399,13601000,50027000,10896000
4400,12589000,48988000,10430000
4401,13580000,50992000,10901000
4402,12589000,49008000,10513000
4403,11906000,49317000,10840000
4404,14581000,52676000,11902000
4405,13581000,49000000,10910000
4406,13593000,50012000,10870000
4407,13589000,49996000,11136000
4408,13585000,49995000,10883000
4409,14601000,51017000,12034000
4410,13603000,49002000,11503000
4411,12589000,48986000,10438000
4412,12589000,50000000,10397000
4413,13599000,51010000,10933000
4414,14590000,50990000,11858000
4415,12589000,48000000,10379000
4416,12585000,49996000,10830000
4417,13581000,50996000,10888000
4418,13581000,50000000,10895000
4419,12589000,49008000,10459000
4420,13585000,50996000,10978000
4421,13577000,49992000,10891000
4422,12589000,49012000,10428000
4423,13581000,50992000,10901000
4424,13593000,50012000,10912000
4425,13589000,49996000,10897000
4426,13603000,50014000,10866000
4427,12585000,48982000,10342000
4428,13589000,51004000,11830000
4429,12599000,49010000,10351000
4430,13573000,50974000,11700000
4431,12589000,49016000,10357000
4432,13581000,50992000,10866000
4433,14585000,51004000,12024000
4434,13581000,48996000,10879000
4435,14589000,51008000,11964000
4436,13589000,49000000,10948000
4437,13577000,49988000,10924000
4438,13589000,50011000,10953000
4439,13589000,50001000,10943000
4440,12593000,49004000,10825000
4441,13573000,50980000,10935000
4442,13599000,50026000,10891000
4443,14589000,50990000,11981000
4444,12585000,47996000,10272000
4445,14591000,52006000,11921000
4446,13589000,48998000,10898000
4447,12581000,48992000,10326000
4448,13585000,51004000,10843000
4449,14577000,50992000,11932000
4450,13581000,49004000,10982000
4451,13589000,50008000,10897000
4452,13590000,50000000,10922000
4453,13593000,50004000,10901000
4454,13590000,49996000,10993000
4455,14577000,50988000,11961000
4456,13585000,49007000,10857000
4457,13589000,50005000,10977000
4458,14595000,51006000,11906000
4459,14581000,49985000,11891000
4460,13585000,49005000,10883000
4461,13583000,49998000,10851000
4462,12585000,49002000,10394000
4463,14585000,52000000,11901000
4464,13589000,49004000,10950000
4465,13585000,49996000,11834000
4466,14585000,51000000,11859000
4467,14673000,50088000,11907000
4468,13661000,48988000,10900000
4469,13589000,49928000,10887000
4470,11924000,48334000,10833000
4471,14585000,52662000,11859000
4472,13585000,49000000,10903000
4473,13581000,49996000,11651000
4474,13595000,50014000,10908000
4475,13589000,49994000,10897000
4476,14585000,50996000,11954000
4477,14595000,50010000,11934000
4478,13597000,49001000,10855000
4479,14593000,50997000,11940000
4480,14587000,49994000,11896000
4481,13581000,48994000,10904000
4482,13589000,50008000,11276000
4483,14585000,50996000,11895000
4484,14581000,49996000,11838000
4485,14577000,49996000,11895000
4486,13593000,49016000,10940000
4487,14677000,51084000,11970000
4488,14597000,49919000,11921000
4489,14585000,49989000,11967000
4490,13595000,49010000,10888000
4491,14585000,50990000,11903000
4492,14585000,49999000,11932000
4493,13587000,49003000,10873000
4494,12589000,49001000,10620000
4495,12593000,50004000,10248000
4496,14587000,51995000,11943000
4497,14581000,49994000,11851000
4498,13593000,49012000,10907000
4499,13593000,49999000,11797000
4500,13589000,49997000,11824000
4501,12593000,49004000,10825000
4502,13581000,50988000,10854000
4503,14593000,51012000,11944000
4504,13585000,48992000,11348000
4505,14589000,51003000,11873000
4506,14589000,50001000,11909000
4507,13593000,49004000,11252000
4508,14585000,50991000,11842000
4509,13583000,48999000,10850000
4510,13589000,50005000,10883000
4511,14577000,50989000,11897000
4512,14595000,50018000,11853000
4513,14589000,49993000,11897000
4514,14589000,50001000,11930000
4515,13581000,48992000,11838000
4516,14593000,51011000,11931000
4517,13589000,48997000,11836000
4518,13581000,49992000,10973000
4519,14585000,51004000,11918000
4520,14589000,50004000,11883000
4521,14581000,49992000,11922000
4522,13593000,49012000,11820000
4523,14589000,50996000,11924000
4524,13573000,48984000,11321000
4525,14595000,51022000,11925000
4526,14573000,49978000,11889000
4527,14577000,50004000,11866000
4528,14587000,50010000,11895000
4529,13589000,49002000,11523000
4530,14581000,50991000,11900000
4531,13589000,49009000,11818000
4532,14585000,50995000,11841000
4533,14585000,50001000,12098000
4534,13581000,48996000,11217000
4535,13581000,50000000,11830000
4536,13585000,50003000,11789000
4537,14597000,51012000,12097000
4538,14591000,49995000,11854000
4539,23997000,59406000,12350000
4540,14582000,40580000,12065000
4541,14584000,50006000,11964000
4542,14585000,50001000,11928000
4543,14590000,50005000,11978000
4544,13587000,48998000,11313000
4545,13577000,49990000,11289000
4546,13589000,50012000,11245000
4547,14581000,50992000,11919000
4548,14577000,49996000,11890000
4549,14581000,50003000,11856000
4550,13573000,48993000,11820000
4551,14577000,51004000,11867000
4552,13593000,49015000,11814000
4553,14565000,50973000,11863000
4554,14587000,50022000,11891000
4555,13589000,49002000,11601000
4556,14585000,50996000,11896000
4557,13599000,49014000,11179000
4558,13589000,49990000,11482000
4559,14589000,51000000,11891000
4560,13599000,49010000,11422000
4561,13569000,49970000,11542000
4562,13593000,50024000,11640000
4563,14581000,50988000,11898000
4564,14577000,49996000,11846000
4565,13589000,49012000,11478000
4566,14577000,50988000,11851000
4567,13590000,49012000,11353000
4568,14581000,50992000,11857000
4569,14585000,50004000,11905000
4570,13599000,49014000,11445000
4571,13589000,49990000,11428000
4572,13577000,49988000,11384000
4573,14587000,51010000,11852000
4574,13593000,49005000,11818000
4575,13589000,49997000,11366000
4576,14595000,51006000,11888000
4577,14577000,49982000,11927000
4578,13593000,49016000,11466000
4579,13585000,49992000,11381000
4580,13589000,50004000,11553000
4581,14581000,50992000,11869000
4582,13597000,49015000,11407000
4583,14573000,50977000,11891000
4584,13593000,49020000,11482000
4585,13589000,49996000,11825000
4586,14591000,51002000,11904000
4587,13593000,49002000,11194000
4588,13585000,49992000,11640000
4589,13595000,50010000,11623000
4590,13593000,49998000,11502000
4591,13593000,49999000,11827000
4592,14587000,50995000,11917000
4593,13577000,48990000,11345000
4594,13585000,50007000,11090000
4595,12918000,49334000,11841000
4596,14577000,51658000,11864000
4597,13585000,49009000,11575000
4598,13585000,50000000,11455000
4599,13577000,49992000,11369000
4600,13589000,50012000,11456000
4601,14581000,50992000,11922000
4602,13591000,49010000,11327000
4603,13589000,49998000,11720000
4604,13585000,49996000,11819000
4605,23997000,60412000,12054000
4606,13593000,39591000,11199000
4607,13669000,50081000,11735000
4608,13611000,49942000,11826000
4609,14597000,50986000,11935000
4610,13654000,49056000,11628000
4611,13581000,49924000,11609000
4612,14593000,51012000,11913000
4613,13593000,48999000,11399000
4614,13597000,50005000,11498000
4615,13585000,49992000,11551000
4616,13601000,50015000,11573000
4617,13605000,50001000,11761000
4618,14589000,50988000,11879000
4619,13577000,48988000,11338000
4620,13585000,50008000,11731000
4621,13588000,50002000,11831000
4622,13589000,50002000,11442000
4623,12918000,49329000,11839000
4624,13575000,50657000,11810000
4625,12924000,49349000,11841000
4626,13581000,50657000,11811000
4627,13573000,49992000,11224000
4628,13581000,50007000,11815000
4629,14585000,51005000,11852000
4630,13585000,48999000,11816000
4631,13589000,50004000,11799000
4632,13581000,49992000,11822000
4633,13569000,49988000,11314000
4634,12933000,49365000,11836000
4635,13581000,50648000,11740000
4636,13577000,49995000,11488000
4637,13595000,50019000,11814000
4638,13593000,49998000,11779000
4639,13589000,49996000,11322000
4640,13591000,50002000,11789000
4641,13589000,49997000,11542000
4642,13593000,50005000,11785000
4643,13581000,49987000,11821000
4644,13589000,50009000,11791000
4645,13585000,49996000,11826000
4646,14681000,51096000,11864000
4647,13597000,48916000,11831000
4648,14593000,50996000,11865000
4649,12910000,48316000,11841000
4650,13593000,50684000,11816000
4651,13585000,49991000,11780000
4652,13593000,50009000,11816000
4653,13591000,49998000,11784000
4654,13585000,49994000,11812000
4655,13597000,50011000,11231000
4656,13603000,50007000,11821000
4657,13589000,49986000,11437000
4658,13593000,50004000,11692000
4659,13583000,49990000,11450000
4660,13577000,49993000,11763000
4661,14593000,51017000,12007000
4662,13593000,49000000,11419000
4663,13573000,49980000,11812000
4664,14585000,51011000,11903000
4665,13581000,48997000,11390000
4666,14577000,50995000,11929000
4667,13577000,49001000,11263000
4668,13585000,50007000,11793000
4669,13596000,50011000,11766000
4670,14577000,50981000,11863000
4671,13589000,49012000,11209000
4672,14584000,50995000,11870000
4673,13565000,48982000,11836000
4674,13569000,50004000,11813000
4675,13591000,50022000,11497000
4676,14589000,50998000,11888000
4677,14577000,49988000,11851000
4678,14585000,50008000,11889000
4679,14593000,50008000,11848000
4680,13577000,48984000,11812000
4681,14589000,51012000,11862000
4682,14585000,49996000,11838000
4683,14577000,49992000,11931000
4684,13589000,49012000,11560000
4685,14595000,51006000,11878000
4686,13585000,48989000,11771000
4687,13601000,50017000,11117000
4688,13591000,49990000,11771000
4689,14581000,50990000,11877000
4690,13597000,49016000,11568000
4691,13583000,49986000,11817000
4692,14585000,51002000,11849000
4693,13577000,48992000,11542000
4694,13593000,50016000,11228000
4695,14581000,50988000,11898000
4696,13577000,48995000,11519000
4697,13569000,49993000,11832000
4698,14593000,51023000,11946000
4699,13585000,48993000,11771000
4700,13578000,49992000,11737000
4701,13595000,50018000,11775000
4702,13589000,49994000,11809000
4703,12928000,49339000,11844000
4704,13595000,50667000,11534000
4705,14573000,50978000,12064000
4706,13589000,49015000,11187000
4707,14599000,51011000,11855000
4708,13585000,48986000,11819000
4709,14677000,51092000,11928000
4710,14593000,49916000,11892000
4711,13589000,48996000,11667000
4712,12933000,49343000,11834000
4713,14582000,51649000,11871000
4714,14585000,50004000,11848000
4715,13585000,48999000,11809000
4716,14589000,51004000,11844000
4717,13587000,48999000,11813000
4718,14589000,51001000,11842000
4719,13585000,48997000,11614000
4720,13580000,49994000,11429000
4721,13577000,49998000,11401000
4722,14593000,51016000,11857000
4723,13657000,49064000,11558000
4724,13670000,50012000,11514000
4725,13581000,49912000,11628000
4726,14585000,51004000,11939000
4727,12924000,48338000,11843000
4728,13589000,50666000,11389000
4729,13581000,49992000,11496000
4730,13581000,50000000,11400000
4731,14585000,51003000,11850000
4732,13581000,48996000,11196000
4733,22997000,59417000,11835000
4734,13597000,40596000,11134000
4735,13593000,50000000,11511000
4736,14587000,50994000,11893000
4737,14581000,49993000,11866000
4738,13593000,49012000,11763000
4739,13599000,50007000,11116000
4740,13589000,49990000,11707000
4741,13677000,50088000,11749000
4742,13597000,49919000,11717000
4743,23997000,60401000,12204000
4744,13589000,39588000,11232000
4745,13589000,50003000,11822000
4746,14593000,51005000,12002000
4747,13589000,48996000,11135000
4748,13585000,49996000,11443000
4749,13581000,49996000,11216000
4750,13585000,50004000,11803000
4751,13601000,50015000,11771000
4752,13579000,49979000,11665000
4753,13581000,50002000,11284000
4754,13589000,50008000,11818000
4755,14591000,51002000,11987000
4756,13589000,48998000,11751000
4757,13589000,49999000,11792000
4758,13585000,49997000,11262000
4759,13589000,50004000,11300000
4760,14589000,51000000,11889000
4761,14665000,50076000,12079000
4762,13585000,48920000,11347000
4763,13597000,50011000,11807000
4764,13577000,49981000,11771000
4765,13585000,50008000,11815000
4766,14593000,51008000,11978000
4767,13573000,48980000,11754000
4768,13595000,50022000,11494000
4769,13581000,49986000,11546000
4770,13593000,50012000,11499000
4771,13599000,50006000,11761000
4772,13597000,49998000,11721000
4773,13589000,49991000,11476000
4774,13593000,50005000,11383000
4775,23997000,60404000,12356000
4776,13585000,39583000,11807000
4777,13589000,50009000,11487000
4778,14589000,51000000,11958000
4779,13586000,48996000,11493000
4780,14585000,51000000,11888000
4781,13581000,48996000,11368000
4782,13593000,50012000,11818000
4783,13673000,50080000,11724000
4784,13591000,49918000,11820000
4785,13589000,49998000,11797000
4786,13589000,50000000,11334000
4787,13595000,50006000,11518000
4788,14677000,51082000,11898000
4789,14597000,49920000,11868000
4790,13593000,48996000,11491000
4791,13585000,49992000,11316000
4792,14585000,51000000,11841000
4793,14601000,50015000,11891000
4794,13593000,48993000,11502000
4795,13581000,49988000,11752000
4796,14589000,51008000,11919000
4797,13589000,49000000,11342000
4798,14581000,50992000,11857000
4799,13585000,49004000,11770000
4800,13595000,50010000,11457000
4801,14585000,50990000,12047000
4802,14593000,50008000,11870000
4803,14599000,50006000,11920000
4804,13569000,48970000,11324000
4805,13581000,50012000,11432000
4806,23997000,60416000,12340000
4807,13581000,39580000,11294000
4808,13577000,49999000,11548000
4809,13569000,49993000,11801000
4810,12918000,49349000,11836000
4811,14589000,51671000,11930000
4812,23997000,59408000,12355000
4813,13597000,39596000,11814000
4814,13581000,49988000,11632000
4815,14597000,51015000,11944000
4816,14591000,49995000,11837000
4817,13585000,48994000,11460000
4818,13589000,50004000,11779000
4819,13599000,50010000,11816000
4820,14585000,50986000,11847000
4821,13589000,49004000,11753000
4822,13597000,50008000,11500000
4823,13569000,49972000,11825000
4824,13593000,50024000,11792000
4825,13577000,49984000,11825000
4826,13593000,50015000,11515000
4827,13589000,49997000,11345000
4828,13589000,50000000,11521000
4829,14585000,50996000,11854000
4830,14590000,50004000,11883000
4831,14585000,49996000,12067000
4832,13591000,49006000,11825000
4833,13569000,49978000,11781000
4834,13581000,50012000,11749000
4835,14595000,51014000,11858000
4836,13589000,48994000,11821000
4837,14585000,50995000,11863000
4838,12922000,48338000,11831000
4839,14581000,51659000,11868000
4840,13597000,49016000,11628000
4841,13577000,49980000,11738000
4842,14585000,51008000,11837000
4843,14585000,49999000,11877000
4844,13581000,48997000,11502000
4845,14589000,51008000,11898000
4846,14681000,50092000,11912000
4847,13601000,48919000,11614000
4848,13596000,49995000,11505000
4849,13589000,49994000,11825000
4850,13594000,50004000,11792000
4851,13595000,50002000,11827000
4852,13585000,49990000,11520000
4853,13585000,50000000,11832000
4854,14599000,51014000,11867000
4855,13569000,48970000,11838000
4856,13585000,50015000,11812000
4857,12924000,49340000,11843000
4858,14573000,51649000,11889000
4859,14566000,49992000,11857000
4860,13589000,49024000,11480000
4861,13589000,50000000,11739000
4862,13581000,49992000,11826000
4863,13585000,50004000,11736000
4864,15595000,52010000,13016000
4865,13585000,47990000,11741000
4866,13577000,49992000,11349000
4867,13592000,50014000,11252000
4868,15569000,51978000,13235000
4869,13581000,48012000,11751000
4870,13581000,50000000,11728000
4871,13589000,50008000,11765000
4872,15585000,51995000,13385000
4873,13569000,47984000,11567000
4874,13586000,50017000,11797000
4875,13589000,50004000,11778000
4876,15596000,52006000,13547000
4877,13577000,47982000,11766000
4878,13593000,50015000,11745000
4879,13603000,50011000,11783000
4880,15592000,51989000,13685000
4881,13595000,48003000,11779000
4882,13587000,49992000,11331000
4883,14581000,50994000,11848000
4884,15588000,51007000,13556000
4885,14585000,48997000,11855000
4886,14573000,49988000,12021000
4887,13585000,49012000,11797000
4888,15591000,52006000,13568000
4889,13573000,47982000,11793000
4890,12922000,49349000,11832000
4891,13595000,50673000,11805000
4892,15592000,51997000,13227000
4893,13581000,47988000,11598000
4894,13595000,50015000,11283000
4895,14593000,50997000,11888000
4896,15592000,51000000,13581000
4897,13595000,48003000,11742000
4898,13585000,49989000,11717000
4899,13590000,50005000,11822000
4900,15599000,52010000,13534000
4901,13577000,47977000,11467000
4902,13585000,50009000,11798000
4903,13599000,50014000,11763000
4904,15589000,51989000,13051000
4905,13578000,47989000,11763000
4906,14587000,51010000,11883000
4907,13593000,49006000,11299000
4908,15589000,51995000,13559000
4909,13599000,48011000,11790000
4910,13589000,49989000,11825000
4911,13597000,50009000,11800000
4912,15600000,52002000,13568000
4913,13566000,47970000,11372000
4914,14585000,51015000,11839000
4915,14684000,50100000,11941000
4916,15584000,50900000,13230000
4917,13574000,47993000,11795000
4918,13599000,50022000,11767000
4919,13585000,49986000,11744000
4920,15596000,52011000,13225000
4921,14603000,49007000,11944000
4922,13593000,48989000,11791000
4923,13589000,49997000,11758000
4924,15596000,52006000,13240000
4925,13577000,47982000,11751000
4926,13577000,50000000,11732000
4927,13595000,50018000,11283000
4928,15576000,51981000,13185000
4929,13569000,47993000,11766000
4930,13591000,50022000,11735000
4931,13581000,49990000,11783000
4932,15581000,52000000,13265000
4933,13587000,48006000,11215000
4934,13585000,49998000,11826000
4935,13589000,50004000,11787000
4936,15583000,51994000,13480000
4937,13570000,47990000,11792000
4938,14589000,51016000,11897000
4939,13591000,49002000,11727000
4940,15588000,51997000,13577000
4941,13581000,47993000,11795000
4942,13579000,49998000,11763000
4943,14585000,51006000,11939000
4944,15588000,51003000,13498000
4945,13591000,48003000,11737000
4946,13590000,49998000,11778000
4947,13589000,50000000,11750000
4948,15596000,52006000,13239000
4949,13573000,47981000,11743000
4950,13589000,50013000,11719000
4951,13595000,50006000,11761000
4952,15585000,51990000,13168000
4953,13585000,48000000,11759000
4954,13599000,50014000,11795000
4955,13589000,49990000,11775000
4956,15592000,52003000,13469000
4957,13591000,47999000,11763000
4958,13589000,49998000,11737000
4959,13585000,49996000,11778000
4960,15596000,52011000,13468000
4961,14581000,48985000,11850000
4962,13597000,49016000,11814000
4963,13593000,49996000,11789000
4964,15592000,51999000,13282000
4965,13585000,47993000,11435000
4966,13591000,50006000,11821000
4967,13581000,49990000,11733000
4968,15596000,52015000,13497000
4969,13587000,47991000,11800000
4970,13593000,50006000,11775000
4971,13586000,49992000,11810000
4972,15592000,52006000,13520000
4973,13585000,47994000,11739000
4974,13590000,50004000,11494000
4975,13591000,50002000,11819000
4976,15577000,51986000,13511000
4977,13573000,47996000,11468000
4978,13599000,50026000,11726000
4979,14670000,51070000,11896000
4980,15671000,51002000,13754000
4981,13591000,47920000,11759000
4982,13593000,50002000,11740000
4983,13593000,50000000,11771000
4984,15600000,52006000,13545000
4985,13589000,47990000,11281000
4986,13573000,49984000,11816000
4987,13599000,50026000,11162000
4988,15573000,51973000,13000000
4989,12902000,47329000,11841000
4990,13595000,50694000,11758000
4991,14589000,50994000,11858000
4992,15584000,50995000,13493000
4993,13587000,48003000,11797000
4994,13593000,50006000,11767000
4995,13593000,49999000,11454000
4996,15588000,51996000,13504000
4997,13585000,47997000,11379000
4998,14593000,51008000,11838000
4999,13595000,49002000,11397000
5000,15585000,51989000,13510000
5001,13581000,47997000,11394000
5002,13597000,50016000,11785000
5003,13582000,49984000,11821000
5004,15589000,52008000,13525000
5005,13595000,48006000,11755000
5006,13581000,49985000,11801000
5007,13581000,50001000,11767000
5008,15588000,52007000,13189000
5009,13581000,47993000,11211000
5010,13585000,50004000,11815000
5011,13581000,49996000,11788000
5012,15588000,52007000,13555000
5013,13581000,47993000,11777000
5014,13595000,50014000,11059000
5015,13593000,49998000,11721000
5016,15596000,52003000,13075000
5017,13587000,47991000,11731000
5018,13585000,49998000,11624000
5019,13581000,49996000,11805000
5020,15581000,51999000,13084000
5021,13585000,48005000,11105000
5022,13590000,50004000,11568000
5023,13585000,49996000,11742000
5024,15596000,52011000,13232000
5025,13581000,47985000,11681000
5026,13593000,50011000,11720000
5027,13593000,50000000,11758000
5028,15600000,52008000,13602000
5029,13595000,47995000,11611000
5030,13589000,49994000,11793000
5031,13589000,50000000,11835000
5032,13597000,50007000,11810000
5033,13585000,49989000,11771000
5034,13593000,50007000,11468000
5035,12928000,49335000,11841000
5036,13585000,50658000,11812000
5037,13589000,50004000,11777000
5038,13589000,50000000,11817000
5039,13597000,50008000,11798000
5040,13593000,49996000,11829000
5041,13589000,49996000,11797000
5042,13585000,49996000,11281000
5043,13593000,50008000,11735000
5044,13597000,50004000,11704000
5045,13585000,49987000,11741000
5046,13581000,49996000,11427000
5047,13581000,50001000,11260000
5048,14724000,51142000,11847000
5049,14585000,49858000,11895000
5050,14589000,50007000,11852000
5051,13593000,49004000,11812000
5052,13577000,49985000,11493000
5053,13578000,50000000,11461000
5054,13589000,50012000,11364000
5055,13593000,50004000,11831000
5056,13581000,49988000,11801000
5057,13577000,49996000,11759000
5058,13585000,50008000,11802000
5059,13589000,50004000,11779000
5060,13586000,49996000,11738000
5061,13585000,50000000,11776000
5062,13573000,49988000,11821000
5063,13589000,50016000,11785000
5064,13581000,49992000,11387000
5065,13585000,50004000,11787000
5066,13585000,50000000,11685000
5067,13585000,50000000,11017000
5068,13585000,50000000,11755000
5069,13589000,50003000,11725000
5070,13585000,49997000,11825000
5071,13585000,50000000,11734000
5072,13589000,50003000,11767000
5073,13577000,49989000,11731000
5074,13581000,50003000,11421000
5075,13581000,50001000,11813000
5076,13581000,50000000,11423000
5077,13581000,50000000,11746000
5078,13593000,50011000,11577000
5079,13589000,49996000,11755000
5080,14662000,51074000,11985000
5081,13569000,48907000,11189000
5082,14589000,51019000,11861000
5083,13573000,48985000,11762000
5084,13574000,50000000,11799000
5085,13585000,50011000,11758000
5086,13593000,50009000,11534000
5087,13585000,49992000,11776000
5088,13577000,49991000,11809000
5089,13577000,50001000,11777000
5090,13594000,50016000,11742000
5091,13577000,49983000,11792000
5092,13581000,50005000,11754000
5093,13589000,50007000,11720000
5094,13593000,50005000,11263000
5095,13581000,49988000,11374000
5096,13597000,50015000,11771000
5097,13577000,49981000,11657000
5098,13581000,50004000,11767000
5099,13589000,50008000,11385000
5100,13581000,49992000,11704000
5101,13577000,49996000,11665000
5102,13593000,50016000,11640000
5103,13577000,49984000,11542000
5104,13569000,49992000,11359000
5105,22993000,59424000,11646000
5106,13593000,40596000,11091000
5107,13589000,49999000,11067000
5108,13589000,50000000,11804000
5109,13573000,49985000,11692000
5110,13582000,50008000,11661000
5111,13589000,50008000,11430000
5112,13593000,50004000,11665000
5113,13585000,49992000,11418000
5114,13593000,50008000,11746000
5115,13578000,49984000,11720000
5116,13585000,50007000,11677000
5117,13581000,49997000,11652000
5118,13573000,49991000,11750000
5119,13589000,50017000,11735000
5120,13566000,49976000,11697000
5121,13562000,49996000,11162000
5122,13581000,50020000,11692000
5123,13589000,50007000,11681000
5124,13569000,49981000,11414000
5125,13573000,50003000,11669000
5126,14581000,51008000,11854000
5127,13585000,49005000,11681000
5128,13589000,50003000,11718000
5129,13565000,49977000,11685000
5130,13677000,50112000,11438000
5131,13589000,49912000,11627000
5132,13585000,49996000,11444000
5133,13577000,49992000,11762000
5134,13581000,50004000,11657000
5135,13581000,50000000,11784000
5136,13577000,49996000,11168000
5137,13573000,49996000,11771000
5138,13589000,50016000,11754000
5139,13577000,49988000,11782000
5140,13581000,50004000,11322000
5141,13581000,50000000,11656000
5142,13589000,50008000,11254000
5143,13577000,49988000,11656000
5144,13577000,49999000,11338000
5145,13585000,50009000,11725000
5146,13577000,49992000,11758000
5147,13589000,50011000,11189000
5148,13577000,49989000,11692000
5149,13585000,50007000,11665000
5150,13574000,49990000,11705000
5151,13589000,50015000,11753000
5152,13581000,49992000,11709000
