seq,latency_m2m_ns,callback_jitter,publish_jitter
38,12657000,200076000,10051000
39,12576000,199920000,10621000
40,12576000,199999000,10273000
41,12577000,200001000,10790000
42,12577000,200000000,10164000
43,12661000,200084000,10444000
44,12572000,199912000,10670000
45,12576000,200004000,10327000
46,12572000,199996000,10140000
47,12580000,200008000,10422000
48,12657000,200076000,10788000
49,12569000,199912000,10170000
50,12573000,200005000,10051000
51,12572000,199999000,10192000
52,12573000,200000000,10268000
53,12656000,200083000,10005000
54,12565000,199909000,10228000
55,12580000,200016000,10654000
56,12569000,199988000,10380000
57,12589000,200020000,10812000
58,12657000,200069000,10553000
59,12573000,199915000,10570000
60,12572000,200000000,10646000
61,12572000,200000000,10169000
62,12561000,199988000,10314000
63,12656000,200095000,10678000
64,12573000,199917000,10340000
65,12580000,200008000,10351000
66,12586000,200006000,10147000
67,12577000,199991000,10434000
68,12653000,200076000,10453000
69,12577000,199923000,10251000
70,12581000,200004000,10331000
71,12577000,199996000,10334000
72,12576000,200000000,10206000
73,12657000,200080000,10377000
74,12577000,199920000,10513000
75,12576000,200000000,10316000
76,12579000,200003000,10129000
77,12565000,199985000,10268000
78,12653000,200089000,10348000
79,12583000,199929000,10355000
80,12576000,199994000,10288000
81,12649000,200073000,10381000
82,12573000,199923000,10383000
83,12657000,200085000,10607000
84,12577000,199919000,10336000
85,12557000,199980000,10485000
86,12580000,200024000,10583000
87,12584000,200004000,10368000
88,12665000,200080000,10452000
89,12596000,199932000,10325000
90,12572000,199976000,10470000
91,12577000,200004000,10081000
92,12590000,200014000,10222000
93,12653000,200062000,10302000
94,12561000,199908000,10513000
95,12561000,200000000,10181000
96,12573000,200012000,10555000
97,12572000,200000000,10345000
98,12645000,200073000,10422000
99,12580000,199935000,10372000
100,12573000,199992000,10369000
101,12564000,199992000,10453000
102,12572000,200008000,10452000
103,12654000,200081000,10467000
104,12581000,199927000,10620000
105,12575000,199994000,10362000
106,12577000,200003000,10160000
107,12577000,200000000,10375000
108,12657000,200080000,10534000
109,12564000,199907000,10397000
110,12560000,199996000,10403000
111,12564000,200004000,10565000
112,12568000,200004000,10087000
113,12630000,200061000,10440000
114,12573000,199944000,10385000
115,12668000,200094000,10400000
116,12649000,199982000,10692000
117,12576000,199927000,10352000
118,12664000,200087000,10359000
119,12577000,199914000,10374000
120,12581000,200004000,10172000
121,12564000,199983000,10120000
122,12573000,200009000,10467000
123,12653000,200080000,10209000
124,12577000,199923000,10485000
125,12581000,200004000,10439000
126,12580000,200000000,10586000
127,12568000,199988000,10383000
128,12659000,200091000,10390000
129,12573000,199913000,10552000
130,12589000,200016000,10342000
131,12587000,199999000,10496000
132,12569000,199982000,10363000
133,12653000,200084000,10382000
134,12572000,199919000,10539000
135,12576000,200004000,10408000
136,12581000,200005000,10147000
137,12565000,199984000,10491000
138,12653000,200088000,10578000
139,12577000,199923000,10447000
140,12573000,199997000,10450000
141,12584000,200011000,10404000
142,12573000,199988000,10471000
143,12657000,200085000,10636000
144,12591000,199933000,10359000
145,12572000,199982000,10234000
146,12577000,200005000,10518000
147,12595000,200017000,10325000
148,12645000,200051000,10398000
149,12585000,199939000,10343000
150,12581000,199996000,10496000
151,12581000,200001000,10091000
152,12581000,200000000,10375000
153,12645000,200064000,10460000
154,12580000,199935000,10549000
155,12573000,199993000,10408000
156,12576000,200003000,10341000
157,12592000,200016000,10499000
158,12646000,200053000,10645000
159,12577000,199932000,10120000
160,12604000,200027000,10679000
161,12588000,199979000,10690000
162,12592000,200009000,10279000
163,12661000,200068000,10641000
164,12581000,199921000,10582000
165,12565000,199984000,10308000
166,12577000,200011000,10120000
167,12580000,200004000,10564000
168,12673000,200093000,10405000
169,12589000,199916000,10424000
170,12589000,199999000,10582000
171,12573000,199981000,10450000
172,12580000,200007000,10248000
173,12591000,200010000,10329000
174,12581000,199991000,10200000
175,12573000,199991000,10423000
176,12580000,200008000,10288000
177,12576000,199996000,10306000
178,12580000,200004000,10456000
179,12568000,199988000,10258000
180,12577000,200008000,10473000
181,12589000,200012000,9929000
182,12585000,199996000,10360000
183,12580000,199996000,10237000
184,12576000,199996000,10513000
185,12597000,200021000,10673000
186,13587000,200989000,11228000
187,12576000,198990000,10480000
188,12577000,200000000,10565000
189,12583000,200007000,10363000
190,13569000,200986000,10865000
191,12573000,199004000,10615000
192,12573000,199999000,10136000
193,12584000,200012000,10827000
194,12577000,199992000,10565000
195,13585000,201009000,10861000
196,12573000,198987000,10041000
197,12585000,200013000,10743000
198,13585000,200999000,10834000
199,12580000,198996000,10542000
200,13584000,201004000,11735000
201,12585000,199001000,10785000
202,12575000,199990000,10586000
203,12577000,200002000,10734000
204,12568000,199991000,10806000
205,12577000,200008000,10610000
206,12573000,199996000,10825000
207,12564000,199992000,10636000
208,12581000,200017000,10718000
209,12568000,199987000,10738000
210,12561000,199992000,10735000
211,12577000,200017000,10124000
212,12591000,200013000,10062000
213,12581000,199990000,10205000
214,12576000,199996000,10779000
215,12579000,200003000,10795000
216,12585000,200006000,10795000
217,12564000,199979000,10669000
218,12581000,200016000,10394000
219,12568000,199988000,10413000
220,12569000,200001000,10489000
221,12580000,200011000,10786000
222,12572000,199992000,10586000
223,12573000,200001000,10456000
224,12572000,199999000,10534000
225,12575000,200002000,10755000
226,12592000,200018000,10151000
227,12577000,199984000,10495000
228,12579000,200003000,10653000
229,12572000,199993000,10235000
230,12581000,200009000,10056000
231,12568000,199987000,10330000
232,12584000,200016000,10214000
233,12573000,199989000,10356000
234,12557000,199984000,10440000
235,12577000,200020000,10242000
236,12569000,199992000,10311000
237,12572000,200003000,10395000
238,12577000,200004000,10704000
239,13585000,201008000,11673000
240,14580000,200996000,11953000
241,13568000,198988000,11830000
242,14580000,201012000,12399000
243,14571000,199991000,11924000
244,14576000,200005000,12486000
245,14576000,200000000,12157000
246,14564000,199988000,12390000
247,14577000,200012000,12804000
248,14581000,200004000,12251000
249,15581000,201000000,13377000
250,14580000,199000000,12424000
251,14576000,199995000,12211000
252,14580000,200005000,12086000
253,14569000,199988000,11959000
254,14580000,200012000,12389000
255,14569000,199989000,12462000
256,14588000,200019000,11858000
257,13897000,199309000,12836000
258,14592000,200695000,12221000
259,14565000,199973000,12445000
260,15576000,201011000,13214000
261,14569000,198993000,12188000
262,14576000,200007000,12264000
263,15580000,201004000,12968000
264,15575000,199995000,13392000
265,15556000,199981000,13415000
266,13585000,198029000,11190000
267,13581000,199996000,11209000
268,12577000,198996000,10522000
269,13576000,200999000,11158000
270,13556000,199980000,11586000
271,12649000,199093000,10155000
272,13565000,200920000,11051000
273,13641000,200076000,11696000
274,12559000,198918000,10440000
275,13561000,201002000,11365000
276,13560000,199999000,11574000
277,12560000,199000000,10424000
278,13638000,201077000,11462000
279,13560000,199923000,11408000
280,13569000,200008000,11407000
281,12564000,198996000,10454000
282,13592000,201028000,11498000
283,13653000,200061000,11663000
284,13565000,199912000,11450000
285,13565000,200000000,11469000
286,13657000,200091000,11064000
287,13571000,199915000,11352000
288,13645000,200074000,11501000
289,13576000,199931000,11590000
290,13569000,199992000,11661000
291,13564000,199996000,11187000
292,13583000,200018000,11402000
293,13649000,200067000,11772000
294,13565000,199916000,11637000
295,13573000,200007000,11520000
296,13576000,200004000,11653000
297,13564000,199988000,11463000
298,13637000,200073000,11628000
299,13580000,199943000,10999000
300,13557000,199977000,11641000
301,13579000,200021000,11095000
302,13565000,199987000,11452000
303,13649000,200084000,11602000
304,13575000,199925000,11687000
305,13577000,200003000,11628000
306,13565000,199988000,11637000
307,13585000,200019000,11445000
308,13657000,200073000,11513000
309,13580000,199923000,11125000
310,13577000,199996000,11461000
311,13561000,199985000,11410000
312,13577000,200015000,11079000
313,13621000,200045000,11788000
314,13587000,199965000,11586000
315,13552000,199966000,11598000
316,13573000,200021000,11049000
317,13576000,200003000,11410000
318,13657000,200081000,11417000
319,13561000,199904000,10954000
320,13571000,200009000,11590000
321,13561000,199990000,11594000
322,13561000,200001000,11460000
323,13646000,200085000,11689000
324,13564000,199918000,11628000
325,13573000,200009000,11431000
326,13569000,199996000,11368000
327,13573000,200004000,11384000
328,13649000,200075000,11521000
329,13577000,199929000,11620000
330,13580000,200003000,11624000
331,13572000,199992000,10994000
332,13577000,200005000,11005000
333,13657000,200079000,11649000
334,13573000,199917000,11586000
335,13576000,200003000,11602000
336,13572000,199996000,11545000
337,13573000,200000000,11556000
338,13649000,200077000,11486000
339,12565000,198916000,10814000
340,13561000,200996000,11378000
341,13569000,200008000,11314000
342,13577000,200007000,11394000
343,13653000,200076000,11620000
344,13577000,199925000,11561000
345,13561000,199984000,11365000
346,13583000,200021000,10948000
347,13564000,199982000,11590000
348,13653000,200088000,11053000
349,13577000,199924000,11408000
350,13561000,199985000,11620000
351,13552000,199991000,11426000
352,13568000,200016000,11008000
353,13653000,200085000,11738000
354,13588000,199935000,11450000
355,13573000,199984000,11396000
356,13587000,200014000,11070000
357,13564000,199978000,11282000
358,13653000,200089000,11016000
359,13580000,199927000,11019000
360,13573000,199993000,11594000
361,13560000,199987000,10841000
362,13580000,200020000,11612000
363,13645000,200065000,11700000
364,13565000,199920000,11489000
365,13569000,200004000,11434000
366,13568000,199999000,11038000
367,13564000,199996000,11252000
368,13649000,200085000,11124000
369,13577000,199928000,11352000
370,13576000,199999000,11411000
371,13649000,200073000,11715000
372,13656000,200006000,10955000
373,13646000,199990000,11174000
374,13569000,199923000,11548000
375,13575000,200007000,11334000
376,13573000,199997000,10861000
377,13560000,199988000,11565000
378,13641000,200081000,10950000
379,13580000,199939000,11512000
380,13557000,199977000,11534000
381,13573000,200015000,11468000
382,13556000,199984000,11419000
383,13657000,200101000,11417000
384,13577000,199920000,11501000
385,13591000,200013000,11312000
386,13577000,199986000,11534000
387,13573000,199997000,11329000
388,13656000,200082000,11135000
389,13572000,199917000,11489000
390,13572000,200000000,11492000
391,13569000,199996000,10892000
392,13566000,199998000,10889000
393,13653000,200087000,11398000
394,13572000,199919000,11054000
395,13577000,200005000,11424000
396,13565000,199988000,11488000
397,13573000,200008000,11017000
398,13649000,200075000,11582000
399,13573000,199925000,11524000
400,13581000,200007000,11188000
401,13588000,200008000,11557000
402,13577000,199989000,11279000
403,13740000,200163000,11577000
404,13588000,199848000,11590000
405,13581000,199992000,11319000
406,13565000,199985000,10850000
407,13569000,200004000,11144000
408,13661000,200092000,11637000
409,13585000,199924000,11505000
410,13573000,199988000,11508000
411,13577000,200004000,11547000
412,12653000,199076000,10772000
413,13653000,200999000,11553000
414,13584000,199932000,11408000
415,13573000,199989000,11501000
416,13577000,200003000,11092000
417,13583000,200006000,11314000
418,13669000,200087000,11113000
419,13581000,199911000,11556000
420,13565000,199985000,11481000
421,13577000,200012000,10945000
422,13577000,199999000,10944000
423,13664000,200088000,11448000
424,13581000,199917000,11329000
425,13557000,199976000,11547000
426,13573000,200016000,11199000
427,13580000,200007000,11480000
428,13661000,200080000,11417000
429,13561000,199901000,11293000
430,13571000,200009000,11234000
431,13568000,199998000,11257000
432,13564000,199996000,10990000
433,13649000,200085000,11352000
434,13565000,199916000,11428000
435,13577000,200011000,11439000
436,12572000,198996000,10686000
437,13573000,201001000,11470000
438,13654000,200080000,11534000
439,13577000,199924000,11409000
440,13568000,199991000,11412000
441,13569000,200001000,11362000
442,13573000,200003000,11233000
443,13657000,200084000,11302000
444,13581000,199924000,11451000
445,13561000,199981000,11265000
446,13576000,200015000,11403000
447,13577000,200001000,10884000
448,13657000,200080000,11506000
449,13584000,199927000,10892000
450,13580000,199996000,11311000
451,13577000,199997000,10914000
452,13573000,199996000,10928000
453,13653000,200080000,11295000
454,13573000,199920000,11432000
455,13560000,199987000,11296000
456,13591000,200030000,11372000
457,13577000,199987000,11325000
458,13657000,200080000,11336000
459,13583000,199926000,11413000
460,13569000,199986000,11211000
461,13572000,200003000,11159000
462,13577000,200005000,11233000
463,13661000,200084000,11317000
464,13577000,199915000,11397000
465,13553000,199977000,11408000
466,13569000,200015000,10880000
467,13568000,200000000,11287000
468,13649000,200080000,10951000
469,13575000,199927000,11378000
470,13577000,200002000,11177000
471,13576000,199999000,11395000
472,13592000,200016000,10920000
473,13653000,200061000,11282000
474,13552000,199899000,11156000
475,13565000,200012000,11165000
476,13569000,200005000,11515000
477,13556000,199987000,11120000
478,13641000,200085000,11471000
479,13561000,199920000,11420000
480,13568000,200007000,11147000
481,12577000,199008000,10756000
482,13572000,200996000,11045000
483,13649000,200077000,11057000
484,13560000,199911000,11124000
485,13580000,200020000,10930000
486,13564000,199984000,11083000
487,13568000,200004000,11017000
488,13665000,200096000,11033000
489,13572000,199908000,11049000
490,13572000,200000000,10907000
491,13560000,199988000,10922000
492,13568000,200008000,10928000
493,13649000,200081000,11359000
494,13564000,199915000,11439000
495,13576000,200012000,11460000
496,13576000,200000000,10838000
497,13572000,199996000,11341000
498,13645000,200073000,11475000
499,13565000,199920000,10938000
500,13556000,199991000,11358000
501,13584000,200028000,10893000
502,13577000,199993000,11248000
503,13657000,200080000,11263000
504,13568000,199911000,11409000
505,13576000,200008000,11346000
506,13576000,200000000,11427000
507,13569000,199993000,11237000
508,13657000,200088000,11253000
509,13565000,199907000,11324000
510,13561000,199997000,11127000
511,12589000,199027000,10803000
512,13593000,201005000,11019000
513,13597000,200000000,11091000
514,13603000,200009000,11447000
515,13569000,199967000,11181000
516,13577000,200008000,11128000
517,13561000,199984000,10928000
518,13638000,200076000,10860000
519,13585000,199948000,11364000
520,13580000,199995000,11161000
521,13589000,200009000,11129000
522,13577000,199988000,11392000
523,12580000,198999000,10789000
524,13580000,201000000,11291000
525,13581000,200001000,11293000
526,12568000,198987000,10685000
527,13591000,201023000,11112000
528,13581000,199990000,11060000
529,13553000,199972000,11409000
530,13584000,200031000,11343000
531,13573000,199989000,11223000
532,12573000,199000000,10747000
533,13572000,200999000,11244000
534,13576000,200004000,11247000
535,13573000,199997000,11136000
536,13585000,200011000,11147000
537,13569000,199985000,11163000
538,13573000,200004000,11088000
539,13581000,200007000,11374000
540,13588000,200008000,11316000
541,12577000,198989000,10784000
542,13573000,200996000,11139000
543,13591000,200017000,11214000
544,13569000,199979000,11367000
545,13573000,200004000,11374000
546,13576000,200003000,11164000
547,13565000,199989000,11187000
548,13573000,200008000,11060000
549,13580000,200007000,11079000
550,13584000,200004000,11167000
551,13584000,200000000,11097000
552,12585000,199001000,10826000
553,13587000,201001000,11126000
554,13569000,199983000,11067000
555,12585000,199016000,10792000
556,12583000,199997000,10734000
557,12581000,199999000,10817000
558,13573000,200992000,11102000
559,13585000,200012000,11050000
560,13589000,200004000,10907000
561,13577000,199988000,11335000
562,13580000,200003000,11136000
563,13581000,200000000,11167000
564,13568000,199988000,11228000
565,13585000,200017000,11104000
566,13583000,199997000,11181000
567,13573000,199991000,11330000
568,13576000,200003000,11337000
569,13591000,200014000,11492000
570,13580000,199990000,11151000
571,12565000,198985000,10764000
572,12569000,200004000,10771000
573,13569000,201000000,11069000
574,13564000,199995000,11136000
575,13573000,200009000,11359000
576,13569000,199996000,11162000
577,13576000,200007000,11172000
578,13568000,199992000,11106000
579,13572000,200004000,11134000
580,13577000,200005000,11068000
581,13572000,199995000,11151000
582,13587000,200015000,11167000
583,13572000,199985000,11360000
584,13581000,200009000,11171000
585,13595000,200013000,10989000
586,12553000,198959000,10710000
587,13569000,201016000,10865000
588,12573000,199004000,10812000
589,13564000,200991000,11020000
590,13581000,200017000,11168000
591,13577000,199996000,10899000
592,12573000,198996000,10777000
593,13581000,201008000,11202000
594,13573000,199992000,11139000
595,13587000,200014000,11162000
596,13557000,199970000,11308000
597,13565000,200008000,11099000
598,13588000,200023000,11318000
599,13568000,199980000,11332000
600,13585000,200017000,11266000
601,12576000,198991000,10667000
602,13561000,200985000,11222000
603,13572000,200011000,11169000
604,13580000,200008000,11317000
605,13581000,200000000,10990000
606,13565000,199985000,11327000
607,13580000,200015000,11078000
608,13587000,200007000,11218000
609,13581000,199993000,11104000
610,13584000,200004000,11032000
611,13591000,200007000,11121000
612,12581000,198990000,10783000
613,12577000,199996000,10729000
614,13665000,201088000,11355000
615,13577000,199911000,11228000
616,12580000,199004000,10406000
617,13564000,200984000,11245000
618,13576000,200012000,10979000
619,13581000,200004000,11267000
620,13585000,200004000,11075000
621,13653000,200068000,11083000
622,13658000,200005000,11156000
623,13661000,200004000,11314000
624,13657000,199995000,11120000
625,13649000,199993000,11072000
626,13645000,199996000,11416000
627,13664000,200018000,11219000
628,13657000,199994000,11158000
629,13657000,200000000,11167000
630,13661000,200004000,11312000
631,12576000,198915000,10641000
632,12576000,200000000,10582000
633,13665000,201089000,11283000
634,13569000,199904000,11021000
635,13572000,200003000,11093000
636,13568000,199996000,11165000
637,13590000,200022000,10976000
638,13581000,199990000,10982000
639,13585000,200005000,11282000
640,13588000,200003000,11008000
641,13585000,199997000,11227000
642,13581000,199996000,10956000
643,13581000,200000000,10975000
644,13581000,200000000,10977000
645,13585000,200004000,10939000
646,12577000,198992000,10665000
647,13581000,201004000,10958000
648,13589000,200007000,11021000
649,13581000,199993000,10966000
650,13587000,200005000,10981000
651,13576000,199990000,10914000
652,12581000,199005000,10725000
653,13588000,201007000,11009000
654,13569000,199981000,11020000
655,13577000,200008000,11032000
656,13576000,199999000,11242000
657,13581000,200005000,10987000
658,13669000,200088000,11070000
659,13581000,199912000,10939000
660,13576000,199995000,11094000
661,12572000,198996000,10546000
662,13585000,201013000,11042000
663,13575000,199989000,11191000
664,13576000,200002000,10981000
665,13581000,200005000,11142000
666,13587000,200006000,10942000
667,12580000,198993000,10677000
668,12580000,200000000,10822000
669,12569000,199989000,10700000
670,12581000,200012000,10641000
671,12580000,199999000,10730000
672,12585000,200005000,10741000
673,12585000,199999000,10677000
674,12592000,200008000,10685000
675,12585000,199993000,10771000
676,12573000,199988000,10649000
677,12584000,200011000,10794000
678,12568000,199984000,10665000
679,12589000,200020000,10817000
680,13577000,200989000,11019000
681,12573000,198996000,10632000
682,13583000,201009000,10910000
683,13572000,199990000,11072000
684,13573000,200001000,10993000
685,13573000,200000000,10946000
686,13581000,200008000,11023000
687,13577000,199996000,11038000
688,13572000,199995000,11187000
689,12581000,199009000,10657000
690,12581000,200000000,10653000
691,12572000,199991000,10387000
692,12587000,200015000,10602000
693,12584000,199997000,10555000
694,12573000,199989000,10632000
695,12576000,200003000,10784000
696,13577000,201001000,10851000
697,12580000,199003000,10796000
698,12565000,199985000,10598000
699,13569000,201004000,11100000
700,13569000,200000000,10890000
701,12581000,199012000,10568000
702,13577000,200996000,10855000
703,13581000,200004000,11280000
704,13581000,200000000,10883000
705,13579000,199998000,10897000
706,12581000,199002000,10471000
707,12569000,199988000,10573000
708,12583000,200014000,10788000
709,12581000,199998000,10516000
710,13580000,200999000,11008000
711,13581000,200001000,10892000
712,12572000,198991000,10397000
713,11909000,199337000,10838000
714,12572000,200659000,10784000
715,13577000,201009000,11075000
716,13569000,199992000,10858000
717,12573000,199004000,10806000
718,12565000,199992000,10813000
719,12573000,200008000,10821000
720,13580000,201007000,11041000
721,12591000,199010000,10429000
722,13581000,200991000,10854000
723,12576000,198995000,10737000
724,12573000,199997000,10820000
725,12581000,200008000,10817000
726,12576000,199995000,10549000
727,12569000,199993000,10486000
728,13581000,201012000,10854000
729,13576000,199995000,10993000
730,12556000,198980000,10735000
731,12587000,200030000,10826000
732,12573000,199987000,10471000
733,12585000,200011000,10775000
734,12583000,199999000,10362000
735,13577000,200994000,11001000
736,12577000,199000000,10379000
737,12573000,199996000,10749000
738,12581000,200008000,10822000
739,12581000,200000000,10829000
740,12569000,199988000,10637000
741,12585000,200015000,10726000
742,13561000,200977000,10866000
743,13568000,200007000,10878000
744,13584000,200016000,10892000
745,13564000,199980000,11109000
746,13573000,200009000,11057000
747,13595000,200021000,10847000
748,12572000,198978000,10793000
749,13573000,201001000,10872000
750,13591000,200017000,10888000
751,12572000,198982000,10620000
752,12573000,200001000,10624000
753,13581000,201008000,10846000
754,13577000,199996000,10852000
755,13572000,199995000,11078000
756,13573000,200001000,10880000
757,12569000,198996000,10620000
758,12573000,200004000,10826000
759,13661000,201088000,11124000
760,13587000,199925000,10848000
761,13573000,199987000,10859000
762,12585000,199011000,10806000
763,13587000,201002000,10897000
764,12576000,198990000,10822000
765,13581000,201005000,10916000
766,12572000,198991000,10437000
767,12572000,200000000,10799000
768,12565000,199993000,10802000
769,13581000,201016000,10898000
770,12581000,198999000,10565000
771,12564000,199984000,10483000
772,12577000,200013000,10569000
773,13588000,201011000,10929000
774,13573000,199985000,10936000
775,13573000,200000000,10896000
776,12584000,199011000,10826000
777,12576000,199992000,10487000
778,12581000,200004000,10645000
779,12568000,199988000,10785000
780,13573000,201005000,10880000
781,12585000,199011000,10395000
782,12572000,199988000,10398000
783,12560000,199988000,10565000
784,12572000,200012000,10771000
785,12565000,199993000,10716000
786,12588000,200023000,10719000
787,12568000,199980000,10661000
788,12581000,200013000,10534000
789,12591000,200010000,10689000
790,12577000,199986000,10411000
791,13577000,201000000,11128000
792,12581000,199004000,10502000
793,12572000,199991000,10733000
794,12577000,200005000,10740000
795,12576000,199999000,10746000
796,12573000,199997000,10338000
797,12564000,199991000,10831000
798,12584000,200020000,10428000
799,12577000,199993000,10370000
800,12569000,199992000,10376000
801,12573000,200004000,10542000
802,12592000,200019000,10459000
803,13577000,200985000,10899000
804,13576000,199999000,10901000
805,13581000,200004000,10920000
806,13585000,200004000,10927000
807,12568000,198984000,10521000
808,13585000,201016000,10888000
809,13584000,200000000,10910000
810,13577000,199993000,10974000
811,12581000,199003000,10581000
812,12587000,200006000,10445000
813,13581000,200995000,10953000
814,12576000,198995000,10534000
815,12583000,200006000,10829000
816,13588000,201006000,10912000
817,12576000,198988000,10720000
818,13577000,201001000,11068000
819,12580000,199003000,10809000
820,12577000,199996000,10807000
821,12576000,200000000,10260000
822,12581000,200005000,10823000
823,11913000,199332000,10838000
824,12581000,200668000,10431000
825,13592000,201011000,11074000
826,12573000,198981000,10453000
827,12577000,200004000,10394000
828,12579000,200002000,10752000
829,12581000,200001000,10636000
830,12569000,199989000,10709000
831,13573000,201003000,10935000
832,12581000,199009000,10105000
833,13577000,200996000,10949000
834,13581000,200003000,10951000
835,12577000,198997000,10770000
836,13569000,200992000,10912000
837,12576000,199007000,10726000
838,12581000,200004000,10743000
839,12576000,199996000,10246000
840,12580000,200004000,10392000
841,12591000,200010000,10276000
842,12577000,199986000,10771000
843,13572000,200996000,10910000
844,13579000,200007000,10849000
845,13669000,200090000,11005000
846,12577000,198908000,10318000
847,12580000,200003000,10753000
848,12577000,199997000,10763000
849,12572000,199995000,10775000
850,12561000,199989000,10357000
851,12581000,200020000,10740000
852,12572000,199991000,10309000
853,12581000,200008000,10752000
854,12579000,199998000,10822000
855,13568000,200990000,10901000
856,12576000,199008000,10222000
857,12584000,200008000,10653000
858,12576000,199992000,10730000
859,12577000,200000000,10673000
860,12572000,199996000,10612000
861,12572000,200000000,10708000
862,12581000,200009000,10641000
863,13581000,201000000,10918000
864,13581000,200000000,10925000
865,12573000,198992000,10670000
866,12581000,200008000,10673000
867,12583000,200001000,10628000
868,12564000,199982000,10624000
869,12573000,200009000,10783000
870,12591000,200018000,10303000
871,12576000,199985000,10099000
872,12585000,200008000,10252000
873,12573000,199989000,10760000
874,13577000,201004000,10975000
875,12576000,198999000,10704000
876,13573000,200997000,10919000
877,13568000,199995000,10867000
878,13577000,200009000,10945000
879,12550000,198973000,10747000
880,12588000,200038000,10755000
881,13565000,200977000,10973000
882,12576000,199011000,10780000
883,12677000,200100000,10725000
884,13649000,200973000,11006000
885,13581000,199932000,10888000
886,12594000,199013000,10685000
887,13577000,200983000,11043000
888,12581000,199004000,10637000
889,13580000,200999000,10857000
890,13581000,200001000,10864000
891,12576000,198995000,10743000
892,12580000,200004000,10186000
893,13588000,201008000,10904000
894,12584000,198996000,10342000
895,12580000,199996000,10641000
896,13591000,201010000,10868000
897,12577000,198986000,10179000
898,12597000,200020000,10817000
899,12591000,199994000,10197000
900,12581000,199991000,10628000
901,12577000,199996000,10361000
902,12577000,199999000,10788000
903,13577000,201001000,10865000
904,12581000,199004000,10246000
905,12573000,199992000,10261000
906,13577000,201004000,10845000
907,12577000,199000000,10565000
908,12573000,199995000,10297000
909,12592000,200020000,10300000
910,12580000,199988000,10665000
911,12577000,199997000,10751000
912,12591000,200013000,10202000
913,12580000,199990000,10564000
914,13581000,201001000,10913000
915,12585000,199004000,10653000
916,12585000,199999000,10735000
917,12588000,200004000,10673000
918,12573000,199985000,10819000
919,11913000,199340000,10839000
920,13584000,201671000,10905000
921,12572000,198988000,10719000
922,12586000,200014000,10310000
923,13580000,200994000,10949000
924,12585000,199005000,10258000
925,12592000,200007000,10342000
926,12584000,199992000,10488000
927,12585000,200001000,10157000
928,12585000,200000000,10164000
929,12580000,199995000,10594000
930,12573000,199993000,10816000
931,22993000,210419000,11216000
932,12592000,189596000,10288000
933,12589000,200000000,10645000
934,12573000,199985000,10649000
935,13592000,201019000,10877000
936,12581000,198989000,10750000
937,12585000,200004000,10834000
938,12579000,199993000,10636000
939,11905000,199327000,10838000
940,12585000,200679000,10641000
941,12565000,199981000,10307000
942,12581000,200015000,10742000
943,22993000,210412000,11210000
944,12585000,189588000,10636000
945,12572000,199992000,10297000
946,12588000,200016000,10716000
947,12588000,200000000,10384000
948,12591000,200002000,10248000
949,12585000,199995000,10193000
950,12581000,199995000,10763000
951,12588000,200008000,10771000
952,12580000,199992000,10291000
953,13596000,201016000,10925000
954,12599000,199002000,10811000
955,12573000,199975000,10594000
956,12581000,200008000,10607000
957,12585000,200003000,10557000
958,12573000,199989000,10139000
959,12581000,200008000,10590000
960,12581000,200000000,10801000
961,12581000,200000000,10748000
962,12581000,200000000,10811000
963,12585000,200004000,10768000
964,12583000,199998000,10771000
965,12581000,199997000,10788000
966,12577000,199996000,10801000
967,12583000,200006000,10804000
968,12581000,199998000,10809000
969,12577000,199997000,10833000
970,12577000,199999000,10143000
971,12577000,200001000,10775000
972,12581000,200004000,10013000
973,12576000,199995000,10585000
974,12584000,200008000,10248000
975,12581000,199997000,10751000
976,12581000,199999000,10407000
977,12591000,200010000,10767000
978,12565000,199975000,10641000
979,12581000,200015000,10509000
980,12595000,200014000,10586000
981,12576000,199982000,10457000
982,12564000,199988000,10538000
983,12569000,200005000,10556000
984,12581000,200011000,10565000
985,12581000,200001000,10500000
986,12560000,199979000,10577000
987,12585000,200024000,10057000
988,12581000,199997000,10745000
989,12568000,199987000,10140000
990,12584000,200016000,10477000
991,12564000,199980000,10353000
992,12580000,200016000,10160000
993,12591000,200010000,10665000
994,12588000,199998000,10665000
995,12577000,199989000,10551000
996,12557000,199980000,10476000
997,12569000,200012000,10641000
998,12573000,200004000,10653000
999,12573000,200000000,10594000
1000,13576000,201003000,11720000
1001,13565000,199989000,11722000
1002,13581000,200016000,11662000
1003,13595000,200014000,11120000
1004,13572000,199977000,11812000
1005,13577000,200005000,11831000
1006,13571000,199994000,11150000
1007,13569000,199998000,11292000
1008,13581000,200012000,11299000
1009,13575000,199994000,11597000
1010,13564000,199989000,11525000
1011,13569000,200005000,11688000
1012,13577000,200008000,11074000
1013,13577000,200000000,11712000
1014,13580000,200003000,11723000
1015,13580000,200000000,11170000
1016,13572000,199992000,11819000
1017,13580000,200008000,11478000
1018,13573000,199993000,11558000
1019,13587000,200014000,11576000
1020,13568000,199981000,11572000
1021,13573000,200005000,10958000
1022,13579000,200006000,11242000
1023,13581000,200002000,11326000
1024,13569000,199988000,10986000
1025,13579000,200010000,11080000
1026,13572000,199993000,11490000
1027,13577000,200005000,11516000
1028,13576000,199999000,11511000
1029,13565000,199989000,11252000
1030,13568000,200003000,11545000
1031,13581000,200013000,11274000
1032,13577000,199996000,11016000
1033,13569000,199992000,11656000
1034,13569000,199999000,11298000
1035,13591000,200023000,11395000
1036,13565000,199974000,11544000
1037,13576000,200011000,11555000
1038,13583000,200007000,11627000
1039,13581000,199997000,11368000
1040,13577000,199997000,11581000
1041,13587000,200010000,11742000
1042,14573000,200986000,11890000
1043,15577000,201004000,13496000
1044,15567000,199990000,13206000
1045,15584000,200017000,13302000
1046,15572000,199988000,13435000
1047,15572000,200000000,12985000
1048,26973000,211401000,13847000
1049,15604000,188623000,13089000
1050,15576000,199980000,13270000
1051,15576000,200000000,13362000
1052,15572000,199996000,12954000
1053,15576000,200004000,13384000
1054,15576000,200000000,13522000
1055,15572000,199996000,13556000
1056,15572000,200000000,13339000
1057,15579000,200007000,13427000
1058,15576000,199997000,13361000
1059,15585000,200009000,13245000
1060,15584000,199999000,13452000
1061,15573000,199989000,13336000
1062,15587000,200014000,13331000
1063,15568000,199981000,13496000
1064,15576000,200008000,13421000
1065,15572000,199996000,13240000
1066,15568000,199996000,13308000
1067,15583000,200015000,13070000
1068,15580000,199997000,12983000
1069,15568000,199988000,13005000
1070,15564000,199996000,13218000
1071,15576000,200012000,13167000
1072,15572000,199996000,12888000
1073,15580000,200008000,12979000
1074,15580000,200000000,13183000
1075,15587000,200007000,12932000
1076,15577000,199990000,12996000
1077,15560000,199983000,13023000
1078,15580000,200020000,13156000
1079,13597000,198017000,11237000
1080,13587000,199989000,11236000
1081,13665000,200079000,11464000
1082,13577000,199912000,11196000
1083,13577000,200000000,11288000
1084,13572000,199995000,11426000
1085,13583000,200011000,11237000
1086,13653000,200070000,11378000
1087,13576000,199923000,11262000
1088,13581000,200005000,11334000
1089,13577000,199996000,11210000
1090,13575000,199998000,11221000
1091,13575000,200000000,11509000
1092,13573000,199998000,11040000
1093,13565000,199992000,11193000
1094,13561000,199996000,11256000
1095,13569000,200008000,11479000
1096,13573000,200004000,11409000
1097,13565000,199992000,11435000
1098,13579000,200014000,11439000
1099,13576000,199997000,11249000
1100,13577000,200001000,11252000
1101,13573000,199996000,11340000
1102,13576000,200003000,11412000
1103,13588000,200012000,11427000
1104,13565000,199977000,11426000
1105,22993000,209427000,11775000
1106,23005000,200005000,11734000
1107,23001000,199999000,11508000
1108,13576000,190576000,11142000
1109,22993000,209420000,11563000
1110,22997000,200000000,11560000
1111,22993000,200000000,11837000
1112,22997000,200000000,11510000
1113,13588000,190596000,11404000
1114,13573000,199985000,11334000
1115,13585000,200012000,11210000
1116,22993000,209407000,11612000
1117,23005000,200004000,11713000
1118,23001000,200000000,11633000
1119,22997000,199996000,11666000
1120,23001000,200004000,11509000
1121,13581000,190581000,11146000
1122,23001000,209423000,11629000
1123,22997000,199992000,11576000
1124,13577000,190585000,11164000
1125,13591000,200014000,11248000
1126,13573000,199982000,11194000
1127,22993000,209419000,11804000
1128,22997000,200000000,11564000
1129,23001000,200008000,11686000
1130,13593000,190589000,11310000
1131,22993000,209403000,11693000
1132,22997000,200001000,11521000
1133,13581000,190588000,11196000
1134,13577000,199996000,11206000
1135,13565000,199988000,11226000
1136,22993000,209427000,11616000
1137,22997000,200001000,11485000
1138,22993000,199999000,11708000
1139,13669000,190673000,11199000
1140,22993000,209327000,11616000
1141,22997000,200000000,11624000
1142,22993000,200000000,11673000
1143,22997000,200000000,11565000
1144,13683000,190691000,11519000
1145,22993000,209309000,11779000
1146,22997000,200000000,11729000
1147,22993000,200000000,11601000
1148,13601000,190601000,11227000
1149,13576000,199983000,11092000
1150,22993000,209416000,11572000
1151,13589000,190593000,11199000
1152,13573000,199988000,10847000
1153,13576000,200003000,10999000
1154,22993000,209416000,11623000
1155,13589000,190593000,11233000
1156,23993000,210407000,11839000
1157,23005000,199004000,11807000
1158,13577000,190581000,11188000
1159,13569000,199992000,11203000
1160,13591000,200022000,10998000
1161,13581000,199990000,11153000
1162,13577000,199996000,11164000
1163,13577000,200000000,11242000
1164,13573000,199996000,11180000
1165,13573000,200000000,11135000
1166,13576000,200003000,11413000
1167,13581000,200005000,11095000
1168,13577000,199996000,11296000
1169,13573000,199996000,11311000
1170,13577000,200004000,11383000
1171,13577000,200000000,11332000
1172,13577000,200000000,11134000
1173,13591000,200014000,11281000
1174,13580000,199989000,11361000
1175,13581000,200001000,11302000
1176,13579000,199998000,11313000
1177,13581000,200002000,11262000
1178,13585000,200004000,11192000
1179,13588000,200003000,11354000
1180,13584000,199996000,11153000
1181,13573000,199989000,11236000
1182,13576000,200003000,11041000
1183,13577000,200001000,11263000
1184,13573000,199996000,11261000
1185,13576000,200003000,11006000
1186,13603000,200027000,11150000
1187,13584000,199981000,11293000
1188,13585000,200001000,11300000
1189,13588000,200003000,11120000
1190,13580000,199992000,11123000
1191,13581000,200001000,11340000
1192,13677000,200095000,11205000
1193,13580000,199904000,11362000
1194,13581000,200001000,11299000
1195,13576000,199995000,11107000
1196,13565000,199989000,11251000
1197,13569000,200004000,10915000
1198,13569000,200000000,11269000
1199,13577000,200008000,11362000
1200,13573000,199996000,11225000
1201,13580000,200007000,11240000
1202,13587000,200007000,11243000
1203,13565000,199978000,11335000
1204,13568000,200003000,11199000
1205,13587000,200019000,11081000
1206,13585000,199998000,11363000
1207,13585000,200000000,11305000
1208,13591000,200006000,11109000
1209,13597000,200006000,11462000
1210,13585000,199988000,11131000
1211,13576000,199991000,11344000
1212,13572000,199996000,10868000
1213,13585000,200013000,10949000
1214,13577000,199992000,11234000
1215,13581000,200004000,11128000
1216,13585000,200004000,11063000
1217,22993000,209407000,11809000
1218,13601000,190604000,11154000
1219,13584000,199988000,11300000
1220,13576000,199992000,11029000
1221,13588000,200012000,11187000
1222,13585000,199997000,11131000
1223,13580000,199995000,11074000
1224,13575000,199995000,11280000
1225,13572000,199997000,10888000
1226,13577000,200005000,11094000
1227,22993000,209415000,11493000
1228,13588000,190592000,11064000
1229,13585000,200001000,11196000
1230,13565000,199980000,11138000
1231,13585000,200020000,11097000
1232,13585000,200000000,11019000
1233,13568000,199983000,11239000
1234,13585000,200017000,11242000
1235,13573000,199988000,11064000
1236,13573000,200000000,11194000
1237,13588000,200015000,11278000
1238,13576000,199988000,11011000
1239,13573000,199997000,11092000
1240,12595000,199022000,10690000
1241,13572000,200977000,11119000
1242,13568000,199996000,10843000
1243,13581000,200013000,10996000
1244,13581000,200000000,11090000
1245,13576000,199995000,11225000
1246,13573000,199997000,11033000
1247,13581000,200008000,11127000
1248,13573000,199992000,11058000
1249,13572000,199999000,11269000
1250,13569000,199997000,11214000
1251,13580000,200011000,11098000
1252,13569000,199989000,11028000
1253,13592000,200023000,11056000
1254,13573000,199981000,11064000
1255,13577000,200004000,11071000
1256,13572000,199995000,11206000
1257,13580000,200008000,10951000
1258,13572000,199992000,11093000
1259,13581000,200009000,11177000
1260,13577000,199996000,11183000
1261,13580000,200003000,11068000
1262,13581000,200001000,11142000
1263,13581000,200000000,11233000
1264,13568000,199987000,11230000
1265,13573000,200005000,11181000
1266,13581000,200008000,11053000
1267,13573000,199992000,11267000
1268,13560000,199987000,10992000
1269,13571000,200011000,11007000
1270,13581000,200010000,11018000
1271,13581000,200000000,11241000
1272,13600000,200019000,10833000
1273,13581000,199981000,11132000
1274,13565000,199984000,11196000
1275,13573000,200008000,11206000
1276,13581000,200008000,11209000
1277,13568000,199987000,11224000
1278,13585000,200017000,11239000
1279,13585000,200000000,11131000
1280,13576000,199991000,11256000
1281,13577000,200001000,11198000
1282,13561000,199984000,11078000
1283,13580000,200019000,11220000
1284,13577000,199997000,11163000
1285,13591000,200014000,10968000
1286,13580000,199989000,11256000
1287,13568000,199988000,10920000
1288,13583000,200015000,11138000
1289,13573000,199990000,11219000
1290,13580000,200007000,11017000
1291,13572000,199992000,11029000
1292,13581000,200009000,10970000
1293,13569000,199988000,11189000
1294,13569000,200000000,11066000
1295,13569000,200000000,11015000
1296,13581000,200012000,11092000
1297,13581000,200000000,11024000
1298,13569000,199988000,11173000
1299,13573000,200004000,11184000
1300,12569000,198996000,10581000
1301,13591000,201022000,10860000
1302,13573000,199982000,10868000
1303,13573000,200000000,11168000
1304,13587000,200014000,11165000
1305,13573000,199986000,11124000
1306,22993000,209420000,11640000
1307,13593000,190596000,11078000
1308,13573000,199984000,11082000
1309,13581000,200008000,11093000
1310,13569000,199988000,11165000
1311,13577000,200008000,10976000
1312,13561000,199984000,10973000
1313,13580000,200019000,10923000
1314,13589000,200009000,11146000
1315,13581000,199992000,10944000
1316,13565000,199984000,10951000
1317,12583000,199018000,10770000
1318,13581000,200998000,11189000
1319,22993000,209411000,11705000
1320,13603000,190607000,11211000
1321,13573000,199974000,10948000
1322,13577000,200004000,11016000
1323,13581000,200004000,11108000
1324,13581000,200000000,11184000
1325,13581000,200000000,10979000
1326,13573000,199992000,10986000
1327,13581000,200008000,10944000
1328,13581000,200000000,11156000
1329,13569000,199988000,11100000
1330,13581000,200012000,11052000
1331,13569000,199988000,11053000
1332,12565000,198996000,10781000
1333,13591000,201026000,11142000
1334,13573000,199982000,11157000
1335,13573000,200000000,11096000
1336,13575000,200002000,11164000
1337,13585000,200010000,11184000
1338,13561000,199976000,11055000
1339,13577000,200016000,11142000
1340,13574000,199996000,11078000
1341,12573000,199000000,10817000
1342,13582000,201008000,10891000
1343,13581000,199999000,11064000
1344,13581000,200001000,11131000
1345,13582000,200000000,10918000
1346,13577000,199996000,10941000
1347,12582000,199005000,10823000
1348,13581000,200999000,11031000
1349,13574000,199994000,10972000
1350,13581000,200006000,11131000
1351,13566000,199984000,11131000
1352,13595000,200030000,10852000
1353,13582000,199987000,11158000
1354,13570000,199987000,10954000
1355,13581000,200011000,11099000
1356,13574000,199993000,11040000
1357,13573000,200000000,11127000
1358,13573000,200000000,11062000
1359,13569000,199995000,11145000
1360,13584000,200016000,10941000
1361,13581000,199997000,10952000
1362,12585000,199004000,10767000
1363,13573000,200988000,11119000
1364,13565000,199992000,11135000
1365,13591000,200026000,10999000
1366,13573000,199981000,10865000
1367,13569000,199996000,10888000
1368,13595000,200027000,11097000
1369,13561000,199966000,10969000
1370,13582000,200021000,11055000
1371,13582000,199999000,10924000
1372,12582000,199000000,10732000
1373,13581000,201000000,11015000
1374,12581000,199000000,10811000
1375,12578000,199997000,10761000
1376,13581000,201003000,11123000
1377,12566000,198984000,10719000
1378,13577000,201012000,11080000
1379,13577000,199999000,11081000
1380,13577000,200000000,11080000
1381,13587000,200011000,10904000
1382,13670000,200082000,11053000
1383,13582000,199913000,10846000
1384,13591000,200009000,10991000
1385,13562000,199971000,11085000
1386,13577000,200015000,10882000
1387,12582000,199004000,10754000
1388,12582000,200000000,10695000
1389,12570000,199989000,10706000
1390,12557000,199988000,10576000
1391,12569000,200011000,10797000
1392,12581000,200012000,10663000
1393,13565000,200985000,11023000
1394,13585000,200020000,10832000
1395,13662000,200076000,10967000
1396,13657000,199996000,11126000
1397,13590000,199933000,10859000
1398,13562000,199970000,11087000
1399,12581000,199020000,10818000
1400,13582000,201002000,11095000
1401,13570000,199986000,10898000
1402,13572000,200003000,10836000
1403,13574000,200001000,10851000
1404,13565000,199992000,10929000
1405,12577000,199011000,10812000
1406,12584000,200008000,10817000
1407,12582000,199997000,10626000
1408,13573000,200992000,10831000
1409,13569000,199997000,11066000
1410,13582000,200012000,10868000
1411,13580000,199999000,11086000
1412,12577000,198996000,10671000
1413,13582000,201006000,10961000
1414,12576000,198993000,10690000
1415,12581000,200006000,10713000
1416,13591000,201009000,10987000
1417,12570000,198979000,10663000
1418,12574000,200003000,10742000
1419,12582000,200008000,10753000
1420,22993000,210412000,11355000
1421,12575000,189579000,10841000
1422,12561000,199988000,10711000
1423,22993000,210433000,11544000
1424,13588000,190592000,10887000
1425,22993000,209408000,11479000
1426,13586000,190588000,10906000
1427,11920000,198339000,10836000
1428,13577000,201656000,10840000
1429,13595000,200019000,10854000
1430,13577000,199982000,10933000
1431,12586000,199008000,10817000
1432,12578000,199994000,10758000
1433,13582000,201002000,10899000
1434,13576000,199995000,10838000
1435,12585000,199010000,10787000
1436,13566000,200979000,10925000
1437,12578000,199012000,10604000
1438,12570000,199993000,10469000
1439,12578000,200008000,10622000
1440,12578000,199999000,10695000
1441,13570000,200992000,10848000
1442,12580000,199011000,10804000
1443,12582000,200001000,10815000
1444,13586000,201004000,10942000
1445,13590000,200006000,10960000
1446,11913000,198322000,10829000
1447,12591000,200675000,10790000
1448,12584000,199997000,10796000
1449,12569000,199984000,10738000
1450,12578000,200009000,10817000
1451,13580000,201003000,11028000
1452,12578000,198996000,10559000
1453,12577000,200000000,10702000
1454,12582000,200004000,10640000
1455,12573000,199992000,10667000
1456,12585000,200013000,10740000
1457,12581000,199995000,10754000
1458,12576000,199995000,10778000
1459,12576000,200000000,10639000
1460,12582000,200006000,10783000
1461,12595000,200013000,10732000
1462,12582000,199986000,10665000
1463,22993000,210412000,11194000
1464,12592000,189595000,10765000
1465,13577000,200989000,10840000
1466,13581000,200003000,10975000
1467,12595000,199015000,10643000
1468,12578000,199982000,10724000
1469,12578000,200001000,10813000
1470,12570000,199991000,10818000
1471,12654000,200085000,10771000
1472,12565000,199914000,10703000
1473,13654000,201090000,10844000
1474,12570000,198915000,10728000
1475,12578000,200008000,10737000
1476,13566000,200988000,10886000
1477,12583000,199018000,10825000
1478,12581000,199999000,10765000
1479,11913000,199332000,10834000
1480,12594000,200677000,10714000
1481,12561000,199969000,10736000
1482,12569000,200008000,10672000
1483,12660000,200092000,10815000
1484,12578000,199917000,10681000
1485,13592000,201016000,10967000
1486,13572000,199979000,10909000
1487,12582000,199009000,10796000
1488,13658000,201076000,10865000
1489,12570000,198912000,10742000
1490,12577000,200008000,10761000
1491,12577000,200000000,10481000
1492,12574000,199996000,10632000
1493,13664000,201091000,10990000
1494,13566000,199901000,10992000
1495,12574000,199008000,10667000
1496,12579000,200006000,10607000
1497,12578000,199999000,10550000
1498,12646000,200068000,10766000
1499,12583000,199938000,10494000
1500,12558000,199974000,10726000
1501,12578000,200019000,10520000
1502,12577000,199999000,10738000
1503,12654000,200078000,10761000
1504,12578000,199923000,10555000
1505,12569000,199991000,10644000
1506,12582000,200014000,10659000
1507,12569000,199986000,10723000
1508,13638000,201070000,11636000
1509,12577000,198939000,10554000
1510,13662000,201085000,11443000
1511,12570000,198908000,10631000
1512,12587000,200017000,10496000
1513,13642000,201054000,11005000
1514,12565000,198925000,10663000
1515,12598000,200033000,10675000
1516,13586000,200986000,11094000
1517,11918000,198328000,10837000
1518,13676000,201763000,11681000
1519,12578000,198902000,10503000
1520,12578000,199999000,10589000
1521,13573000,200995000,10936000
1522,12562000,198989000,10607000
1523,13658000,201097000,11813000
1524,12590000,198932000,10636000
1525,12586000,199995000,10581000
1526,12589000,200003000,10723000
1527,13582000,200989000,11433000
1528,12587000,199006000,10820000
1529,12570000,199983000,10560000
1530,12572000,200002000,10555000
1531,12592000,200020000,10713000
1532,12550000,199957000,10504000
1533,12658000,200109000,10663000
1534,12583000,199925000,10607000
1535,12581000,199997000,10614000
1536,12578000,199998000,10552000
1537,12569000,199990000,10638000
1538,12582000,200014000,10648000
1539,12580000,199998000,10659000
1540,12574000,199994000,10448000
1541,12562000,199987000,10687000
1542,12577000,200016000,10473000
1543,11894000,199316000,10836000
1544,12599000,200703000,10643000
1545,12572000,199976000,10733000
1546,13562000,200989000,10932000
1547,12588000,199028000,10743000
1548,12564000,199975000,10680000
1549,12573000,200009000,10694000
1550,12591000,200018000,10776000
1551,12581000,199989000,10580000
1552,12581000,200001000,10588000
1553,12568000,199987000,10671000
1554,12580000,200013000,10761000
1555,12573000,199993000,10761000
1556,12570000,199996000,10702000
1557,12576000,200006000,10584000
1558,12577000,200001000,10723000
1559,13574000,200997000,10938000
1560,12560000,198986000,10524000
1561,12582000,200021000,10555000
1562,12573000,199992000,10567000
1563,12679000,200107000,10638000
1564,12572000,199896000,10580000
1565,13570000,200998000,11561000
1566,12577000,199007000,10313000
1567,12572000,199995000,10540000
1568,13654000,201082000,11660000
1569,13574000,199920000,11390000
1570,13577000,200002000,11551000
1571,13566000,199989000,11484000
1572,12564000,198999000,10516000
1573,13660000,201096000,11511000
1574,12565000,198904000,10550000
1575,12569000,200005000,10559000
1576,12577000,200007000,10577000
1577,12562000,199985000,10720000
1578,13654000,201093000,11631000
1579,12586000,198933000,10179000
1580,12557000,199969000,10402000
1581,13572000,201016000,11383000
1582,13574000,200003000,11532000
1583,13658000,200083000,11689000
1584,13570000,199912000,11482000
1585,13572000,200003000,11567000
1586,12578000,199005000,10533000
1587,13574000,200995000,11376000
1588,13649000,200076000,11597000
1589,13576000,199927000,11540000
1590,13570000,199993000,11626000
1591,13570000,200000000,11567000
1592,13570000,200001000,11504000
1593,14646000,201076000,11867000
1594,13566000,198920000,11801000
1595,13583000,200017000,11687000
1596,13577000,199993000,11622000
1597,13570000,199994000,11495000
1598,13658000,200087000,11716000
1599,13565000,199907000,11659000
1600,13573000,200008000,11668000
1601,13572000,200000000,11614000
1602,13581000,200008000,11476000
1603,13650000,200069000,11774000
1604,13578000,199928000,11644000
1605,13577000,200000000,11651000
1606,13573000,199995000,11664000
1607,13557000,199986000,11742000
1608,13561000,200004000,11816000
1609,13568000,200006000,11563000
1610,13549000,199981000,11704000
1611,13589000,200040000,11585000
1612,13573000,199983000,11438000
1613,13565000,199994000,11604000
1614,13580000,200014000,11540000
1615,13574000,199993000,11560000
1616,13566000,199993000,11631000
1617,13583000,200017000,11500000
1618,13658000,200075000,11797000
1619,13576000,199918000,11596000
1620,13564000,199988000,11607000
1621,13578000,200013000,11264000
1622,13561000,199984000,11481000
1623,13642000,200081000,11783000
1624,13575000,199933000,11501000
1625,13566000,199991000,11516000
1626,13578000,200011000,11603000
1627,13589000,200012000,11550000
1628,13573000,199985000,11559000
1629,13577000,200004000,11281000
1630,13583000,200006000,11435000
1631,13572000,199988000,11733000
1632,13573000,200000000,11454000
1633,13660000,200088000,11757000
1634,13573000,199913000,11756000
1635,13576000,200003000,11766000
1636,13572000,199997000,11766000
1637,13573000,200000000,11788000
1638,14654000,201081000,11859000
1639,13573000,198918000,11597000
1640,13566000,199994000,11687000
1641,13574000,200007000,11765000
1642,23989000,210416000,12010000
1643,13601000,189600000,11735000
1644,13574000,199984000,11726000
1645,13569000,199995000,11516000
1646,13570000,200003000,11532000
1647,23988000,210418000,11930000
1648,13589000,189592000,11765000
1649,13584000,200003000,11703000
1650,13564000,199981000,11643000
1651,13657000,200093000,11584000
1652,13639000,199980000,11664000
1653,13658000,200019000,11540000
1654,13572000,199915000,11470000
1655,13566000,199993000,11489000
1656,13562000,199996000,11568000
1657,13566000,200004000,11368000
1658,13572000,200007000,11517000
1659,13574000,200002000,11680000
1660,13574000,199999000,11547000
1661,13578000,200004000,11559000
1662,13590000,200014000,11348000
1663,13650000,200059000,11796000
1664,13573000,199923000,11725000
1665,13587000,200014000,11741000
1666,13586000,199998000,11685000
1667,13574000,199989000,11761000
1668,13568000,199994000,11627000
1669,13561000,199993000,11713000
1670,13576000,200015000,11508000
1671,13565000,199990000,11453000
1672,13577000,200011000,11387000
1673,13568000,199992000,11684000
1674,13561000,199993000,11766000
1675,13565000,200004000,11575000
1676,13574000,200007000,11435000
1677,13578000,200004000,11446000
1678,13660000,200083000,11597000
1679,13581000,199921000,11540000
1680,13577000,199997000,11623000
1681,13583000,200005000,11489000
1682,13574000,199991000,11504000
1683,13654000,200080000,11656000
1684,13578000,199923000,11597000
1685,13578000,200000000,11536000
1686,13573000,199995000,11554000
1687,13581000,200009000,11487000
1688,13560000,199980000,11635000
1689,13569000,200007000,11501000
1690,13582000,200013000,11442000
1691,13581000,200000000,11466000
1692,13561000,199980000,11398000
1693,13565000,200005000,11405000
1694,13584000,200019000,11482000
1695,13561000,199977000,11720000
1696,13577000,200015000,11588000
1697,13579000,200002000,11596000
1698,13581000,200002000,11463000
1699,23997000,210415000,12303000
1700,13610000,189603000,11497000
1701,13574000,199974000,11500000
1702,13578000,200004000,11585000
1703,13654000,200077000,11517000
1704,13582000,199927000,11460000
1705,13560000,199979000,11404000
1706,13566000,200006000,11485000
1707,13661000,200096000,11439000
1708,13662000,200000000,11507000
1709,13573000,199910000,11447000
1710,13587000,200015000,11520000
1711,13576000,199989000,11473000
1712,13578000,200001000,11334000
1713,13664000,200087000,11356000
1714,13576000,199912000,11424000
1715,13577000,200002000,11439000
1716,13582000,200005000,11446000
1717,13582000,199998000,11321000
1718,13561000,199980000,11129000
1719,13574000,200012000,11274000
1720,13566000,199992000,11563000
1721,13578000,200012000,11580000
1722,13582000,200004000,11311000
1723,13642000,200061000,11601000
1724,13566000,199923000,11681000
1725,13576000,200011000,11481000
1726,13550000,199974000,11419000
1727,13565000,200015000,11445000
1728,13638000,200073000,11664000
1729,13668000,200030000,11596000
1730,13554000,199885000,11463000
1731,22989000,209436000,11600000
1732,13590000,190594000,11288000
1733,13662000,200078000,11588000
1734,23989000,210328000,12050000
1735,24004000,200004000,11856000
1736,24001000,200000000,11856000
1737,23004000,199000000,11676000
1738,24001000,201004000,12026000
1739,23004000,198996000,11697000
1740,23992000,200996000,12118000
1741,23005000,199004000,11846000
1742,22993000,199996000,11792000
1743,23005000,200004000,11803000
1744,13585000,190588000,11482000
1745,13580000,199999000,11351000
1746,23989000,210409000,11895000
1747,13596000,189596000,11314000
1748,23989000,210404000,12014000
1749,13686000,189684000,11410000
1750,13586000,199912000,11397000
1751,13570000,199984000,11412000
1752,13582000,200012000,11279000
1753,13638000,200057000,11438000
1754,13565000,199926000,11581000
1755,13574000,200010000,11455000
1756,13570000,199995000,11193000
1757,13577000,200009000,11268000
1758,22989000,209411000,11640000
1759,22996000,200000000,11698000
1760,23992000,201000000,11900000
1761,13595000,189594000,11323000
1762,22997000,209413000,11796000
1763,22997000,199993000,11799000
1764,22992000,200000000,11819000
1765,22996000,200000000,11689000
1766,13589000,190596000,11442000
1767,13583000,199998000,11242000
1768,23989000,210406000,12074000
1769,24012000,200011000,12034000
1770,13603000,189596000,11347000
1771,13581000,199984000,11423000
1772,13573000,199992000,11227000
1773,13646000,200074000,11581000
1774,13582000,199935000,11392000
1775,15585000,202004000,13142000
1776,15573000,199987000,13133000
1777,15561000,199989000,13217000
1778,25969000,210408000,13691000
1779,25984000,200004000,13377000
1780,15591000,189611000,12984000
1781,15565000,199981000,13133000
1782,25969000,210404000,13433000
1783,15595000,189615000,13024000
1784,15587000,200003000,13145000
1785,15572000,199986000,13165000
1786,15565000,199992000,13173000
1787,15577000,200012000,13338000
1788,15656000,200079000,13325000
1789,25969000,210313000,13320000
1790,25984000,200004000,13467000
1791,15599000,189619000,13038000
1792,25969000,210377000,13485000
1793,15600000,189619000,13198000
1794,25976000,210389000,13632000
1795,25984000,199996000,13552000
1796,25981000,200000000,13752000
1797,25984000,200000000,13511000
1798,15597000,189616000,13111000
1799,15565000,199976000,13115000
1800,25968000,210404000,13785000
1801,22984000,197004000,11804000
1802,13579000,190603000,11411000
1803,13736000,200160000,11407000
1804,22969000,209233000,11817000
1805,22976000,200000000,11562000
1806,22973000,200000000,11758000
1807,13598000,190622000,11334000
1808,13654000,200063000,11326000
1809,22969000,209315000,11663000
1810,22976000,200000000,11540000
1811,13577000,190604000,11300000
1812,13573000,200000000,11092000
1813,23968000,210396000,11579000
1814,13581000,189600000,11259000
1815,22969000,209400000,11717000
1816,23976000,201000000,11891000
1817,13582000,189604000,11500000
1818,13674000,200101000,11635000
1819,13570000,199895000,11236000
1820,22984000,209416000,11783000
1821,22996000,200004000,11734000
1822,22992000,200000000,11672000
1823,13599000,190603000,11157000
1824,13573000,199980000,11289000
1825,22989000,209417000,11766000
1826,13585000,190589000,11388000
1827,13576000,199999000,11179000
1828,23988000,210412000,11864000
1829,13596000,189596000,11429000
1830,13577000,199992000,11285000
1831,13582000,200004000,11508000
1832,13565000,199985000,11177000
1833,13650000,200084000,11545000
1834,13574000,199924000,11333000
1835,13579000,200005000,11490000
1836,13578000,199998000,11496000
1837,13578000,200001000,11511000
1838,13582000,200005000,11371000
1839,13568000,199985000,11390000
1840,13582000,200014000,10985000
1841,13585000,200003000,11203000
1842,13582000,199996000,11277000
1843,13669000,200089000,11429000
1844,13576000,199906000,11510000
1845,13565000,199990000,11320000
1846,13573000,200006000,11463000
1847,13578000,200006000,11404000
1848,13662000,200084000,11705000
1849,13582000,199919000,11427000
1850,13574000,199993000,11297000
1851,13584000,200009000,11516000
1852,13561000,199977000,11246000
1853,13560000,200000000,11194000
1854,13571000,200011000,11476000
1855,22989000,209418000,11674000
1856,13585000,190588000,11447000
1857,13587000,200010000,11096000
1858,13646000,200059000,11319000
1859,13565000,199918000,11336000
1860,13570000,200005000,11409000
1861,13557000,199989000,11293000
1862,13562000,200003000,11291000
1863,13638000,200077000,11585000
1864,13582000,199944000,11310000
1865,13569000,199988000,11266000
1866,13574000,200003000,11201000
1867,13588000,200015000,11272000
1868,13666000,200078000,11707000
1869,13582000,199911000,11647000
1870,13591000,200014000,11032000
1871,13569000,199977000,11320000
1872,13574000,200006000,11188000
1873,13656000,200082000,11407000
1874,13570000,199913000,11482000
1875,13590000,200020000,11230000
1876,13594000,200004000,11300000
1877,13589000,199996000,11450000
1878,13670000,200081000,11394000
1879,13590000,199915000,11336000
1880,13585000,199996000,10859000
1881,13585000,200000000,11088000
1882,13578000,199992000,11369000
1883,13585000,200008000,11389000
1884,13574000,199989000,11256000
1885,13582000,200008000,11137000
1886,13594000,200013000,11200000
1887,13584000,199989000,11214000
1888,13583000,200000000,11225000
1889,13594000,200011000,11240000
1890,13596000,200002000,11043000
1891,13584000,199987000,11254000
1892,13598000,200015000,11199000
1893,13577000,199978000,11349000
1894,13583000,200007000,11217000
1895,13582000,199998000,11444000
1896,13578000,199996000,11374000
1897,13581000,200003000,11392000
1898,13572000,199991000,11333000
1899,13582000,200010000,11423000
1900,13578000,199996000,11004000
1901,13657000,200080000,11300000
1902,13653000,199995000,11303000
1903,13650000,199997000,11248000
1904,13655000,200004000,11186000
1905,13645000,199991000,11266000
1906,13674000,200029000,11564000
1907,14661000,200988000,11849000
1908,13663000,199002000,11657000
1909,13649000,199986000,11746000
1910,13661000,200012000,11610000
1911,13572000,199910000,11822000
1912,13574000,200002000,11142000
1913,13578000,200003000,11499000
1914,13581000,200004000,11718000
1915,13582000,200000000,11102000
1916,13569000,199988000,11605000
1917,13586000,200016000,11058000
1918,13573000,199989000,11489000
1919,13577000,200003000,11776000
1920,13582000,200005000,11019000
1921,13578000,199997000,11443000
1922,13581000,200002000,11536000
1923,13581000,200000000,11540000
1924,13584000,200004000,11686000
1925,13580000,199995000,10931000
1926,13581000,200001000,11643000
1927,13582000,200000000,11369000
1928,13573000,199993000,11588000
1929,13577000,200004000,11529000
1930,13582000,200004000,10981000
1931,13572000,199990000,11408000
1932,13570000,199998000,11085000
1933,13584000,200014000,11442000
1934,13574000,199989000,11671000
1935,13585000,200012000,11667000
1936,13586000,200000000,11752000
1937,13590000,200006000,11622000
1938,13576000,199985000,11626000
1939,13586000,200009000,11651000
1940,13582000,199998000,11513000
1941,13582000,199998000,11454000
1942,13578000,199996000,11532000
1943,13576000,200000000,11476000
1944,13576000,199999000,11696000
1945,13583000,200008000,11355000
1946,13570000,199986000,11647000
1947,13581000,200011000,11101000
1948,13576000,199995000,11453000
1949,13573000,199997000,11679000
1950,13580000,200007000,11139000
1951,13576000,199996000,11350000
1952,13582000,200005000,11081000
1953,13593000,200012000,11372000
1954,13597000,200004000,11668000
1955,13584000,199987000,11328000
1956,13591000,200007000,11686000
1957,13572000,199981000,11634000
1958,13578000,200005000,11496000
1959,13591000,200014000,11663000
1960,13575000,199985000,11044000
1961,13577000,200001000,10919000
1962,13574000,199996000,11139000
1963,13570000,199996000,11416000
1964,13565000,199995000,11627000
1965,13573000,200010000,11502000
1966,13561000,199988000,11456000
1967,13581000,200019000,11396000
1968,13582000,200000000,11473000
1969,13590000,200010000,11626000
1970,13570000,199978000,11161000
1971,13578000,200009000,11659000
1972,13583000,200005000,11028000
1973,13595000,200013000,10975000
1974,13581000,199986000,11684000
1975,13582000,200001000,10993000
1976,13576000,199994000,11563000
1977,13589000,200011000,11290000
1978,13581000,199993000,11588000
1979,13578000,199996000,11659000
1980,13577000,200001000,11600000
1981,13576000,199998000,10911000
1982,13568000,199992000,11413000
1983,13573000,200006000,11157000
1984,13581000,200008000,11437000
1985,13570000,199987000,11309000
1986,13585000,200016000,11592000
1987,13569000,199983000,11544000
1988,13582000,200015000,11477000
1989,13587000,200005000,11571000
1990,13588000,200000000,11088000
1991,13574000,199987000,11659000
1992,13578000,200002000,10960000
1993,13577000,200001000,11544000
1994,13575000,199998000,11549000
1995,13573000,199998000,11564000
1996,13568000,199994000,11416000
1997,13586000,200017000,11579000
1998,13576000,199991000,11592000
1999,13581000,200005000,11600000
2000,13585000,200004000,11320000
2001,13579000,199994000,10988000
2002,13573000,199994000,11350000
2003,13573000,200000000,11643000
2004,13579000,200006000,11365000
2005,13573000,199993000,11380000
2006,13581000,200008000,11524000
2007,13583000,200003000,10915000
2008,13586000,200002000,11415000
2009,13569000,199984000,11422000
2010,13582000,200012000,11155000
2011,13572000,199991000,11378000
2012,13581000,200008000,11043000
2013,13572000,199992000,11395000
2014,13579000,200008000,11346000
2015,13581000,200000000,11282000
2016,13582000,200001000,11289000
2017,13591000,200010000,11304000
2018,13565000,199974000,11596000
2019,13578000,200013000,11608000
2020,13592000,200015000,11398000
2021,13574000,199980000,11567000
2022,13573000,200000000,11007000
2023,13579000,200006000,11227000
2024,13570000,199990000,11585000
2025,13573000,200004000,11182000
2026,13573000,200000000,11401000
2027,13577000,200004000,11622000
2028,13560000,199983000,11480000
2029,13569000,200008000,11499000
2030,13576000,200008000,11102000
2031,13578000,200002000,11043000
2032,13578000,199999000,10838000
2033,13578000,200002000,11554000
2034,13573000,199994000,11563000
2035,13579000,200007000,10872000
2036,13592000,200012000,11085000
2037,12577000,198986000,10761000
2038,13573000,200996000,11532000
2039,13570000,199997000,11549000
2040,13582000,200011000,11476000
2041,13570000,199988000,11501000
2042,13590000,200019000,11572000
2043,13565000,199976000,11233000
2044,13581000,200017000,11522000
2045,13568000,199986000,11463000
2046,13577000,200009000,11340000
2047,13578000,200001000,11563000
2048,13577000,199999000,11571000
2049,13590000,200014000,11372000
2050,13578000,199986000,10958000
2051,13562000,199985000,11459000
2052,13579000,200017000,10923000
2053,13582000,200002000,10865000
2054,13582000,200001000,11563000
2055,13578000,199997000,11090000
2056,13580000,200001000,11090000
2057,13570000,199989000,10907000
2058,13581000,200013000,10906000
2059,12574000,198992000,10788000
2060,12577000,200004000,10801000
2061,12581000,200004000,10745000
2062,12574000,199991000,10821000
2063,13569000,200997000,10902000
2064,13578000,200007000,10905000
2065,12589000,199011000,10786000
2066,12578000,199989000,10723000
2067,12580000,200003000,10739000
2068,13593000,201013000,10889000
2069,13577000,199984000,10896000
2070,13581000,200003000,10897000
2071,13571000,199991000,10848000
2072,13580000,200009000,10850000
2073,12577000,198996000,10802000
2074,12581000,200005000,10808000
2075,13577000,200995000,11440000
2076,13580000,200004000,11447000
2077,13570000,199990000,11254000
2078,13582000,200011000,11270000
2079,13573000,199993000,11488000
2080,13578000,200003000,10880000
2081,13680000,200103000,11510000
2082,13577000,199896000,11165000
2083,13573000,199996000,11527000
2084,13583000,200012000,11260000
2085,13576000,199992000,11271000
2086,13581000,200006000,11216000
2087,13676000,200094000,11651000
2088,13585000,199909000,10952000
2089,13577000,199993000,10967000
2090,13670000,200092000,11055000
2091,12581000,198916000,10784000
2092,13570000,200988000,10860000
2093,13569000,199999000,11010000
2094,13570000,200000000,11018000
2095,12569000,199000000,10821000
2096,13574000,201004000,11048000
2097,13586000,200014000,11062000
2098,13654000,200067000,11412000
2099,13574000,199919000,11357000
2100,13583000,200010000,11361000
2101,13578000,199994000,11375000
2102,13566000,199989000,11382000
2103,13648000,200082000,11126000
2104,13578000,199929000,11134000
2105,13610000,200032000,11423000
2106,13570000,199960000,11079000
2107,13577000,200008000,11031000
2108,13646000,200068000,10973000
2109,13572000,199927000,10986000
2110,13573000,200002000,10852000
2111,13578000,200003000,10932000
2112,13736000,200159000,11088000
2113,13646000,199910000,11037000
2114,13578000,199931000,11046000
2115,13578000,200000000,11186000
2116,13563000,199986000,11130000
2117,13569000,200007000,10996000
2118,13577000,200007000,10875000
2119,13579000,200002000,10883000
2120,13578000,199998000,11017000
2121,13577000,200000000,10970000
2122,13577000,200000000,11189000
2123,13569000,199993000,11069000
2124,13573000,200004000,10878000
2125,12569000,198994000,10812000
2126,13578000,201009000,11020000
2127,13569000,199991000,11036000
2128,13642000,200074000,11600000
2129,13569000,199927000,11196000
2130,13573000,200004000,10985000
2131,13574000,200001000,11347000
2132,13579000,200005000,10877000
2133,13661000,200082000,11299000
2134,13577000,199916000,11450000
2135,13596000,200019000,11391000
2136,13566000,199970000,11398000
2137,13600000,200035000,11413000
2138,13664000,200063000,11007000
2139,13582000,199917000,11372000
2140,12582000,199000000,10822000
2141,13561000,200980000,11386000
2142,13570000,200008000,11185000
2143,13646000,200077000,11342000
2144,13569000,199924000,11210000
2145,13577000,200008000,11163000
2146,13578000,200000000,11239000
2147,13566000,199988000,11173000
2148,13578000,200013000,11122000
2149,13581000,200001000,11130000
2150,13577000,199996000,11411000
2151,13587000,200011000,11424000
2152,13578000,199991000,10884000
2153,13650000,200072000,11039000
2154,13587000,199937000,10971000
2155,13556000,199969000,10848000
2156,13578000,200022000,11070000
2157,13573000,199995000,11003000
2158,13642000,200069000,11080000
2159,12564000,198922000,10822000
2160,13570000,201006000,10894000
2161,13578000,200008000,10982000
2162,13562000,199984000,11063000
2163,13658000,200096000,11278000
2164,13658000,200000000,10946000
2165,13566000,199908000,11090000
2166,13574000,200007000,11375000
2167,13585000,200012000,11389000
2168,13662000,200077000,11258000
2169,13574000,199911000,11137000
2170,13579000,200006000,10875000
2171,13574000,199994000,11086000
2172,12570000,198996000,10754000
2173,13577000,201008000,11454000
2174,13582000,200005000,11192000
2175,13578000,199995000,11128000
2176,13568000,199991000,11339000
2177,13578000,200010000,11367000
2178,13658000,200079000,11239000
2179,13578000,199920000,11172000
2180,13577000,200000000,11187000
2181,13576000,199999000,11267000
2182,13573000,199997000,11134000
2183,13668000,200095000,11289000
2184,13581000,199913000,11222000
2185,12582000,199000000,10821000
2186,13587000,201006000,11111000
2187,13578000,199991000,11258000
2188,13581000,200003000,11342000
2189,13581000,199999000,11281000
2190,13576000,199996000,11146000
2191,13581000,200005000,11301000
2192,13565000,199983000,10899000
2193,13662000,200098000,11397000
2194,13581000,199919000,11334000
2195,13578000,199996000,11414000
2196,13577000,200000000,11158000
2197,13578000,200001000,11366000
2198,13581000,200004000,11242000
2199,13590000,200009000,11318000
2200,12575000,198985000,10708000
2201,13601000,201025000,11558000
2202,13584000,199983000,11348000
2203,13577000,199993000,11365000
2204,13582000,200004000,11230000
2205,13577000,199996000,11175000
2206,13574000,199996000,11391000
2207,13588000,200016000,11268000
2208,13569000,199981000,11342000
2209,13593000,200024000,11222000
2210,13593000,199999000,11157000
2211,12582000,198984000,10830000
2212,12585000,200005000,10786000
2213,13581000,200995000,10854000
2214,13581000,199999000,10862000
2215,12599000,199023000,10736000
2216,13581000,200982000,11025000
2217,13597000,200012000,11310000
2218,13590000,199998000,11111000
2219,13570000,199979000,11188000
2220,13578000,200008000,11133000
2221,13587000,200009000,11353000
2222,13578000,199990000,11156000
2223,13577000,200000000,11165000
2224,13577000,200000000,11176000
2225,13578000,200000000,11183000
2226,13578000,200001000,11268000
2227,13570000,199991000,11204000
2228,14650000,201081000,12188000
2229,13585000,198935000,11434000
2230,12581000,198996000,10757000
2231,13564000,200983000,11317000
2232,12582000,199017000,10707000
2233,13650000,201069000,11340000
2234,13595000,199945000,11346000
2235,13582000,199986000,11291000
2236,13581000,200000000,11232000
2237,13591000,200010000,11247000
2238,13662000,200071000,11126000
2239,13574000,199911000,11077000
2240,13574000,200000000,11284000
2241,13569000,199995000,11221000
2242,13582000,200013000,11232000
2243,13662000,200081000,11178000
2244,13574000,199911000,11188000
2245,12577000,199004000,10790000
2246,13582000,201005000,11143000
2247,13570000,199987000,11291000
2248,13642000,200073000,11151000
2249,13561000,199920000,11044000
2250,13582000,200021000,11051000
2251,13576000,199993000,11186000
2252,12562000,198985000,10644000
2253,13656000,201095000,11278000
2254,13570000,199914000,11011000
2255,13566000,199995000,11299000
2256,13570000,200004000,11111000
2257,13571000,200003000,11051000
2258,13658000,200086000,11129000
2259,13570000,199911000,11078000
2260,12565000,198997000,10663000
2261,12570000,200003000,10750000
2262,12569000,199999000,10678000
2263,13642000,201073000,11055000
2264,13570000,199928000,10903000
2265,12566000,198997000,10717000
2266,13574000,201009000,10874000
2267,12578000,199002000,10601000
2268,13658000,201081000,11158000
2269,13582000,199925000,11315000
2270,13570000,199986000,11051000
2271,13570000,200001000,11272000
2272,12578000,199009000,10723000
2273,13654000,201075000,11011000
2274,13564000,199910000,10944000
2275,12572000,199008000,10559000
2276,13562000,200989000,10837000
2277,13578000,200016000,10847000
2278,12564000,198987000,10648000
2279,13568000,201004000,11220000
2280,13578000,200009000,11087000
2281,12562000,198984000,10817000
2282,14573000,202012000,11878000
2283,13650000,199076000,11055000
2284,13578000,199928000,11075000
2285,13573000,199996000,10994000
2286,13574000,200000000,10935000
2287,13573000,200001000,11223000
2288,14662000,201087000,12072000
2289,13578000,198917000,10971000
2290,12573000,198995000,10573000
2291,13550000,200977000,10994000
2292,12566000,199016000,10518000
2293,13661000,201095000,11575000
2294,13579000,199919000,11101000
2295,13581000,200002000,11054000
2296,13582000,199999000,11052000
2297,13592000,200011000,11260000
2298,13668000,200076000,11567000
2299,13581000,199913000,11155000
2300,13578000,199996000,11157000
2301,13590000,200014000,11039000
2302,12582000,198991000,10705000
2303,13657000,201075000,11761000
2304,13579000,199922000,11000000
2305,12569000,198991000,10663000
2306,13570000,200999000,11083000
2307,13572000,200003000,10958000
2308,13560000,199988000,11169000
2309,13564000,200004000,10980000
2310,13582000,200017000,11065000
2311,13581000,199999000,10944000
2312,12572000,198992000,10450000
2313,13662000,201090000,11802000
2314,12566000,198904000,10631000
2315,12658000,200092000,10783000
2316,13570000,200912000,10917000
2317,13588000,200018000,11086000
2318,14654000,201066000,12053000
2319,13582000,198927000,11018000
2320,12579000,198998000,10548000
2321,12570000,199990000,10635000
2322,12578000,200008000,10636000
2323,13650000,201073000,11623000
2324,13586000,199935000,10863000
2325,13570000,199984000,11084000
2326,13576000,200007000,10952000
2327,13570000,199993000,11115000
2328,13573000,200004000,10903000
2329,13601000,200028000,11197000
2330,13573000,199972000,11083000
2331,12581000,199009000,10667000
2332,12580000,199998000,10460000
2333,13654000,201073000,11663000
2334,13578000,199925000,10965000
2335,12581000,199002000,10572000
2336,13592000,201012000,11825000
2337,12577000,198984000,10592000
2338,12572000,199997000,10606000
2339,12576000,200003000,10684000
2340,13573000,200998000,11601000
2341,12565000,198991000,10647000
2342,12574000,200008000,10654000
2343,13650000,201077000,11640000
2344,13573000,199923000,11712000
2345,13574000,200000000,11095000
2346,12565000,198991000,10779000
2347,12578000,200013000,10572000
2348,13642000,201065000,11611000
2349,13582000,199941000,11481000
2350,13578000,199994000,11496000
2351,13573000,199995000,10955000
2352,13587000,200015000,11510000
2353,13646000,200059000,11741000
2354,12574000,198927000,10640000
2355,13577000,201004000,11482000
2356,14570000,200993000,11908000
2357,13565000,198995000,11647000
2358,14658000,201093000,12142000
2359,13577000,198920000,11176000
2360,13581000,200004000,11601000
2361,12585000,199003000,10792000
2362,13578000,200992000,11640000
2363,13654000,200076000,11640000
2364,13572000,199919000,11786000
2365,13587000,200015000,11516000
2366,14578000,200991000,11878000
2367,13566000,198988000,11557000
2368,13652000,200086000,11414000
2369,13562000,199909000,11493000
2370,13578000,200017000,11501000
2371,13575000,199997000,11518000
2372,13578000,200002000,11537000
2373,13658000,200081000,11614000
2374,13577000,199919000,11408000
2375,13570000,199992000,11563000
2376,13569000,199999000,11712000
2377,13558000,199989000,11593000
2378,13654000,200096000,11681000
2379,13577000,199923000,11458000
2380,13573000,199997000,11399000
2381,13573000,199999000,11490000
2382,13566000,199993000,11418000
2383,13654000,200089000,11717000
2384,13583000,199929000,11439000
2385,13573000,199990000,11385000
2386,13578000,200005000,11465000
2387,13583000,200005000,11554000
2388,13654000,200071000,11703000
2389,13566000,199912000,11501000
2390,13585000,200019000,11438000
2391,13573000,199987000,11314000
2392,13565000,199992000,11457000
2393,13658000,200094000,11549000
2394,13574000,199915000,11697000
2395,22988000,209416000,11757000
2396,13589000,190592000,11588000
2397,13561000,199980000,11601000
2398,13658000,200096000,11602000
2399,13577000,199919000,11541000
2400,13587000,200011000,11691000
2401,13577000,199991000,11630000
2402,14578000,200999000,11915000
2403,13668000,199091000,11729000
2404,13566000,199898000,11602000
2405,13569000,200004000,11396000
2406,13573000,200002000,11683000
2407,13578000,200006000,11632000
2408,13662000,200083000,11560000
2409,13557000,199897000,11431000
2410,13574000,200015000,11377000
2411,13574000,200000000,11536000
2412,13581000,200008000,11463000
2413,13646000,200065000,11571000
2414,13577000,199931000,11485000
2415,13565000,199987000,11366000
2416,13587000,200023000,11512000
2417,14561000,200973000,11871000
2418,14654000,200094000,11944000
2419,13669000,199015000,11478000
2420,12991000,199322000,11829000
2421,13573000,200582000,11495000
2422,13567000,199994000,11433000
2423,13560000,199993000,11517000
2424,13569000,200010000,11602000
2425,13573000,200003000,11680000
2426,13577000,200004000,11410000
2427,14578000,201000000,11977000
2428,13573000,198996000,11572000
2429,13578000,200004000,11522000
2430,13581000,200003000,11664000
2431,13562000,199981000,11461000
2432,13587000,200026000,11476000
2433,12991000,199404000,11838000
2434,14578000,201586000,11909000
2435,14588000,200011000,11924000
2436,14569000,199980000,11859000
2437,14557000,199988000,11949000
2438,13587000,199032000,11471000
2439,13578000,199989000,11486000
2440,13579000,200003000,11423000
2441,14561000,200980000,11847000
2442,13558000,198998000,11664000
2443,14650000,201092000,11938000
2444,13565000,198916000,11396000
2445,14577000,201012000,11972000
2446,13570000,198992000,11769000
2447,14577000,201006000,11915000
2448,14653000,200076000,12069000
2449,14572000,199920000,11870000
2450,13573000,199000000,11385000
2451,14572000,200999000,11897000
2452,13565000,198995000,11352000
2453,13579000,200014000,11795000
2454,14586000,201007000,11929000
2455,13574000,198987000,11384000
2456,13580000,200006000,11746000
2457,13565000,199986000,11263000
2458,14654000,201088000,11973000
2459,14578000,199923000,11914000
2460,13578000,199001000,11729000
2461,13578000,199999000,11745000
2462,14574000,200997000,11943000
2463,13654000,199080000,11819000
2464,13578000,199924000,11775000
2465,13578000,200000000,11708000
2466,13578000,199999000,11438000
2467,13591000,200014000,11734000
2468,14658000,201067000,12012000
2469,13577000,198918000,11610000
2470,13587000,200011000,11338000
2471,14565000,200977000,11904000
2472,13573000,199009000,11499000
2473,14658000,201085000,12077000
2474,14558000,199900000,11875000
2475,14568000,200010000,11936000
2476,14574000,200005000,11951000
2477,14568000,199995000,11970000
2478,14650000,200082000,11903000
2479,13573000,198922000,11790000
2480,13561000,199988000,11451000
2481,13566000,200005000,11812000
2482,13566000,200001000,11394000
2483,14654000,201087000,11966000
2484,13562000,198909000,11771000
2485,13566000,200004000,11288000
2486,13586000,200021000,11793000
2487,13565000,199979000,11667000
2488,13657000,200092000,11459000
2489,14593000,200935000,12178000
2490,14561000,199969000,11970000
2491,13565000,199002000,11704000
2492,13566000,200001000,11357000
2493,13642000,200077000,11798000
2494,13577000,199934000,11448000
2495,14574000,200998000,11892000
2496,14577000,200003000,11902000
2497,14565000,199987000,11899000
2498,13654000,199090000,11573000
2499,14565000,200911000,11929000
2500,13570000,199004000,11454000
2501,13574000,200004000,11750000
2502,13587000,200014000,11690000
2503,13650000,200063000,11832000
2504,13581000,199931000,11702000
2505,14583000,201002000,11865000
2506,14566000,199983000,11865000
2507,13578000,199011000,11244000
2508,13573000,199996000,11324000
2509,13561000,199989000,11408000
2510,13582000,200019000,11415000
2511,13574000,199992000,11365000
2512,13574000,200000000,11234000
2513,13577000,200004000,11243000
2514,13577000,199999000,11246000
2515,13588000,200012000,11193000
2516,13580000,199992000,11408000
2517,13570000,199990000,11217000
2518,13666000,200095000,11360000
2519,13556000,199891000,11584000
2520,13576000,200020000,11311000
2521,13595000,200019000,11393000
2522,13562000,199967000,11195000
2523,13658000,200096000,11708000
2524,13560000,199902000,11212000
2525,13577000,200016000,11434000
2526,13582000,200006000,11732000
2527,13572000,199990000,11746000
2528,13573000,200001000,11402000
2529,13570000,199997000,11770000
2530,13564000,199994000,11350000
2531,13584000,200020000,11724000
2532,13578000,199993000,11302000
2533,13654000,200077000,11814000
2534,14583000,200929000,11885000
2535,13572000,198989000,11761000
2536,14574000,201001000,11900000
2537,14573000,199999000,11911000
2538,13658000,199086000,11800000
2539,13562000,199904000,11738000
2540,13574000,200012000,11672000
2541,13576000,200002000,11755000
2542,13578000,200001000,11344000
2543,13654000,200077000,11781000
2544,14570000,200916000,11863000
2545,13555000,198985000,11307000
2546,14578000,201022000,11939000
2547,13566000,198988000,11826000
2548,13650000,200085000,11767000
2549,13568000,199918000,11568000
2550,13587000,200019000,11644000
2551,13572000,199985000,11728000
2552,15577000,202005000,13058000
2553,13578000,198002000,11808000
2554,12892000,199314000,11826000
2555,13565000,200673000,11774000
2556,15571000,202005000,13593000
2557,15565000,199994000,13589000
2558,15648000,200083000,13607000
2559,15585000,199937000,13541000
2560,15584000,199999000,13073000
2561,15591000,200007000,13422000
2562,15589000,199997000,13584000
2563,15561000,199969000,13592000
2564,15576000,200016000,13610000
2565,15576000,200000000,13619000
2566,15561000,199984000,13628000
2567,15589000,200032000,13081000
2568,15592000,200003000,13789000
2569,15593000,199997000,13809000
2570,15585000,199995000,13454000
2571,15565000,199980000,13391000
2572,15565000,200001000,12998000
2573,15655000,200091000,13560000
2574,15584000,199928000,13432000
2575,15552000,199969000,13084000
2576,15573000,200020000,13307000
2577,15561000,199988000,13522000
2578,15564000,200004000,13541000
2579,14570000,199006000,11890000
2580,13566000,198994000,11823000
2581,13568000,200003000,11631000
2582,13559000,199992000,11639000
2583,14687000,201126000,11850000
2584,13572000,198886000,11730000
2585,14591000,201020000,11936000
2586,13574000,198981000,11678000
2587,12910000,199336000,11838000
2588,14654000,201745000,11844000
2589,13580000,198926000,11780000
2590,13573000,199992000,11369000
2591,13572000,200000000,11592000
2592,13569000,199997000,11196000
2593,14654000,201085000,11893000
2594,13574000,198919000,11776000
2595,14568000,200995000,11845000
2596,13572000,199004000,11652000
2597,14583000,201011000,11863000
2598,14650000,200067000,11883000
2599,13572000,198922000,11540000
2600,13572000,200000000,11767000
2601,13570000,199997000,11567000
2602,13580000,200011000,11576000
2603,14646000,201066000,11863000
2604,13569000,198923000,11736000
2605,13554000,199984000,11324000
2606,13558000,200004000,11762000
2607,13578000,200020000,11786000
2608,14642000,201064000,11874000
2609,13569000,198928000,11794000
2610,13578000,200009000,11602000
2611,13554000,199976000,11555000
2612,13553000,199998000,11194000
2613,13654000,200102000,11414000
2614,13572000,199918000,11584000
2615,13553000,199982000,11790000
2616,13553000,200000000,11731000
2617,13595000,200041000,11255000
2618,13642000,200046000,11754000
2619,13574000,199933000,11702000
2620,13586000,200013000,11289000
2621,13578000,199991000,11516000
2622,13565000,199988000,11528000
2623,13642000,200076000,11814000
2624,13578000,199936000,11757000
2625,13572000,199994000,11707000
2626,13566000,199994000,11353000
2627,13557000,199991000,11719000
2628,13654000,200097000,11736000
2629,13580000,199926000,11815000
2630,13569000,199989000,11765000
2631,13573000,200003000,11754000
2632,13578000,200005000,11206000
2633,14664000,201087000,11856000
2634,13570000,198906000,11799000
2635,13565000,199994000,11116000
2636,13583000,200019000,11611000
2637,13556000,199973000,11692000
2638,14577000,201022000,11831000
2639,13665000,199088000,11635000
2640,13565000,199900000,11784000
2641,13568000,200002000,11511000
2642,13568000,200000000,11743000
2643,13650000,200081000,11817000
2644,13574000,199925000,11682000
2645,13576000,200002000,11774000
2646,13570000,199993000,11506000
2647,13570000,200001000,11732000
2648,13571000,200002000,11737000
2649,13566000,199995000,11745000
2650,13574000,200007000,11267000
2651,13577000,200003000,11702000
2652,13576000,199999000,11284000
2653,13658000,200082000,11647000
2654,13574000,199915000,11734000
2655,13579000,200006000,11667000
2656,13572000,199993000,11547000
2657,13576000,200004000,11694000
2658,13654000,200078000,11777000
2659,13573000,199920000,11714000
2660,13585000,200010000,11501000
2661,13580000,199996000,11044000
2662,13562000,199982000,11540000
2663,13577000,200015000,11690000
2664,13580000,200003000,11699000
2665,13582000,200003000,11289000
2666,13573000,199989000,11648000
2667,13573000,200000000,11660000
2668,13660000,200088000,11808000
2669,13566000,199906000,11680000
2670,13577000,200010000,11686000
2671,13578000,200003000,11492000
2672,13573000,199993000,11151000
2673,13577000,200006000,11660000
2674,13582000,200003000,11448000
2675,13641000,200061000,11610000
2676,13654000,200012000,11614000
2677,13565000,199910000,11488000
2678,13650000,200086000,11781000
2679,13577000,199926000,11505000
2680,13573000,199998000,11231000
2681,13589000,200015000,11316000
2682,13578000,199988000,11188000
2683,13569000,199992000,11694000
2684,13591000,200022000,11703000
2685,13562000,199970000,11435000
2686,13578000,200016000,11438000
2687,13575000,199998000,11462000
2688,13654000,200079000,11611000
2689,13574000,199920000,11619000
2690,13569000,199994000,11628000
2691,13573000,200006000,11094000
2692,13566000,199992000,11156000
2693,13646000,200080000,11668000
2694,13573000,199927000,11468000
2695,13650000,200076000,11340000
2696,13570000,199920000,11407000
2697,13562000,199993000,11439000
2698,13638000,200076000,11581000
2699,13569000,199931000,11663000
2700,13575000,200006000,11529000
2701,13568000,199993000,11055000
2702,13572000,200005000,11468000
2703,13586000,200014000,11708000
2704,13575000,199989000,11494000
2705,13577000,200002000,11655000
2706,13574000,199995000,11663000
2707,13578000,200005000,11685000
2708,13654000,200076000,11550000
2709,13582000,199928000,11627000
2710,13565000,199982000,11146000
2711,13586000,200021000,10953000
2712,13569000,199983000,11104000
2713,13654000,200086000,11752000
2714,13558000,199903000,11686000
2715,13574000,200017000,11555000
2716,13591000,200017000,11490000
2717,13577000,199985000,11721000
2718,13658000,200082000,11727000
2719,13586000,199929000,11521000
2720,13569000,199981000,11540000
2721,13570000,200001000,11061000
2722,13581000,200012000,11353000
2723,13573000,199992000,11360000
2724,13569000,199997000,11722000
2725,13576000,200006000,10965000
2726,13577000,200001000,11319000
2727,13566000,199989000,11477000
2728,13646000,200080000,11696000
2729,13573000,199926000,11508000
2730,13587000,200015000,11502000
2731,13577000,199990000,11101000
2732,13587000,200010000,11111000
2733,13577000,199991000,11614000
2734,13566000,199987000,11476000
2735,13575000,200010000,11355000
2736,13570000,199995000,10946000
2737,13566000,199996000,11519000
2738,13648000,200082000,11593000
2739,13578000,199930000,11615000
2740,13570000,199992000,11190000
2741,13581000,200011000,11342000
2742,13578000,199997000,11418000
2743,13646000,200068000,11652000
2744,13577000,199930000,11441000
2745,13594000,200017000,11400000
2746,13582000,199988000,11540000
2747,13572000,199991000,11690000
2748,13570000,199999000,11426000
2749,13570000,199999000,11575000
2750,13578000,200007000,11505000
2751,13587000,200010000,11463000
2752,13566000,199979000,11054000
2753,13654000,200088000,11622000
2754,13571000,199917000,11560000
2755,13582000,200010000,11092000
2756,13558000,199977000,11589000
2757,13576000,200018000,11528000
2758,13682000,200106000,11751000
2759,13558000,199876000,11540000
2760,13566000,200007000,11553000
2761,13574000,200009000,11585000
2762,13577000,200003000,11442000
2763,13577000,200000000,11588000
2764,13574000,199997000,11606000
2765,13562000,199987000,11537000
2766,13565000,200005000,11619000
2767,13583000,200018000,11631000
2768,13654000,200070000,11496000
2769,13578000,199924000,11580000
2770,13587000,200009000,11239000
2771,13575000,199989000,11536000
2772,13578000,200001000,11331000
2773,13654000,200077000,11694000
2774,13578000,199924000,11564000
2775,13578000,200000000,11501000
2776,13568000,199990000,11585000
2777,13590000,200021000,11541000
2778,13557000,199968000,11542000
2779,13578000,200021000,11619000
2780,13566000,199988000,11573000
2781,13578000,200012000,11580000
2782,12573000,198994000,10811000
2783,13652000,201080000,11593000
2784,13581000,199929000,11455000
2785,13573000,199991000,11401000
2786,13584000,200012000,11405000
2787,13574000,199989000,11151000
2788,13557000,199985000,11584000
2789,13573000,200016000,11514000
2790,13577000,200004000,11455000
2791,13565000,199986000,11401000
2792,13562000,199997000,10996000
2793,13670000,200109000,11639000
2794,13578000,199908000,11720000
2795,13573000,199994000,11584000
2796,13578000,200005000,11542000
2797,13569000,199991000,11540000
2798,13658000,200090000,11400000
2799,13587000,199929000,11487000
2800,13570000,199983000,10939000
2801,13566000,199996000,11580000
2802,13587000,200021000,10964000
2803,13564000,199977000,11536000
2804,13578000,200013000,11472000
2805,13574000,199996000,11270000
2806,13570000,199996000,11424000
2807,13578000,200008000,11504000
2808,13654000,200077000,11585000
2809,13569000,199916000,11056000
2810,13569000,200000000,11544000
2811,13573000,200002000,10996000
2812,13573000,200000000,11007000
2813,13650000,200078000,11580000
2814,13570000,199920000,11515000
2815,13587000,200017000,11391000
2816,13578000,199991000,11541000
2817,13570000,199991000,11481000
2818,13664000,200095000,11423000
2819,13566000,199902000,11290000
2820,13558000,199991000,11506000
2821,13575000,200018000,11455000
2822,13578000,200003000,10902000
2823,13654000,200075000,11400000
2824,13577000,199923000,11272000
2825,13577000,200001000,11359000
2826,13557000,199981000,11366000
2827,13565000,200006000,11447000
2828,13650000,200086000,11540000
2829,13578000,199927000,11329000
2830,13573000,199995000,11263000
2831,13583000,200011000,11489000
2832,13556000,199973000,10941000
2833,13662000,200106000,11233000
2834,13590000,199929000,11314000
2835,13577000,199985000,11047000
2836,13570000,199993000,11463000
2837,13587000,200018000,11481000
2838,13654000,200067000,11284000
2839,13557000,199902000,11494000
2840,13549000,199992000,10950000
2841,13573000,200024000,11239000
2842,13582000,200009000,10985000
2843,13658000,200077000,11337000
2844,13574000,199915000,11293000
2845,13576000,200003000,11355000
2846,13574000,199997000,11432000
2847,13589000,200016000,10960000
2848,13563000,199975000,11453000
2849,13582000,200017000,11467000
2850,13585000,200004000,11480000
2851,13574000,199988000,11494000
2852,13570000,199997000,10945000
2853,13669000,200099000,11303000
2854,13576000,199907000,11379000
2855,13585000,200009000,11463000
2856,13577000,199991000,11413000
2857,13577000,200002000,11488000
2858,13650000,200072000,11572000
2859,13582000,199931000,11310000
2860,13574000,199992000,11391000
2861,13561000,199988000,11474000
2862,13574000,200012000,11274000
2863,13666000,200093000,11429000
2864,13582000,199915000,11287000
2865,13572000,199991000,11309000
2866,13578000,200007000,11528000
2867,13576000,199997000,11320000
2868,13569000,199993000,11326000
2869,13587000,200019000,11406000
2870,13572000,199984000,11417000
2871,13666000,200094000,11571000
2872,12576000,198910000,10812000
2873,13604000,201029000,11459000
2874,13581000,199977000,11468000
2875,13572000,199990000,11405000
2876,13578000,200005000,11270000
2877,13572000,199995000,11423000
2878,13658000,200086000,11299000
2879,13577000,199918000,11393000
2880,13574000,199998000,11324000
2881,13578000,200003000,11470000
2882,13582000,200006000,11404000
2883,13650000,200066000,11497000
2884,13578000,199928000,11442000
2885,13586000,200010000,11452000
2886,13569000,199982000,11385000
2887,13565000,199995000,11253000
2888,13656000,200092000,11265000
2889,13574000,199917000,11427000
2890,13569000,199995000,11433000
2891,13570000,200002000,11228000
2892,13569000,199998000,10887000
2893,13576000,200008000,11388000
2894,13574000,199997000,11186000
2895,13564000,199991000,11210000
2896,13570000,200005000,11421000
2897,13573000,200004000,11223000
2898,13590000,200018000,11372000
2899,13573000,199981000,11384000
2900,13574000,200002000,11260000
2901,13583000,200009000,11270000
2902,13573000,199989000,11412000
2903,13650000,200078000,11496000
2904,13578000,199929000,11225000
2905,13597000,200017000,11373000
2906,13578000,199981000,11459000
2907,13569000,199992000,11400000
2908,13654000,200084000,11484000
2909,13578000,199924000,11213000
2910,13582000,200004000,11290000
2911,13570000,199989000,11179000
2912,11906000,198335000,10831000
2913,13569000,201665000,11187000
2914,13587000,200017000,11132000
2915,13578000,199990000,11145000
2916,13570000,199993000,10942000
2917,12582000,199013000,10816000
2918,13576000,200993000,11241000
2919,12568000,198992000,10833000
2920,13588000,201020000,10981000
2921,13570000,199982000,10996000
2922,13570000,199999000,10934000
2923,13654000,200085000,11295000
2924,13578000,199924000,11168000
2925,13564000,199986000,11114000
2926,13574000,200009000,11328000
2927,13562000,199988000,11348000
2928,13658000,200096000,11423000
2929,13566000,199909000,11155000
2930,13591000,200025000,10959000
2931,13659000,200067000,11455000
2932,13645000,199988000,10839000
2933,13578000,199933000,11195000
2934,13572000,199993000,11065000
2935,12578000,199005000,10740000
2936,13587000,201010000,11294000
2937,13572000,199985000,11113000
2938,13650000,200078000,11538000
2939,13573000,199924000,11325000
2940,13566000,199992000,11136000
2941,13554000,199989000,11208000
2942,13569000,200014000,11080000
2943,13650000,200081000,11312000
2944,13577000,199926000,11116000
2945,13562000,199986000,11055000
2946,13569000,200006000,11065000
2947,13573000,200004000,11081000
2948,13650000,200078000,11497000
2949,13586000,199937000,11299000
2950,13576000,199989000,11166000
2951,13562000,199985000,11116000
2952,13588000,200027000,10843000
2953,13654000,200066000,11208000
2954,13661000,200008000,11422000
2955,13554000,199892000,11082000
2956,13578000,200024000,11167000
2957,13573000,199994000,11182000
2958,13658000,200086000,11393000
2959,13568000,199910000,11133000
2960,13578000,200010000,10861000
2961,13577000,199998000,11159000
2962,13586000,200009000,11172000
2963,13666000,200080000,11172000
2964,13562000,199896000,11119000
2965,13585000,200023000,11129000
2966,13580000,199996000,11069000
2967,13577000,199996000,11284000
2968,13645000,200069000,11151000
2969,13584000,199939000,11446000
2970,13577000,199993000,11182000
2971,13568000,199991000,11324000
2972,12570000,199001000,10791000
2973,13630000,201061000,11416000
2974,13574000,199943000,11287000
2975,13552000,199979000,11098000
2976,13578000,200025000,11174000
2977,13573000,199995000,11122000
2978,13662000,200090000,11073000
2979,13577000,199915000,11275000
2980,13566000,199988000,11080000
2981,13587000,200023000,11097000
2982,13576000,199988000,11104000
2983,13572000,199996000,11122000
2984,13587000,200016000,11061000
2985,13573000,199986000,11076000
2986,13577000,200003000,11286000
2987,13583000,200006000,11298000
2988,13552000,199970000,11164000
2989,13573000,200019000,11175000
2990,13570000,199998000,11124000
2991,13573000,200002000,11139000
2992,12582000,199009000,10803000
2993,13650000,201069000,11300000
2994,13582000,199931000,11103000
2995,13565000,199983000,11120000
2996,13577000,200014000,11130000
2997,13587000,200009000,11066000
2998,13565000,199978000,11077000
2999,13570000,200004000,11092000
3000,13584000,200015000,11091000
3001,13561000,199976000,11311000
3002,13574000,200014000,11254000
3003,13574000,200001000,11054000
3004,13568000,199993000,11065000
3005,13561000,199993000,11009000
3006,13566000,200004000,11082000
3007,13557000,199991000,11032000
3008,13654000,200098000,11255000
3009,13574000,199919000,11135000
3010,13566000,199992000,11069000
3011,13556000,199992000,11004000
3012,12574000,199016000,10602000
3013,13650000,201077000,11101000
3014,13561000,199910000,10899000
3015,12569000,199010000,10700000
3016,12575000,200005000,10712000
3017,13564000,200989000,10868000
3018,13658000,200094000,10941000
3019,13587000,199929000,10887000
3020,13569000,199981000,10884000
3021,12569000,199000000,10766000
3022,12574000,200006000,10703000
3023,12577000,200003000,10651000
3024,12582000,200005000,10593000
3025,12573000,199992000,10743000
3026,12566000,199992000,10683000
3027,12573000,200006000,10761000
3028,13650000,201078000,11111000
3029,13573000,199924000,11265000
3030,13565000,199990000,10990000
3031,13562000,199998000,11000000
3032,12588000,199027000,10601000
3033,13654000,201065000,11094000
3034,12566000,198912000,10623000
3035,13585000,201018000,11187000
3036,13565000,199980000,11060000
3037,13570000,200006000,11004000
3038,13650000,200080000,11288000
3039,13561000,199912000,11091000
3040,13566000,200004000,11033000
3041,13573000,200007000,10973000
3042,13558000,199985000,11061000
3043,13658000,200100000,11083000
3044,13578000,199920000,11080000
3045,13574000,199996000,11040000
3046,13577000,200002000,11032000
3047,13577000,200001000,11051000
3048,13668000,200091000,10843000
3049,12576000,198908000,10510000
3050,12569000,199994000,10796000
3051,12589000,200019000,10742000
3052,12577000,199989000,10610000
3053,13654000,201076000,11048000
3054,13583000,199929000,10980000
3055,13566000,199983000,10912000
3056,13662000,200096000,11142000
3057,13564000,199902000,11083000
3058,12573000,199009000,10671000
3059,12561000,199987000,10474000
3060,12572000,200013000,10554000
3061,12570000,199997000,10647000
3062,12565000,199994000,10647000
3063,13650000,201086000,11705000
3064,12577000,198927000,10529000
3065,12596000,200019000,10824000
3066,12560000,199965000,10555000
3067,12588000,200027000,10712000
3068,13557000,200970000,10850000
3069,12569000,199010000,10443000
3070,13585000,201017000,10879000
3071,13576000,199991000,10892000
3072,12572000,198996000,10472000
3073,13642000,201070000,11667000
3074,12561000,198918000,10568000
3075,12585000,200025000,10509000
3076,12573000,199987000,10589000
3077,12577000,200004000,10689000
3078,12573000,199997000,10614000
3079,12569000,199995000,10564000
3080,12589000,200021000,10644000
3081,12569000,199979000,10589000
3082,12561000,199992000,10588000
3083,13661000,201101000,11571000
3084,12561000,198900000,10462000
3085,12566000,200004000,10554000
3086,12587000,200022000,10563000
3087,12565000,199977000,10793000
3088,12576000,200013000,10580000
3089,12577000,199999000,10521000
3090,13581000,201006000,11086000
3091,13573000,199990000,10892000
3092,12564000,198992000,10555000
3093,13650000,201086000,11553000
3094,12573000,198924000,10647000
3095,13568000,200994000,11156000
3096,13589000,200020000,10886000
3097,13592000,200004000,11164000
3098,14650000,201058000,12142000
3099,12576000,197926000,10564000
3100,13578000,201002000,11061000
3101,13578000,199999000,11001000
3102,13588000,200011000,11075000
3103,14657000,201069000,12149000
3104,12561000,197905000,10618000
3105,13576000,201014000,11051000
3106,13574000,199997000,11130000
3107,13662000,200089000,11080000
3108,13662000,199999000,11701000
3109,12576000,198915000,10671000
3110,13574000,200998000,11029000
3111,11901000,198327000,10837000
3112,12580000,200679000,10497000
3113,14665000,202085000,11891000
3114,14569000,199903000,12179000
3115,13572000,199005000,10936000
3116,12557000,198983000,10673000
3117,13574000,201018000,11516000
3118,13660000,200086000,11745000
3119,12570000,198910000,10651000
3120,12578000,200007000,10588000
3121,12577000,200000000,10596000
3122,12579000,200003000,10606000
3123,13650000,201070000,11517000
3124,13574000,199923000,11597000
3125,14577000,201004000,11951000
3126,13572000,198995000,10849000
3127,13570000,199997000,11429000
3128,13654000,200085000,11648000
3129,12589000,198935000,10681000
3130,13588000,200999000,11593000
3131,13590000,200003000,11194000
3132,13578000,199987000,11552000
3133,14665000,201087000,12055000
3134,13584000,198919000,10882000
3135,12573000,198988000,10759000
3136,14577000,202005000,12007000
3137,13593000,199016000,10908000
3138,14646000,201053000,11956000
3139,13576000,198930000,10933000
3140,13574000,199997000,11778000
3141,14577000,201003000,12138000
3142,14585000,200009000,11930000
3143,14572000,199988000,12096000
3144,14589000,200016000,11884000
3145,13581000,198992000,11762000
3146,14581000,201000000,11972000
3147,14597000,200015000,11850000
3148,13658000,199061000,11794000
3149,14580000,200923000,12085000
3150,14584000,200004000,11883000
3151,13577000,198993000,11828000
3152,13566000,199988000,11478000
3153,14670000,201104000,11906000
3154,14582000,199913000,11853000
3155,13563000,198982000,11511000
3156,14565000,201000000,11875000
3157,13580000,199016000,11541000
3158,14662000,201082000,11887000
3159,14577000,199915000,11841000
3160,14581000,200003000,11844000
3161,14585000,200005000,11860000
3162,14658000,200072000,11934000
3163,14661000,200004000,11949000
3164,13581000,198920000,11543000
3165,13569000,199987000,11829000
3166,14580000,201012000,12120000
3167,14578000,199998000,12074000
3168,14658000,200080000,11930000
3169,14582000,199925000,12013000
3170,14558000,199974000,12085000
3171,13562000,199005000,11829000
3172,13566000,200003000,11417000
3173,14662000,201096000,11849000
3174,13574000,198913000,11790000
3175,13582000,200008000,11820000
3176,13582000,199999000,11814000
3177,13574000,199993000,11623000
3178,14564000,200990000,11971000
3179,13578000,199013000,11787000
3180,13576000,199999000,11786000
3181,13662000,200086000,11664000
3182,13661000,199999000,11807000
3183,14662000,201000000,12172000
3184,14654000,199993000,12108000
3185,14664000,200011000,12054000
3186,13658000,198993000,11572000
3187,14658000,201000000,12277000
3188,14644000,199986000,12078000
3189,14646000,200002000,11885000
3190,14650000,200004000,12103000
3191,13577000,198926000,11706000
3192,13570000,199994000,11289000
3193,14593000,201023000,12265000
3194,14566000,199972000,12002000
3195,14577000,200012000,11952000
3196,14573000,199996000,12033000
3197,14570000,199996000,11964000
3198,13653000,199084000,11643000
3199,14580000,200927000,11928000
3200,13568000,198988000,11727000
3201,14575000,201007000,11883000
3202,13570000,198994000,11808000
3203,13573000,200004000,11478000
3204,13583000,200010000,11482000
3205,14573000,200990000,11848000
3206,14573000,200000000,11989000
3207,13578000,199004000,11811000
3208,14658000,201081000,12014000
3209,13565000,198906000,11469000
3210,14578000,201013000,11963000
3211,13574000,198996000,11425000
3212,13573000,200000000,11363000
3213,14650000,201077000,11861000
3214,13574000,198924000,11750000
3215,13577000,200002000,11763000
3216,13572000,199996000,11403000
3217,13574000,200003000,11425000
3218,13576000,200001000,11354000
3219,13577000,200001000,11513000
3220,13583000,200006000,11238000
3221,13582000,199998000,11394000
3222,13578000,199996000,11398000
3223,13646000,200069000,11567000
3224,13581000,199934000,11419000
3225,13582000,200001000,11434000
3226,13582000,200000000,11446000
3227,13582000,200000000,11387000
3228,23989000,210408000,12086000
3229,13601000,189600000,11424000
3230,13574000,199985000,11425000
3231,23988000,210415000,11896000
3232,13600000,189599000,11387000
3233,13660000,200072000,11382000
3234,13578000,199917000,11744000
3235,13572000,199995000,11338000
3236,13587000,200015000,11479000
3237,13574000,199986000,11784000
3238,13654000,200081000,11577000
3239,13583000,199930000,11458000
3240,13580000,199996000,11528000
3241,13572000,199992000,11402000
3242,13565000,199993000,11552000
3243,13658000,200093000,11710000
3244,13574000,199915000,11220000
3245,13569000,199997000,11237000
3246,13578000,200007000,11462000
3247,13574000,199996000,11340000
3248,13658000,200085000,11478000
3249,13577000,199919000,11351000
3250,13574000,199996000,11497000
3251,13570000,199997000,11441000
3252,13583000,200013000,11172000
3253,13662000,200079000,11464000
3254,13570000,199907000,11404000
3255,13591000,200022000,11492000
3256,13569000,199978000,11495000
3257,13609000,200040000,11588000
3258,13584000,199976000,11370000
3259,13586000,200000000,11528000
3260,13581000,199997000,11465000
3261,13580000,199998000,11341000
3262,13576000,199996000,11349000
3263,13650000,200074000,11366000
3264,13565000,199915000,11374000
3265,13580000,200015000,11450000
3266,14578000,200997000,11882000
3267,14581000,200003000,11900000
3268,13668000,199088000,11487000
3269,13582000,199913000,11435000
3270,13582000,200000000,11512000
3271,13579000,199998000,11739000
3272,13568000,199990000,11118000
3273,13658000,200088000,11410000
3274,13562000,199904000,11481000
3275,13582000,200020000,11563000
3276,13569000,199988000,11364000
3277,13581000,200012000,11726000
3278,13662000,200081000,11602000
3279,13578000,199915000,11619000
3280,13577000,200001000,11403000
3281,13666000,200088000,11424000
3282,13572000,199906000,11425000
3283,13577000,200006000,11370000
3284,13582000,200005000,11116000
3285,13577000,199993000,11461000
3286,13578000,200001000,11547000
3287,13580000,200002000,11352000
3288,13658000,200079000,11632000
3289,13596000,199938000,11572000
3290,13557000,199962000,11655000
3291,13570000,200011000,11388000
3292,13565000,199996000,11322000
3293,13658000,200093000,11770000
3294,13574000,199915000,11627000
3295,14561000,200987000,11849000
3296,13570000,199009000,11234000
3297,13574000,200005000,11392000
3298,13650000,200076000,11452000
3299,13573000,199923000,11408000
3300,13587000,200014000,11564000
3301,13574000,199986000,11227000
3302,13577000,200004000,11380000
3303,13664000,200087000,11314000
3304,13570000,199906000,11328000
3305,13578000,200008000,11338000
3306,13591000,200013000,11277000
3307,13573000,199982000,11294000
3308,13646000,200072000,11436000
3309,13573000,199927000,11452000
3310,13569000,199997000,11249000
3311,13574000,200004000,11264000
3312,13577000,200003000,11272000
3313,13650000,200074000,11716000
3314,13573000,199922000,11293000
3315,13570000,199997000,11516000
3316,15572000,202004000,13127000
3317,15569000,199996000,12989000
3318,15655000,200086000,13274000
3319,15576000,199922000,13088000
3320,15581000,200003000,13166000
3321,15583000,200003000,13179000
3322,15667000,200084000,13252000
3323,15644000,199977000,13333000
3324,15577000,199932000,13262000
3325,15568000,199993000,13484000
3326,15579000,200010000,13084000
3327,15576000,199998000,13098000
3328,15576000,199999000,13235000
3329,15577000,200001000,13189000
3330,15577000,200000000,13056000
3331,15579000,200002000,13272000
3332,15569000,199990000,12866000
3333,15572000,200004000,13155000
3334,15577000,200004000,13170000
3335,15565000,199988000,13057000
3336,15581000,200016000,13122000
3337,15577000,199996000,13132000
3338,15556000,199980000,13075000
3339,15573000,200015000,13156000
3340,15565000,199993000,13032000
3341,15569000,200004000,13172000
3342,15573000,200004000,13052000
3343,15572000,200000000,12992000
3344,15579000,200006000,13409000
3345,15577000,199998000,13214000
3346,13585000,198009000,11287000
3347,13576000,199991000,11356000
3348,13564000,199987000,11790000
3349,13578000,200015000,11805000
3350,13574000,199995000,11818000
3351,13561000,199987000,11698000
3352,13569000,200008000,11275000
3353,14599000,201031000,11846000
3354,13578000,198977000,11652000
3355,13570000,199993000,11597000
3356,13566000,199995000,11802000
3357,13566000,200000000,11754000
3358,13654000,200089000,11823000
3359,14570000,200915000,11854000
3360,14561000,199992000,11848000
3361,14564000,200003000,11851000
3362,13581000,199017000,11664000
3363,14654000,201073000,11894000
3364,13574000,198919000,11822000
3365,13574000,200001000,11697000
3366,13574000,200000000,11573000
3367,13735000,200162000,11800000
3368,13658000,199922000,11803000
3369,13570000,199912000,11527000
3370,14553000,200983000,11951000
3371,13568000,199015000,11758000
3372,13579000,200011000,11210000
3373,14744000,201165000,11997000
3374,13566000,198821000,11648000
3375,13575000,200010000,11684000
3376,13570000,199995000,11814000
3377,13570000,199999000,11765000
3378,14664000,201095000,11840000
3379,14570000,199905000,11845000
3380,13574000,199005000,11655000
3381,14591000,201017000,11874000
3382,13570000,198979000,11611000
3383,12971000,199401000,11835000
3384,13577000,200606000,11771000
3385,14606000,201028000,12069000
3386,13574000,198969000,11790000
3387,13574000,199999000,11523000
3388,13658000,200085000,11683000
3389,13569000,199912000,11622000
3390,13570000,199999000,11486000
3391,13574000,200004000,11725000
3392,13574000,200000000,11164000
3393,13654000,200081000,11735000
3394,13587000,199933000,11664000
3395,13574000,199986000,11618000
3396,13566000,199992000,11699000
3397,13586000,200022000,11719000
3398,13658000,200071000,11652000
3399,13569000,199911000,11741000
3400,13582000,200012000,11664000
3401,14574000,200992000,11893000
3402,13568000,198996000,11765000
3403,13646000,200077000,11832000
3404,13578000,199932000,11564000
3405,13578000,199999000,11725000
3406,13574000,199997000,11800000
3407,13574000,200000000,11759000
3408,14658000,201083000,11883000
3409,13578000,198921000,11627000
3410,13582000,200005000,11277000
3411,13566000,199983000,11575000
3412,13570000,200004000,11234000
3413,14660000,201090000,11882000
3414,13572000,198912000,11601000
3415,13578000,200005000,11765000
3416,13582000,200006000,11766000
3417,13592000,200009000,11706000
3418,13658000,200066000,11792000
3419,13573000,199914000,11659000
3420,13573000,200001000,11808000
3421,13578000,200004000,11546000
3422,13578000,200000000,11624000
3423,13658000,200081000,11733000
3424,13577000,199919000,11576000
3425,13578000,200000000,11737000
3426,13585000,200008000,11805000
3427,13578000,199992000,11755000
3428,14658000,201081000,11892000
3429,13587000,198929000,11636000
3430,13574000,199986000,11505000
3431,13573000,200000000,11736000
3432,13590000,200018000,11171000
3433,13654000,200063000,11813000
3434,13578000,199924000,11683000
3435,13577000,200000000,11698000
3436,13570000,199992000,11636000
3437,13574000,200003000,11652000
3438,13658000,200084000,11731000
3439,13578000,199920000,11679000
3440,13566000,199989000,11540000
3441,13577000,200011000,11203000
3442,13590000,200014000,11626000
3443,13646000,200055000,11715000
3444,13658000,200012000,11656000
3445,13587000,199929000,11528000
3446,13578000,199991000,11470000
3447,13565000,199987000,11561000
3448,23988000,210424000,12094000
3449,13600000,189600000,11725000
3450,13573000,199985000,11647000
3451,13570000,199995000,11516000
3452,13562000,199992000,11051000
3453,13654000,200093000,11753000
3454,13572000,199918000,11618000
3455,13573000,200002000,11294000
3456,13569000,199995000,11717000
3457,13570000,200000000,11736000
3458,13654000,200084000,11821000
3459,13575000,199923000,11609000
3460,13561000,199984000,11682000
3461,13587000,200027000,11704000
3462,13565000,199977000,11006000
3463,13662000,200098000,11237000
3464,13585000,199923000,11163000
3465,13574000,199988000,11401000
3466,13569000,199995000,11750000
3467,13558000,199990000,11766000
3468,13654000,200096000,11490000
3469,13578000,199923000,11723000
3470,13573000,199995000,11726000
3471,13570000,199997000,11676000
3472,13573000,200003000,10902000
3473,13654000,200082000,11758000
3474,13572000,199918000,11716000
3475,13556000,199984000,11717000
3476,13562000,200005000,11724000
3477,13577000,200016000,11663000
3478,13662000,200085000,11809000
3479,13578000,199915000,11766000
3480,13575000,199998000,11556000
3481,14593000,201018000,11853000
3482,13570000,198976000,11082000
3483,13656000,200087000,11597000
3484,13569000,199913000,11660000
3485,13573000,200003000,11685000
3486,13568000,199996000,11477000
3487,13578000,200009000,11713000
3488,13650000,200073000,11785000
3489,13574000,199923000,11663000
3490,13577000,200003000,11456000
3491,13581000,200005000,11679000
3492,12582000,199000000,10781000
3493,13654000,201073000,11699000
3494,13574000,199919000,11648000
3495,13569000,199995000,11725000
3496,13576000,200008000,11667000
3497,13573000,199996000,11689000
3498,13576000,200004000,11475000
3499,13566000,199991000,11702000
3500,13554000,199987000,11631000
3501,13566000,200012000,11643000
3502,13573000,200007000,11091000
3503,13654000,200081000,11183000
3504,13577000,199923000,11130000
3505,13570000,199992000,11141000
3506,13566000,199996000,11363000
3507,13569000,200003000,11299000
3508,13650000,200082000,11368000
3509,13583000,199933000,11056000
3510,13581000,199997000,11263000
3511,13574000,199993000,11338000
3512,13588000,200015000,11003000
3513,13638000,200050000,11353000
3514,13586000,199947000,11161000
3515,13580000,199995000,11373000
3516,13566000,199986000,11596000
3517,13562000,199995000,11334000
3518,13569000,200009000,11402000
3519,13572000,200002000,11714000
3520,13573000,200002000,11370000
3521,13586000,200012000,11584000
3522,13582000,199996000,11602000
3523,13662000,200080000,11472000
3524,13577000,199914000,11553000
3525,13578000,200001000,11581000
3526,13562000,199984000,11357000
3527,13570000,200009000,11588000
3528,13666000,200096000,11511000
3529,13569000,199904000,11398000
3530,13558000,199987000,11059000
3531,13579000,200023000,11559000
3532,13577000,199997000,11077000
3533,13634000,200057000,11504000
3534,13574000,199939000,11581000
3535,13576000,200004000,11609000
3536,13582000,200004000,11533000
3537,13570000,199988000,11551000
3538,13654000,200085000,11564000
3539,13570000,199916000,11572000
3540,13570000,200000000,11367000
3541,13566000,199995000,11604000
3542,13570000,200004000,11315000
3543,13658000,200088000,11138000
3544,13569000,199912000,11129000
3545,13578000,200009000,11081000
3546,13566000,199987000,11497000
3547,13586000,200022000,11588000
3548,13642000,200055000,11175000
3549,13566000,199924000,11329000
3550,13574000,200007000,11471000
3551,13572000,200000000,11284000
3552,12570000,198996000,10805000
3553,13654000,201085000,11515000
3554,13578000,199923000,11593000
3555,13577000,199999000,10978000
3556,13558000,199982000,11544000
3557,13662000,200104000,11636000
3558,13576000,199915000,11149000
3559,13566000,199988000,11237000
3560,13564000,199999000,11166000
3561,13577000,200012000,11605000
3562,13578000,200001000,11542000
3563,13658000,200081000,11199000
3564,13588000,199930000,11414000
3565,13590000,200001000,11436000
3566,13592000,200003000,11656000
3567,13582000,199985000,11461000
3568,13576000,199995000,11546000
3569,13573000,199997000,11619000
3570,13577000,200004000,11564000
3571,13577000,200003000,11563000
3572,13576000,200000000,10885000
3573,13596000,200016000,11529000
3574,13585000,199993000,11529000
3575,13573000,199987000,11553000
3576,13565000,199992000,11559000
3577,13598000,200033000,11772000
3578,13654000,200057000,11648000
3579,13583000,199929000,11372000
3580,13569000,199986000,11447000
3581,13577000,200008000,11393000
3582,13568000,199991000,11404000
3583,13577000,200010000,11426000
3584,13577000,199998000,11495000
3585,13553000,199976000,11506000
3586,13565000,200012000,11374000
3587,13570000,200005000,11526000
3588,13557000,199988000,11394000
3589,13577000,200019000,11345000
3590,13578000,200001000,11490000
3591,13577000,199999000,11374000
3592,13562000,199986000,10888000
3593,13646000,200083000,10971000
3594,13565000,199919000,11395000
3595,13587000,200023000,11410000
3596,13577000,199989000,11412000
3597,13577000,200000000,11014000
3598,13658000,200082000,11015000
3599,13568000,199910000,10896000
3600,13568000,200000000,10969000
3601,13577000,200009000,11405000
3602,13574000,199996000,11277000
3603,13662000,200088000,11571000
3604,13564000,199903000,11290000
3605,13573000,200010000,11516000
3606,13558000,199983000,11519000
3607,13577000,200019000,11342000
3608,13645000,200069000,11481000
3609,13554000,199908000,11349000
3610,13561000,200007000,11493000
3611,13583000,200023000,11513000
3612,11901000,198318000,10826000
3613,13662000,201761000,11403000
3614,13589000,199927000,11329000
3615,13582000,199992000,11355000
3616,13577000,199996000,11493000
3617,13583000,200006000,11373000
3618,13658000,200075000,11514000
3619,13569000,199910000,11321000
3620,13582000,200013000,11394000
3621,13574000,199992000,11282000
3622,13570000,199997000,11484000
3623,13646000,200076000,10891000
3624,13561000,199915000,11376000
3625,13573000,200012000,11455000
3626,13573000,200001000,11458000
3627,13577000,200003000,11474000
3628,13654000,200077000,11411000
3629,13577000,199922000,11287000
3630,13587000,200011000,11505000
3631,13560000,199973000,11523000
3632,13578000,200017000,10971000
3633,13656000,200079000,11614000
3634,13576000,199920000,11268000
3635,13578000,200002000,11498000
3636,13558000,199980000,11292000
3637,13570000,200011000,11238000
3638,13642000,200072000,11596000
3639,13565000,199923000,11329000
3640,13565000,200000000,11470000
3641,13606000,200041000,11495000
3642,13582000,199976000,11358000
3643,12646000,199065000,10832000
3644,23988000,211343000,11841000
3645,13592000,189592000,11483000
3646,13582000,200002000,11478000
3647,13569000,199987000,11563000
3648,13564000,199994000,11499000
3649,13578000,200015000,11310000
3650,13578000,199999000,11382000
3651,13578000,200000000,11462000
3652,12565000,198988000,10714000
3653,13658000,201092000,11346000
3654,13573000,199915000,11495000
3655,13570000,199996000,11448000
3656,13580000,200011000,11304000
3657,13574000,199993000,11319000
3658,13654000,200081000,11400000
3659,13562000,199907000,11496000
3660,13566000,200004000,11490000
3661,13573000,200009000,11501000
3662,13587000,200013000,11235000
3663,13573000,199986000,10902000
3664,13577000,200004000,11390000
3665,13584000,200007000,11406000
3666,13570000,199985000,11205000
3667,13572000,200003000,11431000
3668,13650000,200078000,11369000
3669,13578000,199928000,11241000
3670,13569000,199992000,11390000
3671,13570000,200000000,11262000
3672,12572000,199002000,10789000
3673,13670000,201098000,11564000
3674,13569000,199898000,11295000
3675,13577000,200009000,11322000
3676,13578000,200000000,11451000
3677,13573000,199995000,11465000
3678,13665000,200093000,11334000
3679,13650000,199985000,11421000
3680,13577000,199926000,11494000
3681,13583000,200007000,11439000
3682,13566000,199982000,11451000
3683,13646000,200081000,11246000
3684,13571000,199925000,11392000
3685,13577000,200005000,11337000
3686,13568000,199992000,11489000
3687,13578000,200009000,11374000
3688,13650000,200073000,11092000
3689,13577000,199926000,11043000
3690,13573000,199998000,10908000
3691,13566000,199992000,11274000
3692,12573000,199006000,10505000
3693,13556000,200984000,11283000
3694,13581000,200025000,10947000
3695,13573000,199992000,11048000
3696,13578000,200004000,11242000
3697,13567000,199990000,11257000
3698,13573000,200006000,11132000
3699,13646000,200073000,11283000
3700,13654000,200007000,11287000
3701,13576000,199923000,10953000
3702,13577000,200000000,11308000
3703,13642000,200065000,11469000
3704,13562000,199921000,11399000
3705,13576000,200014000,11205000
3706,13577000,200000000,11215000
3707,13569000,199994000,11166000
3708,13646000,200076000,11512000
3709,13658000,200012000,11253000
3710,13580000,199922000,11194000
3711,13581000,200002000,11208000
3712,12574000,198992000,10659000
3713,13570000,200997000,11222000
3714,13577000,200005000,11367000
3715,13577000,200002000,11178000
3716,13571000,199993000,11124000
3717,13578000,200007000,10918000
3718,13654000,200076000,11204000
3719,12578000,198924000,10817000
3720,12577000,199998000,10809000
3721,13578000,201002000,10896000
3722,11917000,198339000,10831000
3723,13650000,201733000,10922000
3724,13574000,199923000,10990000
3725,13574000,200000000,10872000
3726,13574000,200000000,10887000
3727,12562000,198989000,10828000
3728,11980000,199418000,10827000
3729,13591000,201607000,10914000
3730,13578000,199990000,10919000
3731,12570000,198992000,10736000
3732,12583000,200014000,10741000
3733,12581000,199999000,10814000
3734,12582000,199999000,10763000
3735,12578000,199997000,10785000
3736,13582000,201003000,10847000
3737,12602000,199020000,10800000
3738,12561000,199961000,10809000
3739,12566000,200004000,10751000
3740,12577000,200011000,10686000
3741,13577000,201000000,10839000
3742,12570000,198993000,10786000
3743,13646000,201076000,10929000
3744,13566000,199920000,10878000
3745,12580000,199014000,10817000
3746,12570000,199990000,10812000
3747,12578000,200007000,10832000
3748,13586000,201010000,11183000
3749,13576000,199989000,11264000
3750,13573000,199996000,11206000
3751,13561000,199989000,11015000
3752,12581000,199019000,10746000
3753,12576000,199996000,10822000
3754,12552000,199976000,10762000
3755,13577000,201025000,10844000
3756,13578000,200000000,10992000
3757,12570000,198993000,10734000
3758,13658000,201088000,11040000
3759,12565000,198906000,10826000
3760,12573000,200008000,10821000
3761,12587000,200015000,10782000
3762,12562000,199975000,10785000
3763,12573000,200012000,10798000
3764,12574000,200001000,10808000
3765,12577000,200001000,10817000
3766,12576000,200000000,10821000
3767,13566000,200989000,10846000
3768,13662000,200097000,11057000
3769,13581000,199919000,10864000
3770,13582000,200001000,10865000
3771,12573000,198991000,10746000
3772,12566000,199993000,10615000
3773,13646000,201080000,11181000
3774,13574000,199928000,11139000
3775,13562000,199987000,11076000
3776,13573000,200012000,10934000
3777,13578000,200004000,11019000
3778,13658000,200081000,10884000
3779,13565000,199908000,11318000
3780,13579000,200013000,11330000
3781,12570000,198990000,10724000
3782,13569000,201000000,11085000
3783,13656000,200087000,11362000
3784,13581000,199925000,11014000
3785,13577000,199995000,11044000
3786,13578000,200001000,11250000
3787,13574000,199996000,10980000
3788,12658000,199085000,10791000
3789,13562000,200904000,11151000
3790,12670000,199107000,10821000
3791,13582000,200912000,11105000
3792,12582000,199000000,10688000
3793,13662000,201080000,11054000
3794,13577000,199916000,10913000
3795,12558000,198981000,10733000
3796,13587000,201029000,11008000
3797,13578000,199991000,11296000
3798,13573000,199996000,11307000
3799,13582000,200009000,11122000
3800,13577000,199994000,11133000
3801,13569000,199991000,11067000
3802,13570000,200002000,11076000
3803,13654000,200084000,11155000
3804,13578000,199924000,11169000
3805,13566000,199987000,11049000
3806,13574000,200008000,11130000
3807,13566000,199993000,11074000
3808,13650000,200084000,11141000
3809,13574000,199923000,11235000
3810,13578000,200004000,11090000
3811,13566000,199988000,11109000
3812,12584000,199019000,10636000
3813,13654000,201069000,10914000
3814,12578000,198925000,10722000
3815,12576000,199998000,10743000
3816,13562000,200986000,11077000
3817,13577000,200014000,11097000
3818,13658000,200082000,10898000
3819,12573000,198916000,10778000
3820,12553000,199980000,10720000
3821,13562000,201008000,11004000
3822,13573000,200010000,11072000
3823,13642000,200070000,10960000
3824,12570000,198927000,10624000
3825,12561000,199992000,10647000
3826,13578000,201017000,11069000
3827,13654000,200076000,11139000
3828,13590000,199937000,11082000
3829,12566000,198975000,10748000
3830,12577000,200012000,10546000
3831,13580000,201003000,11122000
3832,12578000,198996000,10640000
3833,13591000,201015000,11200000
3834,13566000,199973000,11081000
3835,13578000,200012000,11090000
3836,13572000,199995000,11085000
3837,13574000,200001000,11119000
3838,13658000,200084000,11257000
3839,13569000,199911000,11074000
3840,12568000,199000000,10655000
3841,13578000,201009000,11101000
3842,13566000,199988000,11089000
3843,13576000,200011000,11039000
3844,13571000,199995000,10971000
3845,12568000,198998000,10647000
3846,12560000,199991000,10649000
3847,13583000,201023000,11098000
3848,13654000,200071000,11084000
3849,13578000,199923000,11103000
3850,12576000,199000000,10766000
3851,13574000,200997000,11058000
3852,12573000,198998000,10425000
3853,14658000,202085000,11975000
3854,12578000,197921000,10601000
3855,13572000,200994000,11593000
3856,13573000,200000000,11041000
3857,13578000,200005000,11059000
3858,14658000,201081000,12167000
3859,13577000,198918000,10999000
3860,13580000,200005000,10936000
3861,13577000,199995000,11229000
3862,13578000,200001000,10958000
3863,14656000,201079000,12099000
3864,13572000,198916000,10980000
3865,13589000,200017000,11066000
3866,13583000,199994000,10996000
3867,13573000,199990000,11015000
3868,13658000,200085000,11798000
3869,13573000,199914000,10968000
3870,12576000,199004000,10563000
3871,13576000,201000000,10994000
3872,12576000,199000000,10585000
3873,14666000,202090000,11996000
3874,13582000,198916000,10945000
3875,13581000,199999000,11172000
3876,13583000,200002000,10975000
3877,13572000,199989000,10984000
3878,14658000,201086000,12036000
3879,13587000,198929000,10949000
3880,13570000,199982000,10878000
3881,13573000,200003000,10891000
3882,13591000,200019000,11111000
3883,13572000,199981000,10918000
3884,13568000,199996000,10917000
3885,13573000,200004000,11005000
3886,13581000,200009000,11008000
3887,12581000,199000000,10689000
3888,12575000,199995000,10686000
3889,12578000,200001000,10643000
3890,12582000,200004000,10787000
3891,12557000,199975000,10661000
3892,13562000,201005000,11424000
3893,13650000,200089000,11789000
3894,13574000,199923000,11038000
3895,13582000,200010000,10974000
3896,12565000,198982000,10576000
3897,14581000,202015000,11894000
3898,14590000,200011000,12050000
3899,12577000,197986000,10536000
3900,13576000,200999000,11585000
3901,13573000,199996000,11040000
3902,14570000,200997000,11885000
3903,13572000,199003000,11627000
3904,14572000,201000000,11904000
3905,14569000,199998000,11920000
3906,13570000,198999000,10948000
3907,13562000,199993000,11169000
3908,12971000,199409000,11826000
3909,12578000,199606000,10647000
3910,13570000,200992000,11480000
3911,13579000,200010000,11779000
3912,13582000,200002000,11573000
3913,14654000,201073000,12085000
3914,14583000,199929000,11878000
3915,13592000,199009000,11821000
3916,13582000,199990000,11753000
3917,13587000,200006000,11631000
3918,14666000,201078000,11845000
3919,13585000,198914000,11659000
3920,13576000,199992000,11730000
3921,13581000,200005000,11604000
3922,13578000,199996000,11615000
3923,13589000,200016000,11762000
3924,13593000,200004000,11712000
3925,14592000,200995000,11855000
3926,13582000,198993000,11581000
3927,13579000,199998000,11611000
3928,13642000,200063000,11740000
3929,13565000,199922000,11473000
3930,13579000,200015000,11481000
3931,14574000,200994000,11912000
3932,13578000,199004000,11371000
3933,13664000,200087000,11741000
3934,13570000,199905000,11672000
3935,13577000,200007000,11626000
3936,13572000,199996000,11823000
3937,13574000,200001000,11567000
3938,13661000,200088000,11717000
3939,13577000,199915000,11512000
3940,13570000,199994000,11533000
3941,13572000,200002000,11615000
3942,13573000,200000000,11547000
3943,14658000,201086000,11855000
3944,13573000,198914000,11489000
3945,13578000,200006000,11796000
3946,14587000,201009000,11875000
3947,13576000,198990000,11604000
3948,13573000,199997000,11618000
3949,13588000,200014000,11563000
3950,13569000,199982000,11567000
3951,13578000,200008000,11584000
3952,13573000,199994000,11371000
3953,13658000,200086000,11671000
3954,13578000,199919000,11750000
3955,13662000,200085000,11828000
3956,13650000,199988000,11699000
3957,13574000,199923000,11575000
3958,13662000,200089000,11793000
3959,13578000,199916000,11680000
3960,14582000,201004000,12077000
3961,14601000,200019000,12033000
3962,13579000,198978000,11556000
3963,13654000,200074000,11787000
3964,13573000,199919000,11572000
3965,13559000,199987000,11589000
3966,13581000,200022000,11533000
3967,13570000,199988000,11560000
3968,13654000,200084000,11690000
3969,13654000,200001000,11774000
3970,14574000,200919000,11848000
3971,13570000,198997000,11589000
3972,13578000,200008000,11313000
3973,14655000,201076000,11952000
3974,13576000,198922000,11817000
3975,14578000,201001000,12063000
3976,14673000,200096000,12051000
3977,14579000,199907000,11991000
3978,14656000,200076000,12081000
3979,13576000,198920000,11750000
3980,13581000,200005000,11469000
3981,14575000,200994000,11970000
3982,14578000,200002000,11839000
3983,14662000,200085000,11925000
3984,13587000,198925000,11439000
3985,13573000,199986000,11453000
3986,14581000,201008000,11884000
3987,13577000,198996000,11478000
3988,13569000,199992000,11626000
3989,13570000,200000000,11430000
3990,13581000,200012000,11437000
3991,14569000,200987000,12021000
3992,13561000,198994000,11532000
3993,13646000,200084000,11552000
3994,13591000,199945000,11626000
3995,14582000,200990000,11982000
3996,13581000,198999000,11644000
3997,14575000,200996000,12077000
3998,14577000,200001000,12006000
3999,13558000,198981000,11555000
4000,13591000,200033000,11825000
4001,14582000,200990000,12051000
4002,14581000,199999000,11847000
4003,14579000,200000000,11994000
4004,13578000,198997000,11451000
4005,14573000,200995000,12021000
4006,13582000,199009000,11264000
4007,13578000,199997000,11572000
4008,13662000,200084000,11644000
4009,13577000,199915000,11442000
4010,13569000,199991000,11520000
4011,14573000,201004000,11942000
4012,13569000,198997000,11254000
4013,14657000,201087000,12044000
4014,14578000,199922000,11979000
4015,14573000,199996000,11993000
4016,13587000,199013000,11731000
4017,14577000,200990000,11945000
4018,13573000,198996000,11760000
4019,13574000,200001000,11482000
4020,13574000,200000000,11771000
4021,13577000,200003000,11792000
4022,13569000,199992000,11440000
4023,14650000,201081000,12020000
4024,13580000,198930000,11544000
4025,13590000,200009000,11702000
4026,14570000,200981000,11844000
4027,14574000,200004000,11981000
4028,14642000,200068000,11982000
4029,14587000,199945000,11932000
4030,14565000,199978000,11931000
4031,14562000,199996000,11965000
4032,13583000,199022000,11480000
4033,14577000,200995000,11975000
4034,14562000,199984000,11913000
4035,14564000,200002000,11863000
4036,13569000,199004000,11383000
4037,14578000,201010000,11954000
4038,14565000,199987000,11890000
4039,13574000,199008000,11563000
4040,13573000,200001000,11488000
4041,14578000,201003000,11997000
4042,13574000,198996000,11391000
4043,14658000,201085000,12087000
4044,14568000,199910000,11943000
4045,14566000,199999000,11970000
4046,13582000,199014000,11349000
4047,14572000,200991000,11991000
4048,13586000,199015000,11374000
4049,13578000,199991000,11385000
4050,13582000,200003000,11462000
4051,13570000,199988000,11758000
4052,13574000,200004000,11340000
4053,13654000,200081000,11494000
4054,13574000,199919000,11787000
4055,13572000,199999000,11811000
4056,14580000,201008000,11942000
4057,13598000,199017000,11610000
4058,14658000,201061000,12050000
4059,13566000,198908000,11778000
4060,13574000,200007000,11577000
4061,14580000,201008000,11927000
4062,13578000,198997000,11661000
4063,14670000,201091000,12095000
4064,13575000,198906000,11270000
4065,13577000,200001000,11414000
4066,14577000,201000000,11908000
4067,14585000,200008000,11923000
4068,13654000,199069000,11801000
4069,14573000,200919000,11884000
4070,13578000,199005000,11400000
4071,14566000,200988000,11845000
4072,13565000,198999000,11418000
4073,13650000,200086000,11785000
4074,13578000,199927000,11734000
4075,13577000,199999000,11668000
4076,13570000,199994000,11680000
4077,13583000,200013000,11766000
4078,13565000,199983000,11702000
4079,13573000,200007000,11366000
4080,14583000,201010000,12066000
4081,13573000,198989000,11803000
4082,14569000,200996000,11949000
4083,13666000,199097000,11549000
4084,13566000,199900000,11626000
4085,14577000,201012000,11912000
4086,14577000,200000000,11923000
4087,13577000,199000000,11317000
4088,13662000,200085000,11452000
4089,13577000,199914000,11614000
4090,14574000,200997000,11903000
4091,13570000,198996000,11715000
4092,13578000,200008000,11356000
4093,13646000,200069000,11734000
4094,14576000,200930000,11878000
4095,13578000,199001000,11817000
4096,14578000,201002000,11885000
4097,14577000,199999000,11843000
4098,13573000,198996000,11779000
4099,14588000,201014000,11865000
4100,14553000,199964000,11855000
4101,14566000,200013000,11891000
4102,13582000,199016000,11329000
4103,13654000,200073000,11491000
4104,13576000,199922000,11346000
4105,13565000,199988000,11507000
4106,13578000,200013000,11311000
4107,14574000,200996000,11890000
4108,13658000,199085000,11676000
4109,13578000,199920000,11351000
4110,14558000,200979000,11897000
4111,13584000,199027000,11584000
4112,13579000,199995000,11156000
4113,13658000,200079000,11741000
4114,13581000,199922000,11740000
4115,14587000,201007000,11901000
4116,13568000,198981000,11410000
4117,13565000,199998000,11575000
4118,13654000,200088000,11714000
4119,13573000,199920000,11813000
4120,13568000,199994000,11739000
4121,13570000,200001000,11758000
4122,13573000,200003000,11758000
4123,13740000,200168000,11779000
4124,13581000,199842000,11572000
4125,13578000,199995000,11605000
4126,13580000,200003000,11515000
4127,13578000,199997000,11753000
4128,13664000,200087000,11682000
4129,13574000,199910000,11774000
4130,13578000,200003000,10878000
4131,13587000,200010000,11800000
4132,13578000,199990000,11166000
4133,13662000,200084000,11463000
4134,13591000,199930000,11610000
4135,13578000,199987000,11346000
4136,13582000,200003000,11279000
4137,13578000,199997000,11302000
4138,13662000,200084000,11441000
4139,13578000,199915000,11254000
4140,13569000,199992000,11249000
4141,13570000,200000000,11419000
4142,13573000,200003000,11146000
4143,13654000,200082000,11432000
4144,13583000,199929000,11722000
4145,13566000,199982000,11811000
4146,13581000,200016000,11602000
4147,13587000,200006000,11618000
4148,15651000,202064000,13083000
4149,13566000,197914000,11779000
4150,15591000,202026000,13384000
4151,15565000,199974000,13179000
4152,14581000,199015000,12778000
4153,15636000,201055000,13553000
4154,15572000,199938000,13489000
4155,15587000,200014000,13430000
4156,15577000,199990000,13103000
4157,15576000,200000000,13390000
4158,26969000,211392000,14014000
4159,15603000,188623000,13570000
4160,15571000,199979000,13416000
4161,15577000,200006000,13433000
4162,15572000,199996000,13163000
4163,15564000,199992000,13391000
4164,15577000,200012000,13543000
4165,15576000,200000000,13473000
4166,15572000,199996000,13414000
4167,15581000,200008000,13425000
4168,15662000,200081000,13355000
4169,15565000,199903000,13238000
4170,15581000,200015000,13385000
4171,15557000,199977000,13268000
4172,15577000,200020000,12921000
4173,15654000,200077000,13004000
4174,15573000,199918000,13220000
4175,15577000,200005000,13589000
4176,15572000,199996000,13514000
4177,15577000,200004000,13610000
4178,15662000,200085000,13683000
4179,15565000,199903000,13630000
4180,15577000,200012000,13628000
4181,15577000,200000000,13094000
4182,13584000,198007000,11287000
4183,13688000,200104000,11730000
4184,13567000,199880000,11516000
4185,23968000,210401000,12150000
4186,13592000,189612000,11774000
4187,13573000,199991000,11631000
4188,13646000,200074000,11775000
4189,13566000,199920000,11647000
4190,13572000,200006000,11512000
4191,13579000,200007000,11677000
4192,13574000,199994000,11063000
4193,13561000,199988000,11270000
4194,13577000,200016000,11289000
4195,13568000,199991000,11218000
4196,13583000,200015000,11295000
4197,13569000,199986000,11672000
4198,13646000,200077000,11532000
4199,13562000,199916000,11474000
4200,23989000,210427000,12081000
4201,13588000,189587000,11805000
4202,14570000,200993000,11850000
4203,23988000,209420000,12053000
4204,13610000,189610000,11618000
4205,13561000,199963000,11689000
4206,13574000,200011000,11699000
4207,13582000,200008000,11640000
4208,13650000,200069000,11711000
4209,13564000,199913000,11593000
4210,13577000,200013000,11800000
4211,13654000,200078000,11825000
4212,13655000,200002000,11128000
4213,13646000,199990000,11775000
4214,13573000,199926000,11284000
4215,13583000,200011000,11732000
4216,13578000,199994000,11734000
4217,13578000,200001000,11685000
4218,13662000,200084000,11749000
4219,13578000,199915000,11355000
4220,13557000,199979000,11350000
4221,13562000,200006000,11515000
4222,13586000,200023000,11598000
4223,13662000,200077000,11818000
4224,13569000,199906000,11258000
4225,13566000,199997000,11273000
4226,13580000,200015000,11276000
4227,13573000,199992000,11229000
4228,13582000,200011000,11301000
4229,13577000,199995000,11459000
4230,13577000,199999000,11814000
4231,13583000,200006000,11207000
4232,13572000,199989000,10924000
4233,23989000,210417000,12255000
4234,13603000,189603000,11447000
4235,13572000,199980000,11807000
4236,13569000,199997000,11318000
4237,13573000,200004000,11618000
4238,13658000,200084000,11768000
4239,13577000,199920000,11643000
4240,13574000,199996000,11712000
4241,13585000,200012000,11661000
4242,13581000,199995000,11517000
4243,13658000,200078000,11067000
4244,13583000,199925000,11063000
4245,13577000,199994000,11285000
4246,13570000,199992000,11357000
4247,13587000,200018000,11376000
4248,13576000,199989000,11235000
4249,13566000,199990000,11683000
4250,13573000,200007000,11677000
4251,13578000,200004000,11702000
4252,13577000,199999000,10997000
4253,13658000,200082000,11584000
4254,13582000,199924000,11588000
4255,13581000,199999000,11819000
4256,13570000,199988000,11462000
4257,13584000,200015000,11708000
4258,13585000,200001000,11708000
4259,13596000,200007000,11509000
4260,13595000,199999000,11369000
4261,13577000,199981000,11183000
4262,13673000,200097000,11191000
4263,13672000,200003000,11271000
4264,13592000,199920000,11411000
4265,13586000,199989000,11367000
4266,13593000,200012000,11227000
4267,13557000,199963000,11318000
4268,13658000,200102000,11248000
4269,13558000,199900000,11409000
4270,13582000,200024000,11339000
4271,13588000,200006000,11159000
4272,13578000,199989000,11083000
4273,13654000,200077000,11536000
4274,13581000,199927000,11592000
4275,13577000,199995000,11683000
4276,13586000,200011000,11619000
4277,13584000,199997000,11157000
4278,13573000,199989000,11494000
4279,13591000,200019000,11592000
4280,13576000,199984000,11442000
4281,13592000,200017000,11747000
4282,13595000,200002000,11615000
4283,13662000,200067000,11567000
4284,13582000,199920000,11485000
4285,13574000,199991000,11373000
4286,13582000,200009000,11589000
4287,13572000,199990000,11604000
4288,13658000,200086000,11556000
4289,13574000,199915000,11580000
4290,13580000,200008000,11631000
4291,13581000,199999000,11584000
4292,13574000,199993000,11098000
4293,13657000,200084000,11055000
4294,13566000,199909000,11615000
4295,13579000,200013000,11070000
4296,13571000,199993000,11622000
4297,13573000,200001000,11580000
4298,13664000,200091000,11584000
4299,13568000,199904000,11600000
4300,13581000,200012000,11243000
4301,13568000,199988000,10991000
4302,13574000,200006000,10987000
4303,13658000,200084000,11089000
4304,13578000,199919000,11007000
4305,13572000,199995000,10961000
4306,13573000,200001000,11039000
4307,13577000,200004000,11066000
4308,13569000,199992000,11414000
4309,13573000,200003000,11567000
4310,13581000,200008000,11563000
4311,13587000,200007000,11095000
4312,13582000,199994000,10956000
4313,13565000,199985000,11190000
4314,13590000,200025000,11050000
4315,13565000,199974000,11003000
4316,13574000,200008000,11080000
4317,13573000,199999000,11234000
4318,13654000,200082000,11090000
4319,13562000,199907000,11185000
4320,13578000,200016000,11126000
4321,13564000,199987000,11070000
4322,13561000,199996000,11070000
4323,13658000,200098000,11294000
4324,13578000,199920000,10967000
4325,13577000,200000000,11116000
4326,13557000,199979000,11051000
4327,13575000,200018000,11068000
4328,13658000,200083000,11063000
4329,13574000,199916000,11093000
4330,13591000,200017000,11081000
4331,13578000,199986000,11109000
4332,13577000,200000000,11047000
4333,13654000,200077000,11131000
4334,13577000,199924000,11474000
4335,13576000,199998000,11424000
4336,13578000,200001000,11353000
4337,13578000,200000000,11310000
4338,13577000,200001000,11592000
4339,13577000,199998000,11548000
4340,13565000,199988000,11071000
4341,13562000,199998000,11496000
4342,13573000,200010000,11563000
4343,13586000,200015000,11379000
4344,13569000,199982000,11304000
4345,13570000,200000000,11540000
4346,13580000,200012000,11457000
4347,13578000,199996000,11418000
4348,13654000,200077000,11627000
4349,13579000,199926000,11297000
4350,13563000,199984000,11504000
4351,13569000,200006000,11323000
4352,13565000,199995000,11119000
4353,13553000,199989000,11557000
4354,13582000,200028000,11631000
4355,13578000,199996000,11505000
4356,13578000,200000000,11236000
4357,13578000,200000000,11536000
4358,13580000,200002000,11532000
4359,13580000,200001000,11413000
4360,13565000,199983000,11069000
4361,13576000,200012000,11159000
4362,13668000,200092000,11080000
4363,13650000,199982000,11175000
4364,13578000,199927000,11175000
4365,13588000,200011000,11193000
4366,13582000,199994000,11126000
4367,13566000,199983000,11093000
4368,13650000,200085000,11145000
4369,13574000,199923000,11028000
4370,13570000,199996000,10958000
4371,13570000,200001000,10979000
4372,13569000,199999000,10854000
4373,13577000,200008000,11487000
4374,13568000,199991000,10938000
4375,13587000,200019000,11513000
4376,13577000,199990000,11368000
4377,13562000,199985000,11322000
4378,13583000,200022000,11186000
4379,13576000,199992000,11413000
4380,13573000,199998000,11481000
4381,13583000,200009000,11504000
4382,13580000,199997000,11368000
4383,13658000,200078000,11609000
4384,13570000,199911000,11320000
4385,13573000,200003000,11269000
4386,13576000,200004000,10991000
4387,13578000,200001000,11096000
4388,13638000,200061000,11100000
4389,13569000,199930000,11124000
4390,13666000,200098000,11115000
4391,13593000,199927000,11135000
4392,13582000,199988000,10986000
4393,13571000,199991000,10886000
4394,13583000,200011000,11082000
4395,13565000,199983000,11239000
4396,13582000,200016000,11169000
4397,13575000,199994000,10991000
4398,13662000,200086000,11190000
4399,13590000,199927000,11004000
4400,13577000,199989000,11219000
4401,13565000,199986000,11238000
4402,13569000,200004000,11233000
4403,13650000,200082000,11329000
4404,13578000,199928000,11198000
4405,13577000,199998000,11490000
4406,13581000,200004000,11488000
4407,13578000,199998000,11521000
4408,13662000,200084000,11507000
4409,13590000,199927000,11610000
4410,13595000,200006000,11394000
4411,13578000,199982000,11137000
4412,12578000,199001000,10725000
4413,13587000,201010000,11091000
4414,13570000,199982000,10883000
4415,13564000,199995000,11051000
4416,13570000,200005000,10911000
4417,13564000,199994000,10921000
4418,13658000,200094000,11132000
4419,13574000,199915000,11434000
4420,13573000,200001000,11439000
4421,13577000,200002000,11315000
4422,13574000,199997000,11249000
4423,13658000,200085000,10866000
4424,13581000,199922000,11263000
4425,13578000,199997000,10938000
4426,13586000,200010000,11366000
4427,23988000,210402000,11838000
4428,13604000,189603000,11253000
4429,13588000,199996000,11467000
4430,13570000,199981000,11398000
4431,13587000,200019000,11350000
4432,13570000,199981000,10874000
4433,13654000,200085000,11098000
4434,13574000,199919000,11305000
4435,13577000,200003000,11393000
4436,13578000,200001000,11188000
4437,13566000,199989000,10998000
4438,13662000,200096000,10997000
4439,13576000,199914000,10960000
4440,13576000,200000000,10950000
4441,13562000,199985000,10843000
4442,13571000,200011000,10846000
4443,13577000,200006000,10928000
4444,13570000,199992000,10860000
4445,12587000,199017000,10815000
4446,13582000,200994000,10949000
4447,13574000,199992000,10899000
4448,13662000,200089000,10963000
4449,13578000,199915000,10989000
4450,13569000,199991000,11066000
4451,13574000,200006000,11011000
4452,13570000,199995000,10884000
4453,13654000,200085000,11042000
4454,11906000,198251000,10828000
4455,13578000,201672000,10928000
4456,13572000,199995000,10915000
4457,12576000,199004000,10806000
4458,12580000,200005000,10804000
4459,12561000,199979000,10822000
4460,12569000,200008000,10821000
4461,13664000,201096000,10980000
4462,13650000,199986000,10911000
4463,13662000,200012000,11082000
4464,13663000,200002000,10874000
4465,13649000,199985000,11023000
4466,13650000,200001000,11031000
4467,13651000,200000000,10972000
4468,13642000,199992000,11053000
4469,13642000,200000000,11001000
4470,13658000,200016000,10859000
4471,13566000,199907000,11019000
4472,12572000,199007000,10811000
4473,13658000,201086000,10902000
4474,13573000,199915000,10913000
4475,12578000,199005000,10796000
4476,12573000,199995000,10790000
4477,12570000,199997000,10814000
4478,13654000,201084000,10884000
4479,12582000,198927000,10829000
4480,11906000,199324000,10828000
4481,13573000,201668000,10854000
4482,12561000,198989000,10783000
4483,13656000,201094000,10886000
4484,12573000,198918000,10738000
4485,12565000,199991000,10688000
4486,12572000,200007000,10819000
4487,13578000,201005000,10847000
4488,13658000,200081000,10982000
4489,12562000,198903000,10808000
4490,13578000,201016000,11083000
4491,13578000,200001000,11104000
4492,12572000,198994000,10757000
4493,13566000,200995000,11264000
4494,13561000,199994000,11259000
4495,13582000,200020000,11000000
4496,22989000,209408000,11825000
4497,13581000,190584000,11174000
4498,13654000,200080000,11225000
4499,13572000,199919000,11119000
4500,13574000,200001000,11128000
4501,13653000,200080000,11416000
4502,13577000,199923000,11149000
4503,13662000,200086000,11437000
4504,12577000,198914000,10749000
4505,13577000,201001000,11182000
4506,13573000,199997000,11193000
4507,13574000,199999000,11065000
4508,13573000,200000000,11349000
4509,13578000,200004000,11101000
4510,13573000,199995000,11233000
4511,13566000,199994000,11173000
4512,13588000,200022000,10842000
4513,13646000,200058000,11265000
4514,13574000,199928000,11069000
4515,13591000,200017000,11156000
4516,13578000,199986000,10953000
4517,13569000,199991000,11311000
4518,13658000,200089000,11179000
4519,13573000,199916000,11190000
4520,13573000,200001000,11134000
4521,13574000,199999000,11420000
4522,13582000,200009000,11154000
4523,13654000,200072000,11237000
4524,12578000,198923000,10757000
4525,13573000,200995000,11066000
4526,13570000,199997000,11123000
4527,13582000,200013000,11280000
4528,13576000,199994000,11088000
4529,13561000,199986000,10892000
4530,13581000,200019000,11309000
4531,13583000,200002000,11056000
4532,12569000,198986000,10567000
4533,13642000,201073000,11202000
4534,13582000,199940000,11154000
4535,13580000,199998000,11224000
4536,12573000,198993000,10816000
4537,13589000,201016000,11386000
4538,13654000,200064000,11326000
4539,13572000,199919000,11059000
4540,13570000,199997000,10990000
4541,12577000,199009000,10679000
4542,12574000,199996000,10671000
4543,13654000,201080000,10967000
4544,12586000,198933000,10704000
4545,13588000,201001000,11197000
4546,13582000,199993000,11060000
4547,13591000,200010000,11007000
4548,13642000,200051000,11361000
4549,13669000,200028000,10967000
4550,11916000,198247000,10828000
4551,13574000,201656000,10843000
4552,12565000,198991000,10710000
4553,13658000,201093000,11006000
4554,13576000,199919000,10935000
4555,12577000,199001000,10758000
4556,13568000,200991000,10887000
4557,13572000,200004000,10919000
4558,13646000,200074000,10841000
4559,12578000,198931000,10797000
4560,12582000,200006000,10795000
4561,12578000,199994000,10750000
4562,12582000,200004000,10676000
4563,11999000,199418000,10838000
4564,13570000,201570000,10905000
4565,13574000,200005000,10993000
4566,13579000,200005000,10924000
4567,13573000,199995000,10886000
4568,12662000,199088000,10676000
4569,13569000,200907000,11248000
4570,13582000,200013000,11243000
4571,13566000,199983000,11200000
4572,12574000,199008000,10577000
4573,13573000,201000000,11304000
4574,12573000,199001000,10601000
4575,12578000,200003000,10824000
4576,12562000,199985000,10692000
4577,12570000,200007000,10718000
4578,13662000,201092000,10849000
4579,12588000,198927000,10663000
4580,12578000,199989000,10664000
4581,13572000,200995000,10961000
4582,12577000,199005000,10749000
4583,13654000,201077000,10983000
4584,22989000,209335000,11175000
4585,12590000,189592000,10740000
4586,13581000,200999000,11213000
4587,13574000,199994000,11092000
4588,13646000,200072000,11031000
4589,12573000,198928000,10575000
4590,13566000,200992000,11182000
4591,13589000,200022000,11074000
4592,12560000,198972000,10514000
4593,13642000,201082000,11434000
4594,13574000,199932000,11087000
4595,13572000,199999000,11043000
4596,13545000,199971000,10900000
4597,13570000,200026000,11141000
4598,13660000,200090000,11200000
4599,13569000,199908000,11157000
4600,13569000,200000000,11221000
4601,13573000,200004000,11045000
4602,13574000,200001000,11044000
4603,13642000,200069000,11183000
4604,13577000,199934000,10920000
4605,13577000,200001000,11144000
4606,13578000,200000000,11221000
4607,13594000,200016000,11378000
4608,13670000,200076000,11182000
4609,13577000,199907000,11055000
4610,14593000,201016000,11883000
4611,13587000,198992000,11149000
4612,12582000,198993000,10383000
4613,13576000,200995000,11095000
4614,13591000,200016000,10890000
4615,13581000,199992000,11182000
4616,13590000,200009000,11259000
4617,13608000,200015000,11138000
4618,13593000,199989000,11139000
4619,13577000,199983000,11025000
4620,13578000,200002000,10883000
4621,13571000,199994000,11242000
4622,13580000,200008000,11123000
4623,14658000,201078000,12167000
4624,12570000,197912000,10602000
4625,13578000,201008000,11008000
4626,13577000,199998000,11084000
4627,13570000,199994000,11120000
4628,13658000,200088000,11739000
4629,13566000,199907000,11190000
4630,12583000,199018000,10725000
4631,12569000,199985000,10734000
4632,13566000,200997000,11497000
4633,14634000,201069000,12146000
4634,13582000,198947000,11111000
4635,13577000,199997000,11194000
4636,12569000,198992000,10715000
4637,13570000,200999000,10934000
4638,13658000,200089000,11782000
4639,13577000,199919000,10893000
4640,22989000,209412000,11263000
4641,12590000,189592000,10642000
4642,12573000,199991000,10640000
4643,13576000,201004000,11647000
4644,13578000,200001000,10878000
4645,22988000,209412000,11148000
4646,12598000,189602000,10694000
4647,12576000,199985000,10770000
4648,23989000,211413000,12293000
4649,13611000,189610000,10869000
4650,12586000,198987000,10799000
4651,12578000,199991000,10679000
4652,12574000,199997000,10397000
4653,23989000,211415000,12283000
4654,13600000,189599000,10913000
4655,12598000,199009000,10651000
4656,12576000,199979000,10649000
4657,12565000,199988000,10592000
4658,12576000,200013000,10752000
4659,12583000,200007000,10626000
4660,23988000,211405000,12140000
4661,13610000,189610000,11078000
4662,22989000,209390000,11113000
4663,12573000,189577000,10671000
4664,12565000,199999000,10667000
4665,22989000,210424000,11290000
4666,13573000,190576000,11671000
4667,13576000,200011000,11130000
4668,13586000,200011000,11554000
4669,13568000,199981000,11085000
4670,12566000,198997000,10746000
4671,12578000,200013000,10762000
4672,12569000,199991000,10340000
4673,14650000,202081000,12162000
4674,13662000,199012000,11129000
4675,14650000,200988000,11990000
4676,12566000,197916000,10601000
4677,13582000,201015000,10953000
4678,13591000,200011000,11101000
4679,14565000,200973000,12008000
4680,13561000,198996000,10836000
4681,13577000,200016000,11827000
4682,13558000,199980000,10874000
4683,13561000,200005000,10891000
4684,12583000,199021000,10548000
4685,13573000,200989000,11600000
4686,12581000,199009000,10567000
4687,13584000,201003000,11614000
4688,14658000,201074000,12045000
4689,13577000,198920000,11567000
4690,14582000,201003000,11992000
4691,12572000,197991000,10485000
4692,13574000,201002000,11313000
4693,14646000,201072000,11951000
4694,13588000,198942000,11555000
4695,12890000,199301000,11835000
4696,13570000,200680000,11714000
4697,13569000,199999000,11580000
4698,14654000,201086000,12138000
4699,13572000,198918000,11750000
4700,13582000,200011000,11472000
4701,14557000,200973000,12043000
4702,14578000,200021000,11837000
4703,13565000,198988000,11724000
4704,14578000,201012000,12081000
4705,13573000,198995000,11452000
4706,13570000,199997000,11815000
4707,12906000,199336000,11835000
4708,14564000,201659000,11970000
4709,13576000,199012000,11499000
4710,14576000,201000000,11854000
4711,13578000,199001000,11524000
4712,13574000,199996000,11394000
4713,14658000,201084000,11892000
4714,13569000,198913000,11410000
4715,14576000,201006000,11984000
4716,13583000,199007000,11577000
4717,14560000,200977000,11998000
4718,13568000,199008000,11667000
4719,14574000,201006000,11891000
4720,13570000,198996000,11619000
4721,14564000,200994000,11906000
4722,13582000,199018000,11497000
4723,14650000,201068000,12084000
4724,13649000,198999000,11667000
4725,13557000,199907000,11684000
4726,14581000,201025000,12047000
4727,14586000,200004000,11901000
4728,14572000,199987000,12058000
4729,13586000,199015000,11588000
4730,13566000,199979000,11589000
4731,13578000,200011000,11811000
4732,13579000,200002000,11467000
4733,13569000,199990000,11563000
4734,14582000,201012000,11974000
4735,13577000,198996000,11580000
4736,14569000,200991000,12136000
4737,13570000,199002000,11809000
4738,14658000,201088000,12082000
4739,13578000,198920000,11557000
4740,14566000,200988000,12046000
4741,14572000,200006000,11914000
4742,14581000,200010000,11930000
4743,14581000,200000000,11882000
4744,13582000,199000000,11750000
4745,14578000,200997000,12036000
4746,13577000,198998000,11699000
4747,13570000,199992000,11567000
4748,13582000,200014000,11504000
4749,13578000,199994000,11588000
4750,13581000,200004000,11528000
4751,14590000,201008000,11891000
4752,13574000,198984000,11335000
4753,14658000,201085000,11974000
4754,13574000,198915000,11577000
4755,14577000,201005000,12000000
4756,13584000,199006000,11529000
4757,13586000,200001000,11528000
4758,13658000,200073000,11627000
4759,13578000,199919000,11488000
4760,13576000,199999000,11488000
4761,13577000,200001000,11580000
4762,13562000,199984000,11800000
4763,13662000,200101000,11671000
4764,13567000,199906000,11395000
4765,14569000,201002000,12049000
4766,13578000,199007000,11425000
4767,13583000,200006000,11362000
4768,14654000,201071000,11924000
4769,13582000,198927000,11522000
4770,13580000,199999000,11607000
4771,13578000,199997000,11552000
4772,13570000,199992000,11343000
4773,13658000,200089000,11580000
4774,14578000,200919000,12002000
4775,13577000,198999000,11807000
4776,14670000,201094000,11945000
4777,14593000,199922000,12041000
4778,13650000,199058000,11555000
4779,13569000,199920000,11575000
4780,13567000,199997000,11643000
4781,13578000,200010000,11513000
4782,13582000,200005000,11540000
4783,13660000,200078000,11618000
4784,13572000,199912000,11333000
4785,13574000,200002000,11418000
4786,14574000,200999000,11846000
4787,14574000,200001000,11994000
4788,13565000,198992000,11805000
4789,14581000,201015000,11947000
4790,12910000,198328000,11829000
4791,13566000,200657000,11486000
4792,13564000,199998000,11350000
4793,13629000,200064000,11718000
4794,13586000,199957000,11441000
4795,13562000,199977000,11456000
4796,13578000,200017000,11676000
4797,13566000,199986000,11690000
4798,13573000,200009000,11485000
4799,13579000,200005000,11655000
4800,13578000,199999000,11528000
4801,13566000,199988000,11525000
4802,13562000,199996000,11815000
4803,13642000,200080000,11558000
4804,13578000,199935000,11419000
4805,14570000,200992000,11919000
4806,13566000,198997000,11453000
4807,13577000,200012000,11802000
4808,14650000,201072000,11944000
4809,14661000,200011000,12052000
4810,14573000,199912000,11969000
4811,13562000,198989000,11635000
4812,13574000,200013000,11432000
4813,13579000,200005000,11446000
4814,13578000,199997000,11529000
4815,13590000,200014000,11468000
4816,13582000,199990000,11553000
4817,13569000,199987000,11635000
4818,13654000,200086000,11710000
4819,13569000,199916000,11438000
4820,13577000,200006000,11518000
4821,13562000,199986000,11536000
4822,13580000,200018000,11547000
4823,13654000,200074000,11559000
4824,13566000,199911000,11488000
4825,13568000,200003000,11512000
4826,13556000,199988000,11440000
4827,13578000,200022000,11524000
4828,14586000,201009000,11948000
4829,13569000,198983000,11554000
4830,13661000,200092000,11487000
4831,13570000,199909000,11502000
4832,13582000,200011000,11235000
4833,13654000,200072000,11451000
4834,13578000,199923000,11389000
4835,13578000,200000000,11549000
4836,12901000,199324000,11827000
4837,13574000,200672000,11497000
4838,13654000,200081000,11643000
4839,13572000,199918000,11446000
4840,13582000,200010000,11452000
4841,13573000,199990000,11554000
4842,13662000,200090000,11622000
4843,13650000,199988000,11709000
4844,13561000,199910000,11361000
4845,13561000,200000000,11655000
4846,14573000,201012000,11935000
4847,14599000,200027000,11949000
4848,14658000,200059000,12031000
4849,14569000,199912000,11840000
4850,14583000,200013000,11977000
4851,13576000,198993000,11727000
4852,13578000,200001000,11378000
4853,13577000,200000000,11812000
4854,13565000,199988000,11395000
4855,14578000,201012000,11965000
4856,13570000,198993000,11781000
4857,13570000,200000000,11655000
4858,13650000,200080000,11593000
4859,13573000,199922000,11671000
4860,13580000,200009000,11614000
4861,13578000,199996000,11769000
4862,14582000,201004000,11911000
4863,14658000,200077000,11991000
4864,14561000,199902000,11882000
4865,14562000,200002000,11886000
4866,14568000,200006000,11887000
4867,14572000,200004000,11960000
4868,14646000,200074000,12055000
4869,14569000,199923000,11990000
4870,14573000,200004000,11860000
4871,13577000,199004000,11742000
4872,13578000,200000000,11251000
4873,13634000,200056000,11831000
4874,13565000,199931000,11555000
4875,14657000,201093000,11977000
4876,13573000,198916000,11443000
4877,13577000,200003000,11663000
4878,14642000,201066000,12019000
4879,13591000,198949000,11688000
4880,14564000,200973000,11892000
4881,14578000,200013000,11839000
4882,14569000,199992000,11915000
4883,14646000,200077000,11925000
4884,13561000,198915000,11307000
4885,13570000,200009000,11815000
4886,14581000,201011000,11883000
4887,13573000,198992000,11409000
4888,13650000,200077000,11420000
4889,13578000,199927000,11434000
4890,13578000,200001000,11584000
4891,13578000,199999000,11387000
4892,13577000,200001000,11139000
4893,13565000,199988000,11339000
4894,13580000,200014000,11411000
4895,13590000,200011000,11430000
4896,13580000,199989000,11581000
4897,13578000,199997000,11593000
4898,13666000,200088000,11528000
4899,13570000,199904000,11400000
4900,13582000,200012000,11410000
4901,13577000,199996000,11425000
4902,13574000,199997000,11647000
4903,13659000,200084000,11729000
4904,13576000,199918000,11812000
4905,14577000,201000000,11891000
4906,13570000,198993000,11332000
4907,13578000,200008000,11424000
4908,13646000,200069000,11657000
4909,13570000,199924000,11523000
4910,13573000,200004000,11538000
4911,13591000,200017000,11399000
4912,13581000,199990000,11198000
4913,13658000,200077000,11424000
4914,13594000,199937000,11576000
4915,13577000,199983000,11651000
4916,13581000,200004000,11510000
4917,13592000,200010000,11115000
4918,13658000,200066000,11462000
4919,13574000,199916000,11485000
4920,13573000,199998000,11564000
4921,13577000,200005000,11500000
4922,13581000,200003000,11370000
4923,13658000,200078000,11737000
4924,13574000,199916000,11335000
4925,13573000,199998000,11619000
4926,13566000,199993000,11555000
4927,13584000,200020000,11788000
4928,14573000,200988000,11857000
4929,13558000,198985000,11800000
4930,13580000,200022000,11668000
4931,13578000,199997000,11688000
4932,13566000,199989000,11070000
4933,13660000,200094000,11714000
4934,13577000,199918000,11369000
4935,13581000,200004000,11800000
4936,13568000,199986000,11808000
4937,13574000,200005000,11823000
4938,13662000,200089000,11769000
4939,13561000,199900000,11833000
4940,14577000,201016000,11849000
4941,13569000,198990000,11792000
4942,13666000,200097000,11798000
4943,13658000,199993000,11679000
4944,13562000,199903000,11814000
4945,13554000,199993000,11626000
4946,13587000,200033000,11776000
4947,14576000,200989000,11854000
4948,14658000,200082000,11934000
4949,13575000,198917000,11809000
4950,13578000,200002000,11809000
4951,13569000,199991000,11828000
4952,13580000,200012000,11141000
4953,14654000,201073000,11846000
4954,13581000,198928000,11365000
4955,13577000,199995000,11522000
4956,13573000,199996000,11673000
4957,13578000,200006000,11757000
4958,13650000,200072000,11694000
4959,13569000,199920000,11647000
4960,13574000,200004000,11785000
4961,13565000,199991000,11802000
4962,13583000,200018000,11738000
4963,13654000,200071000,11815000
4964,13574000,199919000,11265000
4965,13587000,200014000,11704000
4966,13578000,199991000,11711000
4967,13570000,199991000,11730000
4968,13581000,200013000,11596000
4969,13574000,199991000,11540000
4970,13580000,200007000,11192000
4971,13578000,199998000,11206000
4972,13582000,200003000,11074000
4973,13650000,200069000,11505000
4974,13570000,199920000,11663000
4975,13568000,199998000,11684000
4976,13574000,200006000,11746000
4977,15557000,201983000,13428000
4978,15576000,200020000,13436000
4979,15660000,200082000,13663000
4980,15644000,199984000,13672000
4981,15569000,199926000,13395000
4982,15564000,199996000,13197000
4983,15656000,200090000,13643000
4984,15576000,199921000,12941000
4985,15573000,199996000,13229000
4986,15572000,200001000,13375000
4987,15561000,199988000,13385000
4988,15659000,200098000,13466000
4989,15581000,199922000,13411000
4990,15573000,199992000,13218000
4991,15577000,200004000,13367000
4992,15577000,200000000,12954000
4993,15667000,200090000,13385000
4994,15569000,199902000,13261000
4995,15577000,200007000,13403000
4996,15576000,200001000,13483000
4997,13593000,198016000,11144000
4998,13660000,200067000,11564000
4999,13562000,199902000,11651000
5000,13572000,200011000,11507000
5001,13556000,199983000,11619000
5002,13576000,200020000,11324000
5003,13650000,200073000,11766000
5004,13569000,199919000,11007000
5005,13578000,200009000,11438000
5006,13569000,199991000,11442000
5007,13570000,200001000,11525000
5008,13650000,200081000,11741000
5009,13570000,199920000,11481000
5010,13581000,200011000,11555000
5011,13579000,199999000,11711000
5012,13569000,199989000,10884000
5013,13654000,200085000,11600000
5014,13557000,199904000,11450000
5015,13578000,200019000,11476000
5016,13587000,200011000,11758000
5017,13561000,199973000,11494000
5018,13658000,200096000,11783000
5019,13578000,199920000,11385000
5020,13568000,199991000,11659000
5021,13578000,200011000,11333000
5022,13572000,199993000,11471000
5023,13561000,199990000,11706000
5024,13576000,200014000,11432000
5025,13576000,200000000,11666000
5026,13552000,199976000,11598000
5027,13574000,200022000,11675000
5028,13564000,199990000,11474000
5029,13586000,200023000,11635000
5030,13577000,199991000,11647000
5031,13582000,200004000,11519000
5032,13577000,199994000,11174000
5033,13572000,199996000,11142000
5034,13561000,199990000,11408000
5035,13572000,200010000,11480000
5036,13573000,200001000,11639000
5037,13582000,200009000,11584000
