seq,latency_m2m_ns,callback_jitter,publish_jitter
154,9096000,49772000,264000
155,9897000,50797000,257000
156,9305000,49412000,257000
157,9836000,50527000,269000
158,9445000,49613000,264000
159,9928000,50479000,264000
160,9386000,49462000,264000
161,10130000,50740000,273000
162,9400000,49274000,261000
163,9524000,50120000,269000
164,9885000,50365000,264000
165,9872000,49983000,261000
166,9957000,50088000,268000
167,9643000,49683000,265000
168,9901000,50262000,253000
169,10001000,50096000,272000
170,9552000,49555000,253000
171,10082000,50526000,268000
172,9220000,49142000,264000
173,10013000,50789000,269000
174,10198000,50189000,268000
175,9949000,49746000,264000
176,9997000,50053000,264000
177,9957000,49956000,269000
178,10074000,50121000,256000
179,9961000,49883000,272000
180,10001000,50044000,261000
181,9976000,49971000,257000
182,9722000,49750000,256000
183,9432000,49706000,265000
184,9944000,50515000,253000
185,10005000,50058000,261000
186,10005000,50004000,248000
187,9436000,49427000,269000
188,10017000,50585000,264000
189,10009000,49988000,265000
190,10026000,50020000,260000
191,9851000,49822000,269000
192,10034000,50187000,260000
193,9993000,49954000,265000
194,9827000,49838000,268000
195,9650000,49820000,268000
196,10184000,50538000,260000
197,10083000,49895000,269000
198,9993000,49913000,268000
199,9809000,49813000,272000
200,9785000,49980000,257000
201,9881000,50092000,268000
202,9928000,50051000,264000
203,10172000,50240000,261000
204,9993000,49824000,264000
205,9891000,49894000,257000
206,9930000,50044000,257000
207,9752000,49818000,268000
208,9794000,50045000,257000
209,9918000,50120000,261000
210,9876000,49963000,256000
211,9934000,50054000,269000
212,10009000,50079000,264000
213,9633000,49619000,268000
214,9186000,49558000,260000
215,9655000,50465000,261000
216,9404000,49753000,260000
217,9511000,50102000,268000
218,10102000,50595000,257000
219,9993000,49887000,273000
220,9678000,49690000,264000
221,10009000,50327000,272000
222,10115000,50109000,264000
223,10009000,49891000,265000
224,9993000,49987000,268000
225,9868000,49872000,261000
226,9917000,50053000,257000
227,9881000,49960000,261000
228,9937000,50060000,252000
229,10097000,50155000,261000
230,9571000,49478000,261000
231,9408000,49833000,269000
232,10202000,50799000,260000
233,9831000,49624000,268000
234,9868000,50042000,260000
235,9851000,49978000,265000
236,9868000,50022000,257000
237,9852000,49980000,269000
238,10009000,50161000,260000
239,9989000,49975000,265000
240,9810000,49826000,260000
241,9940000,50126000,264000
242,9961000,50025000,265000
243,9934000,49969000,269000
244,9967000,50036000,261000
245,9931000,49961000,273000
246,9971000,50043000,260000
247,9304000,49330000,269000
248,9980000,50680000,260000
249,10009000,50025000,268000
250,10127000,50122000,256000
251,10152000,50021000,268000
252,9993000,49844000,252000
253,9953000,49956000,272000
254,9735000,49787000,260000
255,9957000,50218000,276000
256,10065000,50112000,260000
257,9467000,49398000,269000
258,9936000,50473000,252000
259,9971000,50030000,265000
260,9652000,49685000,260000
261,9840000,50185000,261000
262,9872000,50036000,261000
263,9993000,50116000,261000
264,9815000,49826000,256000
265,9928000,50109000,265000
266,9957000,50033000,260000
267,10152000,50192000,261000
268,9953000,49804000,264000
269,9923000,49966000,276000
270,9967000,50048000,253000
271,9577000,49607000,276000
272,9418000,49845000,253000
273,10009000,50587000,261000
274,9562000,49557000,256000
275,9940000,50374000,268000
276,10001000,50065000,264000
277,9876000,49871000,272000
278,9997000,50125000,261000
279,9949000,49947000,269000
280,9953000,50008000,249000
281,9891000,49935000,268000
282,9856000,49969000,256000
283,9976000,50116000,249000
284,9860000,49888000,260000
285,9897000,50033000,268000
286,9938000,50045000,260000
287,9844000,49902000,257000
288,9944000,50103000,256000
289,9928000,49981000,272000
290,9602000,49677000,252000
291,9860000,50255000,257000
292,9815000,49958000,252000
293,9868000,50050000,265000
294,9961000,50097000,260000
295,9993000,50027000,269000
296,9971000,49982000,257000
297,9937000,49963000,265000
298,9756000,49823000,260000
299,9940000,50180000,269000
300,9621000,49684000,260000
301,9945000,50320000,269000
302,10001000,50061000,264000
303,10172000,50167000,264000
304,10065000,49897000,264000
305,9473000,49403000,265000
306,9856000,50388000,268000
307,9471000,49610000,265000
308,10139000,50673000,272000
309,9823000,49679000,272000
310,10072000,50254000,260000
311,9551000,49475000,268000
312,9872000,50325000,264000
313,9922000,50046000,253000
314,9943000,50025000,260000
315,9852000,49905000,269000
316,9880000,50032000,253000
317,9852000,49968000,272000
318,9877000,50037000,260000
319,9856000,49967000,276000
320,9895000,50042000,260000
321,9852000,49962000,268000
322,9895000,50038000,264000
323,9930000,50040000,264000
324,9748000,49822000,260000
325,9935000,50175000,269000
326,9905000,49974000,264000
327,9944000,50035000,264000
328,10005000,50065000,253000
329,9957000,49948000,265000
330,9934000,49981000,253000
331,9881000,49943000,253000
332,9868000,49991000,253000
333,9827000,49955000,257000
334,9922000,50098000,261000
335,9677000,49759000,268000
336,9926000,50254000,257000
337,9559000,49621000,261000
338,9872000,50325000,253000
339,9564000,49680000,265000
340,9810000,50249000,253000
341,9777000,49971000,269000
342,9400000,49619000,253000
343,9939000,50535000,257000
344,10091000,50157000,265000
345,9949000,49853000,253000
346,9885000,49941000,264000
347,9868000,49979000,253000
348,9967000,50102000,264000
349,9789000,49819000,265000
350,9490000,49705000,256000
351,9868000,50374000,265000
352,9785000,49921000,249000
353,9876000,50087000,269000
354,9860000,49988000,264000
355,9881000,50017000,265000
356,9997000,50120000,260000
357,9827000,49825000,261000
358,9797000,49975000,264000
359,9827000,50025000,269000
360,9868000,50046000,256000
361,9836000,49963000,260000
362,9789000,49958000,264000
363,9831000,50037000,268000
364,9801000,49975000,249000
365,10048000,50242000,264000
366,10017000,49974000,256000
367,9798000,49776000,261000
368,9819000,50025000,260000
369,10066000,50243000,268000
370,10295000,50234000,256000
371,9793000,49502000,272000
372,9810000,50013000,245000
373,9789000,49975000,273000
374,9827000,50041000,264000
375,9939000,50109000,264000
376,9838000,49903000,252000
377,9809000,49967000,261000
378,9917000,50112000,260000
379,9809000,49888000,265000
380,9856000,50051000,264000
381,10017000,50157000,269000
382,10202000,50188000,260000
383,9814000,49609000,257000
384,10086000,50276000,253000
385,9815000,49732000,272000
386,9856000,50038000,264000
387,9617000,49756000,261000
388,9797000,50185000,260000
389,9839000,50037000,264000
390,9872000,50038000,264000
391,9848000,49971000,269000
392,10079000,50236000,252000
393,9932000,49849000,261000
394,9819000,49890000,249000
395,9856000,50034000,265000
396,9880000,50028000,260000
397,9876000,49992000,260000
398,9895000,50022000,256000
399,9860000,49962000,261000
400,9901000,50045000,260000
401,9864000,49959000,268000
402,9835000,49975000,268000
403,10005000,50166000,272000
404,9844000,49843000,264000
405,9805000,49957000,269000
406,10068000,50267000,257000
407,10014000,49949000,264000
408,9361000,49352000,261000
409,9887000,50513000,264000
410,9580000,49698000,249000
411,9897000,50313000,268000
412,9580000,49687000,256000
413,9618000,50033000,261000
414,9864000,50251000,260000
415,9831000,49962000,249000
416,9880000,50054000,253000
417,9844000,49960000,273000
418,9895000,50054000,249000
419,9864000,49966000,272000
420,9891000,50030000,261000
421,10135000,50241000,272000
422,9885000,49754000,268000
423,9876000,49987000,268000
424,9961000,50089000,264000
425,9932000,49967000,257000
426,9901000,49973000,264000
427,9229000,49323000,269000
428,9836000,50611000,260000
429,9949000,50109000,257000
430,9984000,50040000,256000
431,9876000,49888000,268000
432,10140000,50268000,260000
433,9594000,49450000,276000
434,9852000,50262000,264000
435,9891000,50035000,265000
436,9948000,50061000,249000
437,9891000,49938000,264000
438,9794000,49907000,256000
439,9756000,49959000,268000
440,9801000,50049000,257000
441,10247000,50441000,265000
442,9860000,49626000,256000
443,9772000,49900000,268000
444,9801000,50033000,252000
445,9370000,49564000,256000
446,9810000,50445000,268000
447,9785000,49970000,272000
448,9748000,49968000,268000
449,9872000,50120000,269000
450,9967000,50098000,257000
451,9662000,49692000,261000
452,9341000,49683000,264000
453,9735000,50390000,257000
454,9277000,49546000,256000
455,10017000,50736000,253000
456,9781000,49767000,252000
457,9809000,50025000,260000
458,9797000,49992000,245000
459,9881000,50080000,265000
460,9794000,49916000,256000
461,9885000,50088000,272000
462,9810000,49929000,249000
463,9827000,50012000,272000
464,9794000,49971000,264000
465,9768000,49971000,269000
466,9797000,50033000,264000
467,9772000,49971000,269000
468,9797000,50029000,268000
469,10066000,50264000,261000
470,9541000,49480000,256000
471,9872000,50327000,257000
472,9815000,49946000,260000
473,10009000,50191000,265000
474,9957000,49951000,256000
475,10091000,50131000,257000
476,9961000,49874000,264000
477,9872000,49907000,253000
478,9966000,50098000,256000
479,10001000,50031000,268000
480,9841000,49843000,252000
481,9864000,50020000,269000
482,9927000,50067000,257000
483,9412000,49480000,257000
484,10009000,50602000,256000
485,9957000,49944000,269000
486,9939000,49985000,245000
487,9204000,49262000,261000
488,9942000,50741000,261000
489,9906000,49960000,265000
490,9868000,49967000,249000
491,9831000,49958000,272000
492,9868000,50042000,268000
493,10051000,50179000,268000
494,9944000,49897000,245000
495,9851000,49903000,269000
496,9815000,49967000,261000
497,9935000,50117000,269000
498,9891000,49960000,249000
499,9868000,49973000,261000
500,9324000,49460000,261000
501,9945000,50616000,276000
502,9901000,49961000,252000
503,9938000,50033000,273000
504,9971000,50036000,269000
505,9936000,49961000,265000
506,9905000,49974000,261000
507,9876000,49967000,268000
508,9851000,49979000,257000
509,9739000,49884000,276000
510,9997000,50262000,268000
511,9881000,49880000,265000
512,9856000,49979000,264000
513,9891000,50031000,269000
514,9880000,49993000,257000
515,9835000,49951000,257000
516,9872000,50041000,256000
517,9901000,50025000,272000
518,9940000,50043000,264000
519,9831000,49886000,272000
520,10154000,50328000,256000
521,9848000,49689000,272000
522,9251000,49408000,268000
523,9872000,50617000,265000
524,9953000,50084000,268000
525,9860000,49904000,276000
526,10030000,50174000,264000
527,9876000,49842000,264000
528,9905000,50033000,252000
529,9864000,49955000,265000
530,9418000,49558000,264000
531,9868000,50446000,265000
532,9905000,50041000,256000
533,9940000,50031000,268000
534,9852000,49916000,265000
535,10222000,50366000,268000
536,9789000,49571000,268000
537,9887000,50093000,268000
538,9933000,50050000,268000
539,9887000,49950000,272000
540,9735000,49853000,260000
541,9901000,50162000,253000
542,9935000,50038000,264000
543,9901000,49962000,265000
544,9876000,49979000,253000
545,9976000,50096000,269000
546,9739000,49767000,260000
547,9233000,49490000,261000
548,9885000,50656000,252000
549,9945000,50055000,261000
550,9891000,49950000,264000
551,9944000,50050000,261000
552,9551000,49611000,260000
553,9881000,50326000,265000
554,9901000,50024000,265000
555,9860000,49955000,276000
556,9842000,49986000,260000
557,9872000,50026000,273000
558,9844000,49975000,260000
559,9887000,50040000,265000
560,9715000,49831000,256000
561,9809000,50091000,261000
562,9381000,49576000,257000
563,9814000,50428000,265000
564,9876000,50067000,257000
565,9823000,49942000,264000
566,9389000,49570000,265000
567,9482000,50090000,272000
568,9864000,50386000,268000
569,9918000,50049000,257000
570,9735000,49822000,264000
571,9844000,50104000,269000
572,9957000,50117000,257000
573,9927000,49967000,272000
574,9752000,49829000,256000
575,9868000,50112000,261000
576,9752000,49888000,265000
577,9933000,50177000,272000
578,9961000,50032000,265000
579,9872000,49907000,264000
580,9833000,49964000,256000
581,9860000,50024000,269000
582,9337000,49481000,257000
583,9801000,50460000,272000
584,9836000,50039000,256000
585,9945000,50104000,273000
586,9850000,49910000,257000
587,9881000,50027000,261000
588,9797000,49920000,257000
589,9827000,50025000,257000
590,9450000,49628000,261000
591,9827000,50372000,257000
592,9789000,49967000,253000
593,9760000,49967000,265000
594,9872000,50116000,260000
595,9901000,50025000,261000
596,9595000,49698000,245000
597,9785000,50185000,273000
598,9890000,50109000,253000
599,10065000,50172000,265000
600,9810000,49749000,268000
601,9934000,50120000,257000
602,9891000,49960000,261000
603,9731000,49837000,257000
604,9760000,50033000,253000
605,9789000,50025000,265000
606,9768000,49983000,260000
607,9236000,49464000,265000
608,9840000,50608000,256000
609,9872000,50028000,265000
610,9927000,50059000,260000
611,9868000,49937000,264000
612,9864000,50000000,237000
613,9325000,49456000,264000
614,9868000,50548000,264000
615,10022000,50149000,273000
616,9872000,49855000,260000
617,9827000,49950000,272000
618,9860000,50038000,265000
619,9823000,49958000,265000
620,9801000,49983000,261000
621,9897000,50092000,260000
622,9513000,49620000,256000
623,9173000,49656000,265000
624,9810000,50641000,264000
625,10077000,50263000,261000
626,9815000,49742000,264000
627,9872000,50053000,269000
628,9752000,49884000,245000
629,10074000,50318000,265000
630,9961000,49891000,261000
631,9872000,49907000,265000
632,9273000,49405000,260000
633,9860000,50583000,264000
634,9768000,49912000,264000
635,9592000,49820000,272000
636,9936000,50348000,260000
637,10030000,50089000,269000
638,10065000,50040000,264000
639,9887000,49818000,272000
640,9872000,49989000,260000
641,9881000,50005000,273000
642,9449000,49572000,256000
643,9551000,50098000,269000
644,9860000,50313000,260000
645,9835000,49971000,265000
646,9868000,50037000,260000
647,9837000,49965000,265000
648,9868000,50035000,260000
649,9929000,50056000,272000
650,9534000,49609000,265000
651,9925000,50388000,272000
652,9885000,49963000,260000
653,9876000,49988000,261000
654,9819000,49946000,265000
655,9936000,50114000,273000
656,9823000,49890000,264000
657,9798000,49971000,269000
658,9836000,50043000,264000
659,9798000,49957000,265000
660,9844000,50051000,249000
661,10087000,50239000,257000
662,9856000,49773000,264000
663,9809000,49949000,276000
664,9293000,49488000,268000
665,10022000,50724000,257000
666,9860000,49851000,264000
667,9403000,49531000,265000
668,9801000,50402000,253000
669,9896000,50091000,265000
670,9652000,49760000,264000
671,9831000,50174000,261000
672,9876000,50050000,256000
673,9842000,49962000,273000
674,9876000,50038000,261000
675,9574000,49694000,265000
676,9876000,50306000,265000
677,9926000,50046000,273000
678,9885000,49963000,260000
679,9876000,49987000,261000
680,9819000,49946000,264000
681,9801000,49979000,269000
682,9681000,49883000,257000
683,9723000,50038000,276000
684,9490000,49772000,260000
685,9809000,50315000,249000
686,9844000,50039000,257000
687,9814000,49965000,265000
688,9789000,49980000,256000
689,9805000,50012000,261000
690,9715000,49913000,260000
691,9809000,50091000,261000
692,9809000,50004000,265000
693,9756000,49943000,265000
694,9868000,50116000,256000
695,9961000,50089000,265000
696,9727000,49770000,260000
697,9760000,50029000,265000
698,9735000,49979000,264000
699,9843000,50103000,265000
700,9805000,49967000,265000
701,9798000,49988000,261000
702,9265000,49472000,260000
703,9719000,50441000,269000
704,9752000,50046000,256000
705,9876000,50120000,257000
706,9961000,50089000,253000
707,9526000,49560000,257000
708,9764000,50243000,253000
709,9801000,50033000,261000
710,9498000,49701000,253000
711,9798000,50295000,265000
712,9145000,49351000,260000
713,9876000,50728000,257000
714,9785000,49913000,260000
715,9887000,50097000,264000
716,9440000,49558000,261000
717,9814000,50370000,265000
718,9810000,50000000,253000
719,9819000,50004000,265000
720,9801000,49987000,264000
721,9840000,50035000,265000
722,10001000,50165000,260000
723,9831000,49825000,272000
724,9801000,49975000,260000
725,9500000,49695000,261000
726,10013000,50517000,260000
727,9013000,48996000,276000
728,9805000,50796000,264000
729,9852000,50043000,260000
730,9819000,49970000,248000
731,10009000,50187000,265000
732,9823000,49817000,261000
733,9868000,50042000,272000
734,9836000,49972000,257000
735,9793000,49953000,269000
736,9344000,49555000,264000
737,9809000,50461000,269000
738,9844000,50039000,252000
739,9596000,49747000,268000
740,9789000,50198000,253000
741,9739000,49946000,261000
742,9785000,50050000,268000
743,9814000,50025000,272000
744,9872000,50062000,260000
745,9823000,49946000,261000
746,9868000,50050000,257000
747,9764000,49892000,261000
748,9797000,50037000,264000
749,9831000,50029000,253000
750,9868000,50042000,268000
751,9836000,49964000,276000
752,9810000,49978000,252000
753,9789000,49975000,276000
754,9744000,49959000,256000
755,9789000,50041000,265000
756,9748000,49963000,241000
757,9528000,49775000,257000
758,9832000,50308000,256000
759,9801000,49966000,261000
760,9834000,50037000,253000
761,9801000,49963000,257000
762,9349000,49552000,245000
763,9801000,50448000,253000
764,9836000,50039000,257000
765,9809000,49969000,265000
766,10009000,50204000,252000
767,9533000,49519000,272000
768,9860000,50332000,260000
769,9819000,49954000,268000
770,9588000,49774000,261000
771,9678000,50086000,272000
772,9801000,50127000,260000
773,9831000,50025000,265000
774,9727000,49901000,260000
775,9843000,50112000,269000
776,9810000,49971000,256000
777,9776000,49962000,265000
778,9876000,50104000,257000
779,9793000,49913000,272000
780,9810000,50021000,260000
781,10067000,50253000,272000
782,9831000,49768000,252000
783,9798000,49962000,273000
784,9827000,50033000,260000
785,9798000,49967000,261000
786,9827000,50033000,264000
787,9237000,49407000,265000
788,9844000,50611000,248000
789,9805000,49957000,265000
790,9984000,50183000,261000
791,9805000,49817000,265000
792,9308000,49507000,261000
793,9814000,50502000,265000
794,9731000,49921000,256000
795,9823000,50087000,261000
796,9658000,49840000,264000
797,9760000,50098000,264000
798,9521000,49764000,249000
799,9768000,50244000,268000
800,9797000,50033000,268000
801,9489000,49688000,272000
802,9801000,50316000,265000
803,9850000,50045000,268000
804,9810000,49963000,264000
805,9860000,50047000,269000
806,9814000,49958000,264000
807,9789000,49971000,269000
808,9748000,49963000,264000
809,9809000,50057000,265000
810,9756000,49951000,265000
811,9798000,50037000,269000
812,9760000,49967000,264000
813,9798000,50033000,269000
814,9768000,49975000,264000
815,9805000,50033000,272000
816,9850000,50049000,268000
817,9814000,49959000,269000
818,9785000,49976000,257000
819,9814000,50025000,276000
820,9793000,49983000,268000
821,9819000,50021000,265000
822,9810000,49996000,253000
823,9756000,49942000,277000
824,9797000,50045000,264000
825,9840000,50038000,265000
826,9727000,49892000,260000
827,9143000,49411000,277000
828,9801000,50663000,260000
829,9785000,49979000,268000
830,9396000,49616000,269000
831,9805000,50405000,261000
832,9600000,49798000,260000
833,9798000,50194000,264000
834,9270000,49477000,256000
835,9805000,50531000,269000
836,10026000,50225000,260000
837,9785000,49763000,260000
838,9832000,50043000,257000
839,9798000,49961000,268000
840,9421000,49628000,265000
841,9594000,50168000,273000
842,9781000,50191000,260000
843,9537000,49753000,268000
844,9653000,50120000,261000
845,9326000,49669000,269000
846,9797000,50475000,260000
847,9328000,49527000,272000
848,9739000,50415000,260000
849,9756000,50013000,272000
850,9789000,50037000,264000
851,9756000,49963000,268000
852,9797000,50045000,264000
853,9764000,49963000,269000
854,9667000,49907000,257000
855,9781000,50109000,272000
856,9739000,49963000,264000
857,9798000,50054000,261000
858,9608000,49815000,260000
859,9793000,50181000,269000
860,9475000,49686000,260000
861,9534000,50055000,265000
862,9418000,49888000,264000
863,9723000,50300000,276000
864,9756000,50038000,261000
865,9731000,49971000,269000
866,9498000,49770000,253000
867,9523000,50022000,269000
868,9781000,50261000,257000
869,9735000,49951000,265000
870,9727000,49996000,264000
871,9462000,49731000,269000
872,9111000,49652000,256000
873,9265000,50151000,272000
874,9731000,50470000,260000
875,9342000,49607000,261000
876,9739000,50401000,253000
877,9776000,50033000,257000
878,9797000,50025000,257000
879,9079000,49278000,261000
880,9876000,50801000,264000
881,9705000,49825000,272000
882,9265000,49563000,264000
883,9940000,50672000,265000
884,9748000,49812000,249000
885,9789000,50037000,269000
886,9760000,49975000,253000
887,9735000,49971000,261000
888,9682000,49950000,268000
889,9727000,50041000,261000
890,9491000,49768000,260000
891,9726000,50232000,273000
892,9768000,50046000,261000
893,9665000,49893000,265000
894,9922000,50260000,265000
895,9663000,49738000,265000
896,8887000,49235000,260000
897,9671000,50773000,269000
898,9722000,50055000,253000
899,9419000,49693000,261000
900,9666000,50250000,264000
901,9686000,50016000,265000
902,9650000,49969000,268000
903,9695000,50041000,269000
904,9937000,50246000,264000
905,9693000,49751000,276000
906,9731000,50043000,257000
907,9222000,49486000,272000
908,9666000,50449000,264000
909,9651000,49981000,272000
910,9885000,50238000,260000
911,9726000,49837000,272000
912,9411000,49689000,260000
913,9739000,50324000,261000
914,9686000,49951000,265000
915,9650000,49960000,265000
916,9760000,50114000,256000
917,9801000,50037000,273000
918,9772000,49975000,264000
919,9661000,49885000,272000
920,9777000,50119000,268000
921,9743000,49963000,265000
922,9378000,49638000,253000
923,9265000,49884000,273000
924,9722000,50461000,261000
925,9752000,50026000,272000
926,9731000,49983000,264000
927,9760000,50025000,261000
928,9797000,50041000,264000
929,9696000,49895000,269000
930,9744000,50052000,256000
931,9698000,49949000,272000
932,9744000,50051000,261000
933,9719000,49970000,269000
934,9744000,50030000,261000
935,9801000,50053000,273000
936,10094000,50297000,265000
937,9379000,49280000,265000
938,9682000,50307000,261000
939,9805000,50120000,269000
940,9683000,49882000,268000
941,9726000,50039000,261000
942,9212000,49490000,245000
943,9234000,50017000,269000
944,9772000,50543000,253000
945,9739000,49963000,253000
946,9722000,49987000,241000
947,9667000,49941000,261000
948,9801000,50138000,261000
949,9681000,49875000,261000
950,9298000,49622000,261000
951,9339000,50037000,269000
952,9188000,49853000,253000
953,9340000,50148000,265000
954,9655000,50319000,260000
955,9701000,50042000,253000
956,9731000,50034000,264000
957,9768000,50033000,269000
958,9944000,50179000,261000
959,9708000,49760000,269000
960,9744000,50041000,261000
961,9653000,49905000,272000
962,9673000,50024000,260000
963,9379000,49702000,257000
964,9752000,50377000,268000
965,9739000,49983000,268000
966,9764000,50029000,253000
967,9648000,49880000,273000
968,9689000,50045000,268000
969,9649000,49956000,268000
970,9695000,50049000,257000
971,9667000,49968000,269000
972,9639000,49977000,256000
973,9748000,50105000,268000
974,9731000,49987000,248000
975,9673000,49938000,277000
976,9735000,50066000,245000
977,9687000,49948000,257000
978,9727000,50044000,260000
979,9764000,50033000,261000
980,9648000,49888000,252000
981,9624000,49972000,272000
982,9739000,50119000,253000
983,9695000,49952000,272000
984,9663000,49972000,264000
985,9639000,49972000,273000
986,9603000,49968000,257000
987,9723000,50115000,276000
988,9686000,49967000,252000
989,9726000,50037000,272000
990,9899000,50177000,261000
991,9739000,49836000,269000
992,9422000,49687000,256000
993,9726000,50300000,277000
994,9686000,49964000,265000
995,9872000,50182000,253000
996,9699000,49831000,260000
997,9743000,50040000,265000
998,9715000,49975000,260000
999,9681000,49962000,257000
1000,9797000,50121000,286000
1001,9752000,49951000,286000
1002,9311000,49563000,266000
1003,9760000,50445000,286000
1004,9669000,49913000,278000
1005,9768000,50095000,282000
1006,9735000,49971000,286000
1007,9768000,50029000,286000
1008,9663000,49898000,266000
1009,9768000,50102000,286000
1010,9456000,49692000,278000
1011,9702000,50241000,290000
1012,9744000,50047000,286000
1013,9739000,49991000,282000
1014,9752000,50017000,282000
1015,9798000,50041000,286000
1016,9684000,49891000,270000
1017,9739000,50051000,290000
1018,9760000,50025000,270000
1019,9739000,49975000,282000
1020,9699000,49964000,278000
1021,9760000,50057000,282000
1022,9836000,50088000,282000
1023,9735000,49887000,294000
1024,9702000,49971000,282000
1025,9731000,50033000,282000
1026,9704000,49968000,278000
1027,9119000,49420000,282000
1028,9715000,50599000,286000
1029,9752000,50026000,290000
1030,9748000,50000000,274000
1031,9682000,49930000,290000
1032,9181000,49503000,286000
1033,9827000,50641000,286000
1034,9408000,49586000,262000
1035,9772000,50360000,282000
1036,9823000,50054000,266000
1037,9845000,50019000,294000
1038,9839000,49997000,270000
1039,9843000,50008000,294000
1040,9740000,49902000,286000
1041,9785000,50032000,286000
1042,9756000,49984000,266000
1043,9302000,49534000,290000
1044,9756000,50458000,278000
1045,9797000,50045000,282000
1046,9984000,50183000,274000
1047,9748000,49760000,286000
1048,9768000,50024000,286000
1049,9330000,49558000,286000
1050,9922000,50595000,278000
1051,9764000,49839000,282000
1052,9785000,50025000,266000
1053,9345000,49556000,274000
1054,9993000,50651000,270000
1055,9356000,49359000,290000
1056,9797000,50446000,274000
1057,9764000,49963000,294000
1058,9805000,50045000,274000
1059,9629000,49819000,274000
1060,9727000,50111000,274000
1061,9496000,49757000,286000
1062,9319000,49827000,278000
1063,9429000,50106000,286000
1064,9756000,50331000,274000
1065,9719000,49958000,274000
1066,9760000,50046000,266000
1067,9789000,50025000,278000
1068,9715000,49929000,266000
1069,9731000,50013000,274000
1070,9283000,49556000,278000
1071,9735000,50448000,290000
1072,9513000,49782000,274000
1073,9748000,50231000,274000
1074,9629000,49885000,278000
1075,9739000,50106000,278000
1076,9715000,49979000,278000
1077,9752000,50034000,286000
1078,9719000,49970000,278000
1079,9764000,50042000,286000
1080,9727000,49967000,270000
1081,9707000,49976000,278000
1082,9739000,50036000,266000
1083,9349000,49606000,290000
1084,9801000,50456000,266000
1085,9785000,49979000,282000
1086,9731000,49951000,282000
1087,9286000,49551000,290000
1088,9744000,50462000,274000
1089,9785000,50036000,282000
1090,9748000,49968000,282000
1091,9706000,49953000,286000
1092,9827000,50125000,266000
1093,9364000,49534000,286000
1094,9772000,50412000,262000
1095,9509000,49733000,286000
1096,9777000,50271000,282000
1097,9723000,49942000,286000
1098,9789000,50071000,270000
1099,9739000,49946000,278000
1100,9781000,50045000,282000
1101,9813000,50029000,286000
1102,9731000,49922000,270000
1103,9961000,50226000,290000
1104,9789000,49832000,282000
1105,9752000,49959000,274000
1106,9797000,50049000,270000
1107,9760000,49959000,282000
1108,9805000,50049000,274000
1109,9764000,49955000,274000
1110,9801000,50041000,282000
1111,9785000,49979000,282000
1112,9188000,49408000,278000
1113,9789000,50597000,290000
1114,9537000,49751000,274000
1115,9798000,50257000,286000
1116,9748000,49955000,278000
1117,9719000,49966000,286000
1118,9752000,50038000,286000
1119,9801000,50045000,282000
1120,9777000,49979000,270000
1121,9731000,49951000,290000
1122,9342000,49615000,282000
1123,9310000,49964000,294000
1124,9764000,50458000,274000
1125,9739000,49971000,290000
1126,9772000,50037000,282000
1127,9748000,49972000,286000
1128,9727000,49983000,278000
1129,9677000,49946000,286000
1130,9234000,49561000,282000
1131,9756000,50518000,290000
1132,9744000,49992000,278000
1133,9688000,49940000,290000
1134,9250000,49566000,282000
1135,9836000,50582000,286000
1136,9752000,49920000,282000
1137,9772000,50016000,282000
1138,9744000,49976000,278000
1139,9781000,50032000,278000
1140,9744000,49968000,282000
1141,9781000,50032000,286000
1142,9885000,50109000,282000
1143,9723000,49833000,282000
1144,9756000,50038000,278000
1145,9809000,50049000,290000
1146,9482000,49677000,282000
1147,9258000,49772000,290000
1148,9339000,50085000,278000
1149,9891000,50548000,294000
1150,9913000,50026000,270000
1151,9814000,49897000,286000
1152,9220000,49410000,282000
1153,9831000,50606000,286000
1154,9715000,49888000,274000
1155,9268000,49549000,282000
1156,9997000,50734000,278000
1157,9752000,49751000,290000
1158,9647000,49899000,278000
1159,9760000,50109000,290000
1160,9797000,50041000,282000
1161,9764000,49963000,290000
1162,9819000,50058000,278000
1163,9211000,49389000,278000
1164,9672000,50464000,270000
1165,9922000,50246000,282000
1166,9690000,49773000,282000
1167,9432000,49738000,278000
1168,9682000,50254000,278000
1169,9789000,50103000,294000
1170,9567000,49782000,274000
1171,9648000,50077000,290000
1172,9689000,50045000,278000
1173,9723000,50029000,290000
1174,9552000,49834000,274000
1175,9805000,50249000,282000
1176,9216000,49414000,278000
1177,9260000,50041000,294000
1178,9777000,50520000,278000
1179,9760000,49980000,290000
1180,9715000,49958000,278000
1181,9760000,50042000,286000
1182,9228000,49472000,278000
1183,9844000,50612000,290000
1184,9723000,49882000,286000
1185,9906000,50179000,286000
1186,9727000,49826000,278000
1187,9701000,49969000,282000
1188,9731000,50043000,274000
1189,9697000,49953000,286000
1190,9326000,49633000,274000
1191,9989000,50659000,286000
1192,9400000,49415000,282000
1193,9723000,50319000,282000
1194,9683000,49965000,278000
1195,9447000,49759000,290000
1196,9768000,50326000,286000
1197,9719000,49946000,290000
1198,9690000,49976000,282000
1199,9798000,50103000,290000
1200,9785000,49992000,282000
1201,9739000,49950000,290000
1202,9785000,50050000,278000
1203,9743000,49954000,286000
1204,9785000,50045000,282000
1205,9752000,49964000,282000
1206,9785000,50037000,286000
1207,9131000,49342000,290000
1208,9719000,50591000,286000
1209,9781000,50058000,286000
1210,9794000,50017000,270000
1211,9776000,49979000,282000
1212,9797000,50025000,282000
1213,9709000,49908000,282000
1214,9814000,50109000,278000
1215,9785000,49966000,282000
1216,9744000,49964000,278000
1217,9801000,50053000,282000
1218,9748000,49951000,278000
1219,9507000,49755000,282000
1220,9835000,50332000,270000
1221,9785000,49945000,290000
1222,9832000,50051000,282000
1223,9727000,49891000,278000
1224,9764000,50042000,278000
1225,9801000,50033000,294000
1226,9772000,49975000,274000
1227,9309000,49533000,278000
1228,9785000,50480000,270000
1229,9743000,49954000,278000
1230,9178000,49439000,274000
1231,9814000,50632000,290000
1232,9940000,50130000,278000
1233,9823000,49878000,290000
1234,9805000,49987000,278000
1235,9831000,50021000,286000
1236,9727000,49901000,266000
1237,9344000,49613000,290000
1238,9731000,50391000,274000
1239,9772000,50037000,282000
1240,9665000,49896000,278000
1241,9785000,50116000,286000
1242,9186000,49406000,270000
1243,9864000,50674000,282000
1244,9748000,49888000,282000
1245,9789000,50037000,282000
1246,9272000,49487000,278000
1247,9805000,50529000,282000
1248,9756000,49955000,278000
1249,9801000,50041000,274000
1250,9211000,49414000,274000
1251,9660000,50444000,290000
1252,9764000,50109000,282000
1253,9661000,49893000,282000
1254,9695000,50037000,286000
1255,9593000,49895000,290000
1256,9715000,50125000,274000
1257,9676000,49958000,290000
1258,9648000,49976000,282000
1259,9752000,50100000,286000
1260,9744000,49996000,278000
1261,9687000,49938000,282000
1262,9589000,49907000,278000
1263,9615000,50021000,290000
1264,9673000,50063000,278000
1265,9697000,50020000,282000
1266,9744000,50051000,282000
1267,9009000,49261000,286000
1268,9671000,50666000,278000
1269,9701000,50025000,290000
1270,9603000,49907000,286000
1271,9785000,50177000,290000
1272,9416000,49636000,270000
1273,9743000,50323000,278000
1274,9838000,50099000,270000
1275,10013000,50171000,290000
1276,9764000,49763000,266000
1277,9134000,49358000,274000
1278,9772000,50642000,282000
1279,9743000,49967000,282000
1280,9703000,49964000,282000
1281,9611000,49903000,290000
1282,9701000,50094000,286000
1283,9760000,50056000,282000
1284,9719000,49962000,278000
1285,9756000,50034000,286000
1286,9646000,49894000,282000
1287,9679000,50029000,286000
1288,9731000,50056000,282000
1289,9616000,49880000,290000
1290,9327000,49715000,286000
1291,9694000,50364000,290000
1292,9666000,49976000,274000
1293,9707000,50037000,286000
1294,9685000,49981000,274000
1295,9636000,49947000,290000
1296,9611000,49980000,286000
1297,9706000,50091000,290000
1298,9626000,49924000,274000
1299,9650000,50020000,290000
1300,9680000,50033000,286000
1301,9660000,49976000,282000
1302,9277000,49622000,270000
1303,9665000,50384000,278000
1304,9699000,50037000,282000
1305,9809000,50107000,286000
1306,9781000,49975000,278000
1307,9764000,49980000,278000
1308,9719000,49958000,266000
1309,9131000,49409000,278000
1310,9715000,50587000,278000
1311,9626000,49908000,282000
1312,9727000,50105000,282000
1313,9768000,50037000,286000
1314,9660000,49896000,262000
1315,9701000,50037000,286000
1316,9588000,49891000,282000
1317,9348000,49756000,290000
1318,9550000,50205000,258000
1319,9635000,50082000,282000
1320,9676000,50045000,278000
1321,9719000,50038000,286000
1322,9556000,49841000,274000
1323,9654000,50094000,274000
1324,9696000,50047000,278000
1325,9727000,50026000,286000
1326,9693000,49970000,282000
1327,8967000,49270000,290000
1328,9645000,50683000,274000
1329,9381000,49732000,294000
1330,9630000,50253000,278000
1331,9663000,50029000,290000
1332,9574000,49915000,266000
1333,9408000,49830000,274000
1334,9714000,50302000,274000
1335,9678000,49968000,290000
1336,9642000,49968000,286000
1337,9614000,49968000,290000
1338,9723000,50112000,274000
1339,9689000,49962000,286000
1340,9318000,49634000,274000
1341,9707000,50385000,286000
1342,9659000,49955000,286000
1343,9638000,49976000,290000
1344,9739000,50105000,282000
1345,9445000,49702000,286000
1346,9739000,50298000,286000
1347,9451000,49708000,282000
1348,9675000,50228000,290000
1349,9719000,50039000,286000
1350,9139000,49425000,270000
1351,9652000,50509000,282000
1352,9690000,50041000,282000
1353,9793000,50100000,282000
1354,9638000,49849000,278000
1355,9659000,50017000,294000
1356,9631000,49976000,286000
1357,9668000,50033000,290000
1358,9645000,49981000,278000
1359,9666000,50017000,282000
1360,9789000,50127000,286000
1361,9756000,49963000,282000
1362,9120000,49368000,270000
1363,9764000,50640000,274000
1364,9735000,49975000,262000
1365,9609000,49869000,290000
1366,9735000,50131000,278000
1367,9772000,50033000,290000
1368,9594000,49826000,282000
1369,9623000,50025000,294000
1370,9538000,49918000,278000
1371,9653000,50112000,290000
1372,9597000,49948000,286000
1373,9581000,49979000,290000
1374,9610000,50034000,278000
1375,9731000,50117000,290000
1376,9544000,49817000,282000
1377,9583000,50035000,278000
1378,9686000,50107000,282000
1379,9675000,49985000,278000
1380,9275000,49604000,274000
1381,9668000,50388000,282000
1382,9693000,50030000,278000
1383,9596000,49898000,278000
1384,9637000,50046000,274000
1385,9601000,49960000,286000
1386,9647000,50049000,282000
1387,9210000,49559000,278000
1388,9748000,50543000,270000
1389,9616000,49864000,286000
1390,9872000,50260000,282000
1391,9414000,49538000,278000
1392,9261000,49851000,286000
1393,9619000,50354000,286000
1394,9603000,49987000,274000
1395,9694000,50087000,286000
1396,9600000,49911000,270000
1397,9633000,50029000,290000
1398,9610000,49980000,266000
1399,9647000,50034000,286000
1400,9611000,49968000,278000
1401,9579000,49964000,282000
1402,9612000,50037000,282000
1403,9665000,50049000,286000
1404,9768000,50107000,274000
1405,10789000,51016000,294000
1406,9840000,49056000,282000
1407,9743000,49899000,290000
1408,9777000,50037000,274000
1409,9683000,49902000,278000
1410,9699000,50021000,282000
1411,9679000,49976000,282000
1412,9643000,49968000,282000
1413,9407000,49760000,286000
1414,9653000,50249000,270000
1415,9756000,50100000,290000
1416,9727000,49975000,286000
1417,9691000,49960000,274000
1418,9659000,49972000,274000
1419,9619000,49956000,278000
1420,9673000,50057000,282000
1421,9555000,49879000,290000
1422,9143000,49592000,270000
1423,9642000,50495000,278000
1424,9684000,50045000,282000
1425,9570000,49883000,290000
1426,9625000,50059000,278000
1427,9645000,50016000,278000
1428,9698000,50057000,278000
1429,9650000,49948000,282000
1430,9827000,50180000,282000
1431,9648000,49817000,274000
1432,9701000,50058000,266000
1433,9801000,50096000,282000
1434,9699000,49901000,278000
1435,9667000,49964000,278000
1436,9719000,50056000,270000
1437,9614000,49892000,286000
1438,9636000,50026000,286000
1439,9918000,50277000,278000
1440,9731000,49818000,270000
1441,9621000,49886000,294000
1442,9655000,50037000,274000
1443,9719000,50060000,278000
1444,9735000,50021000,282000
1445,9640000,49901000,286000
1446,9744000,50108000,278000
1447,9087000,49338000,286000
1448,9744000,50662000,278000
1449,9719000,49970000,278000
1450,9965000,50251000,274000
1451,9719000,49749000,286000
1452,9220000,49506000,282000
1453,9642000,50418000,282000
1454,9622000,49984000,282000
1455,9801000,50175000,290000
1456,9789000,49992000,278000
1457,9247000,49454000,286000
1458,9715000,50471000,274000
1459,9739000,50021000,278000
1460,9731000,49996000,278000
1461,9671000,49936000,286000
1462,9851000,50184000,274000
1463,9408000,49553000,282000
1464,9649000,50244000,274000
1465,9678000,50026000,278000
1466,9727000,50053000,282000
1467,9897000,50166000,286000
1468,9648000,49762000,274000
1469,9706000,50047000,286000
1470,9661000,49959000,274000
1471,9698000,50033000,286000
1472,9743000,50049000,278000
1473,9232000,49485000,286000
1474,9598000,50370000,282000
1475,9856000,50254000,282000
1476,9265000,49413000,282000
1477,9798000,50528000,282000
1478,9756000,49963000,266000
1479,9793000,50033000,290000
1480,9760000,49971000,282000
1481,9374000,49610000,278000
1482,9281000,49911000,270000
1483,9669000,50384000,278000
1484,9703000,50038000,286000
1485,9663000,49956000,282000
1486,9719000,50059000,278000
1487,9752000,50030000,282000
1488,9723000,49974000,278000
1489,9819000,50092000,286000
1490,9735000,49921000,270000
1491,9679000,49940000,286000
1492,9727000,50052000,278000
1493,9681000,49949000,290000
1494,9656000,49980000,270000
1495,9702000,50041000,282000
1496,9735000,50038000,270000
1497,9622000,49882000,286000
1498,9594000,49977000,274000
1499,9631000,50033000,282000
1500,9665000,50038000,278000
1501,9644000,49975000,278000
1502,9545000,49905000,278000
1503,9735000,50186000,282000
1504,9687000,49956000,278000
1505,9655000,49964000,286000
1506,9685000,50033000,270000
1507,8976000,49288000,290000
1508,9698000,50726000,270000
1509,9597000,49895000,282000
1510,9626000,50033000,278000
1511,9663000,50033000,286000
1512,9362000,49703000,274000
1513,9677000,50311000,278000
1514,9637000,49964000,286000
1515,9679000,50037000,290000
1516,9735000,50061000,282000
1517,9611000,49871000,282000
1518,9735000,50129000,282000
1519,9620000,49880000,290000
1520,9670000,50055000,282000
1521,9691000,50016000,282000
1522,9678000,49992000,274000
1523,9700000,50018000,278000
1524,9685000,49989000,278000
1525,9632000,49943000,286000
1526,9532000,49904000,270000
1527,9703000,50167000,286000
1528,9675000,49976000,278000
1529,9723000,50043000,282000
1530,9680000,49962000,274000
1531,9652000,49968000,286000
1532,9682000,50034000,282000
1533,9674000,49988000,290000
1534,9834000,50164000,274000
1535,9667000,49829000,294000
1536,9772000,50109000,282000
1537,9690000,49913000,282000
1538,9636000,49951000,282000
1539,9339000,49698000,286000
1540,9638000,50304000,282000
1541,9696000,50054000,286000
1542,9172000,49479000,282000
1543,9681000,50505000,294000
1544,9649000,49973000,282000
1545,9621000,49967000,286000
1546,9646000,50030000,282000
1547,9691000,50041000,290000
1548,9671000,49984000,278000
1549,9708000,50033000,278000
1550,9541000,49837000,278000
1551,9633000,50088000,290000
1552,9621000,49991000,270000
1553,9092000,49468000,294000
1554,9697000,50608000,278000
1555,9864000,50164000,286000
1556,9693000,49833000,282000
1557,9238000,49541000,290000
1558,9621000,50387000,282000
1559,9654000,50029000,290000
1560,9349000,49699000,282000
1561,9668000,50314000,282000
1562,9628000,49965000,286000
1563,9805000,50173000,290000
1564,9715000,49905000,278000
1565,9752000,50042000,286000
1566,9647000,49898000,274000
1567,9005000,49355000,290000
1568,9515000,50514000,278000
1569,9685000,50166000,282000
1570,9645000,49964000,278000
1571,9704000,50055000,290000
1572,9659000,49959000,282000
1573,9631000,49967000,290000
1574,9664000,50038000,282000
1575,9698000,50029000,294000
1576,9961000,50268000,274000
1577,9634000,49669000,290000
1578,9602000,49972000,282000
1579,9639000,50033000,290000
1580,9838000,50203000,282000
1581,9583000,49749000,278000
1582,9624000,50037000,282000
1583,9650000,50022000,286000
1584,9715000,50068000,274000
1585,9659000,49941000,290000
1586,9635000,49980000,278000
1587,9583000,49944000,290000
1588,9646000,50066000,286000
1589,9613000,49963000,274000
1590,9503000,49895000,274000
1591,9618000,50111000,278000
1592,9440000,49826000,286000
1593,9338000,49893000,286000
1594,9234000,49901000,274000
1595,9760000,50522000,286000
1596,9585000,49829000,278000
1597,9630000,50041000,290000
1598,9587000,49960000,282000
1599,9358000,49768000,290000
1600,9588000,50234000,282000
1601,9646000,50054000,290000
1602,9324000,49681000,274000
1603,9646000,50319000,290000
1604,9680000,50037000,282000
1605,9591000,49908000,290000
1606,9616000,50028000,278000
1607,9576000,49957000,294000
1608,9621000,50049000,274000
1609,9662000,50037000,282000
1610,9561000,49903000,270000
1611,9527000,49962000,282000
1612,9498000,49975000,282000
1613,9596000,50094000,286000
1614,9577000,49985000,282000
1615,9541000,49959000,282000
1616,9651000,50114000,278000
1617,9603000,49948000,294000
1618,9592000,49994000,278000
1619,9604000,50008000,282000
1620,9592000,49992000,278000
1621,9618000,50021000,290000
1622,9671000,50057000,270000
1623,9619000,49945000,286000
1624,9739000,50124000,270000
1625,9628000,49893000,278000
1626,9597000,49964000,274000
1627,9148000,49548000,282000
1628,9598000,50454000,286000
1629,9578000,49975000,286000
1630,9607000,50034000,278000
1631,9600000,49989000,278000
1632,9474000,49878000,278000
1633,9585000,50106000,286000
1634,9546000,49966000,282000
1635,9599000,50049000,290000
1636,9550000,49955000,282000
1637,9595000,50041000,290000
1638,9563000,49972000,278000
1639,9601000,50033000,274000
1640,9569000,49973000,274000
1641,9606000,50033000,282000
1642,9644000,50041000,274000
1643,9612000,49964000,274000
1644,9572000,49964000,278000
1645,9204000,49629000,282000
1646,9585000,50385000,274000
1647,9615000,50025000,286000
1648,9600000,49989000,286000
1649,9555000,49951000,286000
1650,9195000,49645000,278000
1651,9564000,50365000,286000
1652,9611000,50050000,282000
1653,9561000,49947000,294000
1654,9607000,50049000,282000
1655,9571000,49961000,286000
1656,9540000,49973000,282000
1657,9645000,50101000,290000
1658,9476000,49834000,278000
1659,9570000,50091000,286000
1660,9756000,50190000,286000
1661,10694000,50934000,294000
1662,9272000,48582000,282000
1663,9534000,50258000,286000
1664,9768000,50238000,286000
1665,9607000,49835000,282000
1666,9627000,50024000,278000
1667,9333000,49702000,290000
1668,9567000,50238000,282000
1669,9695000,50124000,290000
1670,9364000,49673000,274000
1671,9618000,50249000,290000
1672,9366000,49753000,282000
1673,9611000,50241000,282000
1674,9649000,50042000,282000
1675,9625000,49971000,278000
1676,9658000,50038000,270000
1677,9630000,49968000,282000
1678,9127000,49501000,278000
1679,9624000,50492000,286000
1680,9603000,49984000,286000
1681,9568000,49961000,290000
1682,9626000,50062000,270000
1683,9789000,50159000,290000
1684,9622000,49837000,278000
1685,9640000,50013000,290000
1686,9645000,50009000,266000
1687,9177000,49529000,286000
1688,9074000,49901000,278000
1689,9585000,50507000,290000
1690,9565000,49984000,278000
1691,9735000,50166000,290000
1692,9225000,49494000,266000
1693,9465000,50236000,286000
1694,9715000,50254000,270000
1695,9676000,49957000,286000
1696,9506000,49834000,286000
1697,9550000,50040000,286000
1698,9510000,49964000,278000
1699,9355000,49841000,286000
1700,9516000,50165000,282000
1701,9501000,49980000,290000
1702,9590000,50093000,278000
1703,9445000,49852000,282000
1704,9538000,50096000,278000
1705,9500000,49959000,290000
1706,9544000,50048000,274000
1707,9507000,49959000,290000
1708,9542000,50039000,282000
1709,9574000,50027000,286000
1710,9477000,49908000,282000
1711,9579000,50098000,290000
1712,9360000,49784000,278000
1713,9114000,49751000,278000
1714,9509000,50399000,270000
1715,9451000,49938000,290000
1716,9583000,50136000,270000
1717,9260000,49673000,282000
1718,9571000,50315000,278000
1719,9671000,50096000,290000
1720,9582000,49922000,274000
1721,9468000,49875000,290000
1722,9304000,49840000,274000
1723,9604000,50295000,286000
1724,9579000,49980000,278000
1725,9764000,50181000,286000
1726,9658000,49898000,282000
1727,9634000,49972000,290000
1728,9660000,50029000,278000
1729,9575000,49912000,290000
1730,9453000,49882000,278000
1731,9575000,50118000,282000
1732,10368000,50797000,270000
1733,9519000,49147000,286000
1734,9548000,50033000,278000
1735,9586000,50034000,282000
1736,9616000,50034000,282000
1737,9238000,49618000,282000
1738,9621000,50387000,270000
1739,9522000,49896000,290000
1740,9498000,49981000,278000
1741,9524000,50022000,294000
1742,9559000,50039000,274000
1743,9600000,50037000,286000
1744,9642000,50045000,278000
1745,9594000,49948000,286000
1746,9656000,50067000,270000
1747,9198000,49538000,282000
1748,9583000,50389000,278000
1749,9335000,49747000,294000
1750,9394000,50064000,270000
1751,9618000,50219000,290000
1752,9386000,49773000,286000
1753,10047000,50657000,294000
1754,9452000,49409000,270000
1755,9567000,50111000,286000
1756,9529000,49966000,282000
1757,9227000,49693000,286000
1758,9467000,50245000,278000
1759,9652000,50181000,290000
1760,9548000,49899000,282000
1761,9523000,49971000,278000
1762,9483000,49965000,278000
1763,9518000,50031000,286000
1764,9490000,49975000,282000
1765,9455000,49962000,290000
1766,9624000,50172000,282000
1767,9613000,49985000,274000
1768,9496000,49888000,274000
1769,9533000,50033000,270000
1770,9499000,49970000,282000
1771,9479000,49976000,278000
1772,9507000,50032000,282000
1773,9674000,50163000,290000
1774,9580000,49910000,278000
1775,9756000,50172000,278000
1776,9598000,49846000,278000
1777,9493000,49891000,282000
1778,9595000,50105000,270000
1779,9554000,49956000,290000
1780,9617000,50067000,266000
1781,9568000,49946000,286000
1782,9054000,49491000,270000
1783,9566000,50507000,282000
1784,9557000,49995000,278000
1785,9575000,50015000,282000
1786,9608000,50037000,270000
1787,9580000,49968000,290000
1788,9613000,50037000,278000
1789,9659000,50042000,282000
1790,9490000,49834000,274000
1791,9603000,50110000,286000
1792,9714000,50106000,274000
1793,9203000,49494000,282000
1794,9626000,50427000,278000
1795,9606000,49975000,290000
1796,9639000,50038000,282000
1797,9549000,49905000,290000
1798,9571000,50027000,278000
1799,9616000,50041000,294000
1800,9646000,50034000,286000
1801,9622000,49971000,282000
1802,9439000,49822000,274000
1803,9623000,50180000,278000
1804,9310000,49690000,282000
1805,9625000,50311000,282000
1806,9462000,49841000,274000
1807,9095000,49630000,278000
1808,9610000,50519000,282000
1809,9627000,50013000,290000
1810,9556000,49933000,278000
1811,9571000,50011000,278000
1812,9617000,50049000,270000
1813,9577000,49957000,274000
1814,9570000,49997000,266000
1815,9586000,50012000,282000
1816,9628000,50045000,282000
1817,9657000,50026000,282000
1818,9560000,49906000,270000
1819,9739000,50176000,274000
1820,9561000,49826000,282000
1821,9598000,50033000,278000
1822,9632000,50037000,278000
1823,9608000,49973000,278000
1824,9645000,50041000,282000
1825,9553000,49904000,286000
1826,9797000,50248000,274000
1827,9228000,49427000,282000
1828,9583000,50358000,274000
1829,9554000,49968000,282000
1830,9731000,50181000,282000
1831,9569000,49834000,290000
1832,9534000,49969000,282000
1833,9507000,49969000,274000
1834,9404000,49901000,278000
1835,9496000,50087000,286000
1836,9473000,49982000,266000
1837,9506000,50029000,290000
1838,9543000,50041000,286000
1839,9104000,49556000,282000
1840,9504000,50405000,282000
1841,9515000,50006000,286000
1842,9085000,49575000,266000
1843,9662000,50572000,278000
1844,10547000,50889000,282000
1845,9594000,49044000,282000
1846,9643000,50053000,274000
1847,9599000,49952000,290000
1848,9306000,49711000,278000
1849,9678000,50368000,290000
1850,9502000,49828000,278000
1851,9543000,50037000,286000
1852,9505000,49966000,270000
1853,9551000,50041000,278000
1854,9515000,49969000,282000
1855,9547000,50028000,286000
1856,9538000,49995000,270000
1857,9570000,50027000,286000
1858,9662000,50096000,278000
1859,9432000,49775000,294000
1860,9540000,50104000,262000
1861,9520000,49975000,282000
1862,9196000,49681000,282000
1863,9521000,50320000,278000
1864,9543000,50027000,286000
1865,9457000,49909000,286000
1866,9486000,50033000,278000
1867,9118000,49629000,278000
1868,9140000,50025000,278000
1869,9523000,50379000,286000
1870,9501000,49983000,278000
1871,9542000,50036000,286000
1872,9097000,49560000,278000
1873,9190000,50089000,286000
1874,9515000,50329000,278000
1875,9538000,50019000,286000
1876,9521000,49987000,274000
1877,9135000,49610000,282000
1878,9539000,50408000,270000
1879,9485000,49942000,282000
1880,9457000,49976000,278000
1881,9489000,50028000,290000
1882,9523000,50038000,282000
1883,9500000,49973000,286000
1884,9456000,49960000,286000
1885,9500000,50040000,294000
1886,9466000,49969000,282000
1887,9436000,49967000,290000
1888,9066000,49633000,278000
1889,9513000,50444000,286000
1890,9477000,49968000,282000
1891,9528000,50047000,286000
1892,9486000,49962000,282000
1893,9454000,49964000,290000
1894,9494000,50043000,282000
1895,9551000,50053000,278000
1896,9701000,50155000,270000
1897,9334000,49628000,278000
1898,9564000,50235000,282000
1899,9533000,49965000,290000
1900,9511000,49982000,270000
1901,9547000,50031000,278000
1902,9018000,49475000,274000
1903,8852000,49831000,282000
1904,9540000,50692000,274000
1905,9485000,49941000,290000
1906,9597000,50116000,266000
1907,9549000,49948000,286000
1908,9547000,50001000,282000
1909,9496000,49946000,286000
1910,9532000,50040000,278000
1911,9564000,50028000,282000
1912,9551000,49991000,282000
1913,8881000,49326000,286000
1914,9464000,50587000,286000
1915,9507000,50039000,290000
1916,9552000,50049000,274000
1917,10491000,50935000,290000
1918,10660000,50172000,278000
1919,9447000,48783000,290000
1920,9494000,50052000,274000
1921,9550000,50052000,278000
1922,9504000,49958000,274000
1923,9268000,49759000,290000
1924,9504000,50241000,266000
1925,9551000,50043000,290000
1926,9511000,49964000,274000
1927,8864000,49349000,282000
1928,9503000,50643000,282000
1929,9703000,50195000,282000
1930,9516000,49818000,282000
1931,9549000,50029000,294000
1932,9522000,49977000,282000
1933,9697000,50170000,290000
1934,9449000,49756000,282000
1935,10532000,51080000,290000
1936,9454000,48926000,278000
1937,9148000,49690000,286000
1938,9214000,50070000,278000
1939,9169000,49951000,286000
1940,9481000,50316000,274000
1941,10544000,51058000,294000
1942,9495000,48956000,286000
1943,9447000,49947000,278000
1944,9696000,50253000,278000
1945,9590000,49891000,290000
1946,9567000,49981000,278000
1947,9654000,50083000,290000
1948,9496000,49846000,274000
1949,9545000,50045000,282000
1950,9280000,49738000,278000
1951,9464000,50181000,282000
1952,9511000,50051000,278000
1953,9897000,50382000,290000
1954,9580000,49687000,278000
1955,9561000,49977000,290000
1956,9521000,49963000,274000
1957,10194000,50669000,290000
1958,10497000,50308000,278000
1959,9513000,49012000,290000
1960,10168000,50659000,282000
1961,9504000,49332000,286000
1962,8980000,49480000,286000
1963,9639000,50655000,290000
1964,9472000,49837000,278000
1965,9507000,50031000,282000
1966,10653000,51150000,278000
1967,10489000,49832000,282000
1968,10451000,49965000,282000
1969,9505000,49051000,290000
1970,10466000,50964000,270000
1971,10488000,50027000,290000
1972,10070000,49577000,282000
1973,9458000,49384000,286000
1974,9508000,50055000,274000
1975,10507000,50995000,286000
1976,10553000,50049000,286000
1977,10097000,49541000,290000
1978,10418000,50325000,278000
1979,10442000,50020000,286000
1980,10418000,49980000,278000
1981,9418000,48996000,282000
1982,10428000,51014000,270000
1983,10380000,49948000,294000
1984,10005000,49629000,282000
1985,10476000,50467000,282000
1986,10436000,49964000,286000
1987,9997000,49557000,282000
1988,10503000,50510000,286000
1989,10279000,49771000,278000
1990,9608000,49333000,274000
1991,9512000,49900000,282000
1992,10446000,50939000,278000
1993,9881000,49431000,290000
1994,10182000,50304000,278000
1995,10496000,50311000,282000
1996,10453000,49960000,278000
1997,10426000,49970000,278000
1998,10533000,50111000,270000
1999,10569000,50032000,286000
2000,10459000,49894000,278000
2001,9464000,49000000,282000
2002,10621000,51161000,282000
2003,9469000,48845000,282000
2004,10487000,51021000,282000
2005,9127000,48637000,290000
2006,9460000,50337000,278000
2007,9481000,50017000,286000
2008,10221000,50743000,282000
2009,10449000,50225000,294000
2010,10171000,49726000,278000
2011,10458000,50283000,286000
2012,10440000,49985000,278000
2013,10460000,50017000,290000
2014,9262000,48806000,278000
2015,10466000,51200000,278000
2016,10450000,49988000,278000
2017,9227000,48772000,282000
2018,10443000,51221000,278000
2019,9260000,48813000,278000
2020,10448000,51192000,278000
2021,9117000,48665000,282000
2022,9976000,50863000,274000
2023,10513000,50533000,286000
2024,10455000,49946000,282000
2025,10445000,49985000,290000
2026,10460000,50020000,278000
2027,9059000,48595000,286000
2028,10420000,51365000,266000
2029,10026000,49601000,274000
2030,10481000,50459000,274000
2031,10447000,49963000,286000
2032,9441000,48997000,270000
2033,9897000,50453000,290000
2034,10438000,50545000,278000
2035,10454000,50011000,282000
2036,10651000,50202000,282000
2037,10050000,49395000,290000
2038,10444000,50398000,286000
2039,9436000,48988000,286000
2040,10583000,51151000,286000
2041,10403000,49824000,294000
2042,10177000,49770000,278000
2043,10414000,50233000,290000
2044,10444000,50034000,286000
2045,10412000,49964000,294000
2046,10445000,50037000,278000
2047,9872000,49423000,286000
2048,10454000,50586000,278000
2049,10080000,49621000,294000
2050,10404000,50329000,278000
2051,10511000,50103000,290000
2052,10461000,49954000,286000
2053,10521000,50056000,290000
2054,10471000,49954000,274000
2055,10178000,49702000,290000
2056,10546000,50373000,282000
2057,10258000,49708000,282000
2058,10417000,50162000,282000
2059,10393000,49973000,290000
2060,10431000,50042000,278000
2061,10463000,50027000,282000
2062,10440000,49982000,270000
2063,10404000,49960000,286000
2064,10355000,49955000,282000
2065,10408000,50049000,282000
2066,10450000,50046000,282000
2067,10473000,50018000,286000
2068,10451000,49983000,278000
2069,10334000,49878000,282000
2070,10327000,49997000,282000
2071,10417000,50086000,286000
2072,10386000,49973000,278000
2073,9872000,49483000,286000
2074,10682000,50814000,278000
2075,10433000,49754000,286000
2076,10602000,50166000,286000
2077,10089000,49483000,282000
2078,10474000,50388000,274000
2079,10443000,49966000,290000
2080,10411000,49972000,286000
2081,10445000,50030000,286000
2082,9941000,49500000,266000
2083,10195000,50250000,290000
2084,10416000,50225000,282000
2085,10470000,50049000,282000
2086,10419000,49953000,282000
2087,10468000,50046000,290000
2088,10358000,49894000,270000
2089,10211000,49849000,278000
2090,10017000,49810000,286000
2091,10484000,50463000,286000
2092,10026000,49545000,282000
2093,10490000,50460000,274000
2094,10437000,49952000,286000
2095,9860000,49419000,274000
2096,9544000,49688000,286000
2097,10348000,50799000,282000
2098,10386000,50042000,274000
2099,10430000,50041000,286000
2100,10066000,49639000,286000
2101,10571000,50501000,278000
2102,10334000,49768000,270000
2103,10018000,49679000,282000
2104,10148000,50135000,274000
2105,10365000,50213000,294000
2106,10418000,50057000,282000
2107,9891000,49469000,290000
2108,10420000,50533000,282000
2109,10384000,49960000,282000
2110,10344000,49964000,278000
2111,10039000,49690000,294000
2112,10080000,50046000,278000
2113,10048000,49963000,282000
2114,10351000,50307000,278000
2115,9989000,49634000,282000
2116,9876000,49892000,278000
2117,9801000,49921000,282000
2118,10446000,50649000,274000
2119,10485000,50035000,286000
2120,10511000,50029000,282000
2121,10505000,49991000,286000
2122,10521000,50019000,274000
2123,10431000,49906000,294000
2124,9971000,49544000,270000
2125,10430000,50456000,274000
2126,10190000,49764000,270000
2127,10005000,49811000,290000
2128,10123000,50121000,278000
2129,10444000,50318000,282000
2130,9852000,49412000,278000
2131,10374000,50518000,286000
2132,10422000,50052000,270000
2133,10511000,50085000,282000
2134,10430000,49922000,282000
2135,10454000,50021000,286000
2136,10431000,49980000,282000
2137,10387000,49952000,290000
2138,10445000,50063000,278000
2139,10404000,49954000,286000
2140,10360000,49960000,278000
2141,10458000,50095000,294000
2142,10018000,49563000,286000
2143,10464000,50443000,290000
2144,10446000,49986000,278000
2145,10411000,49960000,286000
2146,10364000,49958000,278000
2147,10169000,49800000,286000
2148,10377000,50213000,278000
2149,10353000,49972000,294000
2150,10452000,50103000,278000
2151,10098000,49642000,290000
2152,10115000,50020000,286000
2153,10095000,49976000,290000
2154,9913000,49823000,282000
2155,10656000,50739000,286000
2156,10415000,49763000,278000
2157,10442000,50023000,290000
2158,10414000,49976000,286000
2159,10376000,49958000,286000
2160,10418000,50046000,274000
2161,10181000,49759000,282000
2162,10346000,50168000,286000
2163,10388000,50039000,286000
2164,10368000,49984000,278000
2165,10458000,50086000,290000
2166,10640000,50185000,282000
2167,9843000,49207000,278000
2168,10375000,50529000,274000
2169,10470000,50090000,282000
2170,10106000,49641000,282000
2171,10335000,50225000,282000
2172,10400000,50069000,278000
2173,10560000,50156000,298000
2174,10178000,49622000,282000
2175,10428000,50246000,290000
2176,10381000,49956000,274000
2177,10156000,49772000,278000
2178,10397000,50245000,282000
2179,9949000,49547000,290000
2180,10329000,50385000,282000
2181,10455000,50122000,282000
2182,10407000,49956000,270000
2183,10178000,49767000,282000
2184,10336000,50162000,282000
2185,9909000,49569000,286000
2186,10001000,50096000,278000
2187,10391000,50386000,290000
2188,9949000,49561000,270000
2189,10674000,50722000,294000
2190,10094000,49424000,266000
2191,10320000,50222000,290000
2192,10092000,49776000,274000
2193,10056000,49960000,286000
2194,10026000,49973000,274000
2195,10408000,50378000,282000
2196,10380000,49977000,282000
2197,9997000,49613000,290000
2198,10046000,50053000,278000
2199,10346000,50295000,282000
2200,10525000,50184000,286000
2201,10343000,49814000,294000
2202,9927000,49588000,282000
2203,10634000,50703000,290000
2204,10332000,49702000,278000
2205,10362000,50025000,282000
2206,10400000,50043000,278000
2207,10298000,49893000,282000
2208,10411000,50118000,286000
2209,10373000,49957000,286000
2210,10071000,49703000,278000
2211,10038000,49963000,290000
2212,10415000,50381000,286000
2213,10392000,49973000,290000
2214,10282000,49894000,274000
2215,10415000,50129000,286000
2216,10172000,49761000,274000
2217,10127000,49951000,290000
2218,10301000,50177000,270000
2219,10339000,50035000,286000
2220,10168000,49833000,274000
2221,10495000,50322000,282000
2222,10385000,49894000,270000
2223,10482000,50093000,286000
2224,10105000,49628000,282000
2225,10428000,50318000,282000
2226,10457000,50034000,278000
2227,9868000,49407000,294000
2228,10684000,50819000,286000
2229,10508000,49821000,286000
2230,10472000,49967000,278000
2231,10508000,50032000,278000
2232,10495000,49991000,266000
2233,10363000,49864000,294000
2234,10472000,50122000,278000
2235,10449000,49965000,282000
2236,10432000,49986000,274000
2237,10179000,49744000,282000
2238,10555000,50380000,278000
2239,10115000,49555000,290000
2240,10427000,50317000,278000
2241,10534000,50103000,282000
2242,10500000,49970000,282000
2243,10333000,49829000,282000
2244,10436000,50106000,286000
2245,10001000,49562000,278000
2246,10451000,50454000,266000
2247,10487000,50031000,282000
2248,10578000,50096000,286000
2249,10702000,50119000,278000
2250,10441000,49743000,274000
2251,10218000,49773000,282000
2252,10450000,50237000,278000
2253,10521000,50066000,282000
2254,10530000,50014000,278000
2255,10496000,49962000,278000
2256,10461000,49969000,270000
2257,10508000,50042000,290000
2258,10401000,49898000,278000
2259,10443000,50038000,278000
2260,10418000,49979000,274000
2261,10105000,49682000,278000
2262,10086000,49985000,282000
2263,10380000,50290000,278000
2264,10352000,49976000,286000
2265,10311000,49956000,282000
2266,10366000,50059000,286000
2267,10119000,49748000,290000
2268,10366000,50252000,270000
2269,10326000,49956000,290000
2270,10298000,49976000,266000
2271,10197000,49894000,286000
2272,10171000,49979000,282000
2273,10411000,50236000,290000
2274,10367000,49960000,270000
2275,10339000,49967000,286000
2276,10450000,50115000,266000
2277,10431000,49978000,286000
2278,10382000,49955000,278000
2279,10374000,49988000,278000
2280,10313000,49943000,282000
2281,10367000,50049000,286000
2282,10194000,49832000,266000
2283,10523000,50324000,290000
2284,10320000,49810000,282000
2285,10373000,50041000,278000
2286,10416000,50046000,278000
2287,10298000,49878000,286000
2288,10074000,49780000,274000
2289,10588000,50511000,290000
2290,10005000,49421000,286000
2291,10382000,50373000,294000
2292,10009000,49631000,282000
2293,9901000,49888000,286000
2294,10440000,50542000,282000
2295,10331000,49888000,278000
2296,10038000,49711000,282000
2297,10408000,50365000,286000
2298,10374000,49970000,282000
2299,10346000,49968000,282000
2300,10390000,50048000,274000
2301,10559000,50166000,278000
2302,10389000,49834000,274000
2303,10349000,49955000,274000
2304,10245000,49901000,286000
2305,10009000,49760000,294000
2306,10054000,50049000,278000
2307,10290000,50232000,286000
2308,10470000,50184000,278000
2309,10308000,49834000,290000
2310,10333000,50028000,274000
2311,10241000,49905000,290000
2312,10270000,50033000,286000
2313,10319000,50045000,290000
2314,10613000,50298000,278000
2315,10115000,49498000,286000
2316,10276000,50165000,282000
2317,10330000,50050000,282000
2318,10355000,50028000,278000
2319,10400000,50042000,286000
2320,10564000,50168000,274000
2321,10320000,49752000,286000
2322,9949000,49632000,286000
2323,10267000,50315000,282000
2324,10297000,50034000,278000
2325,9989000,49687000,286000
2326,10320000,50335000,282000
2327,10271000,49947000,286000
2328,10535000,50269000,270000
2329,10072000,49533000,290000
2330,10136000,50067000,274000
2331,10278000,50138000,286000
2332,10404000,50130000,278000
2333,10364000,49957000,278000
2334,10422000,50062000,274000
2335,10366000,49939000,282000
2336,10407000,50046000,274000
2337,10367000,49956000,294000
2338,10335000,49972000,278000
2339,10107000,49768000,286000
2340,10341000,50237000,274000
2341,10387000,50042000,294000
2342,10428000,50046000,270000
2343,10128000,49695000,290000
2344,10426000,50303000,282000
2345,10331000,49901000,290000
2346,10291000,49964000,282000
2347,9723000,49427000,294000
2348,10362000,50644000,282000
2349,10422000,50056000,286000
2350,9815000,49396000,282000
2351,10410000,50592000,294000
2352,10516000,50110000,282000
2353,10071000,49551000,290000
2354,10382000,50315000,282000
2355,10081000,49695000,286000
2356,10318000,50241000,278000
2357,10082000,49760000,282000
2358,10332000,50253000,278000
2359,10361000,50026000,282000
2360,10418000,50061000,278000
2361,10225000,49803000,290000
2362,10338000,50117000,282000
2363,10179000,49837000,286000
2364,10357000,50181000,274000
2365,10377000,50017000,278000
2366,10357000,49984000,274000
2367,10113000,49752000,282000
2368,10281000,50172000,270000
2369,10261000,49976000,282000
2370,9872000,49615000,278000
2371,10324000,50448000,270000
2372,10354000,50033000,286000
2373,10077000,49720000,274000
2374,10313000,50240000,266000
2375,10339000,50021000,294000
2376,10299000,49965000,278000
2377,10353000,50050000,282000
2378,10308000,49959000,274000
2379,10423000,50110000,290000
2380,10306000,49896000,278000
2381,10303000,49984000,286000
2382,9905000,49607000,278000
2383,9953000,50044000,274000
2384,10328000,50379000,274000
2385,10292000,49960000,282000
2386,10338000,50050000,266000
2387,10026000,49683000,290000
2388,10131000,50110000,282000
2389,10513000,50377000,286000
2390,10075000,49567000,282000
2391,9967000,49887000,286000
2392,10285000,50322000,266000
2393,10592000,50304000,282000
2394,10439000,49851000,270000
2395,10257000,49814000,286000
2396,10569000,50316000,286000
2397,10396000,49823000,294000
2398,10302000,49910000,278000
2399,10334000,50028000,274000
2400,10372000,50042000,274000
2401,10332000,49956000,290000
2402,10581000,50253000,270000
2403,10204000,49619000,290000
2404,10317000,50117000,266000
2405,10285000,49964000,282000
2406,10380000,50099000,278000
2407,9891000,49507000,274000
2408,10538000,50651000,274000
2409,10292000,49750000,290000
2410,10321000,50033000,286000
2411,10376000,50051000,286000
2412,10327000,49955000,282000
2413,10380000,50049000,286000
2414,10324000,49948000,282000
2415,10296000,49968000,290000
2416,10498000,50205000,270000
2417,10302000,49800000,286000
2418,10421000,50123000,278000
2419,10261000,49837000,274000
2420,10279000,50022000,274000
2421,10185000,49902000,290000
2422,10366000,50184000,282000
2423,10334000,49964000,274000
2424,10238000,49909000,270000
2425,10266000,50024000,290000
2426,10231000,49977000,274000
2427,10267000,50024000,290000
2428,10457000,50193000,286000
2429,10483000,50023000,294000
2430,10110000,49631000,282000
2431,10278000,50164000,278000
2432,10390000,50115000,282000
2433,10287000,49894000,282000
2434,10265000,49982000,278000
2435,10089000,49819000,290000
2436,10322000,50238000,286000
2437,10294000,49968000,290000
2438,10328000,50037000,286000
2439,10244000,49913000,286000
2440,10333000,50093000,282000
2441,10184000,49847000,286000
2442,9934000,49754000,282000
2443,10314000,50376000,294000
2444,10348000,50037000,278000
2445,10266000,49914000,290000
2446,10557000,50296000,282000
2447,10412000,49850000,286000
2448,10358000,49951000,278000
2449,10400000,50037000,290000
2450,10364000,49969000,270000
2451,10267000,49899000,286000
2452,10443000,50179000,278000
2453,10415000,49969000,290000
2454,9827000,49415000,282000
2455,10414000,50584000,294000
2456,10457000,50047000,282000
2457,10622000,50160000,294000
2458,10273000,49656000,270000
2459,10288000,50011000,286000
2460,10404000,50119000,282000
2461,10093000,49686000,286000
2462,10413000,50324000,274000
2463,10360000,49943000,294000
2464,10273000,49916000,266000
2465,10362000,50085000,278000
2466,10342000,49985000,278000
2467,9677000,49331000,294000
2468,10282000,50609000,270000
2469,10377000,50090000,290000
2470,10436000,50064000,270000
2471,10333000,49893000,286000
2472,10358000,50029000,278000
2473,10056000,49693000,290000
2474,10222000,50171000,282000
2475,9940000,49714000,278000
2476,10231000,50295000,274000
2477,10337000,50101000,294000
2478,10233000,49901000,282000
2479,10351000,50114000,290000
2480,10306000,49959000,266000
2481,10005000,49695000,278000
2482,10385000,50384000,278000
2483,10353000,49964000,279000
2484,10528000,50179000,286000
2485,10354000,49822000,290000
2486,10469000,50118000,282000
2487,10504000,50032000,286000
2488,10487000,49987000,286000
2489,10362000,49871000,290000
2490,10487000,50129000,270000
2491,10241000,49750000,286000
2492,10087000,49850000,274000
2493,10443000,50351000,282000
2494,10496000,50058000,282000
2495,10112000,49611000,286000
2496,10510000,50402000,282000
2497,10043000,49529000,290000
2498,10503000,50465000,286000
2499,10116000,49608000,294000
2500,10435000,50324000,282000
2501,10193000,49754000,290000
2502,10026000,49836000,282000
2503,10480000,50451000,286000
2504,10513000,50036000,274000
2505,10549000,50032000,290000
2506,10447000,49902000,274000
2507,10488000,50038000,290000
2508,10448000,49964000,270000
2509,10437000,49985000,278000
2510,10050000,49617000,270000
2511,10507000,50453000,286000
2512,10322000,49818000,274000
2513,10244000,49919000,282000
2514,10534000,50294000,274000
2515,10181000,49643000,278000
2516,10401000,50223000,282000
2517,10525000,50121000,298000
2518,10491000,49970000,278000
2519,10525000,50030000,282000
2520,10556000,50035000,282000
2521,10196000,49636000,294000
2522,10503000,50311000,270000
2523,10531000,50024000,286000
2524,10571000,50044000,278000
2525,10537000,49961000,282000
2526,10444000,49912000,270000
2527,9917000,49469000,286000
2528,10367000,50453000,270000
2529,10334000,49964000,278000
2530,10397000,50067000,262000
2531,10422000,50021000,286000
2532,10265000,49847000,270000
2533,10345000,50076000,286000
2534,10408000,50067000,282000
2535,10359000,49946000,282000
2536,10127000,49772000,270000
2537,10360000,50230000,278000
2538,10349000,49992000,266000
2539,10292000,49940000,290000
2540,10273000,49985000,266000
2541,10375000,50097000,278000
2542,10339000,49969000,274000
2543,10372000,50029000,278000
2544,10274000,49906000,266000
2545,10316000,50038000,278000
2546,10280000,49968000,278000
2547,10076000,49792000,266000
2548,10351000,50279000,270000
2549,10331000,49976000,286000
2550,10291000,49964000,278000
2551,10353000,50058000,274000
2552,10362000,50013000,282000
2553,10073000,49707000,274000
2554,9744000,49675000,278000
2555,10127000,50379000,286000
2556,10315000,50192000,266000
2557,10341000,50021000,290000
2558,10039000,49702000,274000
2559,10346000,50304000,286000
2560,10046000,49704000,274000
2561,10086000,50036000,286000
2562,10054000,49972000,278000
2563,10009000,49951000,282000
2564,10338000,50332000,282000
2565,10362000,50021000,286000
2566,10338000,49980000,282000
2567,10360000,50017000,286000
2568,10422000,50067000,286000
2569,9671000,49245000,290000
2570,10281000,50614000,278000
2571,10317000,50032000,278000
2572,10281000,49968000,278000
2573,10314000,50029000,286000
2574,10352000,50042000,282000
2575,10316000,49959000,278000
2576,10365000,50054000,270000
2577,10282000,49913000,274000
2578,10363000,50084000,278000
2579,10342000,49976000,286000
2580,10302000,49964000,270000
2581,10083000,49777000,290000
2582,10228000,50149000,270000
2583,10345000,50113000,286000
2584,10313000,49972000,278000
2585,10287000,49969000,294000
2586,10311000,50029000,278000
2587,9872000,49557000,286000
2588,10249000,50381000,286000
2589,10288000,50035000,286000
2590,10404000,50120000,278000
2591,10359000,49951000,282000
2592,10327000,49972000,278000
2593,10022000,49690000,290000
2594,9797000,49780000,282000
2595,10304000,50503000,282000
2596,10346000,50045000,278000
2597,10375000,50026000,282000
2598,10360000,49989000,278000
2599,9831000,49466000,286000
2600,10356000,50530000,286000
2601,10047000,49686000,290000
2602,10371000,50329000,282000
2603,10334000,49959000,278000
2604,10363000,50033000,278000
2605,9984000,49617000,294000
2606,10365000,50385000,282000
2607,9989000,49619000,286000
2608,10301000,50316000,278000
2609,10342000,50038000,294000
2610,10314000,49976000,274000
2611,10295000,49977000,286000
2612,10248000,49956000,282000
2613,10030000,49778000,274000
2614,10317000,50292000,274000
2615,10238000,49917000,286000
2616,10326000,50092000,282000
2617,10306000,49976000,282000
2618,10332000,50030000,278000
2619,10373000,50037000,286000
2620,10270000,49900000,282000
2621,10178000,49905000,290000
2622,9723000,49548000,278000
2623,10239000,50512000,286000
2624,10207000,49972000,278000
2625,10189000,49979000,282000
2626,10357000,50172000,270000
2627,10049000,49688000,286000
2628,10034000,49989000,286000
2629,10327000,50288000,290000
2630,10299000,49976000,278000
2631,10266000,49964000,290000
2632,10046000,49784000,278000
2633,10198000,50148000,286000
2634,9693000,49499000,278000
2635,10414000,50717000,290000
2636,10248000,49837000,274000
2637,10207000,49956000,286000
2638,10313000,50109000,278000
2639,10350000,50034000,282000
2640,10251000,49905000,278000
2641,10310000,50055000,282000
2642,10327000,50021000,278000
2643,10372000,50041000,290000
2644,10269000,49900000,278000
2645,10317000,50045000,278000
2646,10487000,50174000,278000
2647,9891000,49399000,286000
2648,10278000,50392000,274000
2649,10320000,50038000,294000
2650,10153000,49837000,278000
2651,10404000,50247000,286000
2652,10354000,49954000,278000
2653,10322000,49964000,290000
2654,10286000,49968000,282000
2655,10396000,50105000,290000
2656,10296000,49904000,274000
2657,10265000,49965000,290000
2658,10318000,50057000,278000
2659,10001000,49680000,282000
2660,10306000,50309000,282000
2661,10274000,49964000,290000
2662,10325000,50054000,282000
2663,10341000,50013000,282000
2664,10321000,49984000,286000
2665,10354000,50029000,282000
2666,10347000,49997000,270000
2667,10360000,50008000,286000
2668,10328000,49973000,282000
2669,10357000,50025000,286000
2670,10270000,49917000,274000
2671,10301000,50027000,286000
2672,10418000,50121000,274000
2673,10303000,49880000,286000
2674,9727000,49429000,266000
2675,10329000,50597000,282000
2676,10342000,50018000,286000
2677,10325000,49979000,290000
2678,10282000,49961000,282000
2679,10420000,50134000,286000
2680,10223000,49807000,282000
2681,9856000,49629000,282000
2682,9814000,49962000,282000
2683,10347000,50528000,286000
2684,10294000,49952000,278000
2685,10479000,50181000,294000
2686,10431000,49956000,274000
2687,10553000,50117000,286000
2688,10312000,49764000,270000
2689,10346000,50029000,290000
2690,10526000,50185000,274000
2691,10343000,49813000,286000
2692,10070000,49731000,282000
2693,10291000,50217000,282000
2694,10333000,50045000,278000
2695,10297000,49960000,278000
2696,10283000,49991000,282000
2697,10234000,49947000,290000
2698,10277000,50047000,282000
2699,10178000,49897000,282000
2700,10026000,49851000,270000
2701,10519000,50490000,290000
2702,10346000,49831000,278000
2703,10322000,49972000,278000
2704,10287000,49968000,270000
2705,10323000,50033000,286000
2706,10361000,50042000,282000
2707,9789000,49424000,282000
2708,10097000,50311000,282000
2709,10283000,50183000,274000
2710,10314000,50035000,270000
2711,10356000,50037000,282000
2712,9823000,49471000,274000
2713,10293000,50467000,282000
2714,9615000,49326000,282000
2715,10289000,50670000,290000
2716,10315000,50029000,274000
2717,10219000,49900000,286000
2718,9980000,49766000,270000
2719,10220000,50236000,286000
2720,10191000,49974000,286000
2721,10363000,50169000,294000
2722,10211000,49852000,270000
2723,10026000,49810000,286000
2724,10418000,50397000,278000
2725,10232000,49810000,282000
2726,10229000,50001000,274000
2727,10261000,50027000,282000
2728,10363000,50107000,278000
2729,10257000,49890000,294000
2730,9957000,49703000,278000
2731,10186000,50226000,282000
2732,9961000,49779000,274000
2733,10206000,50241000,282000
2734,10290000,50088000,282000
2735,10204000,49910000,290000
2736,10171000,49971000,282000
2737,10199000,50024000,294000
2738,10241000,50045000,278000
2739,10097000,49853000,286000
2740,10184000,50091000,286000
2741,10508000,50320000,290000
2742,9910000,49405000,278000
2743,9891000,49978000,278000
2744,9772000,49885000,282000
2745,10029000,50253000,282000
2746,10196000,50170000,278000
2747,9906000,49706000,290000
2748,9860000,49959000,278000
2749,10300000,50435000,294000
2750,10196000,49900000,274000
2751,9965000,49766000,290000
2752,10555000,50594000,278000
2753,10313000,49754000,290000
2754,9860000,49559000,282000
2755,10050000,50178000,282000
2756,10034000,49988000,278000
2757,10190000,50152000,290000
2758,10225000,50039000,274000
2759,10060000,49831000,290000
2760,10249000,50193000,278000
2761,10468000,50215000,282000
2762,10378000,49913000,270000
2763,10200000,49819000,290000
2764,10191000,49995000,282000
2765,10351000,50156000,274000
2766,10243000,49896000,286000
2767,9731000,49484000,290000
2768,9976000,50249000,282000
2769,10154000,50174000,282000
2770,10194000,50044000,274000
2771,10177000,49979000,282000
2772,10196000,50023000,278000
2773,10189000,49988000,278000
2774,10201000,50017000,282000
2775,10046000,49841000,278000
2776,10001000,49959000,282000
2777,10196000,50191000,290000
2778,10206000,50014000,274000
2779,10188000,49978000,294000
2780,10501000,50317000,278000
2781,10190000,49684000,286000
2782,9953000,49767000,274000
2783,10330000,50374000,282000
2784,10222000,49896000,286000
2785,10192000,49966000,290000
2786,10172000,49983000,274000
2787,10067000,49892000,290000
2788,10245000,50182000,282000
2789,10209000,49960000,282000
2790,10327000,50122000,270000
2791,10282000,49951000,274000
2792,10613000,50335000,274000
2793,10001000,49392000,290000
2794,9506000,49500000,286000
2795,10217000,50708000,290000
2796,10272000,50058000,286000
2797,10568000,50293000,282000
2798,10320000,49756000,282000
2799,10172000,49848000,278000
2800,10270000,50102000,282000
2801,10445000,50171000,290000
2802,9931000,49489000,282000
2803,10267000,50333000,290000
2804,10275000,50012000,282000
2805,10265000,49986000,278000
2806,10284000,50023000,278000
2807,10271000,49982000,286000
2808,10234000,49967000,270000
2809,10267000,50030000,282000
2810,10169000,49906000,282000
2811,10080000,49906000,286000
2812,10179000,50104000,282000
2813,10334000,50150000,294000
2814,10179000,49850000,286000
2815,10339000,50156000,286000
2816,10184000,49849000,270000
2817,10279000,50091000,286000
2818,10250000,49975000,282000
2819,9940000,49686000,290000
2820,10131000,50195000,286000
2821,10437000,50302000,290000
2822,10200000,49767000,282000
2823,10357000,50152000,290000
2824,10278000,49925000,286000
2825,10362000,50081000,286000
2826,10213000,49854000,274000
2827,9752000,49536000,290000
2828,10215000,50467000,282000
2829,10178000,49958000,286000
2830,10219000,50046000,266000
2831,10182000,49959000,286000
2832,10217000,50039000,278000
2833,9980000,49759000,282000
2834,9666000,49689000,278000
2835,10407000,50738000,278000
2836,10092000,49689000,278000
2837,10214000,50118000,290000
2838,10179000,49969000,282000
2839,10201000,50018000,286000
2840,10178000,49980000,278000
2841,10157000,49976000,294000
2842,10261000,50108000,262000
2843,10288000,50022000,282000
2844,10262000,49978000,274000
2845,9944000,49678000,282000
2846,10265000,50326000,282000
2847,10152000,49883000,286000
2848,10265000,50117000,286000
2849,10228000,49959000,286000
2850,10198000,49974000,286000
2851,10177000,49975000,294000
2852,10210000,50036000,274000
2853,10180000,49966000,278000
2854,10172000,49997000,278000
2855,10261000,50085000,274000
2856,10358000,50100000,278000
2857,10258000,49897000,282000
2858,10231000,49976000,282000
2859,9781000,49546000,278000
2860,10227000,50451000,282000
2861,10267000,50036000,278000
2862,9815000,49551000,278000
2863,10268000,50449000,286000
2864,10172000,49909000,282000
2865,10273000,50097000,290000
2866,10307000,50038000,282000
2867,10341000,50029000,286000
2868,10241000,49905000,286000
2869,10285000,50039000,286000
2870,10314000,50034000,286000
2871,10239000,49921000,278000
2872,10319000,50084000,282000
2873,10223000,49900000,290000
2874,9700000,49481000,282000
2875,10187000,50483000,286000
2876,10199000,50016000,270000
2877,10180000,49976000,290000
2878,10202000,50027000,278000
2879,10240000,50034000,286000
2880,10139000,49903000,282000
2881,10109000,49965000,282000
2882,10209000,50105000,286000
2883,9980000,49767000,286000
2884,10171000,50195000,274000
2885,10198000,50023000,282000
2886,10172000,49978000,286000
2887,9635000,49459000,278000
2888,10188000,50556000,278000
2889,10123000,49932000,290000
2890,10307000,50187000,282000
2891,10344000,50034000,282000
2892,10124000,49784000,282000
2893,10342000,50213000,290000
2894,10313000,49976000,274000
2895,10278000,49960000,286000
2896,10315000,50042000,282000
2897,10283000,49964000,290000
2898,10316000,50037000,282000
2899,10358000,50038000,290000
2900,10206000,49852000,266000
2901,10314000,50104000,286000
2902,10272000,49961000,274000
2903,10244000,49968000,286000
2904,10139000,49900000,282000
2905,10191000,50047000,294000
2906,10139000,49953000,286000
2907,10187000,50043000,290000
2908,10147000,49965000,286000
2909,10128000,49976000,294000
2910,10216000,50092000,282000
2911,10392000,50172000,290000
2912,10281000,49902000,274000
2913,9698000,49404000,278000
2914,9949000,50255000,286000
2915,9915000,49971000,290000
2916,10385000,50466000,270000
2917,10269000,49880000,294000
2918,10195000,49929000,274000
2919,10205000,50007000,290000
2920,10265000,50064000,270000
2921,10013000,49744000,286000
2922,9922000,49912000,278000
2923,10278000,50353000,286000
2924,10123000,49849000,286000
2925,10154000,50027000,286000
2926,10131000,49981000,286000
2927,10169000,50034000,282000
2928,10132000,49966000,278000
2929,10513000,50378000,290000
2930,10196000,49687000,278000
2931,10242000,50042000,282000
2932,10205000,49967000,278000
2933,9768000,49559000,294000
2934,10199000,50435000,270000
2935,10266000,50063000,290000
2936,10212000,49950000,270000
2937,10194000,49978000,290000
2938,10285000,50094000,278000
2939,10128000,49848000,290000
2940,10172000,50040000,270000
2941,10480000,50303000,298000
2942,10287000,49820000,274000
2943,10155000,49856000,290000
2944,10171000,50020000,278000
2945,10143000,49967000,282000
2946,10111000,49973000,282000
2947,9521000,49406000,278000
2948,10190000,50672000,278000
2949,10158000,49965000,286000
2950,10127000,49973000,282000
2951,10172000,50041000,286000
2952,10148000,49980000,278000
2953,10092000,49939000,282000
2954,9365000,49278000,286000
2955,10173000,50803000,290000
2956,10290000,50122000,274000
2957,10243000,49948000,286000
2958,10423000,50185000,270000
2959,10170000,49750000,294000
2960,10216000,50042000,274000
2961,10115000,49895000,286000
2962,10285000,50175000,282000
2963,10194000,49905000,278000
2964,10219000,50028000,286000
2965,10267000,50045000,286000
2966,10100000,49837000,282000
2967,10208000,50103000,286000
2968,10301000,50098000,282000
2969,10222000,49917000,282000
2970,10454000,50235000,278000
2971,10215000,49757000,286000
2972,10107000,49897000,270000
2973,10233000,50122000,286000
2974,10186000,49957000,282000
2975,10178000,49988000,282000
2976,10265000,50091000,282000
2977,10215000,49946000,290000
2978,10197000,49986000,286000
2979,9953000,49752000,286000
2980,10206000,50257000,278000
2981,10242000,50032000,286000
2982,9949000,49710000,278000
2983,10244000,50292000,290000
2984,10165000,49925000,278000
2985,10120000,49951000,282000
2986,10172000,50056000,282000
2987,10119000,49942000,282000
2988,10168000,50054000,278000
2989,10119000,49946000,290000
2990,10182000,50068000,282000
2991,10197000,50011000,294000
2992,10229000,50035000,282000
2993,10203000,49970000,290000
2994,9752000,49554000,270000
2995,10274000,50518000,286000
2996,10039000,49768000,282000
2997,10147000,50105000,290000
2998,10109000,49966000,278000
2999,10362000,50249000,282000
3000,10186000,49828000,278000
3001,10178000,49987000,290000
3002,10123000,49950000,270000
3003,10180000,50052000,290000
3004,10202000,50027000,270000
3005,10104000,49898000,278000
3006,10131000,50031000,282000
3007,9633000,49498000,282000
3008,10139000,50510000,282000
3009,10178000,50034000,294000
3010,10145000,49971000,286000
3011,10117000,49969000,290000
3012,10152000,50039000,278000
3013,10186000,50030000,286000
3014,10168000,49986000,282000
3015,10123000,49951000,290000
3016,10182000,50063000,274000
3017,10135000,49949000,282000
3018,10105000,49974000,274000
3019,10131000,50022000,282000
3020,10123000,49996000,274000
3021,10132000,50004000,282000
3022,10185000,50058000,282000
3023,10147000,49958000,286000
3024,10198000,50055000,274000
3025,10082000,49879000,282000
3026,10115000,50037000,278000
3027,10360000,50242000,286000
3028,10123000,49767000,286000
3029,10169000,50042000,290000
3030,9909000,49752000,286000
3031,10178000,50257000,294000
3032,10200000,50025000,278000
3033,10116000,49921000,286000
3034,9928000,49807000,274000
3035,10181000,50258000,286000
3036,10069000,49891000,282000
3037,10131000,50051000,286000
3038,10222000,50094000,274000
3039,10123000,49897000,282000
3040,9593000,49475000,278000
3041,10266000,50668000,290000
3042,9668000,49407000,282000
3043,10061000,50389000,286000
3044,10294000,50237000,278000
3045,10204000,49906000,290000
3046,10235000,50035000,274000
3047,10264000,50032000,282000
3048,10253000,49994000,278000
3049,10205000,49940000,290000
3050,10191000,49998000,282000
3051,10210000,50007000,290000
3052,10408000,50202000,278000
3053,10212000,49807000,282000
3054,10271000,50055000,282000
3055,10229000,49955000,286000
3056,10207000,49982000,278000
3057,10234000,50023000,290000
3058,10139000,49909000,282000
3059,9895000,49752000,290000
3060,10204000,50313000,274000
3061,10308000,50099000,282000
3062,10081000,49778000,282000
3063,10244000,50158000,294000
3064,10168000,49929000,274000
3065,10267000,50095000,282000
3066,10224000,49961000,282000
3067,9864000,49636000,290000
3068,10172000,50312000,278000
3069,10207000,50031000,290000
3070,10235000,50032000,274000
3071,10294000,50054000,286000
3072,10178000,49888000,278000
3073,10428000,50247000,290000
3074,10238000,49813000,282000
3075,9940000,49699000,282000
3076,10184000,50248000,282000
3077,10158000,49970000,286000
3078,10269000,50115000,274000
3079,10217000,49943000,294000
3080,10272000,50059000,282000
3081,10290000,50015000,290000
3082,10418000,50132000,282000
3083,10231000,49809000,290000
3084,10290000,50063000,282000
3085,10233000,49938000,290000
3086,10229000,50000000,262000
3087,10247000,50015000,290000
3088,10231000,49988000,278000
3089,10181000,49945000,286000
3090,10220000,50043000,278000
3091,10194000,49971000,286000
3092,10169000,49978000,286000
3093,10191000,50019000,286000
3094,10222000,50035000,278000
3095,10268000,50041000,294000
3096,10179000,49915000,266000
3097,10158000,49976000,286000
3098,10246000,50091000,266000
3099,10217000,49967000,278000
3100,9905000,49693000,270000
3101,10216000,50306000,286000
3102,9852000,49641000,270000
3103,10232000,50375000,286000
3104,10119000,49892000,282000
3105,10310000,50187000,282000
3106,10322000,50016000,282000
3107,10219000,49900000,294000
3108,10271000,50049000,274000
3109,10232000,49957000,282000
3110,10135000,49907000,278000
3111,9823000,49683000,294000
3112,10139000,50321000,282000
3113,10188000,50045000,286000
3114,10224000,50040000,274000
3115,10185000,49957000,286000
3116,10224000,50043000,278000
3117,10258000,50030000,294000
3118,9905000,49651000,270000
3119,10266000,50357000,286000
3120,10235000,49973000,278000
3121,10267000,50028000,290000
3122,10384000,50120000,274000
3123,9705000,49318000,286000
3124,10379000,50678000,290000
3125,10206000,49823000,282000
3126,10184000,49982000,274000
3127,9655000,49467000,294000
3128,10198000,50546000,266000
3129,10225000,50023000,282000
3130,10187000,49966000,270000
3131,10178000,49988000,286000
3132,10200000,50026000,270000
3133,10034000,49829000,286000
3134,10198000,50169000,286000
3135,9980000,49778000,290000
3136,10271000,50295000,278000
3137,10180000,49905000,278000
3138,10206000,50030000,270000
3139,9842000,49632000,278000
3140,10212000,50374000,278000
3141,10258000,50041000,282000
3142,10217000,49964000,274000
3143,10115000,49893000,278000
3144,10095000,49984000,278000
3145,10057000,49959000,286000
3146,10179000,50125000,274000
3147,10056000,49873000,282000
3148,10119000,50067000,282000
3149,10139000,50017000,286000
3150,10269000,50134000,266000
3151,9993000,49728000,286000
3152,10131000,50134000,278000
3153,10153000,50018000,286000
3154,10127000,49977000,270000
3155,9735000,49605000,278000
3156,10190000,50459000,282000
3157,10223000,50029000,290000
3158,10058000,49838000,278000
3159,10100000,50039000,286000
3160,10064000,49968000,286000
3161,10371000,50303000,286000
3162,9860000,49493000,286000
3163,10257000,50393000,290000
3164,10279000,50026000,282000
3165,10267000,49984000,294000
3166,10212000,49949000,270000
3167,10194000,49978000,290000
3168,10168000,49978000,278000
3169,10209000,50037000,290000
3170,10172000,49967000,274000
3171,10273000,50096000,286000
3172,10225000,49956000,278000
3173,10203000,49974000,282000
3174,10179000,49981000,278000
3175,10139000,49956000,286000
3176,10107000,49972000,278000
3177,10139000,50028000,278000
3178,10207000,50071000,270000
3179,10150000,49940000,290000
3180,10190000,50044000,282000
3181,10214000,50020000,286000
3182,10210000,49999000,286000
3183,10092000,49879000,290000
3184,10206000,50117000,286000
3185,10246000,50037000,278000
3186,10210000,49968000,274000
3187,9682000,49467000,286000
3188,10202000,50525000,278000
3189,10245000,50038000,290000
3190,10141000,49901000,286000
3191,10179000,50034000,286000
3192,10165000,49990000,278000
3193,10179000,50010000,290000
3194,9593000,49418000,278000
3195,10210000,50613000,290000
3196,10172000,49966000,278000
3197,10419000,50243000,294000
3198,10364000,49949000,274000
3199,10210000,49842000,290000
3200,9961000,49755000,274000
3201,10211000,50246000,286000
3202,10178000,49971000,282000
3203,9876000,49694000,278000
3204,10179000,50307000,286000
3205,10426000,50243000,286000
3206,10265000,49842000,270000
3207,10157000,49889000,278000
3208,10198000,50045000,274000
3209,10220000,50018000,294000
3210,10199000,49983000,274000
3211,10179000,49976000,286000
3212,10211000,50036000,278000
3213,10178000,49962000,282000
3214,10207000,50034000,278000
3215,10178000,49967000,290000
3216,10226000,50051000,278000
3217,9971000,49741000,290000
3218,9819000,49852000,270000
3219,10186000,50364000,290000
3220,10236000,50054000,282000
3221,10059000,49818000,290000
3222,10022000,49967000,286000
3223,10203000,50178000,286000
3224,10171000,49972000,286000
3225,10131000,49956000,282000
3226,10240000,50112000,270000
3227,9944000,49701000,290000
3228,10379000,50438000,282000
3229,10155000,49773000,286000
3230,10119000,49967000,270000
3231,10290000,50168000,290000
3232,10126000,49840000,278000
3233,10179000,50049000,290000
3234,10194000,50019000,282000
3235,9607000,49409000,282000
3236,10062000,50458000,282000
3237,10178000,50112000,282000
3238,10136000,49962000,278000
3239,10178000,50039000,286000
3240,10147000,49973000,278000
3241,10110000,49958000,294000
3242,10217000,50112000,278000
3243,10191000,49970000,286000
3244,9815000,49627000,278000
3245,10043000,50224000,286000
3246,10106000,50067000,278000
3247,9632000,49522000,290000
3248,10102000,50474000,282000
3249,10061000,49956000,286000
3250,10120000,50063000,278000
3251,10143000,50019000,282000
3252,10317000,50177000,286000
3253,10072000,49752000,290000
3254,10042000,49974000,282000
3255,10278000,50232000,286000
3256,10042000,49768000,282000
3257,10013000,49967000,290000
3258,10051000,50041000,274000
3259,10038000,49984000,282000
3260,10056000,50022000,270000
3261,10029000,49969000,282000
3262,10058000,50032000,286000
3263,10050000,49989000,286000
3264,10072000,50025000,282000
3265,10043000,49967000,290000
3266,10001000,49963000,278000
3267,10196000,50191000,294000
3268,10152000,49959000,278000
3269,10119000,49963000,286000
3270,10165000,50050000,278000
3271,10186000,50018000,294000
3272,9953000,49770000,282000
3273,10127000,50171000,286000
3274,10179000,50056000,274000
3275,9642000,49458000,286000
3276,9623000,49985000,286000
3277,10068000,50441000,286000
3278,10113000,50050000,282000
3279,10142000,50025000,286000
3280,10197000,50058000,286000
3281,10211000,50011000,290000
3282,9850000,49643000,282000
3283,10088000,50234000,290000
3284,10203000,50119000,282000
3285,10169000,49961000,294000
3286,10204000,50040000,270000
3287,10172000,49964000,290000
3288,10131000,49963000,282000
3289,10103000,49968000,290000
3290,9997000,49898000,286000
3291,10043000,50041000,290000
3292,10001000,49963000,282000
3293,10132000,50126000,282000
3294,10078000,49951000,282000
3295,9634000,49552000,290000
3296,9660000,50030000,282000
3297,10136000,50472000,290000
3298,10172000,50040000,274000
3299,10069000,49893000,286000
3300,9891000,49825000,278000
3301,10135000,50241000,290000
3302,10301000,50169000,274000
3303,10139000,49835000,286000
3304,10110000,49975000,278000
3305,10074000,49960000,290000
3306,10181000,50111000,274000
3307,9594000,49408000,282000
3308,10325000,50735000,274000
3309,10088000,49760000,286000
3310,10136000,50052000,274000
3311,10169000,50029000,294000
3312,10127000,49962000,278000
3313,10169000,50038000,286000
3314,10148000,49983000,282000
3315,9823000,49670000,294000
3316,10143000,50325000,282000
3317,10106000,49959000,290000
3318,10206000,50104000,282000
3319,10027000,49824000,286000
3320,10013000,49983000,278000
3321,10043000,50025000,290000
3322,9735000,49697000,278000
3323,10272000,50532000,290000
3324,10022000,49754000,282000
3325,9997000,49972000,282000
3326,10179000,50185000,274000
3327,10209000,50027000,286000
3328,10106000,49900000,274000
3329,10146000,50037000,286000
3330,10115000,49972000,270000
3331,10088000,49970000,282000
3332,10117000,50032000,274000
3333,10280000,50160000,290000
3334,9840000,49564000,286000
3335,10156000,50311000,278000
3336,10050000,49899000,282000
3337,10177000,50122000,282000
3338,10058000,49885000,282000
3339,10097000,50035000,286000
3340,10271000,50179000,270000
3341,10102000,49827000,286000
3342,9872000,49774000,274000
3343,10315000,50439000,286000
3344,10092000,49781000,282000
3345,10117000,50020000,278000
3346,10093000,49980000,278000
3347,10111000,50014000,290000
3348,10104000,49997000,274000
3349,10131000,50023000,278000
3350,10292000,50166000,270000
3351,10266000,49970000,294000
3352,10297000,50043000,278000
3353,10127000,49818000,286000
3354,9975000,49852000,270000
3355,9997000,50018000,294000
3356,10104000,50110000,286000
3357,10169000,50062000,286000
3358,10317000,50152000,278000
3359,10289000,49968000,294000
3360,10115000,49829000,286000
3361,10178000,50059000,286000
3362,10328000,50154000,278000
3363,9823000,49491000,290000
3364,10135000,50317000,274000
3365,10117000,49978000,282000
3366,10281000,50167000,274000
3367,9756000,49472000,286000
3368,10131000,50379000,286000
3369,10111000,49976000,282000
3370,10083000,49976000,270000
3371,10110000,50022000,290000
3372,10168000,50063000,274000
3373,10111000,49938000,290000
3374,10179000,50072000,270000
3375,10123000,49941000,282000
3376,10177000,50058000,274000
3377,10131000,49950000,278000
3378,10322000,50194000,278000
3379,10127000,49810000,286000
3380,10115000,49984000,286000
3381,10140000,50021000,290000
3382,10186000,50049000,278000
3383,10143000,49954000,282000
3384,10118000,49979000,282000
3385,10169000,50047000,286000
3386,10123000,49958000,262000
3387,10087000,49960000,286000
3388,10123000,50040000,270000
3389,10180000,50052000,286000
3390,10127000,49952000,286000
3391,10188000,50057000,282000
3392,10066000,49882000,270000
3393,10306000,50236000,282000
3394,10139000,49837000,270000
3395,9989000,49845000,282000
3396,10150000,50166000,278000
3397,10123000,49968000,282000
3398,10152000,50034000,278000
3399,10056000,49899000,282000
3400,9872000,49821000,282000
3401,10055000,50179000,290000
3402,9815000,49763000,274000
3403,10135000,50317000,286000
3404,10115000,49984000,274000
3405,10140000,50020000,282000
3406,10120000,49984000,274000
3407,10133000,50009000,282000
3408,10127000,49998000,274000
3409,10343000,50213000,286000
3410,10058000,49719000,266000
3411,10169000,50106000,274000
3412,10063000,49899000,286000
3413,10088000,50021000,282000
3414,10055000,49971000,266000
3415,10097000,50038000,282000
3416,10061000,49968000,274000
3417,10094000,50029000,294000
3418,10067000,49977000,282000
3419,10108000,50036000,290000
3420,9934000,49830000,270000
3421,10060000,50123000,286000
3422,10427000,50371000,278000
3423,10123000,49691000,278000
3424,10087000,49969000,274000
3425,10140000,50049000,282000
3426,10172000,50036000,274000
3427,9366000,49190000,270000
3428,10172000,50810000,278000
3429,10148000,49972000,278000
3430,10107000,49962000,278000
3431,10135000,50025000,286000
3432,10038000,49907000,274000
3433,9793000,49751000,294000
3434,10039000,50249000,270000
3435,10078000,50036000,294000
3436,10063000,49989000,274000
3437,10088000,50020000,282000
3438,10005000,49922000,274000
3439,10013000,50004000,278000
3440,10062000,50052000,282000
3441,10094000,50029000,286000
3442,10141000,50050000,270000
3443,10107000,49963000,286000
3444,10076000,49972000,274000
3445,10043000,49963000,274000
3446,10009000,49971000,282000
3447,10034000,50021000,286000
3448,10079000,50048000,282000
3449,10043000,49960000,290000
3450,10092000,50054000,274000
3451,10047000,49951000,294000
3452,10289000,50246000,274000
3453,10274000,49981000,290000
3454,10235000,49965000,278000
3455,10087000,49848000,278000
3456,10034000,49951000,278000
3457,10212000,50174000,282000
3458,10234000,50025000,274000
3459,10102000,49865000,274000
3460,9901000,49803000,286000
3461,10017000,50112000,286000
3462,9692000,49678000,282000
3463,10084000,50389000,278000
3464,10054000,49974000,278000
3465,10089000,50031000,282000
3466,10053000,49968000,286000
3467,10091000,50034000,290000
3468,10063000,49975000,282000
3469,10038000,49972000,278000
3470,10076000,50042000,282000
3471,10110000,50030000,286000
3472,10017000,49911000,274000
3473,10116000,50094000,278000
3474,10091000,49980000,282000
3475,10047000,49951000,286000
3476,10030000,49987000,278000
3477,10050000,50017000,286000
3478,10098000,50052000,286000
3479,10053000,49951000,278000
3480,10095000,50046000,278000
3481,10075000,49976000,274000
3482,10245000,50174000,274000
3483,10065000,49816000,294000
3484,10111000,50049000,274000
3485,10030000,49915000,274000
3486,10034000,50009000,286000
3487,9667000,49629000,290000
3488,10047000,50384000,286000
3489,10178000,50127000,290000
3490,10053000,49878000,286000
3491,10034000,49977000,286000
3492,10058000,50028000,282000
3493,9684000,49623000,282000
3494,9448000,49768000,274000
3495,10242000,50789000,286000
3496,10073000,49836000,278000
3497,10034000,49957000,290000
3498,10013000,49983000,270000
3499,10048000,50030000,282000
3500,9949000,49905000,270000
3501,10048000,50095000,270000
3502,10030000,49987000,278000
3503,9984000,49950000,278000
3504,10030000,50049000,274000
3505,10054000,50020000,286000
3506,9901000,49852000,286000
3507,9997000,50092000,286000
3508,10050000,50057000,274000
3509,10070000,50016000,290000
3510,9777000,49710000,274000
3511,10075000,50295000,282000
3512,10117000,50046000,282000
3513,10077000,49955000,282000
3514,9494000,49422000,282000
3515,9526000,50027000,290000
3516,10056000,50535000,278000
3517,10099000,50039000,282000
3518,10066000,49970000,270000
3519,10038000,49969000,294000
3520,9636000,49602000,278000
3521,9906000,50265000,286000
3522,9504000,49603000,286000
3523,9989000,50480000,290000
3524,10009000,50025000,278000
3525,9696000,49683000,290000
3526,10013000,50321000,266000
3527,9488000,49471000,282000
3528,10013000,50529000,278000
3529,10060000,50043000,282000
3530,9809000,49753000,266000
3531,10065000,50252000,286000
3532,10225000,50164000,282000
3533,10061000,49832000,286000
3534,9434000,49377000,262000
3535,9860000,50422000,290000
3536,10059000,50202000,270000
3537,10001000,49939000,282000
3538,10046000,50049000,282000
3539,10009000,49959000,290000
3540,9781000,49775000,278000
3541,10017000,50233000,282000
3542,10061000,50048000,278000
3543,10022000,49956000,282000
3544,10062000,50044000,278000
3545,10105000,50040000,286000
3546,10066000,49965000,274000
3547,9475000,49405000,290000
3548,9928000,50456000,278000
3549,9980000,50049000,282000
3550,10092000,50116000,270000
3551,9984000,49888000,282000
3552,10082000,50101000,274000
3553,10132000,50046000,278000
3554,9662000,49535000,274000
3555,9507000,49841000,282000
3556,10089000,50585000,286000
3557,10078000,49985000,282000
3558,10102000,50029000,282000
3559,10070000,49964000,282000
3560,9961000,49895000,286000
3561,10067000,50102000,294000
3562,10116000,50053000,270000
3563,10156000,50036000,282000
3564,10052000,49900000,270000
3565,10152000,50096000,294000
3566,10127000,49979000,282000
3567,10087000,49956000,294000
3568,10057000,49974000,274000
3569,10093000,50031000,282000
3570,10148000,50060000,274000
3571,10026000,49873000,294000
3572,10001000,49980000,278000
3573,9962000,49956000,290000
3574,10168000,50211000,282000
3575,10039000,49866000,282000
3576,9794000,49759000,286000
3577,10043000,50245000,282000
3578,10009000,49971000,286000
3579,10053000,50040000,286000
3580,10088000,50039000,274000
3581,10062000,49969000,282000
3582,9748000,49691000,274000
3583,10074000,50322000,294000
3584,10102000,50032000,282000
3585,10001000,49895000,294000
3586,10039000,50041000,278000
3587,10017000,49975000,286000
3588,10051000,50038000,278000
3589,10089000,50034000,282000
3590,10042000,49957000,278000
3591,10091000,50045000,286000
3592,10054000,49967000,282000
3593,10084000,50026000,286000
3594,9566000,49486000,274000
3595,9461000,49891000,294000
3596,9993000,50535000,274000
3597,10102000,50106000,286000
3598,10075000,49977000,282000
3599,10104000,50024000,290000
3600,9739000,49640000,286000
3601,10114000,50370000,286000
3602,10090000,49980000,282000
3603,10049000,49956000,290000
3604,10108000,50063000,278000
3605,10051000,49939000,290000
3606,9953000,49905000,282000
3607,9563000,49606000,290000
3608,9953000,50394000,282000
3609,9923000,49966000,294000
3610,9961000,50043000,278000
3611,9993000,50027000,294000
3612,9980000,49992000,270000
3613,10142000,50157000,290000
3614,9984000,49847000,258000
3615,9661000,49673000,278000
3616,9976000,50319000,278000
3617,9962000,49981000,286000
3618,9984000,50027000,270000
3619,9957000,49969000,290000
3620,9980000,50027000,286000
3621,10046000,50062000,286000
3622,9917000,49875000,274000
3623,9895000,49974000,294000
3624,10014000,50122000,270000
3625,9957000,49940000,286000
3626,10001000,50048000,278000
3627,9976000,49971000,282000
3628,9940000,49968000,274000
3629,9901000,49957000,290000
3630,10034000,50137000,278000
3631,9980000,49942000,282000
3632,10229000,50253000,278000
3633,9927000,49693000,286000
3634,9422000,49500000,274000
3635,9511000,50085000,282000
3636,9899000,50391000,286000
3637,9940000,50038000,282000
3638,9976000,50040000,278000
3639,9935000,49955000,282000
3640,9976000,50045000,282000
3641,9864000,49884000,286000
3642,9688000,49828000,282000
3643,10022000,50329000,282000
3644,9910000,49892000,274000
3645,9957000,50044000,286000
3646,9971000,50017000,274000
3647,9962000,49987000,278000
3648,9922000,49964000,274000
3649,9971000,50045000,286000
3650,9997000,50031000,278000
3651,9980000,49979000,294000
3652,9943000,49967000,278000
3653,9906000,49958000,294000
3654,10009000,50108000,278000
3655,10054000,50041000,282000
3656,10010000,49959000,286000
3657,10048000,50035000,286000
3658,10022000,49977000,278000
3659,9989000,49963000,282000
3660,10034000,50050000,274000
3661,9993000,49954000,294000
3662,9971000,49982000,278000
3663,9934000,49960000,278000
3664,9984000,50054000,282000
3665,10005000,50017000,286000
3666,10126000,50125000,274000
3667,9522000,49392000,278000
3668,9922000,50403000,270000
3669,9961000,50036000,274000
3670,9922000,49964000,278000
3671,9881000,49956000,286000
3672,9932000,50055000,266000
3673,10030000,50094000,278000
3674,10005000,49979000,270000
3675,9267000,49257000,286000
3676,10066000,50803000,274000
3677,10111000,50041000,286000
3678,9443000,49336000,282000
3679,10123000,50676000,278000
3680,10013000,49895000,274000
3681,10061000,50044000,286000
3682,9530000,49473000,274000
3683,9568000,50033000,294000
3684,10026000,50462000,270000
3685,9993000,49964000,286000
3686,9815000,49825000,286000
3687,10076000,50258000,282000
3688,10030000,49958000,278000
3689,10066000,50032000,290000
3690,9756000,49694000,274000
3691,9936000,50176000,282000
3692,9989000,50056000,262000
3693,10009000,50017000,290000
3694,9719000,49713000,282000
3695,10017000,50295000,282000
3696,10061000,50048000,282000
3697,9881000,49816000,294000
3698,9582000,49705000,282000
3699,10034000,50448000,286000
3700,10005000,49975000,282000
3701,9957000,49948000,294000
3702,9525000,49572000,278000
3703,9971000,50441000,286000
3704,9941000,49974000,282000
3705,9897000,49953000,286000
3706,9943000,50049000,286000
3707,9913000,49967000,286000
3708,9885000,49976000,274000
3709,10060000,50170000,294000
3710,10089000,50034000,278000
3711,9938000,49845000,290000
3712,9885000,49951000,282000
3713,9939000,50049000,278000
3714,9891000,49956000,282000
3715,9386000,49492000,294000
3716,9900000,50517000,274000
3717,10146000,50243000,282000
3718,9976000,49834000,274000
3719,10026000,50045000,282000
3720,9560000,49538000,274000
3721,10014000,50450000,294000
3722,10054000,50045000,282000
3723,10026000,49967000,290000
3724,9917000,49896000,286000
3725,9891000,49970000,286000
3726,10070000,50183000,274000
3727,9476000,49401000,290000
3728,10096000,50625000,278000
3729,10039000,49938000,282000
3730,10017000,49983000,274000
3731,10043000,50021000,290000
3732,10038000,49999000,274000
3733,9976000,49935000,294000
3734,10026000,50061000,274000
3735,10061000,50023000,286000
3736,9764000,49708000,274000
3737,9985000,50224000,282000
3738,10026000,50037000,274000
3739,9985000,49963000,294000
3740,9891000,49910000,282000
3741,10001000,50099000,294000
3742,10039000,50041000,278000
3743,9940000,49898000,274000
3744,9905000,49969000,286000
3745,10026000,50116000,290000
3746,10121000,50099000,274000
3747,9667000,49551000,290000
3748,9993000,50321000,278000
3749,10043000,50046000,286000
3750,9993000,49954000,278000
3751,10030000,50042000,286000
3752,10265000,50239000,282000
3753,9708000,49431000,278000
3754,10068000,50371000,278000
3755,9330000,49251000,286000
3756,10001000,50675000,286000
3757,9901000,49904000,286000
3758,9890000,49984000,270000
3759,9918000,50024000,274000
3760,9876000,49963000,278000
3761,10059000,50179000,290000
3762,9752000,49697000,282000
3763,9922000,50166000,294000
3764,10038000,50120000,282000
3765,9793000,49751000,270000
3766,10051000,50262000,278000
3767,10001000,49946000,282000
3768,9901000,49904000,278000
3769,9939000,50034000,286000
3770,9993000,50057000,274000
3771,10083000,50087000,290000
3772,9980000,49901000,274000
3773,9945000,49960000,286000
3774,9504000,49564000,274000
3775,9957000,50449000,286000
3776,9981000,50027000,278000
3777,9962000,49977000,290000
3778,10005000,50048000,274000
3779,9913000,49904000,290000
3780,10009000,50100000,282000
3781,10046000,50033000,286000
3782,10009000,49967000,274000
3783,10061000,50048000,290000
3784,10165000,50107000,278000
3785,9635000,49466000,294000
3786,10017000,50387000,282000
3787,9440000,49418000,290000
3788,9532000,50097000,274000
3789,9927000,50391000,290000
3790,9949000,50025000,278000
3791,10001000,50049000,290000
3792,10034000,50037000,278000
3793,9727000,49688000,282000
3794,10062000,50340000,266000
3795,9376000,49310000,286000
3796,9922000,50549000,282000
3797,9872000,49947000,294000
3798,10055000,50187000,282000
3799,9957000,49898000,278000
3800,10074000,50121000,286000
3801,9886000,49808000,294000
3802,9510000,49628000,278000
3803,9598000,50084000,286000
3804,10064000,50469000,282000
3805,10039000,49971000,286000
3806,10013000,49979000,274000
3807,9971000,49953000,294000
3808,9944000,49977000,282000
3809,10050000,50103000,290000
3810,10022000,49975000,278000
3811,9925000,49900000,290000
3812,10230000,50308000,270000
3813,10021000,49788000,274000
3814,10022000,50004000,274000
3815,10009000,49984000,286000
3816,9967000,49961000,266000
3817,10017000,50047000,290000
3818,10039000,50025000,270000
3819,10017000,49975000,282000
3820,10048000,50035000,270000
3821,9945000,49892000,282000
3822,9623000,49682000,286000
3823,9949000,50322000,290000
3824,9913000,49969000,282000
3825,9743000,49826000,290000
3826,10010000,50270000,266000
3827,9671000,49658000,294000
3828,9518000,49851000,278000
3829,10030000,50508000,290000
3830,10005000,49979000,274000
3831,10048000,50038000,282000
3832,10013000,49970000,282000
3833,9980000,49963000,282000
3834,10042000,50066000,270000
3835,9353000,49307000,286000
3836,10026000,50676000,266000
3837,9984000,49955000,290000
3838,10026000,50045000,278000
3839,10061000,50032000,290000
3840,10030000,49973000,282000
3841,9924000,49890000,286000
3842,10034000,50114000,274000
3843,9739000,49701000,286000
3844,9971000,50235000,282000
3845,10017000,50043000,286000
3846,9961000,49948000,278000
3847,9680000,49715000,278000
3848,9976000,50300000,282000
3849,10038000,50057000,274000
3850,9976000,49943000,282000
3851,9957000,49977000,286000
3852,10127000,50174000,282000
3853,9962000,49830000,282000
3854,10202000,50245000,282000
3855,9966000,49760000,290000
3856,9997000,50035000,278000
3857,10034000,50033000,282000
3858,10009000,49979000,282000
3859,9906000,49892000,286000
3860,10026000,50124000,282000
3861,9910000,49880000,286000
3862,10026000,50120000,278000
3863,9980000,49951000,294000
3864,10038000,50062000,286000
3865,9993000,49950000,290000
3866,9961000,49973000,266000
3867,9644000,49679000,278000
3868,9895000,50254000,282000
3869,9645000,49747000,290000
3870,10046000,50405000,266000
3871,9940000,49890000,286000
3872,9976000,50040000,282000
3873,10009000,50029000,286000
3874,9910000,49904000,274000
3875,9327000,49413000,286000
3876,9910000,50587000,282000
3877,10038000,50125000,290000
3878,9989000,49954000,278000
3879,10034000,50041000,290000
3880,10207000,50178000,278000
3881,10058000,49847000,278000
3882,9576000,49522000,274000
3883,9980000,50400000,290000
3884,10005000,50029000,286000
3885,9619000,49610000,282000
3886,9872000,50257000,274000
3887,10257000,50381000,286000
3888,9805000,49552000,278000
3889,9839000,50029000,290000
3890,9967000,50132000,270000
3891,9918000,49947000,286000
3892,9971000,50057000,274000
3893,9993000,50018000,286000
3894,10193000,50205000,270000
3895,9932000,49734000,282000
3896,10116000,50189000,286000
3897,9945000,49824000,282000
3898,9848000,49908000,282000
3899,9940000,50088000,294000
3900,9976000,50040000,282000
3901,9454000,49474000,290000
3902,10131000,50681000,270000
3903,9664000,49528000,294000
3904,9997000,50338000,278000
3905,9953000,49952000,286000
3906,10009000,50060000,266000
3907,9352000,49339000,282000
3908,9932000,50584000,282000
3909,9980000,50044000,282000
3910,9735000,49759000,274000
3911,9993000,50253000,286000
3912,9943000,49955000,282000
3913,9703000,49756000,290000
3914,9949000,50249000,270000
3915,9516000,49564000,286000
3916,10022000,50509000,282000
3917,9997000,49972000,286000
3918,10034000,50041000,274000
3919,9997000,49959000,282000
3920,9543000,49550000,286000
3921,10001000,50454000,286000
3922,9976000,49979000,278000
3923,10009000,50029000,286000
3924,9989000,49983000,286000
3925,10017000,50025000,278000
3926,9984000,49971000,286000
3927,9949000,49960000,286000
3928,9516000,49572000,282000
3929,9945000,50424000,290000
3930,9997000,50057000,282000
3931,9957000,49956000,290000
3932,9997000,50044000,282000
3933,9967000,49965000,290000
3934,9933000,49971000,286000
3935,9967000,50029000,290000
3936,9943000,49980000,278000
3937,9980000,50034000,274000
3938,10013000,50037000,274000
3939,9918000,49900000,294000
3940,9957000,50043000,270000
3941,9940000,49980000,282000
3942,9529000,49592000,282000
3943,10001000,50469000,286000
3944,9961000,49964000,270000
3945,10017000,50052000,282000
3946,9961000,49948000,282000
3947,9945000,49979000,290000
3948,9971000,50030000,278000
3949,10005000,50031000,274000
3950,9838000,49837000,286000
3951,9940000,50097000,278000
3952,9976000,50041000,282000
3953,9953000,49973000,286000
3954,9997000,50048000,282000
3955,9662000,49660000,286000
3956,9447000,49790000,282000
3957,9949000,50497000,286000
3958,9937000,49993000,278000
3959,9962000,50020000,294000
3960,9949000,49991000,278000
3961,9976000,50023000,278000
3962,9949000,49977000,282000
3963,9976000,50024000,286000
3964,10154000,50182000,282000
3965,10122000,49964000,286000
3966,10090000,49972000,278000
3967,9222000,49127000,278000
3968,9949000,50731000,282000
3969,9997000,50045000,278000
3970,9961000,49968000,274000
3971,10021000,50056000,286000
3972,9961000,49944000,290000
3973,9945000,49979000,286000
3974,9905000,49965000,282000
3975,9895000,49986000,282000
3976,9976000,50085000,286000
3977,9953000,49973000,282000
3978,9976000,50027000,278000
3979,9971000,49990000,282000
3980,9302000,49336000,270000
3981,9953000,50647000,282000
3982,9927000,49978000,274000
3983,9266000,49334000,286000
3984,9993000,50731000,286000
3985,9967000,49970000,278000
3986,9939000,49977000,282000
3987,9901000,49958000,290000
3988,9880000,49983000,286000
3989,9976000,50092000,282000
3990,9949000,49976000,274000
3991,9976000,50024000,282000
3992,10184000,50212000,278000
3993,9923000,49734000,290000
3994,9271000,49353000,282000
3995,9639000,50363000,290000
3996,9844000,50210000,278000
3997,9785000,49936000,294000
3998,9756000,49976000,278000
3999,9864000,50104000,282000
4000,9905000,50045000,282000
4001,9801000,49892000,290000
4002,9623000,49826000,282000
4003,9748000,50121000,286000
4004,9852000,50108000,270000
4005,9897000,50041000,294000
4006,9917000,50024000,282000
4007,9897000,49976000,286000
4008,10135000,50242000,282000
4009,9841000,49701000,294000
4010,9649000,49812000,274000
4011,9976000,50324000,290000
4012,9936000,49964000,270000
4013,9897000,49957000,290000
4014,9868000,49975000,286000
4015,10046000,50174000,290000
4016,10013000,49971000,286000
4017,9913000,49896000,294000
4018,9957000,50048000,274000
4019,9923000,49962000,286000
4020,9904000,49984000,286000
4021,9997000,50090000,286000
4022,9910000,49916000,282000
4023,9931000,50018000,278000
4024,10042000,50115000,282000
4025,9801000,49755000,278000
4026,9917000,50120000,282000
4027,9247000,49325000,282000
4028,9435000,50193000,282000
4029,9949000,50509000,278000
4030,9922000,49977000,278000
4031,9953000,50028000,286000
4032,9989000,50039000,282000
4033,10030000,50038000,286000
4034,9515000,49489000,270000
4035,9980000,50461000,286000
4036,10078000,50102000,278000
4037,9976000,49894000,294000
4038,9651000,49678000,278000
4039,9993000,50338000,282000
4040,9942000,49954000,282000
4041,9984000,50038000,294000
4042,10022000,50041000,278000
4043,10071000,50046000,290000
4044,9949000,49881000,282000
4045,9856000,49904000,282000
4046,9957000,50105000,282000
4047,9926000,49965000,290000
4048,9889000,49967000,286000
4049,9939000,50046000,286000
4050,10178000,50243000,278000
4051,10005000,49823000,286000
4052,10046000,50045000,278000
4053,9939000,49888000,278000
4054,9286000,49352000,282000
4055,9949000,50658000,282000
4056,9937000,49992000,270000
4057,9957000,50017000,282000
4058,9932000,49979000,274000
4059,9535000,49599000,290000
4060,9944000,50413000,278000
4061,9957000,50009000,282000
4062,9442000,49488000,270000
4063,9971000,50525000,274000
4064,10084000,50117000,278000
4065,9976000,49889000,290000
4066,9943000,49971000,274000
4067,9918000,49970000,290000
4068,9876000,49963000,286000
4069,9940000,50060000,286000
4070,9876000,49940000,282000
4071,9925000,50045000,286000
4072,9885000,49964000,286000
4073,9589000,49699000,294000
4074,9891000,50307000,282000
4075,9868000,49973000,294000
4076,9900000,50036000,278000
4077,9940000,50036000,286000
4078,9342000,49406000,286000
4079,10078000,50731000,282000
4080,10261000,50188000,282000
4081,9876000,49611000,294000
4082,9913000,50041000,286000
4083,9876000,49959000,286000
4084,9997000,50125000,278000
4085,9967000,49965000,278000
4086,9940000,49978000,286000
4087,9543000,49599000,290000
4088,9880000,50341000,270000
4089,9831000,49947000,290000
4090,9885000,50058000,278000
4091,9910000,50020000,286000
4092,9885000,49980000,266000
4093,9842000,49953000,290000
4094,9880000,50042000,274000
4095,9851000,49967000,290000
4096,9819000,49971000,274000
4097,10058000,50235000,286000
4098,9895000,49842000,278000
4099,9886000,49987000,282000
4100,9756000,49874000,274000
4101,10147000,50387000,282000
4102,9901000,49758000,286000
4103,9957000,50052000,290000
4104,9905000,49952000,282000
4105,10095000,50185000,286000
4106,9905000,49815000,278000
4107,9966000,50056000,294000
4108,9917000,49956000,270000
4109,9957000,50036000,286000
4110,9922000,49968000,282000
4111,9961000,50036000,290000
4112,9928000,49970000,286000
4113,9962000,50030000,278000
4114,9934000,49976000,270000
4115,9967000,50030000,282000
4116,9529000,49565000,282000
4117,9976000,50444000,278000
4118,9944000,49972000,282000
4119,9772000,49824000,294000
4120,9971000,50203000,270000
4121,9984000,50009000,294000
4122,9544000,49564000,282000
4123,9980000,50432000,286000
4124,10050000,50074000,278000
4125,9993000,49938000,294000
4126,9895000,49906000,282000
4127,9933000,50035000,290000
4128,9836000,49907000,270000
4129,9868000,50028000,286000
4130,9901000,50037000,282000
4131,9957000,50052000,286000
4132,9768000,49815000,282000
4133,9891000,50119000,278000
4134,9848000,49961000,278000
4135,9967000,50115000,286000
4136,9723000,49759000,270000
4137,9906000,50179000,294000
4138,9643000,49742000,274000
4139,9906000,50258000,286000
4140,9864000,49963000,274000
4141,9910000,50041000,282000
4142,9731000,49826000,282000
4143,9910000,50174000,290000
4144,9524000,49618000,282000
4145,9909000,50382000,282000
4146,9819000,49913000,278000
4147,9563000,49741000,290000
4148,9546000,49986000,286000
4149,9852000,50303000,290000
4150,9905000,50057000,278000
4151,9860000,49951000,290000
4152,9844000,49988000,270000
4153,9868000,50020000,286000
4154,9852000,49988000,278000
4155,9735000,49879000,290000
4156,9505000,49774000,278000
4157,9881000,50372000,282000
4158,9558000,49681000,286000
4159,9526000,49963000,290000
4160,9844000,50323000,278000
4161,9814000,49966000,278000
4162,9860000,50050000,278000
4163,9556000,49692000,294000
4164,9988000,50436000,278000
4165,9764000,49772000,286000
4166,9872000,50112000,270000
4167,9851000,49974000,286000
4168,9797000,49951000,282000
4169,9851000,50050000,286000
4170,9810000,49963000,282000
4171,9860000,50046000,290000
4172,9810000,49954000,278000
4173,9856000,50042000,286000
4174,9823000,49970000,270000
4175,9785000,49958000,290000
4176,9819000,50039000,282000
4177,9860000,50037000,290000
4178,9891000,50034000,282000
4179,10001000,50107000,294000
4180,9851000,49853000,282000
4181,10009000,50155000,278000
4182,9430000,49425000,282000
4183,9814000,50380000,282000
4184,9789000,49979000,282000
4185,9600000,49807000,274000
4186,9856000,50260000,282000
4187,9819000,49958000,290000
4188,10081000,50267000,286000
4189,9897000,49812000,286000
4190,9856000,49963000,282000
4191,9686000,49826000,286000
4192,9940000,50257000,274000
4193,9688000,49744000,274000
4194,9374000,49691000,274000
4195,9350000,49972000,286000
4196,9805000,50459000,270000
4197,9723000,49913000,282000
4198,9880000,50162000,270000
4199,10206000,50322000,290000
4200,9590000,49396000,278000
4201,9876000,50274000,274000
4202,10102000,50230000,282000
4203,9868000,49762000,278000
4204,9545000,49681000,278000
4205,10169000,50620000,294000
4206,9410000,49245000,274000
4207,9527000,50113000,282000
4208,9764000,50241000,274000
4209,9805000,50037000,274000
4210,9980000,50179000,266000
4211,9809000,49825000,294000
4212,9852000,50047000,274000
4213,9819000,49962000,282000
4214,9794000,49979000,270000
4215,9831000,50033000,282000
4216,9868000,50042000,278000
4217,9764000,49892000,290000
4218,9404000,49644000,270000
4219,9772000,50364000,282000
4220,9815000,50046000,282000
4221,9980000,50162000,298000
4222,9961000,49985000,282000
4223,9776000,49811000,282000
4224,9810000,50038000,278000
4225,9635000,49821000,294000
4226,9823000,50191000,282000
4227,9644000,49818000,290000
4228,9612000,49972000,270000
4229,9801000,50185000,278000
4230,9760000,49963000,274000
4231,9743000,49979000,286000
4232,9764000,50025000,278000
4233,9805000,50037000,290000
4234,9841000,50040000,282000
4235,9823000,49977000,290000
4236,9781000,49962000,266000
4237,9756000,49972000,286000
4238,9225000,49472000,270000
4239,9844000,50616000,278000
4240,9781000,49940000,270000
4241,9823000,50038000,290000
4242,9372000,49554000,274000
4243,9827000,50450000,294000
4244,9864000,50042000,282000
4245,9835000,49967000,290000
4246,9815000,49983000,270000
4247,9845000,50027000,286000
4248,9764000,49923000,278000
4249,9785000,50016000,286000
4250,9819000,50038000,282000
4251,9917000,50095000,286000
4252,9764000,49851000,274000
4253,9993000,50224000,290000
4254,9827000,49838000,274000
4255,9798000,49967000,286000
4256,9839000,50046000,278000
4257,9801000,49958000,286000
4258,9343000,49545000,282000
4259,9457000,50111000,286000
4260,9842000,50389000,278000
4261,9395000,49549000,282000
4262,9844000,50453000,278000
4263,9896000,50048000,290000
4264,9794000,49901000,274000
4265,9906000,50108000,294000
4266,9856000,49955000,286000
4267,9283000,49422000,278000
4268,9369000,50091000,282000
4269,9424000,50051000,286000
4270,9868000,50448000,278000
4271,9844000,49972000,286000
4272,9454000,49614000,274000
4273,9501000,50042000,286000
4274,9810000,50314000,278000
4275,9852000,50037000,290000
4276,9819000,49971000,278000
4277,10001000,50179000,274000
4278,9842000,49845000,274000
4279,9860000,50014000,282000
4280,9834000,49978000,286000
4281,9370000,49532000,294000
4282,9852000,50486000,282000
4283,10083000,50227000,286000
4284,9909000,49838000,278000
4285,9658000,49737000,286000
4286,9797000,50143000,278000
4287,9887000,50086000,286000
4288,9856000,49973000,278000
4289,9881000,50021000,290000
4290,9852000,49975000,282000
4291,9541000,49685000,290000
4292,9852000,50315000,278000
4293,9819000,49962000,294000
4294,9370000,49556000,286000
4295,9852000,50478000,290000
4296,9939000,50091000,282000
4297,9909000,49966000,290000
4298,9876000,49971000,282000
4299,9856000,49976000,286000
4300,9400000,49548000,278000
4301,9856000,50452000,286000
4302,9461000,49609000,282000
4303,9801000,50336000,290000
4304,9827000,50029000,270000
4305,9798000,49967000,286000
4306,9473000,49679000,286000
4307,9798000,50321000,290000
4308,10039000,50245000,282000
4309,9731000,49689000,290000
4310,9838000,50111000,286000
4311,9872000,50030000,294000
4312,9785000,49917000,286000
4313,9814000,50025000,282000
4314,9852000,50042000,286000
4315,9814000,49958000,294000
4316,9377000,49567000,278000
4317,9823000,50441000,286000
4318,9864000,50046000,282000
4319,9839000,49971000,282000
4320,9801000,49966000,282000
4321,9827000,50021000,294000
4322,9801000,49979000,278000
4323,9500000,49695000,282000
4324,9810000,50313000,282000
4325,9918000,50104000,274000
4326,9815000,49901000,274000
4327,9447000,49629000,286000
4328,9810000,50367000,282000
4329,9731000,49917000,286000
4330,9819000,50091000,274000
4331,9805000,49983000,286000
4332,9823000,50021000,274000
4333,9809000,49983000,290000
4334,9764000,49959000,278000
4335,9819000,50050000,278000
4336,9772000,49958000,274000
4337,9876000,50100000,282000
4338,9844000,49972000,278000
4339,9819000,49970000,286000
4340,9777000,49962000,278000
4341,9814000,50034000,282000
4342,9852000,50042000,274000
4343,9831000,49974000,282000
4344,9864000,50038000,274000
4345,9827000,49958000,286000
4346,9815000,49992000,278000
4347,9850000,50031000,278000
4348,9663000,49818000,282000
4349,9843000,50176000,282000
4350,9546000,49707000,270000
4351,9852000,50301000,282000
4352,9827000,49979000,274000
4353,9846000,50016000,290000
4354,9953000,50110000,278000
4355,9562000,49613000,290000
4356,9823000,50257000,278000
4357,9793000,49967000,286000
4358,9833000,50043000,282000
4359,9601000,49765000,286000
4360,9553000,49955000,278000
4361,9814000,50258000,278000
4362,9764000,49954000,274000
4363,10102000,50334000,290000
4364,9901000,49803000,270000
4365,9957000,50052000,278000
4366,9785000,49832000,282000
4367,9839000,50050000,290000
4368,9785000,49950000,274000
4369,9823000,50033000,290000
4370,9794000,49975000,274000
4371,9486000,49689000,286000
4372,9789000,50307000,274000
4373,9831000,50037000,282000
4374,9810000,49984000,266000
4375,9772000,49958000,286000
4376,9836000,50068000,270000
4377,9789000,49949000,278000
4378,9961000,50176000,278000
4379,9785000,49828000,266000
4380,9693000,49904000,282000
4381,9297000,49600000,290000
4382,9827000,50533000,274000
4383,9793000,49963000,278000
4384,9777000,49987000,282000
4385,9727000,49946000,290000
4386,9827000,50104000,278000
4387,9309000,49479000,294000
4388,9764000,50459000,278000
4389,9743000,49975000,274000
4390,9781000,50041000,278000
4391,9831000,50046000,282000
4392,9781000,49954000,282000
4393,9768000,49984000,290000
4394,9856000,50092000,282000
4395,9831000,49970000,294000
4396,9307000,49480000,262000
4397,9781000,50470000,282000
4398,9805000,50029000,270000
4399,9852000,50043000,282000
4400,9587000,49739000,282000
4401,9772000,50181000,278000
4402,9810000,50042000,274000
4403,9776000,49962000,298000
4404,9814000,50042000,286000
4405,9781000,49962000,282000
4406,9819000,50042000,286000
4407,9993000,50170000,290000
4408,9764000,49776000,266000
4409,9789000,50021000,294000
4410,9844000,50059000,274000
4411,9864000,50016000,286000
4412,9772000,49912000,282000
4413,9649000,49873000,274000
4414,9513000,49868000,282000
4415,9735000,50226000,286000
4416,9719000,49988000,266000
4417,9814000,50083000,290000
4418,9844000,50041000,278000
4419,9819000,49963000,294000
4420,9715000,49900000,282000
4421,9815000,50104000,282000
4422,9307000,49489000,270000
4423,9831000,50519000,286000
4424,9723000,49896000,282000
4425,9701000,49975000,290000
4426,9810000,50113000,270000
4427,9447000,49633000,286000
4428,9185000,49741000,274000
4429,9785000,50596000,294000
4430,9736000,49964000,282000
4431,9805000,50057000,282000
4432,9819000,50017000,266000
4433,9364000,49550000,286000
4434,9834000,50466000,274000
4435,9292000,49462000,294000
4436,9060000,49771000,270000
4437,9727000,50655000,286000
4438,9690000,49967000,270000
4439,9735000,50042000,286000
4440,9842000,50111000,278000
4441,9312000,49466000,290000
4442,9785000,50477000,278000
4443,9329000,49540000,286000
4444,9797000,50472000,286000
4445,9819000,50017000,290000
4446,9794000,49979000,282000
4447,9131000,49334000,294000
4448,9810000,50683000,282000
4449,9760000,49946000,290000
4450,9805000,50049000,282000
4451,9690000,49881000,290000
4452,9731000,50045000,278000
4453,9505000,49769000,278000
4454,9271000,49771000,270000
4455,9785000,50509000,286000
4456,9739000,49959000,270000
4457,9706000,49963000,290000
4458,9327000,49625000,278000
4459,9650000,50319000,290000
4460,9827000,50180000,278000
4461,9876000,50046000,294000
4462,9273000,49401000,278000
4463,9809000,50532000,286000
4464,9838000,50032000,278000
4465,9471000,49630000,290000
4466,9696000,50229000,266000
4467,9752000,50052000,290000
4468,9852000,50104000,266000
4469,9819000,49962000,282000
4470,9794000,49979000,266000
4471,9819000,50021000,294000
4472,9789000,49975000,278000
4473,10034000,50241000,282000
4474,9815000,49784000,270000
4475,9831000,50012000,294000
4476,9265000,49438000,266000
4477,9980000,50712000,290000
4478,9961000,49985000,282000
4479,9772000,49807000,294000
4480,9815000,50046000,286000
4481,9500000,49681000,282000
4482,9760000,50265000,274000
4483,9572000,49808000,286000
4484,9895000,50327000,282000
4485,9777000,49885000,290000
4486,9827000,50046000,282000
4487,9798000,49967000,290000
4488,9748000,49955000,274000
4489,9727000,49974000,278000
4490,9768000,50046000,270000
4491,9819000,50046000,294000
4492,9777000,49962000,278000
4493,9676000,49896000,286000
4494,9772000,50100000,278000
4495,9280000,49504000,278000
4496,9715000,50438000,278000
4497,9760000,50042000,282000
4498,9719000,49962000,282000
4499,9776000,50054000,290000
4500,9727000,49955000,274000
4501,9481000,49750000,290000
4502,9731000,50254000,278000
4503,9772000,50037000,286000
4504,9735000,49967000,282000
4505,9693000,49954000,294000
4506,9748000,50059000,278000
4507,9437000,49685000,286000
4508,9764000,50331000,278000
4509,9639000,49870000,294000
4510,9760000,50126000,282000
4511,9366000,49602000,290000
4512,9781000,50418000,274000
4513,9376000,49591000,286000
4514,9695000,50323000,286000
4515,9312000,49613000,290000
4516,9093000,49785000,278000
4517,9043000,49947000,282000
4518,9772000,50733000,282000
4519,9681000,49905000,278000
4520,9719000,50041000,274000
4521,9463000,49740000,290000
4522,9647000,50188000,274000
4523,9776000,50126000,278000
4524,9648000,49876000,282000
4525,9718000,50058000,282000
4526,9727000,50021000,278000
4527,9493000,49762000,290000
4528,9731000,50242000,282000
4529,9705000,49970000,274000
4530,9748000,50047000,270000
4531,9718000,49958000,290000
4532,9739000,50033000,290000
4533,9703000,49960000,290000
4534,9756000,50057000,274000
4535,9719000,49958000,286000
4536,9831000,50117000,278000
4537,9641000,49805000,278000
4538,9277000,49641000,266000
4539,9793000,50512000,286000
4540,9839000,50049000,270000
4541,9659000,49817000,286000
4542,9860000,50205000,278000
4543,9743000,49879000,286000
4544,9437000,49698000,282000
4545,9809000,50368000,278000
4546,9797000,49992000,282000
4547,9329000,49527000,286000
4548,9651000,50327000,274000
4549,9752000,50097000,290000
4550,9785000,50037000,270000
4551,9683000,49893000,286000
4552,9655000,49976000,274000
4553,9831000,50172000,286000
4554,9660000,49834000,278000
4555,9363000,49699000,294000
4556,9183000,49824000,278000
4557,9781000,50593000,286000
4558,9663000,49887000,278000
4559,9453000,49786000,282000
4560,9607000,50157000,282000
4561,9648000,50038000,286000
4562,9837000,50192000,262000
4563,9886000,50046000,282000
4564,9823000,49940000,282000
4565,9802000,49975000,274000
4566,9835000,50038000,282000
4567,9309000,49470000,294000
4568,9690000,50385000,282000
4569,9735000,50041000,286000
4570,9638000,49906000,270000
4571,9671000,50030000,282000
4572,9739000,50072000,266000
4573,9891000,50148000,286000
4574,9297000,49410000,270000
4575,9686000,50385000,286000
4576,9663000,49981000,278000
4577,9756000,50089000,290000
4578,9659000,49907000,274000
4579,9623000,49960000,290000
4580,9662000,50042000,274000
4581,9640000,49975000,278000
4582,9601000,49965000,274000
4583,9704000,50098000,290000
4584,9598000,49899000,278000
4585,9643000,50041000,286000
4586,9677000,50038000,274000
4587,9801000,50120000,282000
4588,9271000,49474000,278000
4589,9671000,50396000,286000
4590,9764000,50097000,278000
4591,9814000,50046000,286000
4592,9844000,50034000,274000
4593,9466000,49617000,290000
4594,9286000,49825000,270000
4595,9819000,50528000,294000
4596,9284000,49469000,282000
4597,9814000,50527000,282000
4598,9777000,49966000,274000
4599,9819000,50038000,286000
4600,9637000,49823000,286000
4601,9679000,50038000,286000
4602,9794000,50118000,274000
4603,9768000,49971000,286000
4604,9735000,49971000,282000
4605,9844000,50104000,282000
4606,9752000,49913000,278000
4607,9768000,50012000,290000
4608,9748000,49984000,286000
4609,9772000,50020000,286000
4610,9756000,49988000,286000
4611,9781000,50020000,294000
4612,9756000,49980000,286000
4613,9638000,49877000,286000
4614,9675000,50042000,286000
4615,9798000,50118000,286000
4616,9689000,49895000,282000
4617,9801000,50109000,290000
4618,9764000,49967000,282000
4619,9752000,49984000,286000
4620,9283000,49535000,282000
4621,9819000,50531000,290000
4622,9781000,49966000,278000
4623,9279000,49495000,282000
4624,9641000,50366000,274000
4625,9760000,50115000,282000
4626,9785000,50029000,278000
4627,9216000,49427000,290000
4628,9096000,49884000,270000
4629,9273000,50173000,290000
4630,9371000,50102000,282000
4631,9282000,49907000,286000
4632,9261000,49983000,278000
4633,9357000,50091000,286000
4634,9664000,50312000,286000
4635,9354000,49686000,286000
4636,9216000,49866000,278000
4637,9222000,50002000,286000
4638,9335000,50117000,282000
4639,9296000,49956000,290000
4640,9362000,50071000,274000
4641,9297000,49931000,290000
4642,9277000,49984000,282000
4643,9310000,50029000,290000
4644,9291000,49985000,270000
4645,9312000,50017000,274000
4646,9349000,50041000,282000
4647,9321000,49968000,290000
4648,9165000,49848000,282000
4649,9400000,50230000,286000
4650,9231000,49835000,278000
4651,9336000,50102000,290000
4652,9100000,49768000,282000
4653,9290000,50186000,290000
4654,9298000,50011000,282000
4655,9213000,49912000,286000
4656,9239000,50029000,282000
4657,9224000,49982000,282000
4658,9240000,50020000,278000
4659,9088000,49844000,294000
4660,9190000,50106000,282000
4661,9286000,50091000,290000
4662,9123000,49841000,278000
4663,9227000,50100000,286000
4664,9201000,49979000,278000
4665,9228000,50023000,286000
4666,9281000,50056000,274000
4667,9310000,50025000,282000
4668,9282000,49977000,270000
4669,9307000,50021000,286000
4670,9169000,49866000,278000
4671,9313000,50139000,286000
4672,9217000,49908000,278000
4673,9248000,50027000,290000
4674,9243000,50000000,278000
4675,9400000,50153000,290000
4676,9231000,49835000,266000
4677,9202000,49966000,278000
4678,9097000,49899000,278000
4679,9334000,50234000,286000
4680,9234000,49904000,286000
4681,9340000,50101000,290000
4682,9177000,49842000,270000
4683,9292000,50111000,290000
4684,9117000,49829000,270000
4685,9169000,50048000,282000
4686,9186000,50021000,278000
4687,9112000,49921000,282000
4688,9190000,50083000,274000
4689,9369000,50175000,286000
4690,9468000,50103000,274000
4691,9322000,49850000,282000
4692,9270000,49951000,274000
4693,9248000,49975000,270000
4694,9203000,49958000,282000
4695,9181000,49975000,290000
4696,9208000,50031000,278000
4697,9182000,49970000,290000
4698,9225000,50047000,274000
4699,9268000,50039000,286000
4700,9227000,49962000,278000
4701,9408000,50177000,278000
4702,9181000,49778000,274000
4703,9267000,50082000,290000
4704,9248000,49984000,278000
4705,9269000,50018000,282000
4706,9248000,49982000,282000
4707,9275000,50024000,286000
4708,9264000,49993000,270000
4709,9277000,50008000,278000
4710,9265000,49992000,270000
4711,9286000,50017000,274000
4712,9272000,49990000,262000
4713,9169000,49894000,286000
4714,9194000,50029000,282000
4715,9180000,49981000,286000
4716,9127000,49952000,286000
4717,9184000,50052000,290000
4718,9212000,50033000,270000
4719,9244000,50027000,294000
4720,9276000,50036000,278000
4721,9404000,50125000,282000
4722,9277000,49877000,274000
4723,9190000,49909000,294000
4724,9218000,50032000,278000
4725,9203000,49981000,290000
4726,9219000,50020000,278000
4727,9269000,50046000,282000
4728,9221000,49956000,274000
4729,9199000,49974000,286000
4730,9226000,50031000,282000
4731,9269000,50039000,290000
4732,9381000,50116000,286000
4733,9350000,49965000,282000
4734,9748000,50402000,270000
4735,9632000,49880000,282000
4736,9596000,49968000,282000
4737,9772000,50172000,286000
4738,9764000,49996000,278000
4739,9772000,50004000,290000
4740,9752000,49984000,282000
4741,9856000,50100000,290000
4742,9612000,49760000,282000
4743,9654000,50037000,286000
4744,9610000,49960000,282000
4745,9586000,49972000,282000
4746,9697000,50115000,274000
4747,9383000,49683000,286000
4748,9629000,50249000,278000
4749,9670000,50038000,294000
4750,9626000,49960000,286000
4751,9692000,50062000,278000
4752,9639000,49951000,282000
4753,9692000,50049000,282000
4754,9794000,50105000,278000
4755,9626000,49828000,294000
4756,9227000,49606000,282000
4757,9626000,50395000,290000
4758,9655000,50033000,282000
4759,9623000,49964000,286000
4760,9596000,49976000,270000
4761,9625000,50025000,286000
4762,9872000,50252000,286000
4763,9700000,49823000,290000
4764,9598000,49903000,278000
4765,9636000,50033000,290000
4766,9612000,49980000,278000
4767,9572000,49956000,290000
4768,9422000,49855000,286000
4769,9581000,50155000,282000
4770,9626000,50049000,278000
4771,9305000,49674000,290000
4772,9637000,50336000,282000
4773,9592000,49951000,290000
4774,9431000,49843000,286000
4775,9593000,50159000,290000
4776,9565000,49976000,278000
4777,9610000,50041000,282000
4778,9221000,49615000,282000
4779,9612000,50387000,278000
4780,9576000,49968000,274000
4781,9349000,49768000,294000
4782,9659000,50314000,270000
4783,9627000,49964000,290000
4784,9652000,50030000,282000
4785,9637000,49981000,290000
4786,9596000,49963000,274000
4787,9649000,50049000,274000
4788,9667000,50022000,286000
4789,9789000,50118000,290000
4790,9599000,49814000,282000
4791,9575000,49972000,286000
4792,9604000,50033000,282000
4793,9580000,49972000,286000
4794,9547000,49971000,282000
4795,9586000,50034000,286000
4796,9204000,49623000,278000
4797,9653000,50444000,290000
4798,9568000,49920000,286000
4799,9593000,50021000,286000
4800,9630000,50041000,282000
4801,9659000,50025000,294000
4802,9587000,49932000,274000
4803,9330000,49739000,286000
4804,9727000,50401000,278000
4805,9542000,49810000,290000
4806,9586000,50049000,282000
4807,9067000,49476000,286000
4808,9510000,50448000,282000
4809,9620000,50105000,278000
4810,9584000,49968000,274000
4811,9556000,49968000,286000
4812,9593000,50042000,282000
4813,9561000,49964000,278000
4814,9664000,50107000,278000
4815,9661000,49992000,282000
4816,9810000,50154000,278000
4817,9637000,49831000,290000
4818,9407000,49766000,282000
4819,9668000,50256000,282000
4820,9611000,49947000,278000
4821,9317000,49703000,278000
4822,9342000,50029000,282000
4823,9235000,49888000,270000
4824,9136000,49905000,278000
4825,9582000,50442000,278000
4826,9554000,49976000,286000
4827,9396000,49839000,282000
4828,9363000,49970000,266000
4829,9608000,50242000,282000
4830,9642000,50037000,282000
4831,9617000,49972000,274000
4832,9739000,50126000,282000
4833,9611000,49868000,290000
4834,9583000,49976000,286000
4835,9078000,49490000,278000
4836,9401000,50328000,278000
4837,9557000,50151000,286000
4838,9602000,50050000,278000
4839,9558000,49951000,290000
4840,9673000,50119000,274000
4841,9706000,50030000,286000
4842,9744000,50042000,282000
4843,9654000,49906000,274000
4844,9756000,50106000,278000
4845,9739000,49979000,282000
4846,9760000,50025000,278000
4847,9523000,49759000,286000
4848,9682000,50163000,282000
4849,9667000,49981000,290000
4850,9692000,50028000,278000
4851,9668000,49972000,298000
4852,9705000,50042000,278000
4853,9760000,50051000,286000
4854,9564000,49808000,282000
4855,9675000,50106000,286000
4856,9715000,50044000,282000
4857,9606000,49888000,286000
4858,9727000,50125000,270000
4859,9620000,49889000,286000
4860,9864000,50248000,286000
4861,9909000,50041000,282000
4862,9193000,49288000,278000
4863,9627000,50430000,286000
4864,9603000,49980000,282000
4865,9697000,50090000,286000
4866,9686000,49993000,282000
4867,9283000,49592000,286000
4868,9679000,50400000,286000
4869,9719000,50036000,286000
4870,9697000,49983000,282000
4871,9640000,49939000,282000
4872,9686000,50049000,282000
4873,9723000,50033000,290000
4874,9279000,49561000,274000
4875,9447000,50164000,294000
4876,9145000,49702000,282000
4877,9668000,50519000,290000
4878,9559000,49895000,286000
4879,9683000,50120000,286000
4880,9223000,49544000,282000
4881,9827000,50599000,290000
4882,9366000,49544000,266000
4883,9768000,50398000,290000
4884,9785000,50021000,274000
4885,9702000,49912000,278000
4886,9654000,49957000,282000
4887,9695000,50037000,286000
4888,9739000,50048000,270000
4889,9428000,49685000,290000
4890,9665000,50241000,278000
4891,9698000,50029000,290000
4892,9674000,49980000,274000
4893,9704000,50025000,290000
4894,9543000,49843000,270000
4895,9640000,50093000,286000
4896,9698000,50063000,282000
4897,9576000,49873000,290000
4898,9694000,50123000,278000
4899,9520000,49822000,286000
4900,9506000,49990000,282000
4901,9933000,50423000,286000
4902,9285000,49356000,282000
4903,9881000,50592000,286000
4904,9695000,49825000,282000
4905,9666000,49960000,286000
4906,9566000,49903000,286000
4907,9603000,50033000,290000
4908,9583000,49984000,274000
4909,9677000,50091000,290000
4910,9584000,49911000,274000
4911,9621000,50033000,290000
4912,9509000,49892000,278000
4913,9640000,50126000,282000
4914,9520000,49884000,274000
4915,9702000,50178000,294000
4916,9666000,49968000,286000
4917,9646000,49977000,286000
4918,9261000,49618000,282000
4919,9574000,50309000,294000
4920,9535000,49966000,274000
4921,9640000,50101000,286000
4922,9609000,49972000,278000
4923,9512000,49900000,290000
4924,9546000,50037000,286000
4925,9655000,50106000,290000
4926,9644000,49993000,274000
4927,9379000,49731000,290000
4928,9702000,50327000,286000
4929,9801000,50095000,286000
4930,9941000,50143000,278000
4931,9672000,49727000,290000
4932,9719000,50051000,282000
4933,9673000,49951000,290000
4934,9520000,49851000,282000
4935,9544000,50019000,286000
4936,9723000,50183000,278000
4937,9614000,49888000,286000
4938,9590000,49980000,270000
4939,9550000,49956000,286000
4940,9596000,50049000,274000
4941,9768000,50169000,290000
4942,9739000,49975000,278000
4943,9578000,49835000,286000
4944,9603000,50028000,278000
4945,9723000,50116000,286000
4946,9604000,49886000,278000
4947,9589000,49981000,282000
4948,9613000,50028000,278000
4949,9801000,50184000,286000
4950,9550000,49753000,274000
4951,9608000,50053000,278000
4952,9559000,49956000,274000
4953,9314000,49751000,286000
4954,9913000,50603000,278000
4955,9667000,49750000,286000
4956,9715000,50051000,278000
4957,9661000,49942000,290000
4958,9644000,49988000,286000
4959,9200000,49552000,286000
4960,9659000,50462000,278000
4961,9675000,50013000,282000
4962,9659000,49988000,278000
4963,9273000,49610000,290000
4964,9666000,50396000,278000
4965,9625000,49955000,290000
4966,9670000,50050000,270000
4967,9719000,50045000,278000
4968,9598000,49883000,278000
4969,9562000,49960000,290000
4970,9599000,50041000,286000
4971,9641000,50037000,286000
4972,9609000,49973000,278000
4973,9646000,50033000,286000
4974,9680000,50038000,282000
4975,9868000,50184000,286000
4976,9620000,49755000,266000
4977,9674000,50051000,290000
4978,9625000,49955000,278000
4979,9666000,50037000,294000
4980,9622000,49960000,274000
4981,9677000,50050000,282000
4982,9844000,50172000,278000
4983,9677000,49829000,286000
4984,9637000,49964000,278000
4985,9674000,50033000,290000
4986,9296000,49625000,282000
4987,9124000,49824000,282000
4988,9579000,50459000,286000
4989,9690000,50108000,290000
4990,9735000,50049000,274000
4991,9548000,49809000,286000
4992,9534000,49990000,274000
4993,9561000,50023000,282000
4994,9553000,49996000,274000
4995,9567000,50009000,286000
4996,9537000,49974000,278000
4997,9568000,50028000,286000
4998,9623000,50058000,282000
4999,9647000,50021000,286000
5000,9615000,49972000,282000
5001,9644000,50025000,290000
5002,9624000,49984000,274000
5003,9585000,49956000,294000
5004,9630000,50049000,278000
5005,9594000,49961000,290000
5006,9558000,49968000,286000
5007,9616000,50054000,290000
5008,9702000,50090000,270000
5009,9608000,49902000,294000
5010,9569000,49964000,282000
5011,9623000,50051000,290000
5012,9635000,50016000,278000
5013,9619000,49980000,286000
5014,9446000,49830000,278000
5015,9565000,50115000,286000
5016,9581000,50021000,274000
5017,8997000,49412000,274000
5018,9316000,50323000,282000
5019,9558000,50238000,294000
5020,9665000,50111000,274000
5021,9633000,49964000,290000
5022,9670000,50041000,286000
5023,9638000,49964000,290000
5024,9614000,49980000,278000
5025,9644000,50025000,290000
5026,9620000,49980000,282000
5027,9657000,50034000,278000
5028,9715000,50061000,278000
5029,9585000,49867000,286000
5030,9561000,49980000,282000
5031,9528000,49963000,286000
5032,9584000,50059000,274000
5033,9538000,49950000,286000
5034,9568000,50035000,278000
5035,9537000,49965000,290000
5036,9365000,49832000,274000
5037,9756000,50387000,286000
5038,9864000,50112000,278000
5039,9689000,49821000,294000
5040,9580000,49895000,278000
5041,9565000,49981000,286000
5042,9659000,50098000,274000
5043,9635000,49971000,290000
5044,10575000,50944000,282000
5045,9178000,48599000,294000
5046,9666000,50493000,278000
5047,9298000,49628000,282000
5048,9606000,50311000,266000
5049,9651000,50041000,290000
5050,9468000,49822000,278000
5051,9652000,50180000,282000
5052,9827000,50178000,270000
5053,9584000,49754000,286000
5054,9687000,50107000,278000
5055,9590000,49899000,286000
5056,9631000,50045000,282000
5057,9179000,49544000,290000
5058,9580000,50405000,282000
5059,9597000,50012000,290000
5060,9573000,49980000,278000
5061,9530000,49954000,286000
5062,9656000,50130000,270000
5063,9619000,49959000,278000
5064,9583000,49968000,282000
5065,9764000,50177000,278000
5066,9646000,49886000,274000
5067,9626000,49976000,282000
5068,9660000,50037000,270000
5069,9624000,49960000,274000
5070,9665000,50046000,274000
5071,9698000,50029000,286000
5072,9601000,49907000,278000
5073,9519000,49914000,286000
5074,9614000,50099000,270000
5075,9520000,49901000,290000
5076,9127000,49612000,270000
5077,9653000,50522000,278000
5078,9621000,49972000,270000
5079,9667000,50042000,290000
5080,9832000,50169000,266000
5081,9591000,49762000,282000
5082,9620000,50026000,270000
5083,9592000,49968000,294000
5084,9634000,50045000,270000
5085,9186000,49549000,286000
5086,9566000,50383000,274000
5087,9672000,50103000,294000
5088,9588000,49920000,282000
5089,9608000,50016000,278000
5090,9658000,50053000,278000
5091,9838000,50177000,286000
5092,9660000,49826000,274000
5093,9619000,49955000,286000
5094,9591000,49976000,270000
5095,9625000,50029000,294000
5096,9687000,50067000,274000
5097,9352000,49661000,282000
5098,9598000,50250000,278000
5099,9639000,50037000,290000
5100,9603000,49968000,286000
5101,9579000,49972000,282000
5102,9548000,49972000,282000
5103,9585000,50033000,278000
5104,9618000,50038000,274000
5105,9603000,49981000,290000
5106,9623000,50024000,266000
5107,9261000,49633000,290000
5108,9698000,50442000,282000
5109,9128000,49426000,286000
5110,9630000,50506000,282000
5111,10300000,50666000,290000
5112,9571000,49274000,278000
5113,9275000,49701000,282000
5114,9298000,50027000,278000
5115,9609000,50307000,290000
5116,9581000,49976000,274000
5117,9199000,49614000,286000
5118,9180000,49985000,274000
5119,9481000,50305000,290000
5120,9731000,50254000,278000
5121,9347000,49612000,278000
5122,9602000,50259000,282000
5123,9220000,49605000,290000
5124,9603000,50387000,282000
5125,9277000,49679000,290000
5126,9621000,50340000,282000
5127,9298000,49673000,290000
5128,9618000,50323000,282000
5129,9308000,49687000,286000
5130,9636000,50332000,278000
5131,9448000,49808000,290000
5132,9555000,50111000,270000
5133,9239000,49680000,290000
5134,9489000,50262000,278000
5135,9459000,49958000,282000
5136,9631000,50176000,282000
5137,9452000,49825000,290000
5138,9567000,50111000,270000
5139,9617000,50054000,286000
5140,9642000,50029000,278000
5141,9622000,49968000,290000
5142,9582000,49964000,282000
5143,9772000,50186000,290000
5144,9580000,49811000,286000
5145,9633000,50049000,290000
5146,9589000,49961000,274000
5147,9574000,49981000,290000
5148,9594000,50024000,266000
5149,9158000,49560000,286000
5150,9600000,50445000,274000
5151,9356000,49752000,286000
5152,9760000,50409000,270000
5153,9569000,49805000,290000
