seq,latency_m2m_ns,callback_jitter,publish_jitter
77,8508000,100144000,252000
78,8436000,99928000,264000
79,8714000,100270000,260000
80,8649000,99944000,256000
81,8656000,100005000,253000
82,8653000,99998000,264000
83,8882000,100229000,264000
84,8664000,99781000,264000
85,8761000,100097000,256000
86,8605000,99845000,256000
87,9112000,100507000,256000
88,8840000,99728000,260000
89,9111000,100270000,272000
90,9119000,100009000,260000
91,9399000,100280000,276000
92,9127000,99728000,256000
93,8794000,99667000,264000
94,8958000,100164000,252000
95,9074000,100116000,272000
96,9095000,100021000,253000
97,8744000,99649000,264000
98,9049000,100305000,260000
99,9176000,100126000,268000
100,8827000,99652000,269000
101,9306000,100478000,269000
102,8914000,99609000,253000
103,9396000,100482000,273000
104,9464000,100067000,261000
105,9336000,99873000,273000
106,9338000,100002000,257000
107,8589000,99251000,269000
108,9155000,100565000,257000
109,9233000,100078000,253000
110,9165000,99933000,257000
111,9257000,100092000,261000
112,9233000,99976000,265000
113,9094000,99861000,261000
114,8838000,99744000,253000
115,8898000,100059000,269000
116,9400000,100503000,265000
117,9116000,99715000,268000
118,9200000,100085000,261000
119,9134000,99934000,264000
120,9517000,100383000,257000
121,9496000,99979000,261000
122,9238000,99742000,245000
123,8883000,99645000,256000
124,9180000,100297000,265000
125,9381000,100201000,265000
126,9652000,100270000,265000
127,9039000,99387000,268000
128,8906000,99868000,265000
129,9319000,100413000,264000
130,8925000,99606000,249000
131,9338000,100413000,261000
132,9278000,99940000,261000
133,9166000,99888000,261000
134,9169000,100003000,249000
135,9226000,100057000,261000
136,8810000,99584000,265000
137,9306000,100496000,277000
138,9235000,99928000,257000
139,9104000,99870000,261000
140,9254000,100150000,265000
141,8977000,99722000,265000
142,9262000,100286000,261000
143,9258000,99996000,273000
144,8945000,99687000,245000
145,8937000,99992000,261000
146,9293000,100356000,261000
147,9290000,99996000,264000
148,9514000,100225000,257000
149,9431000,99916000,265000
150,9263000,99833000,245000
151,9369000,100106000,277000
152,9317000,99948000,257000
153,8761000,99443000,265000
154,8622000,99862000,257000
155,9325000,100703000,261000
156,9262000,99937000,261000
157,9340000,100078000,256000
158,9136000,99795000,261000
159,8945000,99810000,272000
160,9428000,100483000,269000
161,9300000,99872000,269000
162,9371000,100071000,261000
163,9320000,99948000,268000
164,8976000,99658000,248000
165,9190000,100213000,257000
166,9179000,99988000,264000
167,9323000,100145000,264000
168,9408000,100085000,265000
169,9479000,100070000,268000
170,9427000,99949000,261000
171,8857000,99429000,268000
172,9295000,100439000,269000
173,9145000,99850000,268000
174,9169000,100024000,269000
175,8887000,99718000,261000
176,9317000,100429000,261000
177,9448000,100131000,268000
178,9457000,100010000,253000
179,9447000,99989000,269000
180,9539000,100093000,261000
181,9211000,99672000,253000
182,9199000,99987000,265000
183,9208000,100010000,273000
184,9073000,99865000,269000
185,9441000,100368000,265000
186,9495000,100054000,265000
187,9229000,99734000,268000
188,9439000,100209000,265000
189,9460000,100022000,261000
190,9175000,99715000,265000
191,9249000,100074000,276000
192,9396000,100147000,269000
193,9389000,99992000,273000
194,9263000,99875000,261000
195,9131000,99868000,260000
196,9269000,100138000,261000
197,9132000,99862000,268000
198,9297000,100165000,257000
199,9217000,99921000,261000
200,9306000,100089000,257000
201,8598000,99292000,277000
202,9318000,100720000,257000
203,9303000,99984000,273000
204,9312000,100010000,265000
205,8840000,99527000,257000
206,9327000,100487000,253000
207,9259000,99933000,269000
208,9334000,100074000,261000
209,9139000,99806000,272000
210,8941000,99802000,257000
211,9225000,100284000,276000
212,9152000,99927000,265000
213,8740000,99587000,264000
214,9436000,100696000,253000
215,8906000,99471000,272000
216,9240000,100334000,261000
217,9178000,99938000,265000
218,9115000,99937000,261000
219,8981000,99866000,256000
220,9202000,100220000,261000
221,9069000,99868000,260000
222,9493000,100424000,257000
223,9419000,99925000,269000
224,9449000,100031000,257000
225,9287000,99837000,265000
226,9300000,100014000,265000
227,9371000,100070000,257000
228,9459000,100088000,265000
229,9174000,99716000,273000
230,8973000,99799000,261000
231,8985000,100012000,265000
232,8914000,99929000,269000
233,8997000,100083000,257000
234,9066000,100069000,257000
235,8883000,99817000,257000
236,9152000,100269000,261000
237,8954000,99802000,273000
238,8873000,99918000,261000
239,9175000,100303000,268000
240,9183000,100008000,253000
241,9261000,100078000,261000
242,9237000,99976000,265000
243,8765000,99527000,265000
244,9412000,100647000,249000
245,9404000,99992000,272000
246,9265000,99862000,257000
247,9410000,100145000,261000
248,9155000,99744000,265000
249,9347000,100193000,269000
250,9174000,99827000,261000
251,9216000,100042000,272000
252,9102000,99885000,261000
253,9039000,99937000,253000
254,9405000,100367000,265000
255,9380000,99975000,273000
256,9392000,100012000,265000
257,9115000,99723000,269000
258,9207000,100092000,253000
259,9124000,99916000,269000
260,8994000,99870000,265000
261,8724000,99738000,261000
262,8873000,100141000,253000
263,9358000,100486000,261000
264,9166000,99807000,269000
265,8823000,99658000,268000
266,9373000,100550000,241000
267,9191000,99818000,272000
268,9257000,100066000,249000
269,9111000,99854000,273000
270,9123000,100012000,253000
271,9050000,99926000,273000
272,9079000,100029000,245000
273,8719000,99641000,269000
274,9289000,100570000,257000
275,9075000,99786000,268000
276,8819000,99744000,265000
277,8810000,99991000,269000
278,8690000,99880000,253000
279,8954000,100264000,261000
280,8846000,99891000,269000
281,9035000,100189000,272000
282,8910000,99876000,257000
283,8840000,99930000,261000
284,9059000,100218000,257000
285,8704000,99646000,273000
286,8998000,100293000,257000
287,8873000,99875000,260000
288,8873000,100000000,257000
289,8823000,99951000,265000
290,8805000,99982000,261000
291,8679000,99874000,269000
292,8823000,100144000,269000
293,8968000,100144000,268000
294,8827000,99860000,261000
295,8761000,99933000,264000
296,8848000,100088000,261000
297,8928000,100080000,265000
298,9334000,100406000,257000
299,9202000,99868000,268000
300,8873000,99670000,257000
301,9205000,100332000,260000
302,9376000,100172000,261000
303,8594000,99217000,272000
304,9176000,100582000,265000
305,9314000,100139000,261000
306,9322000,100008000,257000
307,8765000,99442000,273000
308,9055000,100290000,269000
309,10087000,101041000,269000
310,8848000,98753000,265000
311,8857000,100008000,257000
312,8650000,99794000,257000
313,9010000,100359000,272000
314,8941000,99932000,265000
315,8894000,99952000,253000
316,8819000,99926000,257000
317,10346000,101527000,273000
318,9365000,99027000,269000
319,9120000,99746000,273000
320,9048000,99928000,261000
321,8617000,99578000,265000
322,8696000,100071000,269000
323,8922000,100233000,245000
324,9132000,100210000,257000
325,8852000,99713000,276000
326,9093000,100241000,257000
327,9348000,100254000,269000
328,9104000,99757000,257000
329,9093000,99989000,264000
330,8910000,99817000,249000
331,9224000,100314000,260000
332,9128000,99903000,261000
333,8620000,99493000,265000
334,9050000,100429000,257000
335,8693000,99652000,265000
336,8571000,99878000,257000
337,8577000,99998000,260000
338,8506000,99936000,261000
339,8584000,100070000,277000
340,8535000,99952000,253000
341,8603000,100076000,269000
342,8669000,100058000,257000
343,8887000,100218000,277000
344,8684000,99797000,257000
345,8702000,100018000,261000
346,8552000,99850000,261000
347,8627000,100074000,261000
348,8571000,99945000,257000
349,8514000,99943000,261000
350,8647000,100133000,261000
351,8432000,99785000,272000
352,8592000,100160000,249000
353,8237000,99645000,277000
354,8608000,100371000,257000
355,8462000,99854000,269000
356,8683000,100221000,253000
357,8539000,99855000,273000
358,8773000,100234000,265000
359,8345000,99572000,273000
360,8632000,100288000,257000
361,8698000,100066000,273000
362,8786000,100087000,261000
363,8293000,99508000,277000
364,8723000,100430000,253000
365,8740000,100016000,261000
366,8732000,99992000,253000
367,8833000,100102000,261000
368,8671000,99838000,261000
369,8894000,100222000,273000
370,8819000,99926000,257000
371,8985000,100166000,276000
372,8765000,99779000,253000
373,8765000,100000000,265000
374,8515000,99751000,253000
375,8635000,100120000,269000
376,8798000,100162000,261000
377,8650000,99853000,265000
378,8744000,100094000,257000
379,8865000,100120000,260000
380,9039000,100174000,265000
381,9637000,100598000,269000
382,9654000,100017000,256000
383,8823000,99170000,261000
384,8781000,99958000,261000
385,8485000,99703000,269000
386,8564000,100080000,265000
387,8635000,100070000,272000
388,8640000,100006000,265000
389,8641000,100001000,269000
390,8510000,99868000,261000
391,8516000,100007000,277000
392,8801000,100285000,253000
393,8761000,99959000,268000
394,8959000,100199000,253000
395,8761000,99801000,268000
396,8827000,100067000,257000
397,8989000,100162000,264000
398,8761000,99771000,261000
399,8769000,100008000,277000
400,8781000,100013000,265000
401,8768000,99987000,273000
402,8727000,99959000,253000
403,8727000,100000000,257000
404,8596000,99868000,269000
405,8728000,100132000,264000
406,8685000,99958000,257000
407,8744000,100059000,273000
408,8687000,99942000,265000
409,8823000,100137000,269000
410,8723000,99900000,241000
411,8419000,99695000,265000
412,8570000,100151000,257000
413,8567000,99998000,273000
414,8852000,100285000,265000
415,8501000,99649000,268000
416,8524000,100023000,257000
417,8537000,100013000,269000
418,9573000,101036000,261000
419,9657000,100084000,273000
420,9576000,99919000,265000
421,8618000,99042000,269000
422,8490000,99871000,265000
423,8502000,100012000,264000
424,8626000,100125000,265000
425,8496000,99869000,269000
426,10176000,101680000,269000
427,9332000,99157000,261000
428,9277000,99944000,261000
429,9078000,99802000,269000
430,9990000,100911000,265000
431,9018000,99029000,265000
432,8834000,99815000,249000
433,8894000,100060000,269000
434,8977000,100083000,257000
435,9040000,100064000,260000
436,9761000,100720000,269000
437,9748000,99988000,264000
438,10098000,100350000,265000
439,9131000,99033000,264000
440,8643000,99512000,249000
441,8661000,100017000,257000
442,9215000,100554000,257000
443,9997000,100783000,264000
444,9093000,99096000,257000
445,9517000,100424000,261000
446,10075000,100558000,265000
447,10010000,99934000,272000
448,9311000,99302000,265000
449,9195000,99884000,265000
450,9958000,100763000,257000
451,9259000,99301000,269000
452,9891000,100632000,265000
453,9612000,99720000,269000
454,9078000,99467000,257000
455,9843000,100765000,273000
456,9990000,100146000,269000
457,10196000,100207000,272000
458,10216000,100020000,269000
459,10338000,100122000,273000
460,9107000,98769000,265000
461,9727000,100620000,273000
462,10238000,100511000,261000
463,10014000,99776000,269000
464,10022000,100008000,265000
465,10031000,100008000,268000
466,10103000,100073000,253000
467,10047000,99944000,260000
468,9635000,99588000,253000
469,9702000,100067000,268000
470,9650000,99948000,257000
471,9591000,99941000,268000
472,9645000,100054000,269000
473,9810000,100165000,256000
474,9869000,100058000,253000
475,9410000,99542000,269000
476,9601000,100191000,249000
477,9672000,100071000,265000
478,9757000,100084000,257000
479,9834000,100077000,273000
480,9557000,99724000,265000
481,10048000,100491000,272000
482,10002000,99954000,257000
483,9514000,99512000,261000
484,10169000,100655000,261000
485,10136000,99966000,269000
486,10018000,99883000,257000
487,10026000,100008000,257000
488,9968000,99942000,249000
489,10224000,100256000,269000
490,10233000,100009000,245000
491,9678000,99445000,273000
492,10264000,100586000,253000
493,9917000,99652000,265000
494,9715000,99799000,257000
495,9719000,100004000,273000
496,9794000,100075000,245000
497,9732000,99937000,269000
498,9732000,100000000,257000
499,9739000,100008000,260000
500,9653000,99914000,245000
501,9476000,99822000,260000
502,9676000,100201000,261000
503,9748000,100072000,272000
504,9695000,99946000,245000
505,9623000,99928000,269000
506,9624000,100002000,269000
507,9556000,99932000,273000
508,9933000,100376000,261000
509,9781000,99849000,272000
510,9810000,100029000,261000
511,9937000,100127000,264000
512,9810000,99873000,265000
513,9522000,99711000,268000
514,9761000,100239000,265000
515,9599000,99839000,265000
516,9682000,100083000,257000
517,9898000,100215000,261000
518,9697000,99800000,261000
519,9761000,100063000,269000
520,9700000,99939000,269000
521,9574000,99875000,269000
522,9857000,100282000,265000
523,9873000,100016000,273000
524,9723000,99851000,261000
525,9732000,100008000,273000
526,9593000,99862000,265000
527,9681000,100088000,261000
528,9686000,100004000,253000
529,9606000,99920000,265000
530,9688000,100083000,265000
531,9413000,99725000,277000
532,9626000,100212000,257000
533,9697000,100071000,269000
534,9727000,100031000,261000
535,9577000,99849000,261000
536,10022000,100446000,253000
537,10081000,100059000,265000
538,9815000,99734000,265000
539,9819000,100004000,256000
540,9891000,100072000,269000
541,9605000,99714000,252000
542,9618000,100013000,257000
543,9261000,99643000,261000
544,9692000,100431000,249000
545,9773000,100089000,261000
546,9706000,99924000,261000
547,9572000,99867000,260000
548,9933000,100360000,265000
549,9805000,99873000,269000
550,9657000,99852000,253000
551,9748000,100091000,268000
552,9744000,99996000,256000
553,9753000,100008000,265000
554,9823000,100071000,265000
555,9607000,99784000,273000
556,9773000,100165000,257000
557,9835000,100062000,277000
558,9777000,99943000,265000
559,9690000,99913000,273000
560,9727000,100037000,253000
561,9358000,99631000,269000
562,9605000,100247000,257000
563,9869000,100263000,269000
564,9757000,99888000,257000
565,9661000,99905000,261000
566,9748000,100087000,269000
567,9676000,99928000,260000
568,9482000,99805000,256000
569,9617000,100136000,265000
570,9557000,99940000,265000
571,9786000,100228000,261000
572,9568000,99783000,265000
573,9304000,99736000,265000
574,9514000,100210000,253000
575,9748000,100234000,260000
576,9809000,100061000,249000
577,9873000,100063000,265000
578,9744000,99872000,261000
579,10173000,100429000,265000
580,10234000,100060000,257000
581,10260000,100027000,257000
582,10111000,99851000,257000
583,10046000,99934000,269000
584,9994000,99948000,269000
585,9985000,99992000,260000
586,10006000,100021000,261000
587,10198000,100192000,256000
588,10022000,99824000,265000
589,10077000,100055000,268000
590,10226000,100149000,265000
591,9451000,99224000,276000
592,10105000,100655000,245000
593,10174000,100069000,272000
594,10177000,100003000,257000
595,9768000,99591000,260000
596,10123000,100355000,260000
597,9997000,99874000,273000
598,9998000,100000000,261000
599,10138000,100141000,264000
600,10075000,99936000,257000
601,9954000,99880000,257000
602,10009000,100056000,268000
603,9260000,99249000,264000
604,10026000,100767000,253000
605,9744000,99718000,269000
606,9968000,100224000,265000
607,9898000,99929000,253000
608,9968000,100071000,257000
609,9910000,99942000,273000
610,9941000,100031000,257000
611,9985000,100044000,272000
612,10002000,100017000,257000
613,9997000,99995000,268000
614,10226000,100229000,269000
615,9658000,99431000,265000
616,9819000,100162000,257000
617,10166000,100347000,265000
618,10174000,100008000,265000
619,10104000,99929000,269000
620,9968000,99865000,265000
621,9351000,99383000,245000
622,10135000,100784000,253000
623,9925000,99790000,265000
624,9998000,100072000,253000
625,9654000,99657000,253000
626,9861000,100207000,265000
627,9950000,100088000,265000
628,9941000,99992000,268000
629,10175000,100234000,253000
630,10026000,99851000,265000
631,9682000,99656000,264000
632,10175000,100492000,253000
633,9412000,99238000,268000
634,10119000,100707000,253000
635,9981000,99862000,252000
636,9661000,99680000,257000
637,9992000,100332000,272000
638,10218000,100225000,252000
639,10136000,99917000,264000
640,10100000,99965000,253000
641,9937000,99837000,264000
642,9963000,100026000,257000
643,9877000,99914000,256000
644,10100000,100223000,261000
645,10176000,100076000,276000
646,10107000,99931000,261000
647,10107000,100000000,272000
648,10120000,100012000,269000
649,10208000,100089000,277000
650,9857000,99648000,261000
651,9514000,99658000,256000
652,10082000,100567000,253000
653,9950000,99868000,265000
654,10155000,100205000,261000
655,9408000,99254000,264000
656,9598000,100189000,257000
657,9603000,100005000,260000
658,9689000,100087000,257000
659,9618000,99928000,272000
660,9631000,100014000,253000
661,9768000,100137000,269000
662,9727000,99959000,265000
663,9358000,99630000,272000
664,9583000,100226000,269000
665,9646000,100063000,264000
666,9611000,99965000,253000
667,9735000,100124000,265000
668,9605000,99870000,253000
669,9594000,99989000,268000
670,9544000,99950000,257000
671,9898000,100353000,260000
672,9622000,99725000,265000
673,9697000,100075000,268000
674,9773000,100075000,269000
675,9647000,99874000,260000
676,10002000,100355000,257000
677,9657000,99656000,264000
678,9582000,99924000,257000
679,9673000,100092000,264000
680,9592000,99919000,265000
681,9412000,99819000,268000
682,9615000,100204000,252000
683,9748000,100133000,277000
684,9614000,99866000,265000
685,9554000,99939000,256000
686,9702000,100149000,261000
687,9626000,99924000,272000
688,9516000,99889000,269000
689,9997000,100482000,253000
690,10144000,100146000,261000
691,9861000,99718000,261000
692,10099000,100238000,269000
693,9393000,99294000,265000
694,9959000,100566000,269000
695,9604000,99645000,264000
696,9617000,100013000,257000
697,10101000,100483000,272000
698,9973000,99873000,260000
699,9902000,99929000,276000
700,9985000,100083000,265000
701,9657000,99672000,260000
702,9642000,99984000,265000
703,9589000,99948000,264000
704,9941000,100352000,257000
705,10026000,100085000,269000
706,9663000,99637000,257000
707,10035000,100371000,265000
708,10103000,100068000,265000
709,9819000,99717000,260000
710,9977000,100157000,253000
711,9415000,99439000,276000
712,9696000,100280000,257000
713,9624000,99928000,265000
714,9654000,100031000,245000
715,9569000,99915000,260000
716,9660000,100090000,265000
717,9798000,100138000,273000
718,9676000,99878000,261000
719,9805000,100130000,273000
720,9604000,99807000,257000
721,9954000,100342000,273000
722,9902000,99947000,257000
723,9417000,99515000,268000
724,9906000,100490000,253000
725,10042000,100137000,264000
726,9914000,99871000,257000
727,9873000,99958000,264000
728,9578000,99706000,264000
729,9653000,100074000,268000
730,9869000,100216000,237000
731,9951000,100091000,264000
732,10101000,100142000,249000
733,9954000,99853000,260000
734,9959000,100005000,265000
735,9482000,99522000,273000
736,9761000,100279000,269000
737,10123000,100362000,264000
738,9786000,99663000,253000
739,9846000,100061000,264000
740,10149000,100303000,260000
741,9225000,99075000,272000
742,9936000,100712000,261000
743,9937000,100001000,264000
744,9963000,100026000,261000
745,9588000,99625000,268000
746,10043000,100454000,252000
747,9536000,99493000,269000
748,9613000,100077000,265000
749,9489000,99877000,264000
750,9902000,100412000,265000
751,9761000,99859000,272000
752,10067000,100306000,249000
753,9446000,99379000,269000
754,10002000,100557000,253000
755,9732000,99729000,264000
756,9877000,100145000,245000
757,9608000,99732000,268000
758,9533000,99925000,257000
759,9753000,100219000,264000
760,9963000,100211000,245000
761,9410000,99447000,260000
762,9910000,100500000,253000
763,9977000,100066000,260000
764,10054000,100077000,261000
765,9700000,99647000,264000
766,9452000,99753000,264000
767,9865000,100411000,268000
768,9810000,99946000,261000
769,9732000,99921000,272000
770,9614000,99882000,260000
771,9316000,99703000,264000
772,9548000,100231000,260000
773,9753000,100205000,272000
774,9549000,99797000,265000
775,9417000,99867000,272000
776,9841000,100424000,268000
777,9915000,100075000,264000
778,9705000,99790000,261000
779,9937000,100232000,268000
780,9928000,99991000,265000
781,9941000,100013000,268000
782,9596000,99655000,257000
783,9195000,99599000,272000
784,9405000,100209000,260000
785,9466000,100062000,260000
786,9764000,100298000,248000
787,9615000,99851000,272000
788,9628000,100013000,257000
789,9694000,100067000,268000
790,9655000,99960000,245000
791,9355000,99700000,264000
792,9593000,100238000,264000
793,9857000,100263000,264000
794,9599000,99743000,257000
795,9869000,100269000,260000
796,9897000,100029000,253000
797,10022000,100125000,248000
798,9963000,99941000,253000
799,9542000,99578000,252000
800,9546000,100005000,269000
801,9274000,99728000,268000
802,9504000,100230000,257000
803,9566000,100062000,273000
804,9990000,100423000,269000
805,9312000,99323000,268000
806,9798000,100485000,261000
807,9873000,100075000,273000
808,9873000,100000000,268000
809,10035000,100162000,272000
810,9949000,99915000,261000
811,9886000,99938000,272000
812,9896000,100009000,265000
813,9269000,99373000,269000
814,9977000,100707000,265000
815,9358000,99381000,260000
816,9936000,100579000,257000
817,9920000,99984000,272000
818,9452000,99532000,261000
819,9441000,99988000,269000
820,9462000,100022000,265000
821,9451000,99989000,269000
822,9411000,99959000,265000
823,9467000,100056000,265000
824,9406000,99940000,269000
825,9406000,100000000,268000
826,9423000,100017000,257000
827,9419000,99996000,272000
828,9698000,100278000,265000
829,9786000,100088000,268000
830,9502000,99717000,265000
831,9390000,99887000,260000
832,9376000,99987000,261000
833,9387000,100010000,269000
834,9396000,100010000,257000
835,9410000,100014000,269000
836,9407000,99997000,265000
837,9330000,99922000,269000
838,9417000,100087000,257000
839,9481000,100065000,276000
840,9554000,100073000,269000
841,9278000,99724000,277000
842,9369000,100090000,261000
843,9166000,99798000,269000
844,9393000,100227000,261000
845,9517000,100124000,269000
846,9460000,99942000,265000
847,9525000,100066000,273000
848,9476000,99951000,261000
849,9552000,100076000,253000
850,9548000,99996000,253000
851,9548000,100000000,264000
852,9687000,100140000,260000
853,9496000,99808000,256000
854,9572000,100076000,249000
855,9443000,99870000,268000
856,9511000,100069000,261000
857,9887000,100376000,252000
858,9857000,99969000,256000
859,9810000,99954000,273000
860,9959000,100149000,257000
861,9341000,99382000,269000
862,9819000,100478000,257000
863,9815000,99996000,272000
864,10042000,100226000,265000
865,9420000,99379000,265000
866,9493000,100073000,256000
867,9843000,100350000,268000
868,9790000,99946000,257000
869,9994000,100204000,260000
870,9456000,99462000,264000
871,9652000,100197000,269000
872,9534000,99881000,257000
873,9190000,99657000,260000
874,9557000,100366000,257000
875,9666000,100109000,261000
876,9542000,99876000,261000
877,9619000,100078000,264000
878,9488000,99869000,260000
879,9496000,100008000,261000
880,9499000,100003000,265000
881,9503000,100004000,265000
882,9508000,100005000,257000
883,9659000,100152000,264000
884,9524000,99864000,253000
885,9666000,100142000,268000
886,9456000,99789000,249000
887,9549000,100093000,272000
888,9671000,100122000,261000
889,9684000,100013000,268000
890,9490000,99806000,261000
891,9198000,99709000,264000
892,9428000,100230000,261000
893,9698000,100270000,273000
894,9719000,100021000,249000
895,9437000,99718000,264000
896,9673000,100236000,253000
897,9518000,99844000,268000
898,9537000,100020000,264000
899,9660000,100123000,268000
900,9552000,99892000,265000
901,9468000,99916000,268000
902,9761000,100292000,261000
903,9205000,99445000,265000
904,9769000,100563000,261000
905,9768000,100000000,268000
906,9564000,99795000,257000
907,9508000,99945000,272000
908,9643000,100135000,256000
909,9658000,100015000,272000
910,9450000,99792000,253000
911,9594000,100144000,273000
912,9669000,100075000,253000
913,9480000,99811000,264000
914,9474000,99994000,257000
915,9474000,99999000,272000
916,9617000,100144000,253000
917,9489000,99872000,272000
918,9628000,100139000,265000
919,9637000,100009000,268000
920,9431000,99794000,265000
921,9226000,99794000,273000
922,9392000,100167000,256000
923,9443000,100051000,260000
924,9669000,100225000,257000
925,9521000,99853000,264000
926,9560000,100039000,253000
927,9404000,99844000,264000
928,9548000,100144000,265000
929,9425000,99876000,268000
930,9500000,100076000,261000
931,9496000,99996000,272000
932,9511000,100015000,261000
933,9097000,99585000,268000
934,9582000,100486000,257000
935,9112000,99538000,273000
936,9452000,100332000,264000
937,9670000,100218000,268000
938,9671000,100000000,257000
939,9552000,99882000,264000
940,9335000,99782000,261000
941,9410000,100076000,269000
942,9489000,100079000,253000
943,9694000,100204000,268000
944,9423000,99731000,256000
945,9857000,100432000,256000
946,9507000,99650000,256000
947,9504000,99998000,256000
948,9748000,100244000,269000
949,9727000,99979000,272000
950,9462000,99735000,269000
951,9455000,99993000,276000
952,9491000,100036000,269000
953,8927000,99436000,268000
954,9425000,100498000,249000
955,9069000,99644000,260000
956,9699000,100629000,257000
957,9773000,100074000,260000
958,9925000,100153000,257000
959,9719000,99794000,272000
960,9232000,99513000,260000
961,9400000,100168000,272000
962,9457000,100057000,253000
963,9258000,99801000,264000
964,9326000,100067000,260000
965,9413000,100088000,269000
966,9269000,99856000,261000
967,9482000,100212000,260000
968,9419000,99937000,257000
969,9415000,99997000,276000
970,9362000,99946000,257000
971,9499000,100138000,260000
972,9303000,99804000,248000
973,9301000,99997000,272000
974,9748000,100448000,265000
975,9177000,99428000,272000
976,9819000,100643000,265000
977,9669000,99850000,268000
978,9906000,100237000,269000
979,9757000,99850000,269000
980,9338000,99582000,269000
981,9210000,99872000,264000
982,9777000,100567000,257000
983,9500000,99722000,265000
984,9715000,100216000,261000
985,9237000,99521000,261000
986,9305000,100069000,257000
987,9598000,100292000,265000
988,9396000,99799000,257000
989,9464000,100068000,264000
990,9327000,99863000,257000
991,9415000,100087000,260000
992,9761000,100346000,257000
993,9262000,99502000,277000
994,9906000,100644000,261000
995,9693000,99787000,272000
996,9777000,100084000,261000
997,9638000,99861000,260000
998,9735000,100097000,257000
999,9727000,99992000,257000
1000,9672000,99945000,286000
1001,9384000,99712000,278000
1002,9541000,100156000,270000
1003,9590000,100050000,287000
1004,9910000,100320000,267000
1005,9544000,99634000,283000
1006,9271000,99727000,274000
1007,9342000,100071000,279000
1008,9500000,100158000,278000
1009,9630000,100130000,294000
1010,9438000,99807000,270000
1011,9298000,99861000,275000
1012,9311000,100013000,267000
1013,9539000,100228000,278000
1014,9388000,99849000,274000
1015,9666000,100278000,282000
1016,9672000,100006000,286000
1017,9421000,99749000,290000
1018,9271000,99849000,278000
1019,9284000,100014000,286000
1020,9358000,100074000,275000
1021,9232000,99873000,286000
1022,9503000,100280000,266000
1023,9218000,99706000,290000
1024,9372000,100155000,275000
1025,9431000,100067000,294000
1026,9444000,100005000,286000
1027,9585000,100148000,274000
1028,9448000,99863000,278000
1029,9457000,100002000,282000
1030,9417000,99960000,271000
1031,9473000,100056000,283000
1032,9562000,100089000,275000
1033,9493000,99931000,279000
1034,9517000,100023000,271000
1035,9432000,99916000,290000
1036,9441000,100009000,267000
1037,9723000,100282000,282000
1038,9954000,100231000,274000
1039,10006000,100060000,282000
1040,9941000,99935000,271000
1041,9257000,99308000,290000
1042,9815000,100566000,270000
1043,9756000,99933000,283000
1044,9906000,100149000,274000
1045,9686000,99788000,286000
1046,9853000,100159000,267000
1047,9794000,99941000,286000
1048,9790000,99996000,278000
1049,9798000,100009000,283000
1050,9723000,99925000,267000
1051,9744000,100021000,283000
1052,9732000,99987000,278000
1053,9393000,99661000,279000
1054,9885000,100493000,278000
1055,9769000,99883000,283000
1056,9773000,100004000,263000
1057,9474000,99701000,283000
1058,9981000,100508000,267000
1059,9843000,99862000,275000
1060,9794000,99950000,255000
1061,9633000,99840000,279000
1062,9513000,99880000,267000
1063,9301000,99788000,279000
1064,9327000,100026000,278000
1065,9181000,99854000,287000
1066,9468000,100287000,275000
1067,9327000,99858000,282000
1068,9427000,100100000,274000
1069,9204000,99778000,275000
1070,9347000,100143000,282000
1071,9271000,99924000,290000
1072,9362000,100090000,274000
1073,9290000,99928000,286000
1074,9223000,99934000,286000
1075,9301000,100077000,279000
1076,9869000,100568000,286000
1077,9794000,99926000,290000
1078,9802000,100007000,282000
1079,9887000,100086000,290000
1080,9886000,99999000,278000
1081,9761000,99874000,294000
1082,9478000,99717000,274000
1083,9274000,99797000,290000
1084,9337000,100063000,267000
1085,9645000,100308000,283000
1086,9356000,99711000,278000
1087,9434000,100078000,290000
1088,9371000,99936000,274000
1089,10144000,100773000,279000
1090,9519000,99376000,270000
1091,9530000,100011000,286000
1092,9533000,100002000,274000
1093,9460000,99927000,283000
1094,9478000,100019000,278000
1095,9274000,99795000,275000
1096,9427000,100154000,282000
1097,9423000,99996000,286000
1098,9513000,100089000,278000
1099,9500000,99987000,286000
1100,9644000,100145000,278000
1101,9176000,99532000,290000
1102,9328000,100152000,274000
1103,9520000,100192000,282000
1104,9465000,99945000,275000
1105,9458000,99993000,286000
1106,9477000,100018000,275000
1107,9604000,100128000,294000
1108,9485000,99881000,274000
1109,9550000,100064000,279000
1110,9428000,99879000,282000
1111,9442000,100013000,283000
1112,9435000,99994000,278000
1113,9297000,99862000,286000
1114,9438000,100140000,286000
1115,9468000,100030000,283000
1116,9389000,99921000,286000
1117,9593000,100204000,294000
1118,9396000,99804000,282000
1119,9487000,100091000,287000
1120,9613000,100126000,282000
1121,9482000,99868000,290000
1122,9419000,99938000,278000
1123,9548000,100129000,290000
1124,9437000,99888000,278000
1125,9350000,99914000,290000
1126,9290000,99940000,282000
1127,9435000,100145000,279000
1128,9405000,99969000,282000
1129,9445000,100041000,294000
1130,9467000,100021000,275000
1131,9183000,99717000,290000
1132,9421000,100238000,278000
1133,9542000,100120000,286000
1134,9489000,99948000,278000
1135,9481000,99991000,286000
1136,9508000,100028000,271000
1137,9639000,100131000,283000
1138,9359000,99720000,282000
1139,9434000,100075000,294000
1140,9582000,100148000,282000
1141,9509000,99926000,286000
1142,9389000,99881000,278000
1143,9260000,99870000,290000
1144,9457000,100198000,278000
1145,9422000,99964000,271000
1146,9482000,100061000,270000
1147,9421000,99939000,290000
1148,9419000,99998000,282000
1149,9583000,100164000,282000
1150,9703000,100119000,271000
1151,9290000,99588000,294000
1152,9435000,100145000,282000
1153,9579000,100144000,278000
1154,9517000,99938000,286000
1155,9177000,99660000,290000
1156,9321000,100144000,278000
1157,9596000,100275000,290000
1158,9753000,100156000,282000
1159,9823000,100071000,291000
1160,9769000,99945000,278000
1161,9336000,99568000,286000
1162,9648000,100312000,278000
1163,9698000,100050000,282000
1164,9786000,100087000,274000
1165,9362000,99577000,290000
1166,9662000,100300000,278000
1167,9790000,100127000,294000
1168,9748000,99959000,274000
1169,9661000,99913000,283000
1170,9671000,100009000,278000
1171,9819000,100149000,282000
1172,9681000,99862000,278000
1173,9275000,99593000,283000
1174,9839000,100565000,286000
1175,9694000,99855000,286000
1176,9642000,99947000,274000
1177,9365000,99724000,294000
1178,9294000,99928000,282000
1179,9394000,100100000,283000
1180,9379000,99986000,270000
1181,9404000,100025000,282000
1182,9191000,99786000,282000
1183,9407000,100216000,283000
1184,9269000,99863000,282000
1185,9343000,100074000,290000
1186,9549000,100206000,286000
1187,9346000,99797000,286000
1188,9432000,100086000,274000
1189,9365000,99932000,274000
1190,9297000,99933000,274000
1191,9226000,99929000,294000
1192,9261000,100035000,282000
1193,9239000,99978000,286000
1194,9263000,100024000,274000
1195,9324000,100061000,282000
1196,9350000,100026000,271000
1197,9269000,99919000,282000
1198,9218000,99949000,274000
1199,9268000,100050000,283000
1200,9298000,100030000,271000
1201,9291000,99992000,283000
1202,9362000,100071000,282000
1203,9298000,99936000,283000
1204,9727000,100430000,286000
1205,9651000,99924000,286000
1206,9397000,99745000,278000
1207,9530000,100133000,286000
1208,9672000,100142000,282000
1209,9549000,99878000,282000
1210,9761000,100211000,275000
1211,9485000,99725000,290000
1212,9423000,99938000,278000
1213,9365000,99941000,290000
1214,9284000,99920000,279000
1215,9570000,100286000,286000
1216,9364000,99794000,274000
1217,9455000,100091000,275000
1218,9384000,99928000,278000
1219,9311000,99927000,286000
1220,9392000,100082000,286000
1221,9259000,99866000,283000
1222,9263000,100005000,282000
1223,9329000,100065000,290000
1224,9554000,100226000,278000
1225,9343000,99789000,283000
1226,9228000,99885000,278000
1227,9221000,99992000,286000
1228,9239000,100018000,271000
1229,9227000,99989000,283000
1230,9314000,100087000,278000
1231,9649000,100335000,286000
1232,9671000,100021000,282000
1233,9396000,99726000,290000
1234,9604000,100208000,274000
1235,9605000,100001000,283000
1236,9611000,100006000,282000
1237,9686000,100074000,290000
1238,9769000,100083000,278000
1239,9693000,99924000,283000
1240,9848000,100156000,286000
1241,9852000,100004000,283000
1242,9705000,99853000,267000
1243,9881000,100176000,291000
1244,10006000,100125000,282000
1245,9608000,99601000,283000
1246,9748000,100141000,279000
1247,9827000,100079000,294000
1248,9891000,100064000,286000
1249,9967000,100076000,279000
1250,9902000,99934000,279000
1251,9363000,99462000,291000
1252,9629000,100266000,275000
1253,9851000,100222000,282000
1254,9865000,100014000,275000
1255,9861000,99995000,283000
1256,9794000,99933000,282000
1257,9715000,99922000,279000
1258,9873000,100157000,283000
1259,9936000,100064000,287000
1260,9985000,100049000,267000
1261,9674000,99688000,287000
1262,9831000,100158000,283000
1263,9075000,99244000,271000
1264,9582000,100508000,267000
1265,9632000,100049000,286000
1266,9719000,100087000,274000
1267,9790000,100070000,271000
1268,9881000,100091000,274000
1269,9658000,99778000,271000
1270,9398000,99739000,282000
1271,9732000,100334000,294000
1272,9320000,99588000,282000
1273,9321000,100001000,275000
1274,9266000,99945000,275000
1275,9336000,100070000,286000
1276,9280000,99945000,267000
1277,9359000,100079000,290000
1278,9356000,99997000,267000
1279,9220000,99863000,294000
1280,9297000,100078000,278000
1281,8902000,99605000,283000
1282,9181000,100279000,278000
1283,9309000,100128000,286000
1284,9257000,99948000,282000
1285,9265000,100008000,290000
1286,9195000,99929000,275000
1287,9407000,100213000,294000
1288,9344000,99937000,275000
1289,9338000,99994000,286000
1290,9348000,100009000,278000
1291,9279000,99932000,294000
1292,9358000,100079000,282000
1293,8877000,99519000,286000
1294,9398000,100520000,282000
1295,9370000,99973000,286000
1296,9322000,99952000,282000
1297,9312000,99989000,291000
1298,9278000,99967000,278000
1299,9327000,100048000,275000
1300,9270000,99943000,278000
1301,9407000,100138000,290000
1302,9302000,99895000,274000
1303,9559000,100257000,279000
1304,9288000,99729000,274000
1305,9293000,100005000,286000
1306,9223000,99930000,274000
1307,9232000,100009000,282000
1308,9302000,100069000,278000
1309,9253000,99952000,290000
1310,9320000,100067000,271000
1311,9140000,99820000,275000
1312,9544000,100404000,271000
1313,9692000,100147000,271000
1314,9685000,99994000,271000
1315,9569000,99884000,290000
1316,9627000,100057000,286000
1317,9715000,100089000,283000
1318,9576000,99860000,271000
1319,9715000,100140000,286000
1320,9869000,100153000,271000
1321,9869000,100000000,283000
1322,9655000,99787000,282000
1323,9175000,99520000,286000
1324,9596000,100421000,274000
1325,9404000,99808000,290000
1326,9550000,100146000,282000
1327,9682000,100132000,283000
1328,9643000,99961000,282000
1329,9623000,99980000,290000
1330,9645000,100022000,282000
1331,9704000,100058000,283000
1332,10573000,100870000,283000
1333,9575000,99010000,275000
1334,9666000,100083000,278000
1335,9659000,99993000,279000
1336,9599000,99940000,271000
1337,9798000,100198000,283000
1338,9680000,99882000,275000
1339,9827000,100148000,286000
1340,9694000,99867000,267000
1341,9075000,99381000,279000
1342,9624000,100549000,282000
1343,9637000,100013000,286000
1344,9577000,99940000,271000
1345,9592000,100014000,279000
1346,9650000,100058000,286000
1347,9589000,99940000,279000
1348,9591000,100002000,290000
1349,9550000,99958000,287000
1350,9534000,99985000,286000
1351,9482000,99947000,286000
1352,9617000,100135000,282000
1353,8928000,99312000,283000
1354,9562000,100634000,262000
1355,9425000,99863000,290000
1356,9561000,100136000,286000
1357,9574000,100013000,279000
1358,9805000,100231000,286000
1359,9573000,99768000,294000
1360,9598000,100025000,282000
1361,9530000,99932000,290000
1362,9765000,100234000,274000
1363,9815000,100051000,290000
1364,9559000,99744000,267000
1365,9540000,99981000,286000
1366,9562000,100022000,286000
1367,9769000,100206000,291000
1368,9572000,99804000,274000
1369,9566000,99993000,279000
1370,9637000,100071000,279000
1371,9176000,99540000,283000
1372,9647000,100471000,279000
1373,9657000,100009000,286000
1374,9593000,99936000,270000
1375,9607000,100015000,283000
1376,9266000,99659000,278000
1377,9273000,100007000,290000
1378,9341000,100067000,274000
1379,9222000,99881000,287000
1380,9270000,100049000,282000
1381,9220000,99949000,287000
1382,9293000,100074000,278000
1383,9031000,99737000,290000
1384,9438000,100408000,282000
1385,9175000,99737000,286000
1386,9244000,100069000,282000
1387,9253000,100009000,286000
1388,9404000,100151000,282000
1389,9536000,100132000,283000
1390,9761000,100224000,278000
1391,9546000,99786000,290000
1392,9715000,100160000,274000
1393,9560000,99854000,283000
1394,9570000,100010000,275000
1395,9155000,99584000,283000
1396,9533000,100379000,274000
1397,9640000,100106000,283000
1398,9592000,99952000,286000
1399,9727000,100136000,294000
1400,9660000,99932000,278000
1401,8985000,99326000,282000
1402,9675000,100689000,274000
1403,9614000,99940000,283000
1404,9616000,100002000,286000
1405,10388000,100772000,287000
1406,10669000,100280000,279000
1407,9715000,99047000,282000
1408,9786000,100070000,274000
1409,9736000,99950000,287000
1410,9727000,99992000,271000
1411,9588000,99861000,287000
1412,9663000,100075000,286000
1413,9132000,99469000,286000
1414,9466000,100334000,282000
1415,10308000,100842000,291000
1416,9539000,99230000,286000
1417,10240000,100702000,283000
1418,9553000,99313000,275000
1419,9554000,100001000,283000
1420,9430000,99875000,279000
1421,9219000,99790000,290000
1422,9644000,100425000,278000
1423,9715000,100071000,283000
1424,10505000,100789000,283000
1425,9444000,98939000,283000
1426,9613000,100170000,282000
1427,9597000,99984000,290000
1428,9773000,100175000,274000
1429,9539000,99767000,286000
1430,9300000,99760000,266000
1431,9144000,99845000,290000
1432,9644000,100500000,271000
1433,9561000,99916000,282000
1434,9574000,100013000,282000
1435,9229000,99656000,287000
1436,9376000,100147000,275000
1437,9651000,100275000,287000
1438,9599000,99948000,278000
1439,9613000,100014000,291000
1440,9606000,99993000,282000
1441,9615000,100009000,287000
1442,9544000,99929000,282000
1443,9216000,99672000,290000
1444,9694000,100478000,282000
1445,9432000,99738000,294000
1446,9504000,100071000,286000
1447,9656000,100153000,286000
1448,10270000,100614000,282000
1449,9728000,99457000,286000
1450,9456000,99728000,274000
1451,9530000,100075000,290000
1452,9466000,99936000,278000
1453,9753000,100286000,279000
1454,9556000,99804000,271000
1455,9679000,100123000,290000
1456,9578000,99899000,263000
1457,9428000,99849000,279000
1458,9227000,99799000,279000
1459,9627000,100401000,294000
1460,10177000,100550000,271000
1461,9994000,99816000,290000
1462,9590000,99597000,282000
1463,10410000,100820000,286000
1464,10573000,100171000,274000
1465,9530000,98949000,283000
1466,9544000,100014000,282000
1467,9748000,100204000,290000
1468,9549000,99801000,282000
1469,9547000,99997000,286000
1470,9695000,100148000,278000
1471,10531000,100836000,290000
1472,10195000,99665000,286000
1473,10148000,99952000,287000
1474,10549000,100402000,286000
1475,9579000,99030000,290000
1476,10424000,100845000,286000
1477,10578000,100154000,294000
1478,9744000,99166000,278000
1479,10445000,100701000,283000
1480,10651000,100206000,286000
1481,9494000,98843000,286000
1482,9621000,100126000,267000
1483,9557000,99936000,282000
1484,10325000,100769000,286000
1485,10191000,99866000,290000
1486,9642000,99451000,274000
1487,9513000,99871000,282000
1488,9588000,100074000,282000
1489,9519000,99931000,283000
1490,9607000,100089000,274000
1491,9191000,99584000,286000
1492,9549000,100358000,278000
1493,9672000,100123000,275000
1494,11235000,101563000,278000
1495,9614000,98378000,279000
1496,10602000,100989000,282000
1497,10804000,100203000,290000
1498,10826000,100028000,266000
1499,11031000,100197000,290000
1500,10555000,99524000,282000
1501,10415000,99860000,279000
1502,10495000,100082000,283000
1503,9873000,99376000,290000
1504,9541000,99669000,275000
1505,10451000,100909000,283000
1506,9551000,99100000,267000
1507,10400000,100850000,282000
1508,9692000,99291000,274000
1509,10262000,100570000,279000
1510,10609000,100348000,278000
1511,10419000,99810000,283000
1512,10417000,99997000,282000
1513,10218000,99801000,282000
1514,10497000,100280000,282000
1515,9186000,98689000,283000
1516,10363000,101177000,274000
1517,10223000,99860000,283000
1518,10579000,100355000,282000
1519,10176000,99597000,286000
1520,10468000,100293000,286000
1521,10115000,99647000,286000
1522,10608000,100493000,279000
1523,10197000,99588000,286000
1524,10503000,100306000,274000
1525,10138000,99636000,278000
1526,10505000,100366000,274000
1527,10155000,99650000,283000
1528,10098000,99944000,286000
1529,10219000,100120000,283000
1530,10237000,100018000,274000
1531,10176000,99939000,286000
1532,10103000,99928000,278000
1533,9827000,99724000,290000
1534,10052000,100224000,278000
1535,10189000,100137000,286000
1536,9994000,99805000,282000
1537,10347000,100354000,290000
1538,10143000,99795000,278000
1539,10165000,100023000,279000
1540,10169000,100003000,275000
1541,10175000,100007000,291000
1542,10169000,99993000,278000
1543,10026000,99858000,290000
1544,10103000,100077000,286000
1545,10202000,100098000,283000
1546,10186000,99985000,278000
1547,10191000,100004000,279000
1548,10058000,99868000,278000
1549,10206000,100148000,279000
1550,10128000,99922000,274000
1551,10006000,99878000,279000
1552,10018000,100012000,274000
1553,10152000,100133000,290000
1554,10175000,100024000,278000
1555,10233000,100057000,278000
1556,10180000,99948000,278000
1557,10176000,99995000,294000
1558,10195000,100019000,286000
1559,10530000,100336000,290000
1560,10335000,99805000,278000
1561,10127000,99792000,283000
1562,10266000,100138000,282000
1563,9852000,99587000,290000
1564,10002000,100150000,282000
1565,10142000,100140000,290000
1566,10087000,99945000,278000
1567,10216000,100129000,291000
1568,10101000,99884000,278000
1569,10580000,100480000,290000
1570,10514000,99934000,282000
1571,10604000,100090000,283000
1572,10119000,99515000,263000
1573,10534000,100415000,294000
1574,10056000,99522000,278000
1575,10344000,100288000,294000
1576,9990000,99645000,278000
1577,10482000,100493000,283000
1578,10563000,100081000,278000
1579,10436000,99873000,283000
1580,10173000,99737000,278000
1581,10022000,99849000,290000
1582,10373000,100351000,282000
1583,10175000,99802000,286000
1584,10605000,100430000,278000
1585,10597000,99992000,286000
1586,10202000,99604000,275000
1587,10470000,100269000,275000
1588,10694000,100223000,286000
1589,10600000,99915000,290000
1590,10559000,99950000,278000
1591,10352000,99794000,282000
1592,9959000,99607000,286000
1593,9950000,99991000,287000
1594,10107000,100156000,278000
1595,10574000,100467000,294000
1596,10376000,99802000,286000
1597,10311000,99935000,290000
1598,10183000,99873000,286000
1599,10322000,100138000,290000
1600,10476000,100154000,278000
1601,10427000,99952000,286000
1602,10145000,99718000,274000
1603,10214000,100068000,283000
1604,10210000,99998000,287000
1605,10102000,99891000,286000
1606,10173000,100071000,275000
1607,10099000,99926000,283000
1608,10105000,100005000,278000
1609,10331000,100227000,279000
1610,10111000,99780000,278000
1611,10047000,99936000,286000
1612,10120000,100072000,282000
1613,10124000,100004000,283000
1614,10132000,100008000,286000
1615,10265000,100134000,290000
1616,10165000,99900000,267000
1617,10084000,99919000,286000
1618,10102000,100018000,282000
1619,10091000,99989000,286000
1620,10254000,100162000,278000
1621,10176000,99922000,286000
1622,10120000,99945000,282000
1623,9898000,99777000,282000
1624,9994000,100096000,278000
1625,10397000,100404000,282000
1626,10423000,100026000,278000
1627,10478000,100054000,290000
1628,10420000,99942000,282000
1629,10423000,100004000,287000
1630,10493000,100069000,278000
1631,10087000,99594000,282000
1632,10437000,100352000,283000
1633,10583000,100144000,286000
1634,10302000,99720000,274000
1635,10672000,100370000,287000
1636,10591000,99919000,286000
1637,10466000,99874000,290000
1638,10542000,100077000,278000
1639,10428000,99886000,283000
1640,10482000,100054000,282000
1641,10207000,99725000,290000
1642,10425000,100217000,278000
1643,10147000,99723000,286000
1644,10091000,99944000,278000
1645,10155000,100063000,294000
1646,10102000,99948000,278000
1647,10103000,100001000,290000
1648,10107000,100004000,279000
1649,10115000,100008000,286000
1650,10124000,100008000,271000
1651,10194000,100071000,286000
1652,10298000,100104000,271000
1653,9932000,99634000,283000
1654,10280000,100348000,286000
1655,10205000,99925000,290000
1656,9959000,99754000,286000
1657,10169000,100209000,282000
1658,10301000,100133000,278000
1659,10236000,99934000,283000
1660,10104000,99869000,278000
1661,10312000,100208000,287000
1662,10391000,100079000,282000
1663,10109000,99718000,287000
1664,10322000,100213000,286000
1665,10124000,99801000,290000
1666,10072000,99948000,271000
1667,10084000,100013000,286000
1668,10014000,99930000,271000
1669,10229000,100214000,283000
1670,10289000,100061000,278000
1671,10026000,99737000,290000
1672,9959000,99933000,286000
1673,10122000,100163000,291000
1674,10045000,99923000,278000
1675,10537000,100492000,283000
1676,10325000,99788000,274000
1677,10259000,99934000,286000
1678,10483000,100224000,271000
1679,10415000,99931000,287000
1680,10343000,99929000,286000
1681,10497000,100153000,279000
1682,10175000,99679000,270000
1683,9944000,99770000,294000
1684,10031000,100085000,274000
1685,9887000,99857000,290000
1686,10540000,100652000,282000
1687,10382000,99843000,290000
1688,10054000,99672000,286000
1689,10048000,99994000,287000
1690,10145000,100096000,275000
1691,10538000,100394000,291000
1692,10417000,99879000,278000
1693,10140000,99723000,290000
1694,10280000,100140000,278000
1695,10081000,99801000,290000
1696,10018000,99937000,286000
1697,10292000,100274000,291000
1698,10514000,100222000,278000
1699,10381000,99867000,294000
1700,10312000,99931000,278000
1701,9916000,99604000,287000
1702,10323000,100407000,282000
1703,10141000,99817000,283000
1704,10132000,99992000,286000
1705,10002000,99870000,286000
1706,10006000,100004000,278000
1707,10026000,100020000,287000
1708,10014000,99988000,278000
1709,10010000,99996000,290000
1710,10100000,100090000,278000
1711,10026000,99926000,294000
1712,9898000,99871000,286000
1713,9835000,99938000,290000
1714,10404000,100569000,282000
1715,10459000,100054000,290000
1716,9940000,99482000,282000
1717,10128000,100188000,290000
1718,10211000,100082000,278000
1719,10067000,99857000,290000
1720,10098000,100031000,286000
1721,10219000,100121000,290000
1722,10232000,100013000,278000
1723,10502000,100270000,290000
1724,10369000,99866000,282000
1725,10112000,99744000,279000
1726,10257000,100145000,274000
1727,10048000,99791000,287000
1728,10128000,100080000,278000
1729,10265000,100137000,290000
1730,10066000,99801000,282000
1731,10002000,99936000,286000
1732,10489000,100487000,278000
1733,10174000,99685000,283000
1734,10018000,99844000,279000
1735,10233000,100214000,286000
1736,9819000,99587000,286000
1737,10047000,100228000,290000
1738,9898000,99850000,282000
1739,10119000,100222000,287000
1740,9846000,99727000,278000
1741,10054000,100208000,286000
1742,10269000,100215000,271000
1743,9849000,99579000,290000
1744,10546000,100698000,282000
1745,10420000,99873000,291000
1746,10173000,99754000,282000
1747,10353000,100180000,283000
1748,10510000,100157000,282000
1749,10173000,99663000,279000
1750,9985000,99812000,271000
1751,10175000,100189000,294000
1752,10264000,100090000,286000
1753,10455000,100191000,294000
1754,10136000,99682000,287000
1755,10475000,100337000,287000
1756,10268000,99793000,278000
1757,10069000,99802000,294000
1758,10079000,100009000,282000
1759,9941000,99863000,283000
1760,10022000,100081000,279000
1761,9883000,99861000,279000
1762,10031000,100147000,275000
1763,10186000,100156000,283000
1764,10255000,100068000,282000
1765,9910000,99656000,282000
1766,10183000,100273000,275000
1767,10075000,99891000,282000
1768,9990000,99915000,282000
1769,10425000,100435000,283000
1770,10629000,100204000,278000
1771,10437000,99809000,290000
1772,10562000,100125000,278000
1773,9815000,99253000,283000
1774,10435000,100620000,286000
1775,10510000,100074000,275000
1776,9898000,99388000,278000
1777,10308000,100410000,294000
1778,10538000,100231000,271000
1779,10392000,99854000,291000
1780,10558000,100166000,278000
1781,10067000,99509000,282000
1782,10281000,100214000,274000
1783,10336000,100055000,290000
1784,10366000,100030000,286000
1785,10014000,99648000,279000
1786,10368000,100354000,282000
1787,9815000,99447000,290000
1788,9898000,100082000,275000
1789,9963000,100066000,290000
1790,10042000,100079000,282000
1791,10039000,99997000,287000
1792,10458000,100419000,267000
1793,10193000,99735000,290000
1794,9993000,99800000,286000
1795,10002000,100009000,283000
1796,10006000,100003000,282000
1797,10022000,100017000,291000
1798,10354000,100333000,279000
1799,10361000,100005000,290000
1800,10034000,99674000,271000
1801,10323000,100289000,279000
1802,10185000,99862000,275000
1803,9915000,99730000,287000
1804,10052000,100137000,282000
1805,10320000,100267000,279000
1806,10332000,100014000,271000
1807,10330000,99997000,294000
1808,10623000,100292000,267000
1809,10341000,99719000,290000
1810,10433000,100092000,278000
1811,10352000,99919000,279000
1812,10505000,100153000,278000
1813,10294000,99788000,283000
1814,10463000,100170000,267000
1815,10174000,99711000,286000
1816,10052000,99877000,282000
1817,10311000,100260000,290000
1818,10346000,100034000,282000
1819,10326000,99981000,282000
1820,10344000,100017000,286000
1821,9998000,99654000,290000
1822,10281000,100284000,282000
1823,10488000,100207000,294000
1824,10288000,99799000,286000
1825,10293000,100006000,279000
1826,10035000,99741000,274000
1827,10185000,100151000,286000
1828,10040000,99854000,274000
1829,10046000,100007000,282000
1830,10191000,100144000,278000
1831,10137000,99946000,291000
1832,10058000,99921000,278000
1833,9932000,99875000,282000
1834,10080000,100148000,270000
1835,10176000,100095000,283000
1836,10014000,99839000,278000
1837,10499000,100485000,290000
1838,10176000,99677000,278000
1839,10018000,99842000,279000
1840,9963000,99945000,271000
1841,10035000,100071000,283000
1842,10183000,100149000,282000
1843,10115000,99932000,290000
1844,10220000,100104000,283000
1845,9919000,99700000,291000
1846,9936000,100017000,282000
1847,9998000,100061000,291000
1848,9954000,99957000,274000
1849,10014000,100060000,290000
1850,9959000,99945000,282000
1851,10022000,100063000,283000
1852,10185000,100164000,283000
1853,10101000,99914000,290000
1854,10180000,100080000,282000
1855,9968000,99788000,290000
1856,10195000,100226000,278000
1857,10260000,100065000,283000
1858,10483000,100224000,282000
1859,10485000,100002000,294000
1860,10423000,99937000,271000
1861,10510000,100087000,275000
1862,10433000,99924000,282000
1863,10026000,99593000,290000
1864,10435000,100408000,286000
1865,10259000,99825000,286000
1866,10239000,99980000,282000
1867,10259000,100019000,283000
1868,10468000,100209000,270000
1869,10397000,99929000,287000
1870,10124000,99728000,286000
1871,10136000,100011000,287000
1872,9994000,99858000,286000
1873,10002000,100009000,286000
1874,9936000,99934000,278000
1875,10010000,100074000,286000
1876,10103000,100092000,274000
1877,9945000,99843000,291000
1878,10184000,100239000,278000
1879,10236000,100051000,286000
1880,10262000,100027000,286000
1881,10118000,99857000,283000
1882,10136000,100017000,287000
1883,10124000,99987000,290000
1884,10006000,99882000,275000
1885,9927000,99922000,290000
1886,9936000,100009000,278000
1887,10022000,100086000,275000
1888,10022000,100000000,278000
1889,10087000,100065000,282000
1890,9959000,99872000,279000
1891,9967000,100009000,291000
1892,9972000,100004000,275000
1893,9696000,99724000,275000
1894,9848000,100152000,267000
1895,9998000,100149000,290000
1896,9925000,99927000,278000
1897,9941000,100017000,275000
1898,9861000,99920000,282000
1899,9950000,100089000,291000
1900,10147000,100197000,282000
1901,9798000,99650000,283000
1902,9811000,100013000,278000
1903,9815000,100005000,286000
1904,9823000,100008000,282000
1905,9761000,99937000,279000
1906,9977000,100216000,282000
1907,10107000,100131000,290000
1908,9998000,99890000,278000
1909,10124000,100126000,282000
1910,9935000,99812000,282000
1911,9861000,99926000,290000
1912,10166000,100305000,286000
1913,9998000,99839000,283000
1914,10022000,100017000,286000
1915,9810000,99788000,290000
1916,9691000,99881000,282000
1917,10035000,100343000,287000
1918,9973000,99938000,271000
1919,10388000,100416000,294000
1920,10191000,99803000,274000
1921,10400000,100209000,286000
1922,10331000,99931000,275000
1923,9790000,99458000,283000
1924,10140000,100351000,286000
1925,10294000,100154000,291000
1926,10284000,99989000,286000
1927,10233000,99949000,287000
1928,10225000,99994000,275000
1929,10252000,100027000,295000
1930,10113000,99860000,279000
1931,10313000,100201000,291000
1932,10392000,100078000,282000
1933,10266000,99874000,290000
1934,10267000,100000000,279000
1935,10269000,100003000,286000
1936,10421000,100152000,282000
1937,10266000,99844000,290000
1938,10352000,100087000,282000
1939,10436000,100084000,286000
1940,10441000,100005000,275000
1941,10018000,99577000,283000
1942,9981000,99963000,274000
1943,9959000,99978000,290000
1944,10119000,100160000,282000
1945,9973000,99854000,287000
1946,10141000,100167000,282000
1947,10120000,99979000,290000
1948,9998000,99878000,282000
1949,10133000,100136000,283000
1950,10141000,100008000,275000
1951,10076000,99934000,287000
1952,9949000,99874000,278000
1953,9877000,99928000,290000
1954,10296000,100418000,286000
1955,10366000,100071000,290000
1956,10176000,99810000,282000
1957,10533000,100357000,282000
1958,9981000,99448000,282000
1959,10133000,100151000,290000
1960,9924000,99792000,282000
1961,9932000,100008000,282000
1962,10070000,100137000,286000
1963,10092000,100023000,291000
1964,10150000,100058000,278000
1965,10222000,100071000,279000
1966,10231000,100010000,274000
1967,10228000,99997000,287000
1968,10379000,100151000,278000
1969,10446000,100067000,291000
1970,10258000,99811000,282000
1971,10048000,99791000,287000
1972,10352000,100304000,279000
1973,10260000,99908000,294000
1974,10200000,99941000,287000
1975,10198000,99997000,279000
1976,10362000,100164000,278000
1977,10209000,99847000,287000
1978,10169000,99959000,270000
1979,10014000,99846000,290000
1980,10121000,100107000,274000
1981,9959000,99838000,283000
1982,9965000,100014000,282000
1983,9615000,99642000,286000
1984,9848000,100233000,278000
1985,10058000,100210000,286000
1986,10124000,100065000,286000
1987,10128000,100004000,286000
1988,10203000,100076000,278000
1989,10221000,100018000,287000
1990,10218000,99997000,282000
1991,10223000,100005000,294000
1992,10225000,100002000,282000
1993,9902000,99677000,282000
1994,10236000,100333000,271000
1995,10313000,100077000,279000
1996,9902000,99589000,278000
1997,9925000,100023000,294000
1998,9773000,99848000,278000
1999,9777000,100005000,286000
2000,9928000,100150000,278000
2001,9786000,99858000,294000
2002,10278000,100492000,282000
2003,10344000,100067000,286000
2004,10220000,99876000,282000
2005,10222000,100001000,290000
2006,9906000,99685000,282000
2007,10174000,100268000,282000
2008,10187000,100012000,278000
2009,10397000,100210000,282000
2010,10473000,100076000,278000
2011,10408000,99936000,279000
2012,9786000,99377000,286000
2013,9715000,99930000,286000
2014,9665000,99950000,282000
2015,9798000,100132000,286000
2016,9739000,99942000,282000
2017,9736000,99996000,283000
2018,9832000,100097000,255000
2019,9748000,99916000,286000
2020,9688000,99940000,275000
2021,9844000,100156000,271000
2022,9842000,99998000,267000
2023,9781000,99939000,287000
2024,9849000,100067000,282000
2025,9786000,99937000,290000
2026,9925000,100140000,271000
2027,9873000,99947000,286000
2028,9658000,99786000,279000
2029,9663000,100005000,290000
2030,9592000,99928000,279000
2031,9666000,100075000,282000
2032,9676000,100009000,282000
2033,9620000,99944000,275000
2034,9617000,99998000,282000
2035,9902000,100285000,290000
2036,9698000,99795000,278000
2037,9773000,100075000,286000
2038,9723000,99951000,282000
2039,9852000,100129000,287000
2040,9815000,99963000,271000
2041,9932000,100117000,287000
2042,10022000,100090000,274000
2043,9588000,99566000,290000
2044,9769000,100180000,278000
2045,9673000,99904000,279000
2046,9906000,100234000,274000
2047,9827000,99921000,294000
2048,9846000,100020000,275000
2049,9839000,99992000,290000
2050,9696000,99864000,286000
2051,9570000,99867000,286000
2052,9641000,100071000,282000
2053,9744000,100103000,290000
2054,9810000,100066000,278000
2055,9744000,99934000,279000
2056,9748000,100004000,278000
2057,9765000,100016000,290000
2058,9823000,100059000,278000
2059,9687000,99863000,294000
2060,9765000,100078000,282000
2061,9699000,99934000,290000
2062,9638000,99939000,275000
2063,9635000,99998000,286000
2064,9571000,99936000,278000
2065,10071000,100499000,290000
2066,9655000,99585000,267000
2067,10014000,100359000,275000
2068,9805000,99791000,282000
2069,10084000,100278000,290000
2070,9753000,99669000,286000
2071,10026000,100274000,286000
2072,9769000,99743000,278000
2073,9546000,99777000,294000
2074,9925000,100378000,278000
2075,9704000,99779000,283000
2076,9648000,99944000,274000
2077,9633000,99986000,283000
2078,9594000,99961000,278000
2079,9644000,100050000,275000
2080,9802000,100157000,282000
2081,9732000,99931000,287000
2082,9811000,100078000,286000
2083,9757000,99946000,283000
2084,9683000,99927000,278000
2085,9684000,100001000,282000
2086,9690000,100006000,282000
2087,9704000,100014000,294000
2088,9848000,100143000,282000
2089,9715000,99868000,290000
2090,9646000,99931000,271000
2091,9732000,100085000,290000
2092,9794000,100063000,274000
2093,9662000,99868000,282000
2094,9873000,100210000,278000
2095,9682000,99810000,290000
2096,9674000,99992000,271000
2097,9676000,100002000,294000
2098,9681000,100005000,286000
2099,9617000,99936000,283000
2100,9847000,100230000,287000
2101,9840000,99993000,290000
2102,9649000,99809000,275000
2103,9781000,100132000,279000
2104,9744000,99963000,282000
2105,10070000,100326000,286000
2106,9945000,99875000,282000
2107,10085000,100140000,290000
2108,10257000,100172000,275000
2109,9959000,99702000,267000
2110,10186000,100227000,278000
2111,10253000,100067000,279000
2112,10262000,100009000,270000
2113,10111000,99849000,275000
2114,10058000,99946000,274000
2115,10269000,100212000,275000
2116,9998000,99728000,282000
2117,10006000,100009000,283000
2118,10223000,100217000,263000
2119,10366000,100142000,279000
2120,10018000,99653000,282000
2121,10299000,100281000,279000
2122,10309000,100009000,263000
2123,10250000,99942000,290000
2124,9968000,99718000,282000
2125,9852000,99884000,290000
2126,10326000,100474000,270000
2127,10128000,99801000,294000
2128,10266000,100138000,274000
2129,10197000,99932000,290000
2130,10075000,99877000,275000
2131,10084000,100010000,286000
2132,10018000,99934000,282000
2133,9877000,99859000,283000
2134,9973000,100096000,282000
2135,10109000,100136000,275000
2136,10184000,100075000,278000
2137,9839000,99654000,275000
2138,10133000,100294000,278000
2139,10196000,100064000,287000
2140,10127000,99932000,279000
2141,10072000,99944000,275000
2142,10173000,100101000,275000
2143,10071000,99898000,290000
2144,10014000,99943000,274000
2145,10173000,100159000,283000
2146,10291000,100118000,286000
2147,10026000,99735000,286000
2148,10239000,100213000,282000
2149,10108000,99868000,290000
2150,9973000,99866000,286000
2151,10267000,100294000,287000
2152,10264000,99997000,275000
2153,10064000,99799000,290000
2154,10193000,100130000,282000
2155,10088000,99895000,282000
2156,10212000,100124000,270000
2157,9802000,99589000,290000
2158,10219000,100418000,278000
2159,9977000,99757000,283000
2160,10098000,100121000,278000
2161,10103000,100006000,283000
2162,10178000,100074000,286000
2163,9689000,99512000,290000
2164,10115000,100426000,282000
2165,9977000,99861000,283000
2166,9985000,100009000,282000
2167,10074000,100089000,271000
2168,10365000,100291000,274000
2169,9941000,99576000,282000
2170,10094000,100153000,278000
2171,10014000,99920000,283000
2172,9973000,99959000,270000
2173,10230000,100257000,294000
2174,10193000,99963000,271000
2175,10035000,99841000,283000
2176,9985000,99951000,278000
2177,10046000,100061000,286000
2178,10124000,100078000,274000
2179,9919000,99795000,283000
2180,9928000,100009000,286000
2181,9790000,99861000,294000
2182,9936000,100147000,278000
2183,10095000,100159000,287000
2184,10221000,100125000,282000
2185,9968000,99748000,283000
2186,10022000,100054000,278000
2187,10108000,100086000,286000
2188,10115000,100007000,270000
2189,10120000,100005000,283000
2190,9985000,99865000,274000
2191,10199000,100214000,283000
2192,10200000,100001000,278000
2193,9705000,99504000,294000
2194,10273000,100569000,271000
2195,10074000,99801000,283000
2196,10361000,100287000,278000
2197,10285000,99924000,290000
2198,10031000,99745000,267000
2199,9954000,99924000,282000
2200,9769000,99814000,267000
2201,10315000,100546000,283000
2202,10200000,99885000,282000
2203,10051000,99852000,286000
2204,10132000,100080000,278000
2205,9990000,99858000,286000
2206,10085000,100096000,286000
2207,10274000,100189000,287000
2208,10219000,99945000,278000
2209,10213000,99993000,283000
2210,10026000,99814000,270000
2211,10224000,100197000,290000
2212,9757000,99533000,279000
2213,9678000,99921000,290000
2214,9687000,100010000,278000
2215,9571000,99883000,279000
2216,9777000,100207000,282000
2217,9568000,99791000,290000
2218,9639000,100071000,282000
2219,9736000,100096000,282000
2220,9654000,99919000,274000
2221,9586000,99932000,290000
2222,9599000,100013000,274000
2223,9543000,99944000,286000
2224,9602000,100059000,274000
2225,9607000,100005000,291000
2226,9551000,99945000,275000
2227,9765000,100212000,287000
2228,9562000,99798000,286000
2229,9560000,99998000,290000
2230,9573000,100013000,274000
2231,9640000,100067000,290000
2232,9678000,100038000,267000
2233,9582000,99903000,283000
2234,9599000,100018000,282000
2235,9588000,99989000,290000
2236,9615000,100026000,282000
2237,9668000,100054000,286000
2238,9773000,100104000,271000
2239,9827000,100055000,290000
2240,9632000,99805000,286000
2241,9621000,99988000,286000
2242,9777000,100157000,270000
2243,9786000,100008000,286000
2244,9637000,99852000,270000
2245,9508000,99871000,286000
2246,9664000,100155000,263000
2247,9592000,99928000,279000
2248,9605000,100014000,267000
2249,9761000,100155000,283000
2250,9674000,99913000,274000
2251,9617000,99944000,283000
2252,9963000,100346000,278000
2253,9637000,99674000,271000
2254,9634000,99996000,270000
2255,9631000,99998000,282000
2256,9636000,100005000,278000
2257,9638000,100002000,282000
2258,9574000,99936000,278000
2259,9727000,100153000,286000
2260,9732000,100004000,282000
2261,9865000,100133000,283000
2262,9661000,99804000,282000
2263,9597000,99928000,287000
2264,9902000,100305000,271000
2265,9611000,99710000,290000
2266,9634000,100022000,270000
2267,9614000,99981000,287000
2268,9790000,100175000,278000
2269,9560000,99770000,286000
2270,9589000,100031000,275000
2271,9648000,100057000,287000
2272,9592000,99944000,286000
2273,9585000,99994000,286000
2274,9873000,100287000,275000
2275,9665000,99793000,294000
2276,9601000,99936000,278000
2277,9823000,100222000,279000
2278,10244000,100420000,282000
2279,10179000,99935000,290000
2280,10050000,99872000,274000
2281,10061000,100010000,294000
2282,9848000,99788000,275000
2283,9798000,99949000,290000
2284,10073000,100276000,275000
2285,9736000,99662000,287000
2286,9877000,100141000,282000
2287,9616000,99740000,279000
2288,9601000,99985000,282000
2289,9614000,100013000,287000
2290,9612000,99997000,282000
2291,9621000,100010000,279000
2292,9623000,100001000,278000
2293,9550000,99928000,286000
2294,9629000,100079000,278000
2295,9565000,99936000,290000
2296,9736000,100170000,282000
2297,9512000,99776000,291000
2298,9886000,100375000,270000
2299,9587000,99701000,294000
2300,9968000,100381000,278000
2301,9883000,99914000,290000
2302,9897000,100014000,282000
2303,9612000,99716000,275000
2304,9925000,100312000,274000
2305,9902000,99978000,294000
2306,10188000,100286000,282000
2307,9985000,99797000,275000
2308,9993000,100008000,282000
2309,10061000,100067000,290000
2310,10075000,100015000,282000
2311,9941000,99866000,275000
2312,10165000,100224000,282000
2313,9407000,99241000,290000
2314,9881000,100475000,274000
2315,10110000,100229000,286000
2316,9898000,99787000,278000
2317,9773000,99875000,282000
2318,9977000,100204000,267000
2319,9630000,99653000,287000
2320,9781000,100152000,278000
2321,9937000,100156000,282000
2322,9857000,99919000,282000
2323,10071000,100215000,278000
2324,9936000,99865000,267000
2325,9941000,100005000,286000
2326,10018000,100077000,282000
2327,10093000,100075000,294000
2328,9967000,99874000,286000
2329,9902000,99935000,275000
2330,10128000,100226000,278000
2331,9844000,99716000,286000
2332,9723000,99879000,271000
2333,9848000,100124000,290000
2334,10152000,100305000,270000
2335,10071000,99919000,279000
2336,10014000,99943000,282000
2337,9449000,99435000,279000
2338,10014000,100565000,282000
2339,10092000,100078000,282000
2340,10098000,100006000,286000
2341,9883000,99785000,286000
2342,10107000,100224000,274000
2343,9485000,99378000,291000
2344,9973000,100488000,286000
2345,10198000,100224000,290000
2346,9994000,99796000,278000
2347,9937000,99944000,290000
2348,10272000,100335000,274000
2349,10081000,99809000,283000
2350,9877000,99795000,278000
2351,9539000,99663000,294000
2352,9528000,99988000,278000
2353,9545000,100017000,290000
2354,9550000,100006000,278000
2355,9482000,99932000,294000
2356,9347000,99865000,290000
2357,9345000,99998000,290000
2358,9350000,100005000,275000
2359,9433000,100082000,283000
2360,9522000,100090000,282000
2361,9355000,99840000,294000
2362,9449000,100087000,278000
2363,9312000,99862000,282000
2364,9407000,100096000,274000
2365,9401000,99993000,282000
2366,10178000,100778000,278000
2367,9538000,99360000,290000
2368,9630000,100091000,282000
2369,9699000,100070000,283000
2370,9558000,99859000,275000
2371,9910000,100352000,279000
2372,9777000,99867000,290000
2373,9509000,99732000,275000
2374,9437000,99927000,263000
2375,9450000,100014000,279000
2376,9601000,100150000,278000
2377,9331000,99730000,286000
2378,9405000,100074000,274000
2379,9483000,100079000,283000
2380,9692000,100210000,259000
2381,9703000,100010000,278000
2382,9773000,100069000,278000
2383,9705000,99933000,283000
2384,9852000,100147000,282000
2385,9378000,99526000,287000
2386,9436000,100058000,278000
2387,9368000,99932000,291000
2388,9523000,100155000,271000
2389,9530000,100007000,283000
2390,9525000,99994000,282000
2391,9456000,99931000,275000
2392,9490000,100035000,271000
2393,9474000,99984000,294000
2394,9510000,100036000,278000
2395,9276000,99766000,286000
2396,9432000,100156000,286000
2397,9282000,99851000,291000
2398,9449000,100165000,282000
2399,9438000,99989000,287000
2400,9450000,100013000,286000
2401,9452000,100001000,286000
2402,9613000,100161000,271000
2403,9458000,99846000,282000
2404,9811000,100352000,286000
2405,10102000,100292000,287000
2406,9827000,99725000,271000
2407,9688000,99861000,275000
2408,9841000,100152000,278000
2409,9923000,100083000,291000
2410,9848000,99924000,286000
2411,9869000,100021000,286000
2412,9869000,100000000,274000
2413,9802000,99933000,290000
2414,9941000,100140000,282000
2415,9823000,99882000,279000
2416,9881000,100058000,274000
2417,9894000,100012000,279000
2418,9682000,99789000,274000
2419,9614000,99932000,287000
2420,9550000,99936000,286000
2421,9629000,100078000,275000
2422,9781000,100153000,275000
2423,9503000,99722000,287000
2424,9504000,100001000,267000
2425,9435000,99931000,282000
2426,9452000,100016000,271000
2427,9449000,99998000,283000
2428,9539000,100089000,282000
2429,9593000,100055000,290000
2430,9611000,100018000,286000
2431,9403000,99792000,294000
2432,9432000,100029000,282000
2433,9481000,100048000,290000
2434,9919000,100438000,282000
2435,9910000,99992000,294000
2436,9994000,100083000,278000
2437,9928000,99934000,286000
2438,9794000,99867000,282000
2439,9520000,99726000,286000
2440,9389000,99869000,282000
2441,9313000,99923000,287000
2442,9400000,100088000,282000
2443,9271000,99871000,287000
2444,9422000,100151000,271000
2445,9359000,99937000,283000
2446,9493000,100134000,278000
2447,9432000,99939000,287000
2448,9285000,99853000,282000
2449,9517000,100232000,286000
2450,9505000,99988000,282000
2451,9452000,99946000,286000
2452,9373000,99922000,278000
2453,9447000,100074000,290000
2454,9877000,100429000,282000
2455,10018000,100142000,290000
2456,10030000,100012000,283000
2457,9547000,99516000,287000
2458,9919000,100372000,274000
2459,10042000,100124000,290000
2460,9929000,99887000,275000
2461,10058000,100129000,279000
2462,10149000,100091000,274000
2463,9436000,99288000,291000
2464,10082000,100644000,270000
2465,10075000,99994000,294000
2466,9963000,99888000,279000
2467,9877000,99914000,290000
2468,10095000,100218000,278000
2469,10096000,100001000,290000
2470,9765000,99668000,275000
2471,10107000,100343000,290000
2472,10057000,99950000,271000
2473,9976000,99919000,290000
2474,10127000,100151000,279000
2475,9865000,99737000,290000
2476,9852000,99988000,279000
2477,9580000,99728000,294000
2478,9877000,100296000,274000
2479,9898000,100021000,283000
2480,9959000,100062000,263000
2481,10031000,100071000,287000
2482,10035000,100004000,278000
2483,10120000,100085000,290000
2484,10114000,99996000,291000
2485,9901000,99787000,291000
2486,9926000,100025000,275000
2487,9920000,99993000,291000
2488,10080000,100160000,267000
2489,10061000,99982000,278000
2490,10095000,100033000,271000
2491,10088000,99993000,283000
2492,9890000,99803000,275000
2493,9597000,99706000,290000
2494,9902000,100304000,278000
2495,9887000,99986000,294000
2496,9981000,100094000,282000
2497,9623000,99641000,287000
2498,9926000,100304000,271000
2499,10054000,100127000,286000
2500,9790000,99736000,278000
2501,10140000,100350000,283000
2502,9936000,99797000,271000
2503,9873000,99936000,275000
2504,9815000,99943000,271000
2505,9732000,99916000,286000
2506,9877000,100145000,282000
2507,10110000,100233000,287000
2508,9891000,99782000,275000
2509,9917000,100025000,282000
2510,9624000,99707000,275000
2511,9698000,100075000,286000
2512,9848000,100150000,282000
2513,9937000,100089000,283000
2514,9931000,99994000,270000
2515,9937000,100006000,279000
2516,9861000,99924000,275000
2517,9865000,100003000,283000
2518,9806000,99941000,278000
2519,9815000,100010000,286000
2520,9954000,100139000,282000
2521,9471000,99517000,294000
2522,10054000,100583000,270000
2523,9765000,99710000,290000
2524,9985000,100221000,271000
2525,10119000,100134000,275000
2526,10348000,100229000,278000
2527,9989000,99641000,282000
2528,10281000,100291000,271000
2529,9576000,99296000,279000
2530,9676000,100099000,278000
2531,9598000,99923000,275000
2532,9665000,100067000,282000
2533,9601000,99936000,290000
2534,9823000,100222000,282000
2535,9827000,100004000,286000
2536,9695000,99867000,278000
2537,9349000,99655000,286000
2538,9922000,100572000,282000
2539,9715000,99794000,294000
2540,9723000,100008000,278000
2541,9798000,100074000,290000
2542,9805000,100008000,278000
2543,9611000,99806000,287000
2544,9887000,100276000,271000
2545,9819000,99932000,283000
2546,9748000,99929000,278000
2547,9628000,99880000,275000
2548,9833000,100205000,278000
2549,9765000,99931000,286000
2550,9628000,99863000,282000
2551,9625000,99998000,294000
2552,9569000,99944000,279000
2553,9574000,100005000,279000
2554,9732000,100157000,286000
2555,9736000,100004000,279000
2556,9891000,100156000,274000
2557,10080000,100188000,279000
2558,9965000,99894000,274000
2559,10308000,100335000,283000
2560,10470000,100161000,274000
2561,9902000,99433000,290000
2562,9925000,100022000,274000
2563,10049000,100124000,290000
2564,10074000,100026000,274000
2565,9848000,99774000,294000
2566,9861000,100012000,274000
2567,9861000,100001000,294000
2568,9877000,100015000,275000
2569,9739000,99863000,287000
2570,10014000,100275000,278000
2571,9753000,99738000,286000
2572,10040000,100287000,274000
2573,10051000,100012000,275000
2574,9894000,99850000,278000
2575,9786000,99884000,279000
2576,9918000,100133000,274000
2577,9511000,99593000,294000
2578,9998000,100486000,282000
2579,9869000,99871000,283000
2580,9865000,99996000,282000
2581,9802000,99937000,271000
2582,10014000,100213000,278000
2583,9877000,99863000,286000
2584,9887000,100010000,278000
2585,9533000,99653000,282000
2586,9485000,99945000,278000
2587,9421000,99936000,290000
2588,9571000,100150000,278000
2589,9496000,99925000,283000
2590,9524000,100027000,270000
2591,9571000,100048000,279000
2592,9529000,99957000,267000
2593,9510000,99982000,290000
2594,9837000,100327000,263000
2595,9392000,99556000,282000
2596,9968000,100575000,278000
2597,9203000,99235000,283000
2598,9945000,100742000,274000
2599,9892000,99947000,287000
2600,10046000,100154000,278000
2601,9838000,99800000,286000
2602,9910000,100064000,282000
2603,10074000,100163000,294000
2604,9861000,99788000,282000
2605,10014000,100153000,279000
2606,9869000,99854000,278000
2607,9551000,99682000,275000
2608,9529000,99979000,278000
2609,9413000,99883000,287000
2610,9544000,100132000,282000
2611,9419000,99875000,290000
2612,9421000,100001000,290000
2613,9551000,100131000,290000
2614,9497000,99945000,282000
2615,9500000,100003000,278000
2616,9290000,99791000,282000
2617,9291000,100001000,286000
2618,9510000,100219000,282000
2619,9433000,99923000,283000
2620,9537000,100104000,282000
2621,9664000,100127000,287000
2622,9548000,99884000,282000
2623,9460000,99912000,283000
2624,9559000,100098000,278000
2625,9481000,99923000,279000
2626,9501000,100020000,282000
2627,9493000,99991000,294000
2628,9653000,100161000,282000
2629,9499000,99846000,287000
2630,9643000,100144000,278000
2631,9649000,100005000,290000
2632,9522000,99873000,282000
2633,9526000,100005000,294000
2634,9393000,99867000,286000
2635,9470000,100077000,279000
2636,9469000,99999000,282000
2637,9355000,99885000,283000
2638,9827000,100473000,282000
2639,9777000,99950000,287000
2640,9910000,100133000,286000
2641,9794000,99884000,286000
2642,9640000,99845000,274000
2643,9522000,99883000,279000
2644,9873000,100350000,271000
2645,9945000,100073000,294000
2646,9945000,100000000,278000
2647,9805000,99860000,286000
2648,9815000,100010000,274000
2649,9748000,99933000,290000
2650,9844000,100096000,267000
2651,9973000,100129000,283000
2652,9849000,99875000,278000
2653,9698000,99850000,286000
2654,9727000,100029000,282000
2655,9929000,100201000,279000
2656,9736000,99807000,278000
2657,9505000,99770000,294000
2658,9669000,100164000,278000
2659,9661000,99992000,287000
2660,9671000,100009000,278000
2661,9668000,99998000,287000
2662,9748000,100080000,278000
2663,9827000,100079000,275000
2664,9345000,99518000,282000
2665,9765000,100419000,290000
2666,9500000,99736000,282000
2667,9170000,99669000,286000
2668,9243000,100074000,271000
2669,9653000,100410000,290000
2670,9439000,99786000,271000
2671,9457000,100018000,294000
2672,9397000,99940000,278000
2673,9388000,99991000,282000
2674,9469000,100081000,270000
2675,9691000,100222000,286000
2676,9406000,99715000,278000
2677,9341000,99936000,290000
2678,9351000,100009000,271000
2679,9360000,100010000,274000
2680,9361000,100001000,282000
2681,9367000,100005000,286000
2682,9437000,100071000,283000
2683,9864000,100426000,286000
2684,9673000,99810000,283000
2685,10084000,100410000,286000
2686,9613000,99530000,278000
2687,9528000,99914000,282000
2688,9561000,100034000,275000
2689,9332000,99771000,290000
2690,9698000,100366000,278000
2691,9484000,99794000,286000
2692,9447000,99955000,291000
2693,9354000,99907000,290000
2694,9445000,100091000,275000
2695,9369000,99924000,286000
2696,9797000,100427000,286000
2697,9726000,99930000,290000
2698,9944000,100218000,283000
2699,9810000,99865000,282000
2700,9962000,100153000,274000
2701,9626000,99664000,290000
2702,9546000,99920000,274000
2703,9355000,99808000,270000
2704,9352000,99998000,274000
2705,9512000,100159000,290000
2706,9434000,99923000,283000
2707,9442000,100008000,290000
2708,9233000,99790000,278000
2709,9258000,100026000,278000
2710,9263000,100005000,274000
2711,9313000,100049000,290000
2712,9263000,99950000,275000
2713,9259000,99997000,290000
2714,9756000,100496000,279000
2715,9893000,100138000,290000
2716,9691000,99797000,287000
2717,9212000,99521000,278000
2718,9571000,100359000,287000
2719,9498000,99928000,278000
2720,9300000,99802000,278000
2721,9175000,99875000,278000
2722,9332000,100156000,275000
2723,9388000,100057000,290000
2724,9822000,100434000,282000
2725,9949000,100127000,286000
2726,9776000,99827000,278000
2727,9760000,99983000,286000
2728,9694000,99935000,278000
2729,9776000,100082000,282000
2730,9631000,99855000,283000
2731,9847000,100216000,282000
2732,9714000,99867000,278000
2733,9510000,99795000,286000
2734,9376000,99866000,282000
2735,9539000,100163000,294000
2736,9591000,100052000,279000
2737,9743000,100153000,290000
2738,9814000,100071000,271000
2739,9693000,99879000,286000
2740,9760000,100066000,279000
2741,9905000,100146000,294000
2742,9623000,99718000,286000
2743,9918000,100295000,282000
2744,9784000,99866000,279000
2745,9714000,99930000,282000
2746,9785000,100070000,274000
2747,9726000,99942000,290000
2748,9735000,100008000,282000
2749,9731000,99996000,294000
2750,9818000,100088000,286000
2751,9747000,99929000,286000
2752,9694000,99947000,286000
2753,9198000,99503000,286000
2754,9696000,100498000,274000
2755,9905000,100210000,286000
2756,9520000,99615000,278000
2757,9349000,99828000,286000
2758,9574000,100226000,274000
2759,9368000,99793000,286000
2760,9442000,100075000,282000
2761,9448000,100005000,278000
2762,9395000,99948000,274000
2763,9320000,99924000,290000
2764,9262000,99943000,282000
2765,9277000,100015000,282000
2766,9267000,99990000,274000
2767,9280000,100013000,282000
2768,9351000,100070000,282000
2769,9296000,99946000,290000
2770,9358000,100061000,282000
2771,9371000,100013000,286000
2772,9442000,100072000,282000
2773,9258000,99816000,290000
2774,9183000,99925000,282000
2775,9252000,100069000,286000
2776,9194000,99942000,278000
2777,9326000,100132000,290000
2778,9265000,99939000,282000
2779,9267000,100002000,286000
2780,9414000,100147000,278000
2781,9278000,99864000,282000
2782,9431000,100152000,282000
2783,9432000,100001000,294000
2784,9376000,99944000,282000
2785,9369000,99994000,286000
2786,9396000,100027000,286000
2787,9315000,99918000,286000
2788,9261000,99947000,282000
2789,9182000,99921000,286000
2790,9417000,100235000,274000
2791,9328000,99911000,290000
2792,9349000,100021000,270000
2793,9343000,99994000,290000
2794,9349000,100005000,286000
2795,9436000,100087000,286000
2796,9359000,99924000,282000
2797,9299000,99940000,294000
2798,9374000,100075000,282000
2799,9407000,100033000,282000
2800,9397000,99990000,274000
2801,9404000,100007000,290000
2802,9263000,99859000,274000
2803,9345000,100081000,290000
2804,9265000,99921000,282000
2805,9273000,100008000,282000
2806,9139000,99866000,274000
2807,9704000,100565000,278000
2808,9632000,99928000,278000
2809,9856000,100223000,282000
2810,9789000,99933000,278000
2811,9868000,100079000,282000
2812,9735000,99867000,270000
2813,9249000,99514000,294000
2814,9669000,100420000,278000
2815,9670000,100002000,282000
2816,9551000,99881000,282000
2817,9330000,99779000,282000
2818,9347000,100017000,286000
2819,9211000,99864000,286000
2820,9229000,100018000,290000
2821,9347000,100118000,290000
2822,9303000,99956000,282000
2823,9574000,100271000,286000
2824,9657000,100083000,278000
2825,9864000,100206000,290000
2826,9656000,99792000,278000
2827,9735000,100079000,290000
2828,9752000,100017000,282000
2829,9672000,99921000,286000
2830,9547000,99875000,274000
2831,9621000,100074000,282000
2832,9623000,100002000,270000
2833,9645000,100022000,290000
2834,9860000,100215000,274000
2835,9726000,99866000,286000
2836,9644000,99918000,266000
2837,9586000,99941000,274000
2838,9738000,100153000,270000
2839,9814000,100076000,278000
2840,9605000,99790000,270000
2841,9814000,100210000,290000
2842,9681000,99867000,274000
2843,9818000,100137000,294000
2844,9615000,99796000,286000
2845,9836000,100222000,290000
2846,9650000,99814000,274000
2847,9432000,99782000,282000
2848,9578000,100146000,274000
2849,9785000,100206000,282000
2850,9598000,99814000,274000
2851,9379000,99781000,282000
2852,9322000,99943000,283000
2853,9186000,99864000,286000
2854,9215000,100029000,282000
2855,9261000,100046000,286000
2856,9275000,100014000,270000
2857,9337000,100062000,286000
2858,9206000,99868000,270000
2859,9149000,99944000,290000
2860,9165000,100016000,270000
2861,9222000,100056000,286000
2862,9303000,100082000,278000
2863,9186000,99883000,282000
2864,9244000,100057000,274000
2865,9391000,100148000,294000
2866,8993000,99601000,274000
2867,9549000,100557000,294000
2868,9545000,99996000,290000
2869,9549000,100003000,286000
2870,9205000,99657000,282000
2871,9433000,100227000,286000
2872,9569000,100137000,274000
2873,9697000,100128000,290000
2874,9512000,99815000,270000
2875,9501000,99989000,286000
2876,9313000,99812000,274000
2877,9030000,99716000,278000
2878,9123000,100094000,278000
2879,9043000,99920000,294000
2880,9144000,100100000,278000
2881,9123000,99980000,282000
2882,9076000,99953000,286000
2883,9078000,100001000,282000
2884,9038000,99960000,274000
2885,9080000,100043000,286000
2886,9106000,100026000,278000
2887,9098000,99992000,282000
2888,9026000,99927000,274000
2889,9030000,100004000,290000
2890,9118000,100089000,275000
2891,8962000,99844000,290000
2892,9049000,100087000,286000
2893,8984000,99935000,286000
2894,8993000,100008000,282000
2895,9139000,100147000,294000
2896,9071000,99932000,282000
2897,9089000,100018000,290000
2898,9168000,100079000,278000
2899,9030000,99861000,286000
2900,8890000,99861000,270000
2901,9044000,100154000,290000
2902,9026000,99981000,282000
2903,9054000,100028000,282000
2904,9396000,100343000,286000
2905,9458000,100062000,294000
2906,9481000,100023000,278000
2907,8931000,99450000,278000
2908,9005000,100074000,278000
2909,9075000,100069000,290000
2910,8958000,99884000,278000
2911,9168000,100210000,282000
2912,9174000,100006000,282000
2913,9093000,99919000,290000
2914,9050000,99957000,282000
2915,9111000,100061000,286000
2916,8913000,99802000,278000
2917,9178000,100265000,294000
2918,9485000,100307000,278000
2919,9539000,100054000,278000
2920,9682000,100143000,286000
2921,9485000,99802000,274000
2922,9220000,99736000,270000
2923,9620000,100400000,290000
2924,9634000,100014000,278000
2925,9718000,100084000,270000
2926,9801000,100082000,270000
2927,9038000,99237000,286000
2928,9520000,100483000,282000
2929,9669000,100148000,286000
2930,9462000,99794000,274000
2931,9483000,100020000,282000
2932,9608000,100126000,282000
2933,9552000,99943000,286000
2934,9692000,100141000,278000
2935,9714000,100022000,278000
2936,9699000,99985000,278000
2937,9155000,99455000,290000
2938,9636000,100482000,282000
2939,9645000,100009000,286000
2940,9731000,100085000,278000
2941,9254000,99523000,286000
2942,9181000,99928000,278000
2943,9451000,100269000,274000
2944,9620000,100170000,271000
2945,9747000,100127000,286000
2946,9556000,99809000,282000
2947,9615000,100059000,290000
2948,9638000,100022000,274000
2949,9491000,99854000,290000
2950,9718000,100227000,282000
2951,9563000,99845000,286000
2952,9377000,99814000,282000
2953,9511000,100134000,282000
2954,9657000,100146000,274000
2955,9593000,99935000,286000
2956,9190000,99598000,282000
2957,8922000,99732000,278000
2958,9005000,100083000,262000
2959,9139000,100134000,290000
2960,9073000,99934000,275000
2961,8953000,99880000,278000
2962,9013000,100060000,278000
2963,9105000,100091000,274000
2964,9026000,99921000,278000
2965,9252000,100227000,278000
2966,9174000,99921000,282000
2967,8909000,99736000,282000
2968,9046000,100137000,270000
2969,8836000,99790000,290000
2970,9601000,100765000,282000
2971,9752000,100150000,290000
2972,9481000,99730000,286000
2973,9343000,99862000,278000
2974,9508000,100164000,274000
2975,9224000,99717000,274000
2976,9645000,100421000,282000
2977,9569000,99924000,294000
2978,9599000,100030000,278000
2979,9649000,100050000,286000
2980,9320000,99670000,278000
2981,9456000,100136000,290000
2982,9140000,99684000,278000
2983,9539000,100400000,282000
2984,9623000,100083000,282000
2985,9551000,99928000,286000
2986,9424000,99874000,282000
2987,9554000,100129000,290000
2988,9432000,99879000,282000
2989,9564000,100132000,282000
2990,9647000,100083000,278000
2991,9731000,100083000,294000
2992,8968000,99237000,282000
2993,9594000,100627000,286000
2994,9876000,100281000,282000
2995,8989000,99121000,282000
2996,10030000,101033000,282000
2997,9616000,99586000,294000
2998,9074000,99459000,282000
2999,9713000,100631000,286000
3000,9009000,99304000,278000
3001,9424000,100414000,282000
3002,9635000,100211000,278000
3003,9567000,99933000,290000
3004,9735000,100167000,266000
3005,9651000,99917000,278000
3006,9810000,100158000,282000
3007,9600000,99791000,286000
3008,9494000,99894000,278000
3009,9886000,100392000,282000
3010,9628000,99742000,278000
3011,9760000,100131000,290000
3012,9637000,99877000,290000
3013,9625000,99988000,282000
3014,9510000,99886000,278000
3015,9713000,100195000,282000
3016,9119000,99414000,278000
3017,9299000,100180000,278000
3018,9654000,100354000,278000
3019,9525000,99872000,286000
3020,9743000,100218000,282000
3021,9595000,99851000,290000
3022,9540000,99946000,286000
3023,9548000,100008000,290000
3024,9139000,99591000,274000
3025,9776000,100637000,290000
3026,9496000,99720000,278000
3027,9574000,100077000,286000
3028,9638000,100065000,270000
3029,9517000,99879000,290000
3030,9566000,100057000,282000
3031,9452000,99878000,286000
3032,9525000,100073000,275000
3033,9258000,99740000,294000
3034,9410000,100145000,282000
3035,9466000,100064000,286000
3036,9409000,99942000,270000
3037,10182000,100766000,274000
3038,9496000,99314000,278000
3039,9428000,99931000,278000
3040,9434000,100007000,278000
3041,9637000,100203000,290000
3042,9189000,99552000,270000
3043,9305000,100115000,290000
3044,9263000,99959000,278000
3045,9738000,100475000,290000
3046,9901000,100163000,270000
3047,9111000,99218000,286000
3048,10577000,101466000,282000
3049,9411000,98826000,286000
3050,10466000,101063000,270000
3051,9211000,98736000,282000
3052,9440000,100229000,278000
3053,9424000,99993000,290000
3054,9174000,99742000,278000
3055,9369000,100195000,286000
3056,9306000,99936000,278000
3057,9311000,100006000,290000
3058,10165000,100854000,282000
3059,9552000,99387000,274000
3060,9471000,99919000,270000
3061,9489000,100018000,282000
3062,9137000,99648000,274000
3063,9569000,100431000,286000
3064,9496000,99927000,278000
3065,9562000,100067000,294000
3066,9086000,99523000,282000
3067,9103000,100018000,282000
3068,9575000,100472000,286000
3069,10074000,100499000,282000
3070,9663000,99588000,278000
3071,9810000,100147000,278000
3072,9670000,99860000,286000
3073,9810000,100140000,294000
3074,8929000,99119000,278000
3075,9485000,100556000,274000
3076,9365000,99881000,282000
3077,10258000,100893000,290000
3078,9438000,99179000,282000
3079,9989000,100551000,294000
3080,9804000,99816000,282000
3081,10258000,100454000,282000
3082,10215000,99957000,274000
3083,10216000,100001000,286000
3084,9747000,99531000,274000
3085,10360000,100613000,290000
3086,9672000,99312000,278000
3087,10372000,100699000,290000
3088,9695000,99323000,270000
3089,9553000,99859000,290000
3090,10399000,100846000,282000
3091,9722000,99323000,286000
3092,10192000,100469000,286000
3093,10214000,100023000,290000
3094,10552000,100338000,286000
3095,10491000,99939000,294000
3096,10217000,99726000,274000
3097,10174000,99957000,294000
3098,10174000,100000000,278000
3099,10175000,100001000,286000
3100,10173000,99998000,274000
3101,9420000,99247000,278000
3102,9281000,99860000,278000
3103,10393000,101112000,282000
3104,10197000,99805000,286000
3105,10334000,100136000,290000
3106,9670000,99337000,278000
3107,9236000,99566000,282000
3108,10296000,101060000,266000
3109,10214000,99917000,278000
3110,10253000,100039000,278000
3111,10225000,99972000,294000
3112,10254000,100029000,282000
3113,10374000,100120000,278000
3114,9505000,99132000,270000
3115,10182000,100677000,286000
3116,10324000,100142000,278000
3117,9916000,99592000,290000
3118,10412000,100496000,282000
3119,10409000,99997000,290000
3120,10272000,99863000,274000
3121,10351000,100078000,282000
3122,10215000,99864000,278000
3123,10178000,99964000,286000
3124,10233000,100055000,278000
3125,10103000,99870000,290000
3126,10178000,100074000,270000
3127,10263000,100085000,286000
3128,10119000,99856000,274000
3129,10477000,100359000,290000
3130,10478000,100001000,270000
3131,10142000,99664000,286000
3132,10484000,100342000,282000
3133,10205000,99720000,290000
3134,10436000,100231000,274000
3135,10499000,100063000,290000
3136,10225000,99727000,270000
3137,10172000,99947000,286000
3138,9838000,99666000,274000
3139,9893000,100054000,282000
3140,10123000,100231000,290000
3141,10178000,100055000,294000
3142,9925000,99747000,278000
3143,10057000,100132000,290000
3144,10220000,100162000,282000
3145,10196000,99977000,282000
3146,10152000,99956000,278000
3147,10344000,100192000,286000
3148,10173000,99828000,274000
3149,10168000,99996000,290000
3150,10173000,100005000,266000
3151,10174000,100001000,286000
3152,10179000,100005000,282000
3153,10182000,100003000,278000
3154,10186000,100004000,278000
3155,10207000,100020000,282000
3156,10123000,99917000,282000
3157,10144000,100020000,286000
3158,10069000,99934000,266000
3159,10352000,100274000,286000
3160,10441000,100089000,270000
3161,10102000,99662000,290000
3162,10576000,100474000,282000
3163,10451000,99874000,286000
3164,10448000,99998000,283000
3165,10449000,100001000,290000
3166,10459000,100010000,270000
3167,9901000,99442000,290000
3168,10200000,100298000,282000
3169,10119000,99920000,286000
3170,10217000,100098000,270000
3171,10139000,99922000,274000
3172,10357000,100217000,283000
3173,9868000,99511000,286000
3174,9901000,100034000,270000
3175,10172000,100271000,290000
3176,10105000,99933000,278000
3177,10175000,100069000,286000
3178,9989000,99815000,258000
3179,9839000,99850000,282000
3180,10049000,100210000,274000
3181,10054000,100005000,286000
3182,10204000,100150000,279000
3183,10065000,99861000,282000
3184,10075000,100010000,274000
3185,10504000,100429000,274000
3186,10507000,100003000,282000
3187,10441000,99934000,290000
3188,10505000,100064000,286000
3189,10587000,100082000,286000
3190,10034000,99446000,282000
3191,10123000,100090000,290000
3192,10044000,99921000,278000
3193,9989000,99944000,278000
3194,9989000,100000000,278000
3195,10502000,100513000,286000
3196,10485000,99984000,282000
3197,10616000,100130000,294000
3198,10217000,99602000,274000
3199,10005000,99788000,290000
3200,10165000,100160000,282000
3201,9958000,99793000,282000
3202,10030000,100071000,274000
3203,10034000,100005000,282000
3204,10392000,100358000,274000
3205,10391000,99999000,290000
3206,10414000,100023000,274000
3207,10473000,100059000,274000
3208,10356000,99883000,279000
3209,10135000,99779000,294000
3210,10627000,100492000,286000
3211,10152000,99525000,290000
3212,10450000,100298000,282000
3213,10092000,99642000,278000
3214,10433000,100340000,270000
3215,10365000,99932000,294000
3216,10444000,100079000,286000
3217,10584000,100140000,294000
3218,9772000,99188000,270000
3219,10127000,100356000,294000
3220,10406000,100279000,278000
3221,10287000,99881000,282000
3222,10143000,99856000,270000
3223,10277000,100134000,290000
3224,10428000,100151000,282000
3225,10293000,99865000,274000
3226,10852000,100558000,282000
3227,10098000,99255000,290000
3228,10181000,100074000,266000
3229,10313000,100133000,290000
3230,9972000,99659000,274000
3231,9984000,100012000,286000
3232,10064000,100080000,278000
3233,9984000,99920000,290000
3234,10067000,100082000,282000
3235,10135000,100069000,290000
3236,10168000,100033000,278000
3237,10079000,99911000,294000
3238,10125000,100046000,266000
3239,10097000,99972000,286000
3240,10180000,100083000,282000
3241,10174000,99994000,294000
3242,10335000,100161000,278000
3243,10257000,99922000,286000
3244,10135000,99877000,278000
3245,10119000,99985000,294000
3246,10127000,100008000,282000
3247,9989000,99861000,290000
3248,10077000,100089000,274000
3249,10079000,100001000,286000
3250,10220000,100142000,278000
3251,10164000,99944000,274000
3252,10435000,100271000,286000
3253,10038000,99602000,290000
3254,10380000,100342000,278000
3255,10057000,99678000,282000
3256,10115000,100057000,278000
3257,9989000,99874000,282000
3258,9633000,99645000,278000
3259,9864000,100230000,286000
3260,10137000,100274000,282000
3261,10005000,99868000,290000
3262,10154000,100148000,278000
3263,10155000,100002000,290000
3264,10089000,99934000,282000
3265,10168000,100078000,290000
3266,10175000,100007000,282000
3267,10173000,99999000,294000
3268,10415000,100242000,278000
3269,10456000,100041000,290000
3270,10551000,100095000,278000
3271,10535000,99984000,294000
3272,10425000,99890000,282000
3273,10269000,99844000,286000
3274,10432000,100162000,278000
3275,10554000,100123000,290000
3276,10650000,100095000,286000
3277,10435000,99785000,286000
3278,9958000,99524000,274000
3279,10437000,100478000,286000
3280,10446000,100010000,282000
3281,10440000,99993000,290000
3282,10119000,99679000,274000
3283,10049000,99931000,290000
3284,10131000,100082000,278000
3285,10069000,99938000,294000
3286,10139000,100070000,282000
3287,10080000,99940000,294000
3288,10164000,100085000,279000
3289,10100000,99935000,294000
3290,10099000,100000000,278000
3291,10168000,100069000,286000
3292,10107000,99938000,282000
3293,9909000,99803000,290000
3294,10111000,100201000,286000
3295,9976000,99865000,290000
3296,10123000,100148000,278000
3297,10261000,100138000,286000
3298,9860000,99599000,282000
3299,9856000,99995000,294000
3300,10084000,100229000,282000
3301,10078000,99994000,282000
3302,10104000,100025000,274000
3303,10021000,99918000,282000
3304,10114000,100093000,274000
3305,9962000,99848000,278000
3306,10053000,100091000,282000
3307,9968000,99914000,294000
3308,10062000,100094000,274000
3309,9909000,99848000,282000
3310,10061000,100152000,278000
3311,9928000,99866000,290000
3312,10005000,100078000,282000
3313,9932000,99926000,294000
3314,10164000,100233000,278000
3315,10021000,99857000,282000
3316,10094000,100072000,282000
3317,10103000,100009000,290000
3318,9822000,99720000,278000
3319,10057000,100234000,286000
3320,10190000,100134000,274000
3321,10257000,100067000,290000
3322,10056000,99799000,278000
3323,9932000,99875000,294000
3324,10136000,100205000,282000
3325,10080000,99944000,282000
3326,10078000,99998000,282000
3327,10083000,100005000,286000
3328,10097000,100013000,266000
3329,10090000,99993000,282000
3330,10026000,99937000,278000
3331,10034000,100007000,290000
3332,10039000,100005000,286000
3333,10046000,100008000,282000
3334,10263000,100216000,270000
3335,10459000,100197000,294000
3336,10638000,100179000,274000
3337,10337000,99699000,290000
3338,9653000,99315000,278000
3339,10344000,100692000,286000
3340,10516000,100171000,274000
3341,10359000,99843000,290000
3342,10380000,100022000,270000
3343,10370000,99989000,282000
3344,10376000,100007000,278000
3345,10102000,99726000,278000
3346,10317000,100214000,282000
3347,10396000,100080000,294000
3348,10406000,100010000,286000
3349,10005000,99599000,294000
3350,10554000,100549000,274000
3351,10556000,100001000,290000
3352,10561000,100006000,278000
3353,10512000,99950000,294000
3354,10286000,99783000,278000
3355,10300000,100005000,282000
3356,10371000,100072000,270000
3357,10327000,99956000,278000
3358,9913000,99586000,262000
3359,10042000,100129000,286000
3360,10196000,100154000,274000
3361,10062000,99866000,274000
3362,10200000,100138000,275000
3363,10066000,99865000,282000
3364,10215000,100150000,274000
3365,10212000,99997000,286000
3366,9968000,99755000,282000
3367,10022000,100054000,278000
3368,10455000,100434000,270000
3369,10298000,99843000,294000
3370,10260000,99962000,274000
3371,10106000,99846000,286000
3372,10053000,99947000,274000
3373,10193000,100140000,282000
3374,10077000,99883000,282000
3375,10065000,99989000,282000
3376,10211000,100145000,274000
3377,10001000,99791000,282000
3378,9804000,99803000,282000
3379,10083000,100279000,286000
3380,10224000,100141000,278000
3381,10238000,100014000,290000
3382,10034000,99795000,274000
3383,10047000,100014000,282000
3384,10388000,100341000,270000
3385,10323000,99935000,290000
3386,10325000,100001000,282000
3387,10282000,99957000,286000
3388,10544000,100263000,278000
3389,10344000,99800000,286000
3390,10492000,100148000,274000
3391,10351000,99859000,286000
3392,10503000,100152000,274000
3393,10017000,99514000,278000
3394,10437000,100420000,270000
3395,10377000,99940000,278000
3396,10388000,100011000,282000
3397,10178000,99790000,286000
3398,9852000,99673000,270000
3399,9984000,100133000,286000
3400,10210000,100226000,274000
3401,10548000,100338000,282000
3402,10425000,99876000,282000
3403,10009000,99585000,286000
3404,10447000,100438000,278000
3405,10017000,99570000,278000
3406,10298000,100280000,282000
3407,10295000,99998000,274000
3408,10174000,99879000,278000
3409,10522000,100347000,274000
3410,10315000,99794000,274000
3411,10317000,100001000,294000
3412,10334000,100018000,274000
3413,10344000,100010000,282000
3414,10337000,99993000,286000
3415,10350000,100013000,282000
3416,10278000,99928000,282000
3417,10305000,100026000,286000
3418,9880000,99576000,286000
3419,10298000,100418000,294000
3420,10173000,99875000,275000
3421,10183000,100010000,290000
3422,9968000,99784000,282000
3423,9968000,100000000,282000
3424,9980000,100013000,278000
3425,10049000,100069000,290000
3426,10067000,100017000,282000
3427,9925000,99859000,294000
3428,10078000,100152000,274000
3429,9936000,99859000,286000
3430,9958000,100022000,278000
3431,9949000,99991000,282000
3432,9968000,100018000,274000
3433,10022000,100054000,282000
3434,9980000,99959000,262000
3435,9972000,99992000,290000
3436,10325000,100353000,282000
3437,9976000,99651000,286000
3438,10075000,100098000,282000
3439,10261000,100187000,294000
3440,10417000,100155000,282000
3441,10497000,100080000,278000
3442,10353000,99857000,278000
3443,10225000,99872000,282000
3444,10287000,100061000,286000
3445,10501000,100215000,282000
3446,10375000,99873000,278000
3447,10319000,99945000,282000
3448,10312000,99993000,286000
3449,10333000,100021000,282000
3450,10053000,99720000,282000
3451,10486000,100433000,282000
3452,10139000,99653000,266000
3453,10481000,100350000,294000
3454,10624000,100134000,278000
3455,10363000,99739000,294000
3456,10356000,99993000,278000
3457,10280000,99924000,286000
3458,10297000,100018000,286000
3459,10298000,100001000,286000
3460,10451000,100152000,274000
3461,10392000,99942000,282000
3462,10536000,100144000,274000
3463,10459000,99923000,286000
3464,10490000,100031000,278000
3465,10331000,99840000,286000
3466,10348000,100018000,278000
3467,10342000,99993000,286000
3468,10516000,100175000,282000
3469,10348000,99832000,290000
3470,10513000,100165000,278000
3471,10499000,99985000,286000
3472,10307000,99809000,282000
3473,10447000,100140000,278000
3474,10318000,99871000,282000
3475,10315000,99997000,282000
3476,9989000,99673000,274000
3477,10257000,100269000,294000
3478,9718000,99461000,287000
3479,10426000,100708000,290000
3480,10559000,100133000,278000
3481,10504000,99952000,274000
3482,10013000,99502000,274000
3483,10436000,100423000,290000
3484,10441000,100005000,278000
3485,10259000,99817000,278000
3486,10313000,100055000,270000
3487,9976000,99663000,286000
3488,9989000,100013000,274000
3489,9917000,99928000,286000
3490,9923000,100005000,286000
3491,9931000,100009000,286000
3492,9933000,100002000,282000
3493,9936000,100003000,286000
3494,10091000,100155000,278000
3495,9944000,99853000,290000
3496,9962000,100018000,282000
3497,9958000,99996000,286000
3498,9909000,99951000,286000
3499,9901000,99992000,286000
3500,9988000,100087000,266000
3501,10043000,100054000,278000
3502,9931000,99889000,282000
3503,10127000,100196000,290000
3504,9936000,99808000,274000
3505,9997000,100061000,282000
3506,9935000,99939000,286000
3507,9940000,100005000,282000
3508,10017000,100077000,278000
3509,9953000,99936000,290000
3510,9958000,100005000,274000
3511,9909000,99951000,290000
3512,9901000,99992000,274000
3513,9972000,100071000,278000
3514,9984000,100012000,278000
3515,9932000,99947000,282000
3516,9856000,99924000,278000
3517,9856000,100000000,282000
3518,10001000,100146000,278000
3519,10228000,100227000,290000
3520,10281000,100052000,282000
3521,10431000,100151000,286000
3522,10572000,100140000,282000
3523,10502000,99939000,278000
3524,10302000,99792000,286000
3525,10308000,100005000,286000
3526,10119000,99811000,270000
3527,10258000,100140000,282000
3528,10345000,100087000,286000
3529,10333000,99988000,286000
3530,10351000,100017000,270000
3531,10348000,99998000,286000
3532,10449000,100100000,278000
3533,10278000,99829000,294000
3534,10231000,99954000,282000
3535,10433000,100201000,286000
3536,10530000,100097000,286000
3537,10299000,99770000,294000
3538,10451000,100152000,282000
3539,10044000,99592000,282000
3540,9918000,99875000,270000
3541,9916000,99997000,282000
3542,9856000,99940000,278000
3543,9726000,99871000,282000
3544,10009000,100283000,278000
3545,9953000,99944000,290000
3546,9810000,99856000,270000
3547,10095000,100285000,290000
3548,9886000,99792000,286000
3549,9838000,99952000,286000
3550,9826000,99988000,266000
3551,9764000,99937000,286000
3552,9984000,100221000,266000
3553,9699000,99715000,282000
3554,9913000,100214000,278000
3555,9927000,100013000,282000
3556,9789000,99862000,274000
3557,9932000,100143000,282000
3558,9872000,99940000,282000
3559,9868000,99996000,294000
3560,9897000,100029000,278000
3561,10021000,100125000,290000
3562,9924000,99903000,274000
3563,9897000,99972000,290000
3564,9780000,99884000,278000
3565,9905000,100125000,294000
3566,10077000,100172000,282000
3567,9984000,99907000,278000
3568,9935000,99951000,286000
3569,9929000,99994000,290000
3570,9864000,99934000,266000
3571,9868000,100004000,286000
3572,9886000,100019000,270000
3573,9880000,99994000,286000
3574,9958000,100078000,278000
3575,9905000,99947000,278000
3576,9897000,99992000,286000
3577,10054000,100157000,274000
3578,9901000,99855000,286000
3579,9931000,100022000,290000
3580,9923000,99991000,278000
3581,9997000,100075000,282000
3582,10005000,100008000,282000
3583,9949000,99944000,294000
3584,9872000,99922000,286000
3585,10096000,100225000,290000
3586,9890000,99794000,274000
3587,9886000,99996000,294000
3588,9897000,100011000,290000
3589,10034000,100136000,294000
3590,10047000,100014000,274000
3591,9901000,99854000,294000
3592,10009000,100108000,278000
3593,9848000,99838000,290000
3594,9868000,100020000,282000
3595,9930000,100063000,294000
3596,9949000,100018000,274000
3597,10165000,100217000,278000
3598,10305000,100140000,270000
3599,10090000,99785000,286000
3600,10190000,100100000,282000
3601,10302000,100111000,294000
3602,10256000,99955000,274000
3603,10256000,100000000,290000
3604,10262000,100006000,278000
3605,10403000,100141000,294000
3606,10199000,99796000,282000
3607,10196000,99997000,290000
3608,9880000,99684000,270000
3609,10296000,100416000,286000
3610,10168000,99872000,274000
3611,10290000,100122000,286000
3612,10241000,99950000,262000
3613,10395000,100155000,286000
3614,10385000,99990000,271000
3615,10397000,100011000,282000
3616,10182000,99786000,274000
3617,10268000,100085000,286000
3618,10201000,99933000,270000
3619,10329000,100129000,286000
3620,10423000,100093000,274000
3621,10419000,99996000,286000
3622,10212000,99794000,283000
3623,10347000,100135000,294000
3624,10231000,99884000,278000
3625,10292000,100061000,294000
3626,9913000,99621000,282000
3627,10173000,100260000,294000
3628,10400000,100227000,282000
3629,10253000,99852000,290000
3630,10269000,100016000,278000
3631,10329000,100060000,282000
3632,10205000,99876000,282000
3633,10206000,100002000,282000
3634,10345000,100139000,282000
3635,10350000,100005000,278000
3636,10226000,99876000,278000
3637,10154000,99928000,290000
3638,10229000,100075000,286000
3639,10368000,100139000,274000
3640,10388000,100020000,282000
3641,10258000,99870000,286000
3642,10396000,100138000,282000
3643,10341000,99945000,290000
3644,10198000,99857000,282000
3645,10134000,99936000,294000
3646,10215000,100081000,270000
3647,10217000,100002000,282000
3648,10210000,99993000,278000
3649,10168000,99957000,282000
3650,10221000,100054000,282000
3651,10226000,100005000,290000
3652,10240000,100014000,274000
3653,10178000,99937000,290000
3654,10182000,100005000,286000
3655,10114000,99932000,286000
3656,10342000,100227000,274000
3657,10131000,99790000,282000
3658,10210000,100079000,278000
3659,10200000,99990000,282000
3660,10168000,99968000,278000
3661,10164000,99996000,286000
3662,10168000,100004000,282000
3663,10173000,100005000,274000
3664,10185000,100012000,282000
3665,10439000,100254000,290000
3666,9835000,99396000,274000
3667,9768000,99932000,278000
3668,9776000,100009000,274000
3669,9776000,100000000,286000
3670,9848000,100071000,286000
3671,9789000,99941000,282000
3672,9789000,100000000,282000
3673,9876000,100088000,290000
3674,9801000,99924000,282000
3675,9822000,100022000,282000
3676,9756000,99933000,274000
3677,9830000,100075000,294000
3678,9738000,99908000,274000
3679,9840000,100102000,286000
3680,9976000,100136000,278000
3681,9989000,100012000,290000
3682,9776000,99788000,286000
3683,9848000,100071000,286000
3684,9718000,99871000,278000
3685,9931000,100212000,294000
3686,9940000,100010000,282000
3687,10009000,100069000,286000
3688,9814000,99805000,286000
3689,10165000,100350000,286000
3690,10325000,100161000,278000
3691,10310000,99984000,282000
3692,10119000,99809000,282000
3693,10114000,99996000,286000
3694,10136000,100022000,282000
3695,9984000,99848000,282000
3696,10067000,100083000,286000
3697,10258000,100190000,290000
3698,10139000,99882000,282000
3699,9655000,99516000,282000
3700,10164000,100509000,282000
3701,10149000,99985000,294000
3702,10175000,100026000,278000
3703,9893000,99717000,282000
3704,10111000,100218000,275000
3705,10316000,100206000,294000
3706,10263000,99947000,274000
3707,10132000,99869000,290000
3708,10131000,99999000,282000
3709,10482000,100351000,294000
3710,10277000,99794000,278000
3711,10084000,99808000,278000
3712,9940000,99856000,283000
3713,10290000,100349000,282000
3714,9880000,99591000,274000
3715,10229000,100348000,290000
3716,10030000,99801000,282000
3717,10103000,100074000,290000
3718,10186000,100082000,270000
3719,9836000,99651000,294000
3720,10263000,100427000,282000
3721,10399000,100136000,278000
3722,10073000,99674000,282000
3723,9789000,99715000,286000
3724,10021000,100233000,286000
3725,9793000,99772000,290000
3726,9743000,99950000,286000
3727,10165000,100422000,286000
3728,10180000,100015000,270000
3729,10099000,99919000,278000
3730,10118000,100019000,274000
3731,10110000,99992000,282000
3732,10111000,100000000,286000
3733,10185000,100075000,290000
3734,10135000,99958000,270000
3735,10476000,100332000,282000
3736,10199000,99732000,274000
3737,10134000,99935000,286000
3738,10148000,100005000,274000
3739,10223000,100084000,294000
3740,10229000,100006000,275000
3741,9846000,99608000,278000
3742,10236000,100391000,270000
3743,10190000,99954000,274000
3744,10260000,100070000,282000
3745,10001000,99740000,286000
3746,9993000,99992000,275000
3747,9789000,99796000,286000
3748,9860000,100071000,282000
3749,9797000,99938000,286000
3750,9880000,100083000,270000
3751,9646000,99774000,286000
3752,9802000,100155000,283000
3753,9738000,99929000,290000
3754,9814000,100084000,282000
3755,9972000,100150000,282000
3756,9843000,99871000,282000
3757,9752000,99916000,290000
3758,9860000,100101000,278000
3759,9926000,100065000,282000
3760,9797000,99871000,274000
3761,9647000,99850000,286000
3762,9665000,100019000,282000
3763,9793000,100128000,282000
3764,10034000,100240000,279000
3765,10013000,99980000,282000
3766,9810000,99796000,278000
3767,10095000,100286000,294000
3768,10242000,100147000,274000
3769,10179000,99937000,290000
3770,10050000,99871000,278000
3771,9856000,99805000,290000
3772,10262000,100407000,286000
3773,9852000,99589000,294000
3774,9793000,99942000,278000
3775,9743000,99950000,290000
3776,9809000,100066000,266000
3777,9738000,99929000,290000
3778,9948000,100210000,270000
3779,9839000,99890000,286000
3780,9897000,100058000,274000
3781,9685000,99789000,286000
3782,9834000,100148000,270000
3783,9835000,100002000,294000
3784,9780000,99945000,278000
3785,9915000,100134000,286000
3786,9932000,100018000,270000
3787,9856000,99923000,282000
3788,9822000,99967000,270000
3789,10141000,100318000,290000
3790,10225000,100085000,278000
3791,10086000,99861000,290000
3792,10242000,100156000,274000
3793,10225000,99983000,290000
3794,10184000,99958000,270000
3795,10114000,99931000,282000
3796,9997000,99882000,270000
3797,10122000,100126000,282000
3798,10205000,100083000,270000
3799,10060000,99855000,286000
3800,10270000,100210000,278000
3801,9860000,99590000,294000
3802,10168000,100308000,270000
3803,10423000,100254000,294000
3804,10235000,99813000,278000
3805,10256000,100021000,286000
3806,10239000,99982000,278000
3807,10465000,100227000,290000
3808,10460000,99995000,278000
3809,10475000,100015000,282000
3810,10268000,99793000,278000
3811,10073000,99804000,286000
3812,10206000,100134000,282000
3813,10291000,100084000,290000
3814,10220000,99930000,274000
3815,10229000,100009000,282000
3816,9952000,99723000,270000
3817,10376000,100424000,286000
3818,10234000,99857000,286000
3819,10178000,99945000,282000
3820,10261000,100083000,278000
3821,10263000,100001000,282000
3822,10265000,100002000,278000
3823,9993000,99728000,282000
3824,10143000,100150000,262000
3825,10270000,100128000,286000
3826,10092000,99822000,282000
3827,10150000,100058000,274000
3828,10230000,100080000,262000
3829,10223000,99993000,286000
3830,10258000,100034000,270000
3831,10098000,99841000,278000
3832,10260000,100162000,278000
3833,10043000,99783000,286000
3834,10127000,100083000,274000
3835,10122000,99996000,282000
3836,10202000,100080000,274000
3837,10061000,99859000,286000
3838,10005000,99944000,266000
3839,10208000,100203000,278000
3840,10086000,99878000,274000
3841,9880000,99794000,278000
3842,9818000,99938000,274000
3843,9972000,100153000,274000
3844,10034000,100062000,266000
3845,10104000,100071000,286000
3846,9976000,99872000,266000
3847,10131000,100155000,274000
3848,10057000,99926000,266000
3849,10198000,100141000,278000
3850,9789000,99590000,278000
3851,9855000,100067000,286000
3852,9731000,99875000,278000
3853,9731000,100000000,282000
3854,9735000,100004000,270000
3855,10158000,100423000,282000
3856,10034000,99876000,274000
3857,10030000,99996000,278000
3858,10110000,100081000,274000
3859,9760000,99649000,278000
3860,10132000,100373000,266000
3861,10123000,99990000,278000
3862,10070000,99947000,278000
3863,9924000,99855000,286000
3864,10218000,100293000,270000
3865,10074000,99856000,278000
3866,9743000,99670000,278000
3867,9735000,99991000,282000
3868,9738000,100004000,282000
3869,9667000,99928000,282000
3870,10177000,100511000,262000
3871,10038000,99860000,278000
3872,9984000,99947000,262000
3873,9993000,100008000,286000
3874,10045000,100053000,274000
3875,9997000,99951000,282000
3876,9789000,99792000,278000
3877,10206000,100418000,286000
3878,10009000,99803000,274000
3879,10017000,100008000,274000
3880,10168000,100151000,270000
3881,9897000,99729000,282000
3882,10178000,100281000,262000
3883,10025000,99847000,290000
3884,10038000,100012000,274000
3885,10110000,100073000,282000
3886,9913000,99803000,279000
3887,9629000,99716000,282000
3888,9638000,100009000,278000
3889,9714000,100076000,286000
3890,9814000,100099000,270000
3891,9655000,99841000,286000
3892,9814000,100159000,278000
3893,9653000,99840000,282000
3894,9760000,100106000,278000
3895,9747000,99988000,286000
3896,9697000,99950000,274000
3897,9675000,99978000,290000
3898,9696000,100021000,278000
3899,9686000,99990000,290000
3900,9780000,100094000,282000
3901,9920000,100140000,286000
3902,9702000,99782000,278000
3903,9642000,99940000,286000
3904,9864000,100221000,274000
3905,9804000,99941000,286000
3906,9814000,100010000,274000
3907,9826000,100012000,294000
3908,9890000,100064000,274000
3909,9905000,100015000,286000
3910,9839000,99934000,270000
3911,9848000,100008000,290000
3912,9695000,99848000,282000
3913,9647000,99951000,278000
3914,9852000,100205000,282000
3915,9714000,99863000,290000
3916,9593000,99879000,270000
3917,9512000,99919000,282000
3918,10013000,100501000,278000
3919,10013000,100000000,294000
3920,10173000,100160000,282000
3921,10095000,99921000,294000
3922,9834000,99740000,278000
3923,9677000,99842000,282000
3924,9714000,100038000,282000
3925,9839000,100124000,294000
3926,9713000,99867000,278000
3927,9847000,100142000,278000
3928,9735000,99887000,286000
3929,9644000,99910000,290000
3930,9810000,100165000,278000
3931,9662000,99853000,286000
3932,9668000,100006000,282000
3933,9669000,100001000,282000
3934,9895000,100225000,278000
3935,9893000,99999000,294000
3936,9764000,99870000,282000
3937,9631000,99867000,286000
3938,9696000,100066000,270000
3939,9644000,99948000,274000
3940,9634000,99990000,278000
3941,9735000,100100000,270000
3942,9645000,99910000,282000
3943,9662000,100017000,286000
3944,9675000,100014000,270000
3945,9682000,100006000,282000
3946,9666000,99985000,274000
3947,9882000,100216000,286000
3948,9748000,99873000,278000
3949,9686000,99931000,286000
3950,9839000,100153000,282000
3951,9624000,99785000,290000
3952,9984000,100360000,274000
3953,10135000,100151000,286000
3954,10282000,100147000,274000
3955,10143000,99861000,282000
3956,9944000,99801000,282000
3957,10009000,100065000,290000
3958,10111000,100102000,282000
3959,9944000,99833000,278000
3960,10038000,100093000,274000
3961,9818000,99781000,286000
3962,9780000,99962000,278000
3963,10046000,100266000,282000
3964,10119000,100073000,282000
3965,10052000,99932000,290000
3966,9851000,99800000,278000
3967,9856000,100004000,290000
3968,9935000,100080000,270000
3969,9936000,100001000,286000
3970,10154000,100217000,270000
3971,9670000,99517000,290000
3972,9672000,100001000,286000
3973,9685000,100014000,278000
3974,9613000,99928000,274000
3975,9776000,100163000,282000
3976,9689000,99913000,282000
3977,9633000,99944000,286000
3978,9639000,100005000,278000
3979,9583000,99945000,290000
3980,9731000,100147000,274000
3981,9722000,99992000,290000
3982,9735000,100012000,266000
3983,9453000,99719000,286000
3984,9598000,100144000,282000
3985,9603000,100006000,274000
3986,9822000,100219000,278000
3987,9822000,100000000,294000
3988,9713000,99883000,270000
3989,9686000,99981000,286000
3990,9703000,100017000,274000
3991,9562000,99859000,290000
3992,9588000,100026000,282000
3993,9714000,100126000,282000
3994,9660000,99945000,282000
3995,9731000,100071000,290000
3996,9747000,100017000,286000
3997,9818000,100071000,286000
3998,9612000,99794000,270000
3999,9747000,100135000,282000
4000,9764000,100016000,282000
4001,9616000,99853000,290000
4002,9633000,100017000,274000
4003,9785000,100151000,286000
4004,9785000,100000000,270000
4005,9585000,99801000,290000
4006,9659000,100074000,266000
4007,9587000,99928000,286000
4008,9596000,100009000,278000
4009,9607000,100010000,286000
4010,9673000,100066000,282000
4011,9609000,99936000,290000
4012,9822000,100214000,278000
4013,9677000,99854000,286000
4014,9629000,99953000,278000
4015,9626000,99997000,282000
4016,10060000,100434000,270000
4017,10058000,99997000,294000
4018,9935000,99878000,270000
4019,9514000,99579000,282000
4020,9952000,100438000,282000
4021,9936000,99984000,290000
4022,10034000,100097000,287000
4023,9876000,99843000,270000
4024,10034000,100157000,274000
4025,9962000,99929000,290000
4026,9980000,100018000,278000
4027,9901000,99921000,286000
4028,9989000,100088000,278000
4029,9918000,99929000,286000
4030,10127000,100209000,282000
4031,9925000,99797000,278000
4032,10077000,100153000,278000
4033,9931000,99854000,290000
4034,9952000,100021000,275000
4035,9967000,100015000,290000
4036,9814000,99847000,286000
4037,9962000,100148000,290000
4038,10106000,100144000,278000
4039,9780000,99674000,290000
4040,10115000,100334000,286000
4041,10269000,100155000,278000
4042,10127000,99866000,275000
4043,9940000,99805000,290000
4044,10077000,100137000,270000
4045,9580000,99503000,290000
4046,9804000,100224000,278000
4047,9876000,100072000,286000
4048,10090000,100214000,282000
4049,10017000,99927000,294000
4050,10034000,100016000,270000
4051,9962000,99929000,294000
4052,9913000,99951000,282000
4053,10045000,100132000,290000
4054,9926000,99881000,278000
4055,9915000,99989000,290000
4056,9940000,100025000,274000
4057,9932000,99991000,286000
4058,9876000,99944000,282000
4059,9447000,99572000,282000
4060,10030000,100582000,278000
4061,9944000,99915000,290000
4062,10089000,100145000,274000
4063,9893000,99803000,286000
4064,10042000,100149000,282000
4065,9835000,99794000,282000
4066,9913000,100078000,278000
4067,10053000,100140000,286000
4068,9785000,99731000,266000
4069,10005000,100221000,290000
4070,9860000,99855000,278000
4071,9801000,99940000,282000
4072,9944000,100144000,278000
4073,9752000,99807000,294000
4074,9886000,100135000,282000
4075,9892000,100006000,290000
4076,9890000,99998000,278000
4077,9893000,100002000,286000
4078,9976000,100084000,282000
4079,9901000,99925000,294000
4080,9928000,100027000,274000
4081,9984000,100056000,294000
4082,9931000,99947000,278000
4083,10001000,100070000,286000
4084,9804000,99803000,286000
4085,9872000,100067000,290000
4086,9826000,99955000,286000
4087,10017000,100191000,290000
4088,9976000,99959000,274000
4089,9764000,99787000,282000
4090,9988000,100225000,278000
4091,10042000,100053000,290000
4092,9851000,99810000,274000
4093,9835000,99984000,286000
4094,9856000,100020000,283000
4095,9852000,99996000,282000
4096,9864000,100012000,282000
4097,9726000,99863000,290000
4098,9868000,100141000,274000
4099,9266000,99398000,286000
4100,9465000,100200000,274000
4101,9414000,99948000,290000
4102,9406000,99993000,282000
4103,9497000,100091000,290000
4104,9344000,99846000,282000
4105,9776000,100433000,286000
4106,9847000,100071000,282000
4107,9731000,99883000,290000
4108,9997000,100266000,274000
4109,9860000,99864000,286000
4110,10009000,100149000,278000
4111,10013000,100004000,290000
4112,9810000,99796000,286000
4113,9818000,100009000,282000
4114,9818000,100000000,286000
4115,9893000,100074000,286000
4116,9856000,99963000,270000
4117,9768000,99912000,274000
4118,9989000,100221000,286000
4119,9980000,99992000,286000
4120,10005000,100025000,278000
4121,9997000,99991000,282000
4122,9872000,99875000,286000
4123,10009000,100138000,286000
4124,9549000,99540000,270000
4125,9520000,99971000,294000
4126,9601000,100081000,282000
4127,9474000,99872000,294000
4128,9547000,100074000,282000
4129,9552000,100005000,282000
4130,9692000,100140000,278000
4131,9780000,100088000,290000
4132,9988000,100208000,282000
4133,9731000,99742000,278000
4134,9997000,100266000,274000
4135,9936000,99940000,290000
4136,10017000,100081000,274000
4137,10042000,100024000,274000
4138,10022000,99980000,278000
4139,9197000,99176000,290000
4140,10098000,100900000,282000
4141,9752000,99654000,290000
4142,9764000,100012000,282000
4143,10042000,100279000,294000
4144,9764000,99729000,274000
4145,9776000,100005000,294000
4146,9714000,99938000,286000
4147,9294000,99580000,290000
4148,9390000,100096000,278000
4149,9590000,100200000,274000
4150,9335000,99745000,282000
4151,9458000,100123000,290000
4152,9764000,100305000,274000
4153,9338000,99575000,282000
4154,9353000,100015000,286000
4155,9553000,100200000,286000
4156,9435000,99882000,278000
4157,9440000,100004000,282000
4158,9780000,100341000,286000
4159,9293000,99513000,278000
4160,9860000,100567000,282000
4161,9374000,99513000,290000
4162,9456000,100083000,274000
4163,9662000,100206000,290000
4164,9456000,99793000,278000
4165,9478000,100023000,294000
4166,9339000,99861000,278000
4167,9501000,100162000,286000
4168,9419000,99918000,286000
4169,9359000,99940000,286000
4170,9428000,100069000,278000
4171,9515000,100087000,290000
4172,9372000,99856000,266000
4173,9446000,100075000,286000
4174,9309000,99863000,274000
4175,9522000,100213000,290000
4176,9463000,99940000,270000
4177,9460000,99998000,286000
4178,10026000,100565000,282000
4179,9191000,99165000,294000
4180,9913000,100723000,274000
4181,9686000,99773000,282000
4182,9776000,100090000,274000
4183,9984000,100208000,282000
4184,9731000,99746000,270000
4185,10063000,100332000,266000
4186,9726000,99664000,286000
4187,9735000,100008000,282000
4188,9463000,99729000,282000
4189,9528000,100065000,286000
4190,9461000,99933000,282000
4191,9463000,100002000,294000
4192,9897000,100433000,274000
4193,9756000,99859000,282000
4194,10114000,100359000,282000
4195,9984000,99870000,282000
4196,9845000,99860000,282000
4197,9864000,100019000,286000
4198,9509000,99646000,266000
4199,9531000,100022000,274000
4200,9731000,100199000,282000
4201,9607000,99876000,278000
4202,9743000,100137000,282000
4203,9814000,100071000,282000
4204,9822000,100008000,274000
4205,9764000,99941000,278000
4206,9901000,100137000,274000
4207,9691000,99791000,286000
4208,9776000,100085000,278000
4209,9776000,100000000,282000
4210,9718000,99942000,266000
4211,9930000,100211000,290000
4212,9726000,99797000,278000
4213,9726000,100000000,286000
4214,9822000,100096000,282000
4215,9453000,99631000,294000
4216,9406000,99953000,282000
4217,9672000,100266000,286000
4218,9768000,100095000,274000
4219,9202000,99435000,286000
4220,9772000,100569000,282000
4221,9992000,100221000,282000
4222,9921000,99929000,282000
4223,9726000,99805000,278000
4224,9718000,99992000,286000
4225,9789000,100070000,290000
4226,9738000,99950000,270000
4227,9936000,100198000,286000
4228,9738000,99802000,282000
4229,9478000,99739000,274000
4230,9681000,100204000,274000
4231,9909000,100228000,286000
4232,9901000,99992000,266000
4233,9909000,100008000,282000
4234,9776000,99867000,282000
4235,10001000,100225000,294000
4236,9570000,99568000,270000
4237,9726000,100157000,290000
4238,9663000,99936000,266000
4239,9186000,99524000,282000
4240,9392000,100206000,270000
4241,9392000,99999000,290000
4242,9407000,100016000,266000
4243,9195000,99788000,282000
4244,9199000,100004000,282000
4245,9428000,100228000,278000
4246,9697000,100270000,278000
4247,9344000,99655000,282000
4248,9383000,100030000,274000
4249,9434000,100051000,278000
4250,9442000,100009000,278000
4251,9443000,100001000,286000
4252,9546000,100103000,278000
4253,9662000,100116000,278000
4254,9548000,99885000,282000
4255,9535000,99988000,290000
4256,9679000,100143000,282000
4257,9410000,99732000,290000
4258,9496000,100086000,274000
4259,9422000,99926000,290000
4260,9353000,99931000,282000
4261,9354000,100001000,290000
4262,9364000,100010000,282000
4263,9385000,100021000,278000
4264,9516000,100131000,286000
4265,9415000,99899000,278000
4266,9455000,100040000,282000
4267,9403000,99948000,282000
4268,9327000,99924000,282000
4269,9345000,100018000,286000
4270,9554000,100209000,278000
4271,9504000,99949000,286000
4272,9356000,99853000,278000
4273,9354000,99998000,286000
4274,9434000,100079000,278000
4275,9361000,99928000,294000
4276,9652000,100291000,282000
4277,9372000,99720000,290000
4278,9407000,100035000,282000
4279,9392000,99984000,290000
4280,9685000,100294000,270000
4281,9752000,100066000,282000
4282,9559000,99808000,282000
4283,9897000,100337000,290000
4284,9776000,99880000,274000
4285,9424000,99648000,286000
4286,9306000,99882000,270000
4287,9703000,100397000,290000
4288,9435000,99732000,282000
4289,9575000,100140000,290000
4290,9253000,99677000,282000
4291,9731000,100478000,294000
4292,9665000,99935000,282000
4293,9462000,99797000,286000
4294,9482000,100019000,278000
4295,9698000,100216000,290000
4296,9613000,99916000,282000
4297,9776000,100163000,290000
4298,9772000,99995000,274000
4299,9369000,99597000,294000
4300,9292000,99923000,278000
4301,9797000,100505000,286000
4302,9727000,99930000,270000
4303,9321000,99595000,286000
4304,9395000,100074000,270000
4305,9395000,100000000,286000
4306,9747000,100352000,274000
4307,9676000,99929000,286000
4308,9477000,99801000,282000
4309,9484000,100007000,286000
4310,9705000,100220000,278000
4311,9772000,100067000,290000
4312,9655000,99884000,270000
4313,9632000,99976000,278000
4314,9515000,99884000,282000
4315,9726000,100211000,290000
4316,9818000,100092000,274000
4317,9318000,99500000,274000
4318,9467000,100148000,266000
4319,9747000,100281000,286000
4320,9548000,99801000,274000
4321,9410000,99862000,286000
4322,9418000,100008000,278000
4323,9624000,100206000,290000
4324,9424000,99800000,274000
4325,9433000,100008000,286000
4326,9093000,99661000,278000
4327,9653000,100560000,286000
4328,9655000,100002000,278000
4329,9259000,99604000,282000
4330,9315000,100056000,286000
4331,9675000,100360000,290000
4332,9406000,99731000,282000
4333,9286000,99879000,282000
4334,9485000,100200000,278000
4335,9492000,100007000,286000
4336,9563000,100071000,274000
4337,9696000,100132000,290000
4338,9093000,99397000,270000
4339,9571000,100479000,290000
4340,9864000,100292000,282000
4341,9931000,100068000,286000
4342,9466000,99535000,278000
4343,9323000,99857000,282000
4344,9329000,100006000,278000
4345,9467000,100138000,290000
4346,9286000,99818000,282000
4347,9410000,100125000,290000
4348,9359000,99948000,262000
4349,9424000,100066000,286000
4350,9305000,99881000,270000
4351,9363000,100057000,286000
4352,9295000,99933000,282000
4353,9296000,100001000,286000
4354,9452000,100156000,274000
4355,9299000,99847000,286000
4356,9321000,100021000,278000
4357,9457000,100136000,286000
4358,9606000,100150000,278000
4359,9281000,99675000,290000
4360,9420000,100138000,270000
4361,9690000,100271000,290000
4362,9704000,100013000,270000
4363,9793000,100090000,290000
4364,9923000,100130000,270000
4365,9722000,99799000,278000
4366,9444000,99721000,274000
4367,9949000,100506000,294000
4368,9804000,99855000,270000
4369,9949000,100145000,286000
4370,9739000,99789000,282000
4371,9671000,99932000,294000
4372,9489000,99819000,270000
4373,9481000,99991000,290000
4374,9626000,100145000,274000
4375,9627000,100002000,290000
4376,9302000,99675000,274000
4377,9283000,99981000,294000
4378,9241000,99958000,278000
4379,9367000,100126000,290000
4380,9324000,99957000,274000
4381,9592000,100268000,294000
4382,9254000,99670000,282000
4383,9818000,100556000,282000
4384,9848000,100029000,270000
4385,9685000,99838000,282000
4386,9691000,100005000,282000
4387,9692000,100002000,290000
4388,9628000,99936000,274000
4389,9846000,100218000,278000
4390,9639000,99792000,274000
4391,9860000,100222000,290000
4392,9731000,99870000,282000
4393,9400000,99670000,286000
4394,9254000,99854000,278000
4395,9400000,100146000,290000
4396,9261000,99861000,270000
4397,9335000,100073000,282000
4398,9201000,99867000,282000
4399,9344000,100143000,290000
4400,9420000,100076000,282000
4401,9429000,100009000,286000
4402,9227000,99798000,278000
4403,9221000,99993000,294000
4404,9372000,100151000,286000
4405,9793000,100422000,278000
4406,9656000,99863000,274000
4407,9665000,100009000,282000
4408,9605000,99940000,278000
4409,9676000,100071000,278000
4410,9714000,100038000,270000
4411,9679000,99964000,294000
4412,9627000,99948000,274000
4413,9277000,99651000,282000
4414,9369000,100092000,282000
4415,9212000,99851000,290000
4416,9230000,100018000,274000
4417,9299000,100060000,278000
4418,9300000,100010000,282000
4419,9239000,99931000,286000
4420,9388000,100148000,278000
4421,9384000,100005000,282000
4422,9338000,99945000,266000
4423,9273000,99935000,282000
4424,9140000,99868000,278000
4425,9205000,100064000,282000
4426,9290000,100086000,270000
4427,9374000,100083000,282000
4428,9225000,99852000,274000
4429,9235000,100009000,282000
4430,9165000,99939000,278000
4431,9400000,100227000,286000
4432,9179000,99779000,274000
4433,9311000,100140000,282000
4434,9804000,100485000,274000
4435,9814000,100018000,282000
4436,9602000,99787000,278000
4437,9688000,100079000,278000
4438,9690000,100002000,274000
4439,9784000,100094000,270000
4440,9705000,99920000,278000
4441,9914000,100210000,290000
4442,9646000,99732000,286000
4443,9722000,100076000,290000
4444,9678000,99955000,278000
4445,9307000,99630000,294000
4446,9675000,100368000,278000
4447,9669000,99994000,290000
4448,9768000,100098000,286000
4449,9892000,100125000,286000
4450,9844000,99951000,274000
4451,9690000,99847000,282000
4452,9696000,100006000,278000
4453,9346000,99650000,282000
4454,9576000,100229000,274000
4455,9851000,100276000,286000
4456,9864000,100012000,282000
4457,9731000,99867000,278000
4458,9399000,99669000,270000
4459,9607000,100207000,282000
4460,9752000,100145000,278000
4461,10044000,100293000,278000
4462,9681000,99644000,274000
4463,9764000,100075000,290000
4464,9618000,99855000,278000
4465,9714000,100096000,290000
4466,9363000,99649000,266000
4467,9718000,100355000,294000
4468,9502000,99783000,278000
4469,9379000,99878000,278000
4470,9876000,100496000,274000
4471,9660000,99784000,286000
4472,9880000,100221000,274000
4473,9601000,99721000,286000
4474,9693000,100092000,274000
4475,9673000,99980000,282000
4476,9699000,100025000,282000
4477,10661000,100963000,298000
4478,9856000,99194000,282000
4479,9432000,99577000,290000
4480,9936000,100503000,278000
4481,9640000,99705000,282000
4482,9743000,100103000,282000
4483,9801000,100057000,286000
4484,9747000,99947000,282000
4485,9804000,100057000,274000
4486,9324000,99520000,286000
4487,9261000,99936000,290000
4488,9335000,100075000,274000
4489,9476000,100141000,290000
4490,9342000,99866000,270000
4491,9299000,99957000,286000
4492,9638000,100339000,270000
4493,9366000,99728000,286000
4494,9856000,100489000,274000
4495,9598000,99743000,290000
4496,9738000,100140000,270000
4497,9536000,99798000,286000
4498,9814000,100278000,278000
4499,9620000,99805000,286000
4500,9474000,99854000,274000
4501,9675000,100202000,294000
4502,9700000,100025000,270000
4503,9492000,99792000,286000
4504,9440000,99948000,274000
4505,9220000,99780000,290000
4506,9503000,100283000,286000
4507,9249000,99745000,282000
4508,9321000,100073000,274000
4509,9313000,99992000,286000
4510,9261000,99948000,278000
4511,9256000,99995000,290000
4512,9343000,100087000,286000
4513,9672000,100329000,294000
4514,9337000,99672000,282000
4515,9346000,100002000,282000
4516,9365000,100018000,286000
4517,9216000,99851000,282000
4518,9362000,100147000,278000
4519,9290000,99928000,294000
4520,9312000,100021000,270000
4521,9297000,99986000,290000
4522,9658000,100360000,282000
4523,9609000,99952000,282000
4524,9801000,100191000,278000
4525,9764000,99963000,282000
4526,9768000,100004000,274000
4527,9623000,99856000,290000
4528,9551000,99928000,270000
4529,9365000,99814000,282000
4530,9562000,100197000,274000
4531,9575000,100013000,286000
4532,10413000,100838000,286000
4533,9498000,99093000,282000
4534,9738000,100232000,274000
4535,9804000,100066000,290000
4536,9602000,99798000,278000
4537,9592000,99990000,286000
4538,9671000,100078000,262000
4539,9538000,99868000,294000
4540,9620000,100082000,274000
4541,9552000,99932000,282000
4542,9718000,100166000,278000
4543,9355000,99636000,290000
4544,9504000,100150000,282000
4545,9569000,100065000,290000
4546,9319000,99749000,274000
4547,9377000,100058000,290000
4548,9814000,100438000,278000
4549,9591000,99777000,290000
4550,9597000,100006000,282000
4551,9606000,100009000,290000
4552,9689000,100082000,278000
4553,9552000,99863000,278000
4554,9835000,100284000,282000
4555,9714000,99879000,294000
4556,9703000,99988000,278000
4557,9789000,100086000,286000
4558,9582000,99794000,262000
4559,9738000,100156000,290000
4560,9726000,99988000,274000
4561,9595000,99868000,290000
4562,9592000,99998000,282000
4563,9140000,99548000,286000
4564,9341000,100201000,266000
4565,9205000,99864000,274000
4566,9139000,99934000,286000
4567,9072000,99933000,282000
4568,9218000,100145000,274000
4569,9215000,99998000,290000
4570,9224000,100009000,278000
4571,9230000,100005000,282000
4572,9253000,100023000,274000
4573,9238000,99986000,294000
4574,9326000,100088000,282000
4575,9118000,99792000,286000
4576,9215000,100096000,270000
4577,9123000,99909000,282000
4578,9210000,100087000,274000
4579,9139000,99929000,290000
4580,9297000,100158000,274000
4581,9210000,99913000,286000
4582,9092000,99881000,270000
4583,9168000,100077000,294000
4584,9176000,100007000,274000
4585,9312000,100136000,278000
4586,9107000,99795000,278000
4587,9186000,100080000,290000
4588,9606000,100419000,266000
4589,9556000,99951000,274000
4590,9686000,100130000,274000
4591,9271000,99584000,294000
4592,9484000,100214000,274000
4593,9718000,100234000,282000
4594,9495000,99777000,286000
4595,9578000,100082000,282000
4596,9575000,99998000,278000
4597,9726000,100151000,290000
4598,9527000,99800000,270000
4599,9521000,99995000,286000
4600,9593000,100072000,278000
4601,9743000,100150000,290000
4602,9539000,99796000,286000
4603,9537000,99998000,294000
4604,9772000,100234000,270000
4605,9550000,99779000,290000
4606,9291000,99741000,278000
4607,9491000,100200000,290000
4608,9507000,100015000,286000
4609,9703000,100197000,294000
4610,9594000,99891000,282000
4611,9579000,99985000,294000
4612,9453000,99874000,286000
4613,9590000,100136000,286000
4614,9531000,99942000,282000
4615,9600000,100069000,290000
4616,9261000,99661000,286000
4617,9485000,100224000,286000
4618,9551000,100066000,282000
4619,9630000,100079000,286000
4620,10266000,100635000,274000
4621,9503000,99238000,286000
4622,9718000,100215000,282000
4623,9528000,99810000,286000
4624,9584000,100056000,282000
4625,9593000,100009000,294000
4626,9456000,99862000,282000
4627,9686000,100231000,282000
4628,9406000,99720000,282000
4629,9557000,100151000,274000
4630,9205000,99648000,282000
4631,9139000,99934000,290000
4632,9150000,100011000,274000
4633,9089000,99938000,282000
4634,9227000,100138000,282000
4635,9175000,99949000,282000
4636,9110000,99935000,278000
4637,9030000,99919000,294000
4638,9060000,100031000,274000
4639,9325000,100265000,282000
4640,9280000,99955000,278000
4641,9201000,99921000,278000
4642,9550000,100349000,278000
4643,9548000,99997000,286000
4644,9635000,100088000,278000
4645,9209000,99574000,278000
4646,9218000,100009000,282000
4647,9357000,100138000,294000
4648,9644000,100288000,278000
4649,9576000,99932000,290000
4650,9312000,99735000,282000
4651,9182000,99871000,286000
4652,9115000,99932000,274000
4653,9140000,100025000,274000
4654,9198000,100059000,282000
4655,9146000,99948000,282000
4656,9143000,99997000,282000
4657,9013000,99870000,294000
4658,9082000,100068000,282000
4659,9165000,100084000,298000
4660,10411000,101245000,270000
4661,9735000,99324000,290000
4662,9173000,99439000,282000
4663,8968000,99794000,286000
4664,9190000,100223000,274000
4665,9041000,99851000,286000
4666,8989000,99948000,278000
4667,9127000,100138000,286000
4668,10049000,100922000,282000
4669,9203000,99154000,290000
4670,10410000,101207000,282000
4671,9214000,98804000,290000
4672,9107000,99893000,262000
4673,9017000,99910000,290000
4674,9184000,100167000,282000
4675,9099000,99915000,286000
4676,10354000,101255000,282000
4677,10087000,99732000,290000
4678,8696000,98609000,266000
4679,10366000,101671000,286000
4680,10176000,99810000,278000
4681,10111000,99935000,282000
4682,9009000,98898000,266000
4683,9073000,100064000,286000
4684,9223000,100150000,270000
4685,9096000,99873000,274000
4686,9090000,99994000,282000
4687,10092000,101002000,282000
4688,9242000,99150000,270000
4689,10168000,100926000,286000
4690,9529000,99360000,274000
4691,10305000,100777000,294000
4692,9195000,98890000,282000
4693,10526000,101331000,282000
4694,9627000,99100000,270000
4695,9624000,99998000,282000
4696,10186000,100562000,274000
4697,9499000,99313000,278000
4698,10127000,100628000,278000
4699,10480000,100353000,290000
4700,9456000,98975000,282000
4701,10139000,100683000,294000
4702,10503000,100365000,274000
4703,10433000,99929000,290000
4704,9561000,99128000,266000
4705,9467000,99907000,286000
4706,10110000,100643000,274000
4707,10380000,100269000,286000
4708,9438000,99059000,274000
4709,9626000,100188000,274000
4710,10045000,100418000,270000
4711,10474000,100430000,290000
4712,9439000,98964000,274000
4713,10069000,100630000,274000
4714,10425000,100357000,282000
4715,10432000,100006000,290000
4716,10174000,99743000,266000
4717,10381000,100207000,282000
4718,9410000,99029000,274000
4719,10109000,100699000,290000
4720,10388000,100279000,282000
4721,10680000,100291000,278000
4722,10464000,99785000,282000
4723,10612000,100148000,286000
4724,10422000,99809000,270000
4725,10636000,100215000,286000
4726,10139000,99503000,274000
4727,10552000,100413000,278000
4728,10558000,100006000,282000
4729,10644000,100086000,282000
4730,10365000,99720000,286000
4731,10643000,100279000,290000
4732,10665000,100022000,274000
4733,10593000,99928000,286000
4734,10678000,100084000,270000
4735,10461000,99783000,286000
4736,10139000,99679000,274000
4737,9985000,99845000,282000
4738,10017000,100033000,278000
4739,10202000,100185000,290000
4740,10017000,99815000,282000
4741,10209000,100192000,290000
4742,10030000,99820000,282000
4743,10091000,100062000,290000
4744,10101000,100010000,278000
4745,10235000,100134000,290000
4746,10042000,99806000,278000
4747,10047000,100006000,286000
4748,10053000,100006000,278000
4749,10135000,100082000,286000
4750,10127000,99992000,286000
4751,10353000,100226000,290000
4752,10203000,99850000,282000
4753,10009000,99806000,294000
4754,10164000,100155000,278000
4755,10248000,100084000,290000
4756,10085000,99845000,282000
4757,10187000,100094000,282000
4758,10034000,99846000,282000
4759,10257000,100223000,286000
4760,10044000,99796000,278000
4761,10061000,100009000,278000
4762,10194000,100132000,282000
4763,10485000,100292000,286000
4764,10340000,99854000,278000
4765,10084000,99744000,278000
4766,10164000,100081000,282000
4767,10352000,100188000,290000
4768,10383000,100030000,282000
4769,10575000,100192000,290000
4770,10385000,99811000,274000
4771,10515000,100130000,282000
4772,10203000,99688000,270000
4773,10315000,100111000,290000
4774,10336000,100022000,282000
4775,10410000,100074000,286000
4776,10131000,99721000,286000
4777,10071000,99940000,286000
4778,10151000,100079000,274000
4779,10629000,100478000,286000
4780,10291000,99663000,274000
4781,10574000,100283000,286000
4782,10098000,99524000,282000
4783,10034000,99935000,290000
4784,10380000,100347000,274000
4785,10617000,100236000,278000
4786,10127000,99511000,274000
4787,10407000,100280000,290000
4788,10410000,100003000,282000
4789,10433000,100022000,286000
4790,9864000,99431000,282000
4791,10358000,100495000,282000
4792,10154000,99795000,282000
4793,10017000,99864000,290000
4794,10022000,100004000,282000
4795,10025000,100004000,286000
4796,10034000,100008000,286000
4797,10102000,100068000,290000
4798,10336000,100235000,282000
4799,10122000,99786000,282000
4800,10410000,100288000,278000
4801,10406000,99995000,286000
4802,10431000,100026000,282000
4803,10424000,99993000,278000
4804,10017000,99593000,274000
4805,10154000,100136000,290000
4806,10034000,99880000,282000
4807,10022000,99988000,290000
4808,10300000,100279000,278000
4809,10297000,99997000,278000
4810,10388000,100091000,286000
4811,10401000,100012000,282000
4812,10607000,100207000,274000
4813,10400000,99793000,286000
4814,10606000,100206000,282000
4815,10493000,99886000,290000
4816,10073000,99581000,270000
4817,10495000,100422000,286000
4818,10432000,99937000,274000
4819,10176000,99744000,286000
4820,10295000,100119000,278000
4821,10655000,100360000,286000
4822,10524000,99869000,274000
4823,10593000,100069000,290000
4824,10602000,100009000,270000
4825,10532000,99930000,278000
4826,10192000,99660000,282000
4827,10333000,100140000,286000
4828,10424000,100092000,274000
4829,10426000,100002000,282000
4830,10088000,99662000,282000
4831,10503000,100415000,290000
4832,10240000,99737000,282000
4833,10714000,100474000,290000
4834,10520000,99805000,286000
4835,10657000,100138000,278000
4836,10059000,99402000,282000
4837,10591000,100532000,290000
4838,10752000,100160000,286000
4839,10752000,100000000,286000
4840,10268000,99516000,282000
4841,10617000,100349000,286000
4842,10280000,99663000,282000
4843,10492000,100212000,290000
4844,10086000,99595000,278000
4845,9944000,99858000,286000
4846,10296000,100351000,282000
4847,10306000,100011000,294000
4848,10308000,100001000,278000
4849,10541000,100234000,286000
4850,10662000,100120000,278000
4851,10543000,99882000,294000
4852,10482000,99938000,278000
4853,10564000,100083000,286000
4854,10691000,100127000,282000
4855,10155000,99463000,290000
4856,10570000,100416000,274000
4857,10352000,99782000,290000
4858,10582000,100229000,274000
4859,10441000,99860000,282000
4860,10524000,100083000,274000
4861,10598000,100073000,274000
4862,10464000,99867000,270000
4863,10458000,99993000,290000
4864,10610000,100153000,286000
4865,10478000,99868000,290000
4866,10153000,99674000,286000
4867,10545000,100392000,290000
4868,10358000,99814000,282000
4869,10556000,100197000,294000
4870,10446000,99890000,282000
4871,10100000,99655000,278000
4872,10173000,100073000,282000
4873,10509000,100336000,294000
4874,10388000,99879000,282000
4875,10249000,99860000,286000
4876,10597000,100349000,282000
4877,10049000,99452000,294000
4878,10544000,100495000,282000
4879,10700000,100155000,282000
4880,10200000,99501000,270000
4881,10351000,100150000,286000
4882,10013000,99663000,266000
4883,10305000,100292000,282000
4884,10371000,100066000,274000
4885,10454000,100082000,278000
4886,10375000,99921000,282000
4887,10462000,100087000,286000
4888,10395000,99934000,270000
4889,10459000,100064000,286000
4890,10326000,99867000,282000
4891,10062000,99736000,290000
4892,10272000,100209000,278000
4893,10428000,100157000,282000
4894,10082000,99654000,282000
4895,10009000,99927000,290000
4896,10383000,100374000,278000
4897,10576000,100193000,286000
4898,10590000,100013000,278000
4899,10305000,99716000,286000
4900,9923000,99618000,278000
4901,10396000,100472000,290000
4902,10403000,100008000,278000
4903,10323000,99920000,294000
4904,10348000,100025000,278000
4905,10403000,100055000,286000
4906,10418000,100015000,286000
4907,10279000,99861000,286000
4908,10088000,99809000,282000
4909,10017000,99929000,286000
4910,10438000,100421000,282000
4911,10374000,99936000,286000
4912,9967000,99593000,282000
4913,9916000,99948000,294000
4914,9835000,99920000,278000
4915,9984000,100149000,290000
4916,10063000,100078000,286000
4917,10005000,99943000,286000
4918,10069000,100064000,282000
4919,9940000,99871000,290000
4920,10083000,100143000,278000
4921,10009000,99926000,290000
4922,10090000,100081000,282000
4923,10092000,100001000,290000
4924,10034000,99942000,282000
4925,10303000,100269000,290000
4926,10052000,99749000,274000
4927,10258000,100207000,286000
4928,10756000,100497000,282000
4929,10332000,99577000,286000
4930,10563000,100231000,274000
4931,10686000,100123000,290000
4932,10634000,99948000,282000
4933,10277000,99642000,294000
4934,10446000,100170000,274000
4935,10357000,99911000,290000
4936,10514000,100157000,282000
4937,10375000,99861000,278000
4938,10519000,100143000,286000
4939,10321000,99802000,282000
4940,10186000,99866000,278000
4941,10257000,100071000,282000
4942,10059000,99802000,282000
4943,10504000,100444000,286000
4944,10001000,99498000,282000
4945,10017000,100016000,282000
4946,10285000,100268000,278000
4947,10373000,100088000,290000
4948,10096000,99723000,270000
4949,10440000,100344000,290000
4950,10513000,100072000,286000
4951,10190000,99678000,294000
4952,9976000,99786000,274000
4953,9909000,99933000,290000
4954,10059000,100149000,278000
4955,9922000,99864000,290000
4956,10417000,100495000,278000
4957,10143000,99726000,286000
4958,10424000,100281000,286000
4959,10492000,100067000,294000
4960,10374000,99883000,278000
4961,10093000,99719000,274000
4962,10107000,100013000,278000
4963,10726000,100620000,282000
4964,10123000,99397000,274000
4965,10249000,100125000,286000
4966,10197000,99949000,282000
4967,9909000,99712000,290000
4968,10074000,100164000,278000
4969,10132000,100058000,286000
4970,10426000,100295000,266000
4971,10143000,99717000,286000
4972,10561000,100418000,286000
4973,10281000,99719000,290000
4974,10294000,100014000,270000
4975,10249000,99954000,290000
4976,10515000,100267000,282000
4977,10538000,100023000,278000
4978,10316000,99777000,274000
4979,10206000,99890000,278000
4980,9636000,99431000,274000
4981,10149000,100512000,282000
4982,10420000,100272000,270000
4983,10434000,100013000,278000
4984,9868000,99434000,282000
4985,9944000,100077000,286000
4986,10026000,100081000,266000
4987,9940000,99915000,282000
4988,10030000,100089000,278000
4989,10034000,100004000,282000
4990,10177000,100144000,278000
4991,9901000,99724000,290000
4992,9852000,99950000,274000
4993,9989000,100137000,286000
4994,9872000,99883000,282000
4995,10001000,100130000,278000
4996,10425000,100424000,274000
4997,10492000,100067000,286000
4998,9890000,99398000,282000
4999,9949000,100059000,286000
5000,9826000,99877000,282000
5001,9893000,100067000,282000
5002,9760000,99866000,282000
5003,9897000,100138000,294000
5004,10256000,100359000,286000
5005,9976000,99720000,282000
5006,10201000,100224000,270000
5007,9993000,99792000,290000
5008,10001000,100009000,270000
5009,10279000,100278000,282000
5010,10428000,100148000,282000
5011,10512000,100084000,286000
5012,10165000,99654000,286000
5013,10308000,100143000,274000
5014,10030000,99721000,282000
5015,10048000,100019000,290000
5016,9901000,99853000,266000
5017,9909000,100008000,278000
5018,9919000,100009000,274000
5019,9848000,99929000,286000
5020,9644000,99797000,282000
5021,10336000,100691000,294000
5022,10345000,100010000,286000
5023,10005000,99660000,286000
5024,10514000,100509000,282000
5025,9876000,99362000,290000
5026,10375000,100498000,282000
5027,10026000,99651000,294000
5028,9913000,99888000,282000
5029,10448000,100535000,294000
5030,10407000,99958000,282000
5031,10399000,99993000,294000
5032,10213000,99814000,274000
5033,10262000,100048000,286000
5034,10203000,99942000,282000
5035,10488000,100285000,290000
5036,10290000,99801000,278000
5037,10503000,100213000,278000
5038,10440000,99938000,278000
5039,10437000,99997000,290000
5040,10311000,99874000,274000
5041,10321000,100010000,286000
5042,10110000,99789000,282000
5043,10260000,100150000,294000
5044,10329000,100069000,286000
5045,10560000,100231000,286000
5046,10067000,99506000,282000
5047,10216000,100149000,282000
5048,9940000,99725000,282000
5049,10295000,100355000,290000
5050,10300000,100005000,270000
5051,10438000,100138000,286000
5052,10299000,99861000,278000
5053,10174000,99875000,290000
5054,10389000,100214000,278000
5055,10315000,99927000,290000
5056,10475000,100160000,282000
5057,10250000,99783000,290000
5058,10282000,100024000,274000
5059,10333000,100050000,290000
5060,9583000,99250000,274000
5061,10343000,100761000,290000
5062,10301000,99957000,282000
5063,10154000,99853000,286000
5064,10098000,99945000,274000
5065,10172000,100074000,290000
5066,10175000,100003000,270000
5067,10314000,100139000,282000
5068,10178000,99864000,282000
5069,10190000,100012000,282000
5070,10267000,100077000,270000
5071,10406000,100139000,290000
5072,10268000,99862000,282000
5073,10347000,100078000,286000
5074,10432000,100085000,270000
5075,10234000,99803000,290000
5076,10290000,100055000,278000
