seq,latency_m2m_ns,callback_jitter,publish_jitter
335,34705000,23595000,12344000
336,34700000,21987000,10313000
337,32824000,22140000,10477000
338,32775000,21935000,10411000
339,32835000,22060000,10472000
340,32771000,21936000,10400000
341,32754000,21991000,10393000
342,32831000,22069000,10460000
343,32891000,22067000,10535000
344,34783000,23885000,12412000
345,34988000,22213000,10617000
346,32837000,21857000,10490000
347,32992000,22139000,10629000
348,33000000,22007000,10629000
349,33042000,22051000,10687000
350,32992000,21941000,10620000
351,32837000,21854000,10482000
352,32987000,22142000,10619000
353,34865000,23883000,12506000
354,35196000,22326000,10817000
355,32909000,21729000,10554000
356,32921000,22004000,10558000
357,33200000,22278000,10841000
358,33004000,21797000,10621000
359,33041000,22053000,10689000
360,33000000,21943000,10632000
361,33000000,22000000,10632000
362,34806000,23806000,12431000
363,34866000,22068000,10491000
364,32940000,22082000,10581000
365,33001000,22052000,10642000
366,32944000,21935000,10568000
367,32931000,21996000,10572000
368,32951000,22012000,10576000
369,33009000,22065000,10650000
370,32878000,21862000,10503000
371,34874000,24004000,12518000
372,34952000,22070000,10573000
373,32858000,21921000,10510000
374,32950000,22077000,10582000
375,32873000,21928000,10515000
376,32955000,22076000,10591000
377,32878000,21924000,10515000
378,32882000,22004000,10511000
379,33075000,22201000,10720000
380,34823000,23740000,12452000
381,35086000,22271000,10715000
382,33029000,21950000,10673000
383,33036000,22000000,10671000
384,32970000,21926000,10599000
385,33036000,22074000,10672000
386,32965000,21921000,10594000
387,33029000,22072000,10666000
388,32965000,21927000,10594000
389,34623000,23666000,12261000
390,33870000,21239000,10490000
391,32838000,21984000,10490000
392,32862000,22008000,10490000
393,32854000,22000000,10498000
394,32865000,22004000,10494000
395,32777000,21919000,10421000
396,32865000,22081000,10494000
397,32776000,21919000,10423000
398,34607000,23821000,12228000
399,33823000,21226000,10460000
400,32894000,22071000,10530000
401,32836000,21943000,10481000
402,32839000,21994000,10468000
403,32827000,21996000,10471000
404,32914000,22079000,10550000
405,32831000,21917000,10467000
406,32845000,22013000,10473000
407,34564000,23720000,12200000
408,33810000,21246000,10439000
409,32793000,21991000,10429000
410,32869000,22077000,10507000
411,32866000,21996000,10513000
412,32808000,21932000,10435000
413,32789000,21991000,10433000
414,32746000,21949000,10368000
415,32726000,21988000,10364000
416,34542000,23808000,12171000
417,33763000,21229000,10400000
418,32914000,22151000,10554000
419,32708000,21791000,10330000
420,32836000,22140000,10486000
421,32786000,21933000,10419000
422,32717000,21931000,10338000
423,32780000,22071000,10423000
424,32781000,21991000,10404000
425,32767000,21996000,10407000
426,32799000,22024000,10424000
427,32688000,21897000,10325000
428,32775000,22079000,10408000
429,32766000,21991000,10386000
430,32766000,22009000,10400000
431,32767000,22000000,10408000
432,32793000,22018000,10426000
433,32775000,21982000,10408000
434,32784000,22009000,10409000
435,32776000,22000000,10409000
436,32709000,21933000,10342000
437,32766000,22049000,10396000
438,32775000,22009000,10404000
439,32694000,21927000,10325000
440,32769000,22073000,10404000
441,32698000,21930000,10333000
442,32932000,22226000,10556000
443,32684000,21761000,10322000
444,32775000,22083000,10404000
445,32763000,21996000,10410000
446,32768000,21995000,10391000
447,32758000,22000000,10397000
448,32713000,21946000,10333000
449,32763000,22059000,10399000
450,32893000,22131000,10531000
451,32763000,21869000,10400000
452,32772000,22009000,10417000
453,33734000,22954000,10357000
454,32798000,22072000,10435000
455,32853000,22055000,10500000
456,32872000,22009000,10499000
457,32866000,22004000,10511000
458,32819000,21945000,10447000
459,32788000,21977000,10434000
460,32870000,22074000,10499000
461,32862000,21999000,10506000
462,35858000,24988000,11216000
463,33576000,21996000,10489000
464,32802000,21949000,10438000
465,32866000,22063000,10501000
466,32796000,21930000,10424000
467,32841000,22054000,10477000
468,32781000,21941000,10419000
469,32775000,21993000,10422000
470,32864000,22078000,10490000
471,34782000,23929000,10419000
472,32790000,22007000,10426000
473,32713000,21924000,10354000
474,32862000,22140000,10490000
475,32850000,21996000,10494000
476,32866000,22008000,10486000
477,32701000,21852000,10351000
478,32804000,22085000,10431000
479,32714000,21919000,10353000
480,34815000,24093000,10443000
481,32798000,21992000,10442000
482,32806000,22000000,10435000
483,32726000,21928000,10363000
484,32819000,22084000,10456000
485,32806000,21988000,10434000
486,32188000,21391000,9826000
487,31758000,21569000,10398000
488,32773000,22004000,10392000
489,34911000,24149000,11274000
490,33507000,21868000,10408000
491,32754000,21983000,10402000
492,32777000,22005000,10404000
493,32827000,22060000,10474000
494,32777000,21940000,10396000
495,32759000,22000000,10412000
496,32781000,22006000,10410000
497,32773000,22000000,10418000
498,32781000,22000000,10410000
499,32833000,22059000,10477000
500,32845000,22004000,10473000
501,32973000,22137000,10618000
502,32862000,21880000,10482000
503,32961000,22116000,10613000
504,32785000,21807000,10405000
505,32829000,22061000,10482000
506,32849000,22003000,10478000
507,32763000,21923000,10410000
508,32773000,22000000,10400000
509,32758000,21995000,10396000
510,32845000,22079000,10474000
511,33047000,22209000,10686000
512,32847000,21794000,10469000
513,32898000,22062000,10543000
514,33040000,22134000,10653000
515,32829000,21808000,10482000
516,32839000,21991000,10472000
517,32771000,21932000,10411000
518,32783000,22004000,10408000
519,32835000,22060000,10475000
520,32989000,22146000,10606000
521,33045000,22070000,10688000
522,32853000,21798000,10474000
523,32819000,21978000,10464000
524,32771000,21944000,10392000
525,32890000,22135000,10546000
526,32839000,21929000,10468000
527,32750000,21919000,10388000
528,32772000,22013000,10400000
529,32833000,22069000,10477000
530,32771000,21931000,10400000
531,32837000,22074000,10482000
532,32906000,22061000,10535000
533,32823000,21925000,10467000
534,34643000,23812000,12260000
535,34760000,22132000,10404000
536,32853000,22086000,10490000
537,32782000,21929000,10427000
538,32786000,21995000,10414000
539,32767000,21990000,10412000
540,32858000,22082000,10486000
541,32773000,21924000,10417000
542,32712000,21931000,10333000
543,34507000,23803000,12143000
544,33810000,21303000,10448000
545,32815000,22004000,10459000
546,32827000,22005000,10456000
547,32807000,21987000,10452000
548,32819000,22004000,10448000
549,32738000,21928000,10376000
550,32827000,22080000,10456000
551,32807000,21988000,10451000
552,34550000,23736000,12179000
553,33794000,21252000,10423000
554,33310000,22524000,10954000
555,33823000,22505000,10477000
556,33306000,22474000,10941000
557,34333000,23028000,10974000
558,33841000,22507000,10478000
559,32842000,22005000,10482000
560,32849000,22004000,10478000
561,32910000,22069000,10546000
562,32781000,21871000,10419000
563,32767000,21986000,10412000
564,32782000,22006000,10410000
565,32758000,21985000,10397000
566,32789000,22024000,10419000
567,32833000,22050000,10476000
568,32775000,21935000,10404000
569,32767000,22000000,10412000
570,34651000,23876000,12271000
571,34781000,22138000,10410000
572,32781000,22008000,10426000
573,32777000,21987000,10422000
574,32927000,22143000,10556000
575,32857000,21938000,10502000
576,32861000,21996000,10490000
577,33365000,22511000,11008000
578,33899000,22526000,10544000
579,34706000,23807000,12325000
580,35425000,22728000,11062000
581,34459000,23034000,11108000
582,34451000,22983000,11079000
583,34423000,22976000,11063000
584,34464000,23036000,11091000
585,34430000,22970000,11069000
586,34404000,22970000,11024000
587,34378000,22986000,11025000
588,34375000,22985000,11003000
589,34399000,23029000,11039000
590,34366000,22962000,10993000
591,34338000,22976000,10977000
592,33907000,22566000,10536000
593,33353000,22458000,11000000
594,34346000,22982000,10987000
595,34391000,23043000,11023000
596,34341000,22954000,10984000
597,34394000,23050000,11026000
598,34359000,22968000,11002000
599,34406000,23044000,11030000
600,34599000,23204000,11239000
601,35472000,23862000,11100000
602,33896000,22427000,10540000
603,32907000,22008000,10539000
604,32987000,22080000,10611000
605,34564000,23586000,12190000
606,34332000,21768000,10964000
607,34386000,23054000,11023000
608,34359000,22972000,10995000
609,34455000,23092000,11095000
610,34652000,23193000,11273000
611,33931000,22282000,10571000
612,32939000,22008000,10570000
613,32865000,21928000,10494000
614,35196000,24335000,12827000
615,35828000,22633000,10479000
616,33400000,22561000,11022000
617,33962000,22572000,10612000
618,33414000,22442000,11043000
619,34065000,22653000,10707000
620,32943000,21877000,10574000
621,32941000,21999000,10566000
622,32866000,21933000,10498000
623,32928000,22063000,10566000
624,33000000,22071000,10645000
625,32874000,21865000,10502000
626,32925000,22060000,10569000
627,33064000,22130000,10692000
628,32992000,21937000,10637000
629,32933000,21933000,10562000
630,32857000,21932000,10501000
631,32937000,22072000,10566000
632,34663000,23734000,12292000
633,34869000,22207000,10507000
634,32866000,21995000,10510000
635,32874000,22001000,10503000
636,32862000,21995000,10506000
637,32950000,22081000,10579000
638,32858000,21915000,10501000
639,32934000,22069000,10563000
640,32930000,22003000,10573000
641,34605000,23668000,12222000
642,34866000,22277000,10511000
643,32954000,22079000,10598000
644,32886000,21925000,10522000
645,32957000,22071000,10586000
646,32953000,22003000,10596000
647,32953000,21993000,10582000
648,32874000,21929000,10521000
649,32962000,22078000,10589000
650,34618000,23666000,12248000
651,34881000,22264000,10522000
652,32890000,22004000,10531000
653,32964000,22069000,10592000
654,32956000,22001000,10600000
655,32886000,21922000,10515000
656,32878000,22000000,10522000
657,32831000,21945000,10460000
658,32960000,22137000,10607000
659,34563000,23593000,12182000
660,33849000,21304000,10494000
661,32935000,22078000,10572000
662,32921000,21986000,10565000
663,32937000,22008000,10566000
664,32989000,22059000,10636000
665,32939000,21941000,10566000
666,32925000,21996000,10569000
667,33069000,22136000,10694000
668,34597000,23536000,12224000
669,34869000,22273000,10503000
670,32941000,22070000,10580000
671,33328000,22380000,10952000
672,34367000,23047000,11012000
673,33895000,22518000,10528000
674,33035000,22144000,10662000
675,33417000,22378000,11031000
676,34379000,22979000,11023000
677,33899000,22512000,10540000
678,33408000,22505000,11042000
679,33861000,22450000,10503000
680,32870000,22008000,10501000
681,32882000,22013000,10507000
682,33386000,22511000,11026000
683,33831000,22438000,10477000
684,33350000,22517000,10975000
685,33865000,22526000,10520000
686,32879000,22004000,10515000
687,33324000,22446000,10952000
688,34364000,23047000,11013000
689,33891000,22519000,10528000
690,33348000,22460000,10985000
691,33921000,22571000,10567000
692,33394000,22472000,11020000
693,34374000,22989000,11020000
694,34399000,23015000,11027000
695,34379000,22985000,11019000
696,34415000,23031000,11043000
697,33934000,22524000,10579000
698,33502000,22564000,11132000
699,33889000,22387000,10526000
700,33323000,22441000,10968000
701,34395000,23064000,11034000
702,34433000,23039000,11065000
703,34408000,22978000,11051000
704,34382000,22971000,11014000
705,33892000,22513000,10540000
706,33542000,22647000,11176000
707,34316000,22775000,10945000
708,34354000,23049000,10994000
709,34404000,23045000,11051000
710,34443000,23032000,11075000
711,33952000,22512000,10600000
712,32900000,21944000,10534000
713,32900000,22001000,10528000
714,32965000,22074000,10601000
715,32948000,21984000,10586000
716,32953000,22003000,10596000
717,32965000,22004000,10593000
718,32883000,21926000,10526000
719,32960000,22070000,10589000
720,32952000,22000000,10596000
721,32964000,22004000,10593000
722,32951000,21995000,10588000
723,33083000,22132000,10716000
724,33033000,21950000,10656000
725,32890000,21857000,10523000
726,32874000,21984000,10514000
727,32894000,22012000,10519000
728,32878000,21992000,10518000
729,32962000,22076000,10591000
730,32874000,21920000,10518000
731,32953000,22071000,10582000
732,32874000,21929000,10519000
733,32890000,22008000,10519000
734,33025000,22143000,10650000
735,32873000,21849000,10511000
736,32807000,21932000,10452000
737,32961000,22146000,10589000
738,32811000,21859000,10447000
739,32878000,22067000,10515000
740,33853000,22975000,10497000
741,32796000,21935000,10425000
742,32854000,22065000,10497000
743,32849000,21988000,10478000
744,32862000,22021000,10498000
745,32789000,21927000,10426000
746,32854000,22064000,10497000
747,32861000,22000000,10498000
748,32858000,21996000,10493000
749,35907000,25050000,11273000
750,33636000,21999000,10542000
751,32835000,21929000,10464000
752,32898000,22071000,10534000
753,32836000,21938000,10473000
754,32827000,21991000,10471000
755,32834000,22000000,10464000
756,32823000,21996000,10467000
757,32835000,22004000,10464000
758,34778000,23950000,10415000
759,32841000,22064000,10486000
760,32845000,21996000,10482000
761,32870000,22024000,10490000
762,32833000,21980000,10485000
763,32870000,22020000,10501000
764,32857000,21992000,10497000
765,32853000,21992000,10482000
766,32854000,22008000,10500000
767,34864000,24000000,10490000
768,32853000,22000000,10497000
769,32866000,22004000,10494000
770,32858000,22000000,10493000
771,32861000,22004000,10506000
772,32865000,21996000,10501000
773,32862000,21996000,10490000
774,32854000,22000000,10497000
775,32866000,22004000,10494000
776,34870000,24012000,10514000
777,32882000,22004000,10511000
778,32870000,21996000,10513000
779,32890000,22013000,10511000
780,32803000,21929000,10455000
781,32810000,21991000,10446000
782,32806000,21996000,10442000
783,32886000,22080000,10515000
784,32798000,21920000,10442000
785,34750000,23944000,10373000
786,32811000,22069000,10456000
787,32742000,21923000,10365000
788,32811000,22077000,10447000
789,32737000,21927000,10376000
790,32742000,21996000,10373000
791,32810000,22068000,10439000
792,33263000,22461000,10907000
793,34240000,22969000,10881000
794,33828000,22586000,10465000
795,32816000,21993000,10455000
796,33354000,22534000,10982000
797,33842000,22496000,10487000
798,32795000,21953000,10438000
799,32796000,21994000,10425000
800,32790000,22001000,10433000
801,32819000,22021000,10448000
802,32923000,22113000,10567000
803,33762000,22831000,10379000
804,32826000,22078000,10476000
805,32839000,21999000,10468000
806,32828000,21996000,10463000
807,32826000,22000000,10464000
808,32832000,22005000,10476000
809,32849000,22009000,10478000
810,32823000,21982000,10467000
811,32844000,22013000,10473000
812,35807000,24970000,11173000
813,33546000,22009000,10452000
814,32887000,22071000,10530000
815,32823000,21929000,10444000
816,32879000,22071000,10531000
817,32819000,21924000,10448000
818,32819000,22009000,10466000
819,32817000,21987000,10443000
820,32819000,22013000,10463000
821,33858000,23030000,10486000
822,32846000,21996000,10490000
823,32853000,22000000,10482000
824,32784000,21938000,10419000
825,32852000,22070000,10490000
826,32988000,22135000,10629000
827,32787000,21791000,10416000
828,32845000,22066000,10489000
829,32861000,22008000,10490000
830,35828000,24974000,11202000
831,33580000,22014000,10478000
832,32837000,21996000,10481000
833,32844000,21999000,10465000
834,32961000,22133000,10613000
835,32839000,21862000,10460000
836,32830000,22006000,10481000
837,32844000,21999000,10473000
838,32837000,22001000,10482000
839,33815000,22969000,10443000
840,32794000,21988000,10441000
841,32892000,22088000,10519000
842,32815000,21932000,10451000
843,32801000,21988000,10439000
844,32803000,22000000,10446000
845,32895000,22084000,10523000
846,32870000,21984000,10515000
847,32810000,21932000,10439000
848,35850000,25048000,11221000
849,33588000,22003000,10490000
850,32784000,21931000,10429000
851,32796000,22004000,10417000
852,32775000,21994000,10427000
853,32787000,21997000,10416000
854,33237000,22458000,10880000
855,34281000,23036000,10922000
856,33875000,22593000,10512000
857,33254000,22383000,10885000
858,33837000,22588000,10487000
859,32776000,21930000,10399000
860,32766000,22000000,10400000
861,32831000,22064000,10471000
862,32848000,22009000,10473000
863,32767000,21927000,10407000
864,32786000,22010000,10410000
865,32768000,21990000,10407000
866,34202000,23427000,10826000
867,33781000,22587000,10431000
868,32794000,22004000,10417000
869,32784000,21999000,10418000
870,33177000,22393000,10816000
871,34231000,23046000,10868000
872,33802000,22570000,10435000
873,32799000,22000000,10433000
874,32806000,22005000,10434000
875,33255000,22454000,10884000
876,33759000,22507000,10409000
877,33239000,22471000,10861000
878,33793000,22564000,10444000
879,32739000,21936000,10367000
880,32742000,22004000,10363000
881,33262000,22527000,10901000
882,34333000,23064000,10970000
883,34441000,23107000,11069000
884,34403000,22966000,11043000
885,33836000,22429000,10461000
886,32751000,21927000,10390000
887,33234000,22472000,10858000
888,34260000,23034000,10905000
889,33791000,22522000,10424000
890,32782000,21995000,10417000
891,32779000,21994000,10404000
892,32837000,22065000,10476000
893,33316000,22471000,10939000
894,33802000,22495000,10456000
895,32743000,21932000,10373000
896,32893000,22152000,10519000
897,33208000,22321000,10847000
898,33921000,22706000,10562000
899,32933000,22011000,10557000
900,33173000,22249000,10805000
901,35948000,24775000,12593000
902,36247000,23290000,10867000
903,34233000,22998000,10881000
904,34235000,22990000,10863000
905,34307000,23076000,10947000
906,33832000,22520000,10465000
907,33213000,22385000,10846000
908,33814000,22599000,10448000
909,33186000,22379000,10824000
910,33845000,22652000,10487000
911,33313000,22466000,10945000
912,34288000,22975000,10923000
913,34323000,23036000,10951000
914,33892000,22572000,10536000
915,32900000,22004000,10530000
916,33364000,22466000,10980000
917,33845000,22497000,10503000
918,33258000,22396000,10888000
919,34300000,23042000,10937000
920,34360000,23059000,10988000
921,34326000,22970000,10965000
922,34438000,23108000,11066000
923,34405000,22972000,11037000
924,34308000,22907000,10944000
925,34329000,23017000,10969000
926,34389000,23055000,11016000
927,34296000,22910000,10934000
928,34406000,23108000,11034000
929,34290000,22887000,10929000
930,34333000,23040000,10953000
931,34301000,22979000,10949000
932,34363000,23051000,10991000
933,34326000,22967000,10966000
934,34298000,22968000,10926000
935,33867000,22572000,10511000
936,32875000,22005000,10509000
937,33342000,22466000,10956000
938,34361000,23037000,11014000
939,33811000,22433000,10444000
940,33283000,22476000,10917000
941,33906000,22620000,10548000
942,32850000,21943000,10481000
943,32927000,22078000,10552000
944,32920000,22001000,10560000
945,34663000,23735000,12275000
946,34933000,22286000,10574000
947,33073000,22132000,10706000
948,33009000,21936000,10641000
949,32929000,21920000,10566000
950,32862000,21933000,10506000
951,32870000,21999000,10498000
952,32862000,22001000,10506000
953,32937000,22067000,10566000
954,34807000,23877000,12438000
955,34865000,22060000,10503000
956,32858000,21992000,10502000
957,32870000,22003000,10498000
958,32927000,22066000,10571000
959,32959000,22024000,10588000
960,32866000,21914000,10509000
961,32868000,21996000,10498000
962,32934000,22073000,10578000
963,34684000,23742000,12307000
964,34881000,22206000,10519000
965,32891000,22008000,10527000
966,32882000,21992000,10526000
967,32882000,21992000,10511000
968,32870000,21996000,10514000
969,32895000,22016000,10523000
970,32819000,21933000,10463000
971,32881000,22055000,10511000
972,34610000,23736000,12240000
973,34810000,22201000,10448000
974,32811000,22000000,10455000
975,32895000,22076000,10524000
976,32960000,22073000,10605000
977,32899000,21930000,10527000
978,32891000,22000000,10537000
979,32966000,22066000,10593000
980,32878000,21922000,10522000
981,34554000,23668000,12175000
982,34883000,22344000,10527000
983,32898000,22008000,10535000
984,32895000,21996000,10538000
985,32979000,22077000,10608000
986,32898000,21927000,10545000
987,32837000,21929000,10464000
988,32828000,22000000,10474000
989,32908000,22071000,10535000
990,34635000,23737000,12266000
991,34906000,22271000,10550000
992,32840000,21926000,10476000
993,32849000,22009000,10478000
994,33041000,22200000,10685000
995,32914000,21865000,10543000
996,32832000,21926000,10476000
997,32919000,22078000,10547000
998,32841000,21931000,10485000
999,34572000,23723000,12189000
1000,35053000,22497000,10697000
1001,32928000,21866000,10563000
1002,32921000,21994000,10565000
1003,33005000,22076000,10633000
1004,32992000,21995000,10636000
1005,32937000,21936000,10564000
1006,33056000,22127000,10699000
1007,32992000,21929000,10620000
1008,34722000,23738000,12352000
1009,34934000,22213000,10571000
1010,32927000,21992000,10571000
1011,32938000,22003000,10566000
1012,33063000,22133000,10707000
1013,32938000,21867000,10566000
1014,32927000,21996000,10570000
1015,33001000,22067000,10629000
1016,32997000,22004000,10641000
1017,34742000,23737000,12356000
1018,34934000,22208000,10578000
1019,33012000,22069000,10647000
1020,33011000,22000000,10654000
1021,32953000,21934000,10581000
1022,33026000,22081000,10662000
1023,32949000,21915000,10577000
1024,32945000,22004000,10589000
1025,33102000,22149000,10726000
1026,34887000,23792000,12517000
1027,34960000,22074000,10586000
1028,32954000,22001000,10601000
1029,32960000,21991000,10584000
1030,33030000,22077000,10661000
1031,32964000,21927000,10588000
1032,32890000,21933000,10529000
1033,32975000,22078000,10599000
1034,32955000,21988000,10595000
1035,34762000,23799000,12374000
1036,35031000,22284000,10675000
1037,33047000,22001000,10671000
1038,33039000,22000000,10679000
1039,32975000,21928000,10607000
1040,33051000,22075000,10682000
1041,32983000,21932000,10606000
1042,32832000,21857000,10473000
1043,32916000,22075000,10538000
1044,32832000,21925000,10462000
1045,32826000,21996000,10459000
1046,32819000,21991000,10459000
1047,32903000,22077000,10527000
1048,32823000,21928000,10463000
1049,32839000,22008000,10463000
1050,32823000,21991000,10463000
1051,32910000,22080000,10534000
1052,32972000,22070000,10612000
1053,32918000,21938000,10542000
1054,32819000,21908000,10443000
1055,32823000,22013000,10463000
1056,32841000,22010000,10481000
1057,32835000,21986000,10459000
1058,32823000,21996000,10463000
1059,32905000,22074000,10529000
1060,32823000,21926000,10463000
1061,32835000,22003000,10459000
1062,32827000,22001000,10467000
1063,32831000,21996000,10463000
1064,32970000,22139000,10593000
1065,32826000,21865000,10459000
1066,32823000,21996000,10463000
1067,32899000,22067000,10522000
1068,32754000,21864000,10391000
1069,32833000,22069000,10455000
1070,32894000,22071000,10534000
1071,32827000,21925000,10451000
1072,33853000,23034000,10485000
1073,32798000,21945000,10430000
1074,32931000,22133000,10562000
1075,32793000,21862000,10433000
1076,32857000,22056000,10489000
1077,32857000,22000000,10485000
1078,32784000,21935000,10428000
1079,32929000,22137000,10565000
1080,32858000,21928000,10493000
1081,34886000,24029000,10514000
1082,32940000,22062000,10580000
1083,32823000,21875000,10443000
1084,32811000,22004000,10463000
1085,32882000,22054000,10517000
1086,32815000,21933000,10450000
1087,32815000,22000000,10442000
1088,32878000,22072000,10522000
1089,32886000,22000000,10514000
1090,34811000,23933000,10447000
1091,32882000,22071000,10518000
1092,32815000,21933000,10450000
1093,32956000,22142000,10589000
1094,32819000,21861000,10459000
1095,32810000,21984000,10442000
1096,32810000,22000000,10442000
1097,32894000,22084000,10518000
1098,32811000,21925000,10455000
1099,35798000,24978000,12143000
1100,34516000,22009000,10433000
1101,32801000,22004000,10438000
1102,32943000,22141000,10587000
1103,32869000,21918000,10497000
1104,32858000,21996000,10501000
1105,32950000,22085000,10578000
1106,32858000,21915000,10495000
1107,32792000,21932000,10425000
1108,33827000,23038000,10463000
1109,32831000,22004000,10467000
1110,32827000,21996000,10462000
1111,32830000,22004000,10467000
1112,32902000,22071000,10546000
1113,32849000,21939000,10477000
1114,32823000,21982000,10467000
1115,32835000,22004000,10463000
1116,32823000,21996000,10467000
1117,35882000,25051000,12244000
1118,34696000,22087000,10597000
1119,33028000,22067000,10657000
1120,33026000,21998000,10661000
1121,32969000,21935000,10597000
1122,33092000,22131000,10736000
1123,32961000,21860000,10581000
1124,32949000,22004000,10600000
1125,32960000,21996000,10588000
1126,33919000,22967000,10555000
1127,32915000,21995000,10558000
1128,32925000,22003000,10552000
1129,32924000,22008000,10561000
1130,32984000,22059000,10628000
1131,32925000,21933000,10561000
1132,32925000,22000000,10561000
1133,32925000,22000000,10561000
1134,32931000,22006000,10567000
1135,36951000,26020000,12317000
1136,34684000,22003000,10581000
1137,32949000,22004000,10586000
1138,32946000,21996000,10590000
1139,33024000,22070000,10650000
1140,33087000,22071000,10731000
1141,32954000,21859000,10582000
1142,32941000,21995000,10585000
1143,32886000,21937000,10514000
1144,32945000,22067000,10581000
1145,32944000,21999000,10580000
1146,32945000,22001000,10580000
1147,32940000,21995000,10576000
1148,32940000,22000000,10584000
1149,33023000,22075000,10650000
1150,32944000,21928000,10587000
1151,32951000,22000000,10579000
1152,33033000,22089000,10665000
1153,36984000,25944000,12334000
1154,34702000,22000000,10607000
1155,32897000,21922000,10530000
1156,32972000,22073000,10611000
1157,33057000,22077000,10680000
1158,33048000,22000000,10688000
1159,32983000,21927000,10607000
1160,33044000,22069000,10684000
1161,32991000,21938000,10614000
1162,33946000,22963000,10577000
1163,32942000,21997000,10566000
1164,32930000,21995000,10578000
1165,32949000,22004000,10581000
1166,33153000,22204000,10785000
1167,32945000,21792000,10569000
1168,33016000,22078000,10655000
1169,32878000,21855000,10502000
1170,32940000,22070000,10580000
1171,34974000,24025000,10606000
1172,32961000,21988000,10584000
1173,32955000,22003000,10596000
1174,33028000,22064000,10658000
1175,32960000,21932000,10584000
1176,33020000,22068000,10658000
1177,33048000,22020000,10665000
1178,33032000,21989000,10658000
1179,33041000,22004000,10658000
1180,35037000,24004000,10669000
1181,32976000,21930000,10591000
1182,32952000,21992000,10599000
1183,32972000,22004000,10595000
1184,32963000,22000000,10603000
1185,32975000,22004000,10607000
1186,33173000,22198000,10805000
1187,32901000,21727000,10516000
1188,32950000,22066000,10598000
1189,34994000,24028000,10626000
1190,32914000,21920000,10537000
1191,32976000,22071000,10609000
1192,32910000,21933000,10550000
1193,33067000,22149000,10691000
1194,32906000,21847000,10545000
1195,32838000,21925000,10463000
1196,32982000,22151000,10624000
1197,32851000,21858000,10472000
1198,34917000,24077000,10549000
1199,32921000,22003000,10544000
1200,32842000,21929000,10489000
1201,33001000,22143000,10625000
1202,32915000,21922000,10555000
1203,32919000,21996000,10542000
1204,32841000,21930000,10480000
1205,32784000,21936000,10412000
1206,32984000,22208000,10628000
1207,34858000,23865000,10485000
1208,32850000,22000000,10484000
1209,32932000,22084000,10569000
1210,33063000,22129000,10702000
1211,32929000,21859000,10557000
1212,32858000,21936000,10503000
1213,32935000,22067000,10560000
1214,32850000,21925000,10493000
1215,32870000,22012000,10497000
1216,34798000,23937000,10434000
1217,32866000,22067000,10493000
1218,33056000,22199000,10708000
1219,32878000,21806000,10499000
1220,32863000,21999000,10514000
1221,32954000,22076000,10589000
1222,32878000,21924000,10514000
1223,32878000,22001000,10514000
1224,32886000,22008000,10522000
1225,34890000,24004000,10518000
1226,32882000,22000000,10517000
1227,32814000,21933000,10451000
1228,32883000,22067000,10526000
1229,32815000,21924000,10442000
1230,32807000,22000000,10450000
1231,32815000,22000000,10442000
1232,32870000,22064000,10514000
1233,32886000,22008000,10514000
1234,35846000,24967000,12208000
1235,34581000,22008000,10481000
1236,32914000,22069000,10566000
1237,32933000,22003000,10569000
1238,32862000,21928000,10497000
1239,32926000,22064000,10553000
1240,32850000,21932000,10495000
1241,32872000,22012000,10500000
1242,32857000,21992000,10497000
1243,33907000,23045000,10534000
1244,32898000,22000000,10536000
1245,32829000,21929000,10463000
1246,32891000,22063000,10534000
1247,32831000,21933000,10459000
1248,32819000,21996000,10465000
1249,32920000,22091000,10546000
1250,32895000,21984000,10540000
1251,32846000,21942000,10472000
1252,35811000,24975000,12181000
1253,34616000,22071000,10510000
1254,32944000,22070000,10596000
1255,32827000,21867000,10455000
1256,32878000,22059000,10522000
1257,32819000,21933000,10455000
1258,32823000,22004000,10459000
1259,32819000,21995000,10447000
1260,32882000,22072000,10526000
1261,33862000,22971000,10489000
1262,32992000,22139000,10627000
1263,32853000,21861000,10489000
1264,32854000,22000000,10497000
1265,32931000,22070000,10559000
1266,32854000,21930000,10497000
1267,32866000,22004000,10493000
1268,32854000,21996000,10497000
1269,32936000,22074000,10563000
1270,35833000,24906000,12207000
1271,34719000,22148000,10609000
1272,32969000,21996000,10621000
1273,32780000,21795000,10408000
1274,32906000,22134000,10550000
1275,32977000,22062000,10604000
1276,32827000,21859000,10471000
1277,32985000,22150000,10621000
1278,32831000,21846000,10467000
1279,34780000,23948000,10407000
1280,32850000,22078000,10484000
1281,32918000,22069000,10554000
1282,32906000,21988000,10550000
1283,32849000,21934000,10477000
1284,32846000,22005000,10489000
1285,32853000,22000000,10481000
1286,32980000,22134000,10622000
1287,32848000,21862000,10477000
1288,34846000,24004000,10481000
1289,32929000,22084000,10557000
1290,32841000,21920000,10493000
1291,32858000,22000000,10485000
1292,32854000,22004000,10497000
1293,32858000,21996000,10485000
1294,32992000,22143000,10636000
1295,32928000,21928000,10556000
1296,32845000,21925000,10489000
1297,34882000,24028000,10509000
1298,32941000,22067000,10575000
1299,32935000,21996000,10568000
1300,32870000,21933000,10510000
1301,33017000,22140000,10641000
1302,32940000,21930000,10571000
1303,32931000,21992000,10563000
1304,32862000,21931000,10502000
1305,32890000,22020000,10514000
1306,34948000,24066000,10580000
1307,32882000,21934000,10506000
1308,32874000,22000000,10522000
1309,32810000,21920000,10434000
1310,32874000,22072000,10514000
1311,32882000,21999000,10505000
1312,33012000,22138000,10651000
1313,32959000,21939000,10582000
1314,33078000,22128000,10718000
1315,36903000,25816000,12256000
1316,34628000,22004000,10529000
1317,32905000,22008000,10538000
1318,32902000,21996000,10542000
1319,32982000,22072000,10606000
1320,32898000,21924000,10538000
1321,32990000,22083000,10614000
1322,33043000,22061000,10683000
1323,32981000,21931000,10605000
1324,32969000,21995000,10600000
1325,32898000,21930000,10522000
1326,32890000,22000000,10538000
1327,32914000,22008000,10538000
1328,32972000,22065000,10612000
1329,32918000,21939000,10542000
1330,32898000,21988000,10538000
1331,32980000,22074000,10604000
1332,33045000,22072000,10684000
1333,36923000,25871000,12265000
1334,34906000,22277000,10827000
1335,32910000,21718000,10538000
1336,32923000,22021000,10575000
1337,33063000,22124000,10691000
1338,33123000,22068000,10755000
1339,32915000,21792000,10551000
1340,32988000,22073000,10632000
1341,32929000,21932000,10556000
1342,32846000,21925000,10481000
1343,32996000,22151000,10624000
1344,32917000,21929000,10569000
1345,32936000,22003000,10564000
1346,33191000,22263000,10835000
1347,32940000,21740000,10560000
1348,32985000,22061000,10636000
1349,33004000,22004000,10632000
1350,32992000,21996000,10636000
1351,36941000,25941000,12295000
1352,34592000,21932000,10500000
1353,32873000,22008000,10510000
1354,33026000,22153000,10662000
1355,32948000,21914000,10576000
1356,33010000,22070000,10652000
1357,33017000,22000000,10645000
1358,33015000,22005000,10657000
1359,33018000,21994000,10645000
1360,33846000,22836000,10480000
1361,32987000,22143000,10624000
1362,32980000,21992000,10626000
1363,32851000,21861000,10477000
1364,32993000,22151000,10636000
1365,32918000,21918000,10546000
1366,32912000,22002000,10556000
1367,32918000,21998000,10546000
1368,32911000,22000000,10554000
1369,34945000,24027000,10565000
1370,32905000,21976000,10557000
1371,32853000,21932000,10481000
1372,32921000,22076000,10565000
1373,32925000,21995000,10552000
1374,32917000,22001000,10561000
1375,32925000,22000000,10553000
1376,32917000,22000000,10561000
1377,32927000,22002000,10555000
1378,34945000,24025000,10572000
1379,32925000,21988000,10568000
1380,33001000,22069000,10645000
1381,32878000,21869000,10506000
1382,32866000,21995000,10509000
1383,32874000,22001000,10502000
1384,32939000,22073000,10583000
1385,32878000,21931000,10506000
1386,33015000,22145000,10657000
1387,34882000,23859000,10502000
1388,32930000,22064000,10582000
1389,32878000,21932000,10506000
1390,32866000,21995000,10509000
1391,32947000,22073000,10574000
1392,32874000,21936000,10518000
1393,32962000,22080000,10590000
1394,32938000,21984000,10582000
1395,33033000,22087000,10651000
1396,34962000,23936000,10590000
1397,32879000,21925000,10522000
1398,32958000,22072000,10602000
1399,32890000,21924000,10518000
1400,32883000,22000000,10526000
1401,32903000,22013000,10531000
1402,32961000,22065000,10605000
1403,32895000,21926000,10522000
1404,32887000,22000000,10530000
1405,34906000,24012000,10529000
1406,32890000,21996000,10538000
1407,32899000,21996000,10526000
1408,33034000,22144000,10677000
1409,32906000,21864000,10534000
1410,33033000,22135000,10669000
1411,32972000,21931000,10593000
1412,32880000,21922000,10530000
1413,32899000,22004000,10526000
1414,34980000,24090000,10608000
1415,32968000,21995000,10604000
1416,32899000,21931000,10550000
1417,32922000,22008000,10558000
1418,32910000,21988000,10546000
1419,33055000,22145000,10683000
1420,32912000,21865000,10556000
1421,32914000,21994000,10542000
1422,32902000,21996000,10546000
1423,34942000,24032000,10562000
1424,32905000,21979000,10557000
1425,32927000,22006000,10563000
1426,32992000,22065000,10628000
1427,32923000,21931000,10551000
1428,33048000,22133000,10691000
1429,32918000,21862000,10539000
1430,33037000,22133000,10687000
1431,32992000,21941000,10620000
1432,36940000,25956000,12286000
1433,34790000,22140000,10716000
1434,32947000,21867000,10591000
1435,32951000,21996000,10579000
1436,33015000,22071000,10657000
1437,32947000,21925000,10578000
1438,32946000,22004000,10587000
1439,33021000,22070000,10648000
1440,32943000,21929000,10586000
1441,32962000,22012000,10582000
1442,32927000,21980000,10578000
1443,32874000,21932000,10502000
1444,32942000,22076000,10586000
1445,32878000,21927000,10505000
1446,33007000,22138000,10651000
1447,32878000,21863000,10506000
1448,32882000,22012000,10526000
1449,32810000,21920000,10438000
1450,35853000,25051000,12224000
1451,34664000,22076000,10557000
1452,32905000,21984000,10557000
1453,33008000,22087000,10636000
1454,32988000,21988000,10632000
1455,32935000,21939000,10563000
1456,32929000,22002000,10565000
1457,32927000,21998000,10563000
1458,32996000,22069000,10640000
1459,34057000,23053000,10677000
1460,33032000,21991000,10684000
1461,33042000,21994000,10668000
1462,32895000,21860000,10538000
1463,32972000,22070000,10600000
1464,32971000,22007000,10615000
1465,32899000,21919000,10526000
1466,33038000,22148000,10677000
1467,32967000,21921000,10595000
1468,35866000,24907000,12221000
1469,34752000,22167000,10651000
1470,32942000,21916000,10593000
1471,32958000,22001000,10586000
1472,33029000,22078000,10666000
1473,32890000,21854000,10518000
1474,33026000,22144000,10662000
1475,32819000,21785000,10447000
1476,32811000,22000000,10455000
1477,34831000,24012000,10458000
1478,32883000,22060000,10527000
1479,32823000,21932000,10451000
1480,32957000,22141000,10596000
1481,32831000,21866000,10455000
1482,32895000,22072000,10536000
1483,32829000,21924000,10451000
1484,32874000,22056000,10514000
1485,32754000,21872000,10371000
1486,34902000,24156000,10526000
1487,32960000,22066000,10608000
1488,32902000,21926000,10534000
1489,32849000,21946000,10472000
1490,32831000,21991000,10471000
1491,32910000,22071000,10534000
1492,32832000,21929000,10471000
1493,32839000,22000000,10463000
1494,32827000,21996000,10467000
1495,34853000,24018000,10469000
1496,32829000,21991000,10476000
1497,32857000,22013000,10481000
1498,32837000,21987000,10476000
1499,32839000,21995000,10467000
1500,32837000,22006000,10481000
1501,32849000,22004000,10477000
1502,32827000,21986000,10471000
1503,32910000,22075000,10538000
1504,34862000,23960000,10490000
1505,32850000,21995000,10493000
1506,32982000,22125000,10625000
1507,32865000,21875000,10486000
1508,32843000,21992000,10493000
1509,32853000,21996000,10481000
1510,32850000,22004000,10493000
1511,32862000,22004000,10489000
1512,32780000,21927000,10424000
1513,34882000,24094000,10502000
1514,32846000,21979000,10497000
1515,33138000,22277000,10762000
1516,32857000,21727000,10493000
1517,32925000,22064000,10554000
1518,32997000,22079000,10628000
1519,32861000,21865000,10497000
1520,32857000,21992000,10501000
1521,32882000,22012000,10505000
1522,35771000,24898000,12121000
1523,34575000,22086000,10489000
1524,33057000,22200000,10689000
1525,32993000,21936000,10621000
1526,32841000,21852000,10477000
1527,32841000,21995000,10468000
1528,32833000,22001000,10477000
1529,32845000,22004000,10477000
1530,32767000,21926000,10411000
1531,33823000,23048000,10443000
1532,32870000,22063000,10522000
1533,32890000,22004000,10518000
1534,32870000,21988000,10514000
1535,32886000,22008000,10514000
1536,32866000,21988000,10510000
1537,32963000,22089000,10591000
1538,32948000,21992000,10591000
1539,32886000,21931000,10514000
1540,36828000,25950000,12190000
1541,34628000,22074000,10538000
1542,32902000,22000000,10546000
1543,32976000,22065000,10603000
1544,32898000,21931000,10542000
1545,32927000,22020000,10554000
1546,32971000,22053000,10615000
1547,32914000,21935000,10542000
1548,32974000,22068000,10620000
1549,32921000,21936000,10538000
1550,32962000,22060000,10614000
1551,33047000,22069000,10670000
1552,32906000,21867000,10548000
1553,32983000,22067000,10605000
1554,32973000,22000000,10613000
1555,32906000,21925000,10530000
1556,32902000,22004000,10544000
1557,32908000,21996000,10530000
1558,36853000,25955000,12195000
1559,34770000,22207000,10692000
1560,32858000,21797000,10499000
1561,33018000,22151000,10640000
1562,32793000,21784000,10432000
1563,32944000,22144000,10568000
1564,32929000,21993000,10569000
1565,33000000,22063000,10624000
1566,32925000,21933000,10565000
1567,33906000,22973000,10529000
1568,32894000,21996000,10534000
1569,32983000,22081000,10607000
1570,33230000,22254000,10868000
1571,32970000,21734000,10587000
1572,32890000,21935000,10540000
1573,32973000,22064000,10595000
1574,32966000,22004000,10606000
1575,32901000,21926000,10524000
1576,34920000,24027000,10544000
1577,32990000,22079000,10638000
1578,32914000,21908000,10546000
1579,32918000,22004000,10542000
1580,32915000,22004000,10556000
1581,32916000,21992000,10538000
1582,32906000,22000000,10546000
1583,32993000,22079000,10617000
1584,32911000,21925000,10550000
1585,33968000,23050000,10584000
1586,33011000,22058000,10659000
1587,32884000,21855000,10505000
1588,32943000,22070000,10583000
1589,32882000,21931000,10510000
1590,32874000,22000000,10518000
1591,32886000,22004000,10514000
1592,32943000,22064000,10586000
1593,32882000,21931000,10510000
1594,36972000,26098000,12318000
1595,34763000,22077000,10684000
1596,32837000,21789000,10483000
1597,32916000,22069000,10542000
1598,33044000,22137000,10687000
1599,32906000,21855000,10534000
1600,32971000,22072000,10614000
1601,32910000,21932000,10538000
1602,33049000,22146000,10694000
1603,33964000,22905000,10573000
1604,32995000,22058000,10656000
1605,33022000,22000000,10647000
1606,32870000,21859000,10514000
1607,32878000,22000000,10506000
1608,32998000,22128000,10641000
1609,32946000,21941000,10568000
1610,32936000,22004000,10587000
1611,32882000,21930000,10510000
1612,34819000,23945000,10447000
1613,32878000,22068000,10522000
1614,32887000,22000000,10530000
1615,32967000,22073000,10595000
1616,32823000,21864000,10467000
1617,32890000,22059000,10518000
1618,32882000,22000000,10526000
1619,32980000,22089000,10615000
1620,32823000,21843000,10459000
1621,34910000,24088000,10537000
1622,32897000,21996000,10542000
1623,32827000,21920000,10463000
1624,32831000,22005000,10467000
1625,32975000,22144000,10603000
1626,32887000,21919000,10521000
1627,32961000,22076000,10598000
1628,32898000,21936000,10542000
1629,32906000,22000000,10534000
1630,34845000,23946000,10473000
1631,32829000,21992000,10480000
1632,32985000,22141000,10621000
1633,32918000,21933000,10546000
1634,32767000,21857000,10413000
1635,32837000,22060000,10463000
1636,32833000,22005000,10476000
1637,32839000,21999000,10467000
1638,32827000,21996000,10470000
1639,35809000,24975000,12163000
1640,34536000,22009000,10454000
1641,32826000,22007000,10455000
1642,32803000,21984000,10446000
1643,32815000,22004000,10442000
1644,32807000,22001000,10451000
1645,32746000,21931000,10366000
1646,32807000,22068000,10450000
1647,32823000,22009000,10451000
1648,33790000,22974000,10417000
1649,32782000,22000000,10425000
1650,32790000,22000000,10433000
1651,32862000,22064000,10489000
1652,32917000,22064000,10561000
1653,32858000,21932000,10485000
1654,32913000,22064000,10557000
1655,32793000,21872000,10429000
1656,32858000,22064000,10493000
1657,36882000,26025000,12228000
1658,34663000,22071000,10589000
1659,32953000,22000000,10581000
1660,32874000,21929000,10518000
1661,32878000,21996000,10506000
1662,32870000,22000000,10514000
1663,32878000,22000000,10506000
1664,32874000,22004000,10518000
1665,33037000,22154000,10649000
1666,33072000,22051000,10707000
1667,32932000,21860000,10575000
1668,32866000,21927000,10510000
1669,32874000,22000000,10502000
1670,32870000,22004000,10514000
1671,32878000,22000000,10506000
1672,32866000,21995000,10509000
1673,32886000,22013000,10522000
1674,32878000,21992000,10514000
1675,36895000,26016000,12235000
1676,34608000,22008000,10538000
1677,32906000,22004000,10534000
1678,32898000,22000000,10542000
1679,32970000,22064000,10598000
1680,32891000,21928000,10534000
1681,32903000,22004000,10530000
1682,32895000,22000000,10538000
1683,32906000,22004000,10533000
1684,33865000,22968000,10502000
1685,32866000,22000000,10502000
1686,32866000,22000000,10510000
1687,32878000,22004000,10506000
1688,32866000,21996000,10510000
1689,32874000,22000000,10510000
1690,32874000,21999000,10509000
1691,32869000,21996000,10497000
1692,32931000,22070000,10575000
1693,34894000,23954000,10513000
1694,32858000,21981000,10510000
1695,32882000,22008000,10510000
1696,32870000,21996000,10514000
1697,32890000,22012000,10518000
1698,32870000,21988000,10514000
1699,32886000,22008000,10514000
1700,32878000,22000000,10522000
1701,32886000,22000000,10522000
1702,34902000,24016000,10522000
1703,32884000,21998000,10528000
1704,32887000,21994000,10530000
1705,32910000,22016000,10538000
1706,32895000,21992000,10538000
1707,32895000,21992000,10522000
1708,32887000,22001000,10530000
1709,32968000,22074000,10597000
1710,32957000,21996000,10600000
1711,34844000,23879000,10464000
1712,32815000,21987000,10467000
1713,32910000,22079000,10538000
1714,32895000,21992000,10538000
1715,32844000,21942000,10472000
1716,32832000,21996000,10476000
1717,32906000,22066000,10534000
1718,32894000,21996000,10538000
1719,32899000,21996000,10526000
1720,35811000,24921000,12181000
1721,34625000,22079000,10526000
1722,33091000,22201000,10731000
1723,32886000,21787000,10514000
1724,32959000,22081000,10603000
1725,32890000,21923000,10518000
1726,32889000,22006000,10532000
1727,32906000,22010000,10534000
1728,32892000,21994000,10527000
1729,33924000,23033000,10564000
1730,32920000,21992000,10561000
1731,32869000,21944000,10497000
1732,32920000,22059000,10564000
1733,33004000,22076000,10640000
1734,32874000,21870000,10502000
1735,32841000,21975000,10477000
1736,32777000,21936000,10421000
1737,32862000,22076000,10489000
1738,36811000,25958000,12169000
1739,34524000,21991000,10438000
1740,32742000,21940000,10380000
1741,32750000,22000000,10371000
1742,32807000,22065000,10451000
1743,32823000,22007000,10451000
1744,32807000,21993000,10450000
1745,32826000,22012000,10455000
1746,32803000,21983000,10437000
1747,32873000,22072000,10510000
1748,32798000,21924000,10442000
1749,32802000,21996000,10438000
1750,32802000,22000000,10438000
1751,32806000,22004000,10434000
1752,32798000,22000000,10442000
1753,32815000,22008000,10443000
1754,32790000,21983000,10433000
1755,32802000,22005000,10430000
1756,35782000,24988000,12131000
1757,34503000,22007000,10425000
1758,32789000,22000000,10433000
1759,32802000,22005000,10430000
1760,32789000,21994000,10433000
1761,32798000,22001000,10425000
1762,32992000,22202000,10636000
1763,32802000,21803000,10423000
1764,32778000,21991000,10420000
1765,33757000,22973000,10389000
1766,32819000,22060000,10463000
1767,32762000,21936000,10384000
1768,32750000,21996000,10387000
1769,32835000,22077000,10466000
1770,32822000,21992000,10463000
1771,32831000,22004000,10459000
1772,32746000,21923000,10383000
1773,32831000,22077000,10459000
1774,35807000,24983000,12156000
1775,34525000,22004000,10447000
1776,32807000,21996000,10450000
1777,32823000,22009000,10454000
1778,32810000,21991000,10450000
1779,32823000,22008000,10451000
1780,32807000,21992000,10450000
1781,32815000,22000000,10442000
1782,32803000,21996000,10437000
1783,33766000,22965000,10403000
1784,32837000,22070000,10483000
1785,32791000,21944000,10417000
1786,32841000,22059000,10487000
1787,32859000,22009000,10485000
1788,32837000,21988000,10481000
1789,32789000,21943000,10416000
1790,32772000,21992000,10416000
1791,32849000,22069000,10477000
1792,35891000,25050000,12249000
1793,34571000,21958000,10477000
1794,32894000,22053000,10546000
1795,32772000,21861000,10392000
1796,32888000,22131000,10538000
1797,32910000,22008000,10538000
1798,32895000,21992000,10538000
1799,32910000,22008000,10538000
1800,32902000,22000000,10537000
1801,34906000,24005000,10543000
1802,32898000,21991000,10542000
1803,32910000,22004000,10538000
1804,32902000,22000000,10546000
1805,32844000,21934000,10472000
1806,32763000,21927000,10407000
1807,32839000,22068000,10468000
1808,32828000,21996000,10471000
1809,32785000,21950000,10405000
1810,34778000,24008000,10421000
1811,32778000,21992000,10413000
1812,32781000,22004000,10425000
1813,32928000,22138000,10555000
1814,32781000,21861000,10417000
1815,32789000,22009000,10428000
1816,32849000,22056000,10489000
1817,32797000,21943000,10432000
1818,32793000,21996000,10419000
1819,35749000,24966000,12114000
1820,34492000,22008000,10396000
1821,32772000,22005000,10407000
1822,32772000,22000000,10399000
1823,32845000,22074000,10473000
1824,32837000,22000000,10483000
1825,32785000,21938000,10411000
1826,32832000,22057000,10476000
1827,32839000,21999000,10466000
1828,33806000,22975000,10442000
1829,32802000,21996000,10438000
1830,32866000,22064000,10510000
1831,32742000,21868000,10365000
1832,32798000,22064000,10442000
1833,32815000,22008000,10442000
1834,32803000,21996000,10446000
1835,32878000,22068000,10502000
1836,32798000,21928000,10429000
1837,35777000,24979000,12128000
1838,34500000,22004000,10425000
1839,32794000,22004000,10429000
1840,32929000,22136000,10565000
1841,32798000,21868000,10418000
1842,32782000,22000000,10432000
1843,32797000,22001000,10426000
1844,32785000,21995000,10429000
1845,32789000,21995000,10408000
1846,33829000,23057000,10473000
1847,32754000,21917000,10383000
1848,32754000,22000000,10390000
1849,32835000,22073000,10463000
1850,32964000,22137000,10604000
1851,32831000,21858000,10459000
1852,32823000,22001000,10467000
1853,32827000,21996000,10455000
1854,32823000,22004000,10458000
1855,35806000,24983000,12176000
1856,34545000,22005000,10455000
1857,32819000,22000000,10447000
1858,32734000,21923000,10373000
1859,32823000,22081000,10451000
1860,32811000,21995000,10455000
1861,32819000,22001000,10447000
1862,32742000,21931000,10380000
1863,33186000,22435000,10804000
1864,34232000,23063000,10888000
1865,34214000,22964000,10845000
1866,34254000,23044000,10896000
1867,34376000,23118000,11008000
1868,34295000,22923000,10934000
1869,34245000,22950000,10872000
1870,34353000,23116000,10991000
1871,34398000,23046000,11030000
1872,34212000,22813000,10859000
1873,34179000,22955000,10805000
1874,34253000,23079000,10892000
1875,34210000,22953000,10838000
1876,34389000,23182000,11015000
1877,34444000,23064000,11076000
1878,33784000,22338000,10430000
1879,32798000,22008000,10427000
1880,33197000,22402000,10826000
1881,35963000,24768000,12607000
1882,35685000,22713000,10312000
1883,33232000,22550000,10849000
1884,34178000,22959000,10830000
1885,34166000,22970000,10793000
1886,34284000,23122000,10922000
1887,33782000,22495000,10414000
1888,33250000,22471000,10882000
1889,34224000,22973000,10860000
1890,34404000,23179000,11023000
1891,33756000,22364000,10404000
1892,32767000,22003000,10391000
1893,32707000,21940000,10327000
1894,32758000,22056000,10391000
1895,32766000,22000000,10383000
1896,32693000,21935000,10325000
1897,32709000,22008000,10325000
1898,32758000,22057000,10394000
1899,32843000,22077000,10475000
1900,33215000,22372000,10837000
1901,34248000,23041000,10893000
1902,34445000,23187000,11072000
1903,34214000,22772000,10845000
1904,33789000,22579000,10428000
1905,33232000,22440000,10866000
1906,34232000,22998000,10868000
1907,34410000,23177000,11029000
1908,35404000,24005000,11050000
1909,35227000,23812000,10855000
1910,34247000,23023000,10885000
1911,34231000,22980000,10858000
1912,34291000,23064000,10929000
1913,34249000,22954000,10868000
1914,34117000,22880000,10763000
1915,34255000,23127000,10883000
1916,35954000,24701000,12592000
1917,36175000,23218000,10803000
1918,34254000,23083000,10892000
1919,34227000,22970000,10846000
1920,34175000,22959000,10823000
1921,33703000,22515000,10331000
1922,33224000,22526000,10857000
1923,34269000,23043000,10905000
1924,34161000,22891000,10788000
1925,34206000,23047000,10844000
1926,34258000,23050000,10877000
1927,33743000,22497000,10392000
1928,32777000,22021000,10407000
1929,32704000,21929000,10320000
1930,32758000,22062000,10393000
1931,32762000,21996000,10381000
1932,32754000,22000000,10387000
1933,32826000,22065000,10463000
1934,32836000,22008000,10471000
1935,32762000,21927000,10383000
1936,32826000,22073000,10471000
1937,32835000,22000000,10463000
1938,32819000,21992000,10463000
1939,32827000,22000000,10455000
1940,32750000,21931000,10389000
1941,32837000,22077000,10463000
1942,32819000,21992000,10463000
1943,32831000,22004000,10459000
1944,32833000,22009000,10476000
1945,32766000,21926000,10382000
1946,32746000,21996000,10394000
1947,32827000,22065000,10455000
1948,32819000,22000000,10463000
1949,32758000,21931000,10381000
1950,32746000,21996000,10385000
1951,32827000,22073000,10455000
1952,34548000,23728000,12192000
1953,34781000,22226000,10409000
1954,32973000,22200000,10608000
1955,32762000,21790000,10392000
1956,32826000,22069000,10476000
1957,32845000,22004000,10472000
1958,32763000,21927000,10406000
1959,32779000,22008000,10407000
1960,32767000,21996000,10411000
1961,34509000,23734000,12137000
1962,34784000,22283000,10420000
1963,32841000,22057000,10469000
1964,32759000,21926000,10411000
1965,32771000,21996000,10399000
1966,32767000,22004000,10411000
1967,32787000,22012000,10415000
1968,32779000,22000000,10423000
1969,32796000,22009000,10424000
1970,34512000,23723000,12156000
1971,34802000,22283000,10430000
1972,32734000,21940000,10365000
1973,32797000,22064000,10434000
1974,32794000,21996000,10438000
1975,32802000,22000000,10430000
1976,32794000,22000000,10438000
1977,32734000,21932000,10356000
1978,32938000,22212000,10578000
1979,34526000,23580000,12154000
1980,34866000,22348000,10506000
1981,32729000,21855000,10340000
1982,32718000,22004000,10359000
1983,32810000,22077000,10434000
1984,32807000,22004000,10448000
1985,32812000,21996000,10434000
1986,32933000,22131000,10573000
1987,32814000,21873000,10431000
1988,34457000,23658000,12106000
1989,34825000,22350000,10446000
1990,32750000,21936000,10374000
1991,32737000,21988000,10362000
1992,32746000,22008000,10382000
1993,32831000,22076000,10455000
1994,32823000,22000000,10463000
1995,32819000,21988000,10442000
1996,32815000,22005000,10455000
1997,34572000,23749000,12189000
1998,34823000,22258000,10455000
1999,32823000,22000000,10447000
2000,32754000,21940000,10400000
2001,32837000,22065000,10459000
2002,32746000,21919000,10381000
2003,32758000,22004000,10377000
2004,32819000,22068000,10461000
2005,32756000,21928000,10375000
2006,34550000,23801000,12187000
2007,34839000,22284000,10463000
2008,32762000,21931000,10387000
2009,32840000,22079000,10477000
2010,32763000,21922000,10407000
2011,32766000,21995000,10388000
2012,32763000,22005000,10407000
2013,32771000,22000000,10391000
2014,32833000,22069000,10476000
2015,34572000,23732000,12194000
2016,34767000,22203000,10403000
2017,32776000,22008000,10403000
2018,32767000,22000000,10419000
2019,32775000,21992000,10403000
2020,32767000,22000000,10413000
2021,32785000,22007000,10410000
2022,32775000,22001000,10418000
2023,32770000,21988000,10399000
2024,34639000,23876000,12278000
2025,34944000,22297000,10560000
2026,32782000,21854000,10421000
2027,32785000,21995000,10418000
2028,32794000,22008000,10433000
2029,32725000,21924000,10344000
2030,32789000,22072000,10429000
2031,32794000,21996000,10417000
2032,32793000,22007000,10433000
2033,34610000,23810000,12227000
2034,34793000,22190000,10416000
2035,32786000,22001000,10417000
2036,32718000,21932000,10359000
2037,32801000,22067000,10424000
2038,32726000,21933000,10358000
2039,32806000,22073000,10431000
2040,32793000,21994000,10432000
2041,32806000,22006000,10423000
2042,34590000,23799000,12233000
2043,34821000,22213000,10434000
2044,32726000,21924000,10361000
2045,32814000,22081000,10448000
2046,32812000,21995000,10450000
2047,32746000,21928000,10365000
2048,32738000,22000000,10373000
2049,32827000,22080000,10451000
2050,32823000,22004000,10463000
2051,34552000,23722000,12176000
2052,34742000,22198000,10369000
2053,32754000,22012000,10373000
2054,32738000,21992000,10381000
2055,32819000,22064000,10442000
2056,32827000,22017000,10467000
2057,32770000,21935000,10388000
2058,32742000,21980000,10376000
2059,32827000,22076000,10451000
2060,34473000,23655000,12115000
2061,34777000,22294000,10399000
2062,32762000,21995000,10387000
2063,32757000,21996000,10388000
2064,32764000,22004000,10399000
2065,32771000,22001000,10391000
2066,32827000,22064000,10471000
2067,32762000,21927000,10383000
2068,32758000,22004000,10395000
2069,34496000,23730000,12124000
2070,34836000,22348000,10468000
2071,32763000,21926000,10390000
2072,32761000,22000000,10398000
2073,32790000,22019000,10413000
2074,32767000,21986000,10409000
2075,32787000,22010000,10409000
2076,32771000,21994000,10411000
2077,32779000,22000000,10404000
2078,34505000,23732000,12143000
2079,34790000,22278000,10421000
2080,32793000,22004000,10416000
2081,32717000,21932000,10343000
2082,32849000,22132000,10489000
2083,32797000,21939000,10421000
2084,32794000,22005000,10433000
2085,32789000,21987000,10412000
2086,32776000,21996000,10420000
2087,34518000,23733000,12145000
2088,34718000,22208000,10347000
2089,32730000,22013000,10350000
2090,32714000,21991000,10358000
2091,32798000,22068000,10425000
2092,32788000,21998000,10432000
2093,32730000,21935000,10358000
2094,32721000,21991000,10353000
2095,32652000,21930000,10280000
2096,34524000,23873000,12159000
2097,34745000,22222000,10369000
2098,32803000,22064000,10440000
2099,32728000,21924000,10357000
2100,32734000,22008000,10373000
2101,32742000,22000000,10365000
2102,32794000,22060000,10438000
2103,32810000,22008000,10438000
2104,32798000,21996000,10442000
2105,34474000,23667000,12101000
2106,34882000,22417000,10514000
2107,32815000,21933000,10435000
2108,32730000,21931000,10384000
2109,32831000,22077000,10459000
2110,32750000,21927000,10388000
2111,32750000,21992000,10371000
2112,32754000,22012000,10392000
2113,32819000,22056000,10447000
2114,34542000,23732000,12186000
2115,34989000,22439000,10613000
2116,32762000,21781000,10386000
2117,32766000,22005000,10399000
2118,32762000,21995000,10395000
2119,32758000,21988000,10385000
2120,32765000,22008000,10394000
2121,32693000,21926000,10313000
2122,32762000,22078000,10398000
2123,34499000,23729000,12123000
2124,34767000,22276000,10407000
2125,32790000,22014000,10405000
2126,32759000,21986000,10407000
2127,32766000,21991000,10386000
2128,32762000,22004000,10397000
2129,32712000,21942000,10327000
2130,32758000,22054000,10393000
2131,32704000,21937000,10327000
2132,34502000,23799000,12134000
2133,34793000,22291000,10417000
2134,32781000,21995000,10412000
2135,32780000,22000000,10414000
2136,32708000,21927000,10338000
2137,32800000,22085000,10424000
2138,32776000,21984000,10420000
2139,32849000,22064000,10470000
2140,32774000,21941000,10425000
2141,34444000,23654000,12079000
2142,34721000,22278000,10342000
2143,32789000,22075000,10416000
2144,32772000,21991000,10423000
2145,32798000,22010000,10425000
2146,32787000,21998000,10431000
2147,32713000,21918000,10337000
2148,32778000,22073000,10422000
2149,32714000,21927000,10337000
2150,34512000,23806000,12155000
2151,34802000,22283000,10433000
2152,32797000,22000000,10429000
2153,32806000,22012000,10442000
2154,32726000,21920000,10364000
2155,32734000,22000000,10359000
2156,32792000,22063000,10435000
2157,32744000,21945000,10364000
2158,32866000,22132000,10510000
2159,34535000,23660000,12154000
2160,34874000,22356000,10514000
2161,32811000,21928000,10434000
2162,32730000,21928000,10371000
2163,32878000,22131000,10505000
2164,32870000,22001000,10514000
2165,32815000,21936000,10442000
2166,32734000,21928000,10371000
2167,32810000,22068000,10438000
2168,34542000,23740000,12186000
2169,34762000,22212000,10386000
2170,32815000,22060000,10450000
2171,32753000,21940000,10383000
2172,33200000,22446000,10843000
2173,34443000,23235000,11084000
2174,35355000,23909000,10981000
2175,35345000,23996000,10984000
2176,34315000,22966000,10943000
2177,34360000,23048000,10990000
2178,34326000,22971000,10962000
2179,34374000,23043000,11012000
2180,34410000,23033000,11038000
2181,35355000,23947000,10994000
2182,34413000,23054000,11040000
2183,34375000,22966000,11005000
2184,34272000,22903000,10907000
2185,33992000,22716000,10636000
2186,33393000,22396000,11015000
2187,34351000,22968000,10995000
2188,34410000,23050000,11037000
2189,34369000,22963000,11008000
2190,34362000,22988000,10981000
2191,34372000,23023000,11020000
2192,34281000,22896000,10907000
2193,34329000,23053000,10969000
2194,36110000,24775000,12735000
2195,36326000,23221000,10964000
2196,34333000,23004000,10952000
2197,34346000,23025000,10993000
2198,34338000,22980000,10965000
2199,34389000,23054000,11027000
2200,34359000,22967000,10986000
2201,34312000,22957000,10952000
2202,34453000,23136000,11080000
2203,35298000,23848000,10919000
2204,34326000,23042000,10970000
2205,34432000,23093000,11070000
2206,35312000,23876000,10940000
2207,34283000,22975000,10921000
2208,34530000,23244000,11154000
2209,35499000,23975000,11124000
2210,35362000,23872000,11000000
2211,34324000,22956000,10961000
2212,34290000,22964000,10924000
2213,33883000,22590000,10527000
2214,33259000,22371000,10889000
2215,34663000,23406000,11287000
2216,35402000,23746000,11026000
2217,34278000,22883000,10925000
2218,34553000,23262000,11176000
2219,35338000,23794000,10981000
2220,36055000,24708000,12675000
2221,36290000,23239000,10924000
2222,34337000,23049000,10973000
2223,34308000,22966000,10946000
2224,34373000,23062000,11001000
2225,35367000,23997000,11005000
2226,34345000,22975000,10972000
2227,34523000,23182000,11154000
2228,35307000,23788000,10942000
2229,34309000,22997000,10948000
2230,34342000,23030000,10969000
2231,34375000,23036000,11014000
2232,34362000,22983000,10989000
2233,34399000,23040000,11029000
2234,34506000,23113000,11142000
2235,35460000,23949000,11099000
2236,35407000,23943000,11034000
2237,36117000,24713000,12754000
2238,36258000,23138000,10886000
2239,34313000,23059000,10943000
2240,34370000,23062000,11006000
2241,34399000,23024000,11037000
2242,34317000,22915000,10945000
2243,34344000,23029000,10981000
2244,34389000,23042000,11016000
2245,34356000,22971000,10986000
2246,34402000,23051000,11038000
2247,34355000,22947000,10993000
2248,34472000,23115000,11100000
2249,34813000,23343000,10456000
2250,33353000,22537000,10982000
2251,34318000,22967000,10955000
2252,34371000,23051000,10989000
2253,33851000,22492000,10503000
2254,33266000,22403000,10895000
2255,34243000,22979000,10879000
2256,34294000,23049000,10922000
2257,34313000,23023000,10952000
2258,34368000,23051000,10995000
2259,34327000,22963000,10957000
2260,34289000,22967000,10925000
2261,34323000,23028000,10961000
2262,34378000,23053000,11005000
2263,36130000,24756000,12769000
2264,35867000,22733000,10500000
2265,33334000,22470000,10951000
2266,34288000,22967000,10940000
2267,34330000,23025000,10958000
2268,34328000,23002000,10967000
2269,34436000,23103000,11063000
2270,35432000,24001000,11070000
2271,35310000,23874000,10928000
2272,34274000,22977000,10921000
2273,34325000,23039000,10953000
2274,34302000,22980000,10941000
2275,34353000,23047000,10980000
2276,34305000,22955000,10943000
2277,34356000,23048000,10983000
2278,34254000,22902000,10884000
2279,34358000,23109000,10993000
2280,34334000,22972000,10973000
2281,34317000,22979000,10944000
2282,34346000,23033000,10985000
2283,34312000,22962000,10939000
2284,34359000,23051000,10998000
2285,34254000,22891000,10873000
2286,34293000,23051000,10940000
2287,34407000,23102000,11035000
2288,35351000,23947000,10989000
2289,36058000,24703000,12683000
2290,36290000,23237000,10921000
2291,33879000,22593000,10520000
2292,33261000,22376000,10893000
2293,34401000,23139000,11037000
2294,35269000,23867000,10897000
2295,34310000,23043000,10948000
2296,34363000,23050000,10990000
2297,34407000,23047000,11036000
2298,35335000,23933000,10971000
2299,34231000,22891000,10861000
2300,34354000,23128000,10989000
2301,34327000,22969000,10965000
2302,34305000,22975000,10933000
2303,34264000,22961000,10894000
2304,34306000,23048000,10942000
2305,34335000,23024000,10974000
2306,33851000,22512000,10482000
2307,33310000,22462000,10935000
2308,34281000,22978000,10925000
2309,34320000,23029000,10948000
2310,34370000,23054000,11000000
2311,34325000,22960000,10961000
2312,34379000,23048000,11016000
2313,34281000,22900000,10909000
2314,34388000,23110000,11027000
2315,35556000,24163000,12188000
2316,34772000,22221000,10391000
2317,32767000,22001000,10391000
2318,32755000,21995000,10398000
2319,32779000,22009000,10403000
2320,32697000,21926000,10329000
2321,32643000,21938000,10259000
2322,32767000,22132000,10407000
2323,32712000,21937000,10328000
2324,34569000,23864000,12206000
2325,34781000,22203000,10403000
2326,32777000,22006000,10408000
2327,32834000,22058000,10467000
2328,32911000,22075000,10550000
2329,32857000,21939000,10481000
2330,32777000,21927000,10418000
2331,32921000,22134000,10535000
2332,32904000,22000000,10552000
2333,34661000,23741000,12277000
2334,34789000,22138000,10421000
2335,32789000,22000000,10420000
2336,32936000,22148000,10577000
2337,32941000,21996000,10565000
2338,32788000,21855000,10428000
2339,32937000,22141000,10561000
2340,32866000,21937000,10506000
2341,32874000,21999000,10502000
2342,34521000,23655000,12164000
2343,34798000,22269000,10425000
2344,32857000,22068000,10492000
2345,32881000,22025000,10514000
2346,32866000,21984000,10506000
2347,32810000,21936000,10438000
2348,32862000,22060000,10506000
2349,32869000,21999000,10497000
2350,32857000,21996000,10501000
2351,34605000,23740000,12229000
2352,34811000,22214000,10447000
2353,32815000,22004000,10443000
2354,32795000,21987000,10446000
2355,32815000,22004000,10450000
2356,32886000,22072000,10522000
2357,32823000,21937000,10452000
2358,32804000,21987000,10446000
2359,32886000,22076000,10514000
2360,34614000,23736000,12251000
2361,34899000,22276000,10526000
2362,32954000,22063000,10584000
2363,32955000,22003000,10592000
2364,32887000,21930000,10530000
2365,32886000,21992000,10514000
2366,32878000,22000000,10522000
2367,32901000,22015000,10529000
2368,32823000,21930000,10467000
2369,34643000,23812000,12267000
2370,34758000,22123000,10390000
2371,32837000,22078000,10464000
2372,32750000,21922000,10398000
2373,32766000,22000000,10390000
2374,33289000,22530000,10931000
2375,33878000,22582000,10523000
2376,33190000,22311000,10824000
2377,34398000,23208000,11034000
2378,35958000,24559000,12584000
2379,35851000,22897000,10486000
2380,32727000,21881000,10361000
2381,33337000,22603000,10968000
2382,34304000,22966000,10939000
2383,34254000,22950000,10882000
2384,34249000,22997000,10887000
2385,34225000,22973000,10852000
2386,34262000,23041000,10892000
2387,34287000,23029000,10922000
2388,34255000,22963000,10892000
2389,34241000,22983000,10868000
2390,34279000,23042000,10917000
2391,34255000,22972000,10882000
2392,34371000,23119000,11001000
2393,34249000,22884000,10885000
2394,34247000,22992000,10884000
2395,34272000,23023000,10900000
2396,34249000,22979000,10887000
2397,34297000,23046000,10925000
2398,34250000,22956000,10888000
2399,33772000,22519000,10396000
2400,33224000,22463000,10866000
2401,34215000,22981000,10852000
2402,34254000,23037000,10880000
2403,34220000,22970000,10858000
2404,35997000,24773000,12624000
2405,35779000,22787000,10415000
2406,33250000,22474000,10880000
2407,34289000,23041000,10934000
2408,34263000,22964000,10889000
2409,34290000,23030000,10928000
2410,34262000,22969000,10889000
2411,34233000,22974000,10871000
2412,34284000,23048000,10903000
2413,34241000,22970000,10888000
2414,34297000,23043000,10925000
2415,34254000,22961000,10892000
2416,33854000,22597000,10487000
2417,33299000,22447000,10932000
2418,34220000,22919000,10856000
2419,34406000,23185000,11024000
2420,35466000,24073000,11113000
2421,35261000,23783000,10889000
2422,34255000,22997000,10893000
2423,34356000,23096000,10983000
2424,33923000,22572000,10566000
2425,33246000,22318000,10875000
2426,33831000,22588000,10464000
2427,33278000,22454000,10907000
2428,34258000,22982000,10902000
2429,34248000,22980000,10877000
2430,34279000,23034000,10917000
2431,34092000,22810000,10712000
2432,34291000,23210000,10937000
2433,34186000,22884000,10805000
2434,34150000,22976000,10797000
2435,34210000,23047000,10836000
2436,34248000,23042000,10887000
2437,34284000,23033000,10912000
2438,34255000,22973000,10892000
2439,34306000,23049000,10925000
2440,34205000,22910000,10852000
2441,34254000,23038000,10882000
2442,34279000,23028000,10917000
2443,34256000,22973000,10884000
2444,34302000,23049000,10940000
2445,34262000,22957000,10888000
2446,34388000,23130000,11018000
2447,35319000,23936000,10955000
2448,34232000,22908000,10871000
2449,34195000,22959000,10822000
2450,33770000,22578000,10412000
2451,32794000,22022000,10425000
2452,33241000,22447000,10871000
2453,34289000,23049000,10917000
2454,34325000,23043000,10960000
2455,34291000,22961000,10930000
2456,34266000,22971000,10893000
2457,34233000,22971000,10871000
2458,34277000,23041000,10904000
2459,34253000,22980000,10893000
2460,34295000,23036000,10913000
2461,34311000,23030000,10958000
2462,34297000,22973000,10925000
2463,34256000,22963000,10894000
2464,33789000,22529000,10420000
2465,35051000,24267000,12677000
2466,35827000,22773000,10460000
2467,33290000,22470000,10920000
2468,34261000,22971000,10904000
2469,34301000,23032000,10929000
2470,34348000,23050000,10986000
2471,34240000,22889000,10868000
2472,34291000,23053000,10928000
2473,34325000,23032000,10944000
2474,35245000,23932000,10892000
2475,33776000,22519000,10409000
2476,33238000,22465000,10871000
2477,34205000,22965000,10841000
2478,34312000,23105000,10939000
2479,34221000,22914000,10860000
2480,34263000,23038000,10882000
2481,34290000,23039000,10938000
2482,34268000,22965000,10895000
2483,34307000,23043000,10945000
2484,33836000,22526000,10468000
2485,33282000,22450000,10916000
2486,34189000,22904000,10826000
2487,34295000,23103000,10913000
2488,34201000,22920000,10848000
2489,34254000,23040000,10881000
2490,34412000,23163000,11051000
2491,36970000,25553000,12589000
2492,36286000,23328000,10924000
2493,34249000,22960000,10885000
2494,34311000,23057000,10949000
2495,34280000,22965000,10907000
2496,34245000,22968000,10883000
2497,33751000,22504000,10380000
2498,32821000,22072000,10455000
2499,33274000,22452000,10897000
2500,34302000,23036000,10938000
2501,33828000,22525000,10469000
2502,33276000,22443000,10909000
2503,34332000,23054000,10968000
2504,34388000,23055000,11016000
2505,35258000,23873000,10896000
2506,34229000,22968000,10848000
2507,34250000,23033000,10897000
2508,34252000,22989000,10880000
2509,34271000,23023000,10909000
2510,34320000,23045000,10948000
2511,34298000,22981000,10936000
2512,34335000,23034000,10961000
2513,33836000,22506000,10472000
2514,33299000,22467000,10937000
2515,33874000,22568000,10515000
2516,32875000,22000000,10506000
2517,33341000,22467000,10956000
2518,34240000,22914000,10892000
2519,34296000,23039000,10924000
2520,34255000,22963000,10893000
2521,34442000,23183000,11061000
2522,35304000,23875000,10951000
2523,34345000,23029000,10965000
2524,34310000,22976000,10956000
2525,34221000,22899000,10848000
2526,35916000,24699000,12554000
2527,36231000,23312000,10850000
2528,34338000,23118000,10985000
2529,34254000,22904000,10881000
2530,34299000,23049000,10937000
2531,34254000,22952000,10882000
2532,34220000,22969000,10858000
2533,34290000,23067000,10909000
2534,34299000,23021000,10946000
2535,34298000,22986000,10926000
2536,34262000,22967000,10900000
2537,34297000,23032000,10925000
2538,34338000,23045000,10976000
2539,34306000,22965000,10934000
2540,33890000,22586000,10524000
2541,32739000,21855000,10373000
2542,32823000,22076000,10449000
2543,32826000,22009000,10463000
2544,33869000,23038000,10493000
2545,32793000,21931000,10433000
2546,32878000,22078000,10502000
2547,32785000,21915000,10425000
2548,32797000,22004000,10421000
2549,32785000,21996000,10416000
2550,32857000,22072000,10489000
2551,32792000,21935000,10432000
2552,32796000,21996000,10420000
2553,35768000,24979000,12134000
2554,34498000,21996000,10399000
2555,32836000,22073000,10476000
2556,32779000,21935000,10403000
2557,32767000,21996000,10398000
2558,32766000,22000000,10399000
2559,32831000,22064000,10471000
2560,32914000,22075000,10530000
2561,32907000,22004000,10546000
2562,33822000,22904000,10438000
2563,32726000,21916000,10361000
2564,32672000,21938000,10292000
2565,32651000,21987000,10291000
2566,32746000,22083000,10368000
2567,32950000,22212000,10581000
2568,32745000,21796000,10368000
2569,32803000,22060000,10446000
2570,32961000,22151000,10581000
2571,35770000,24820000,12135000
2572,34520000,22016000,10429000
2573,32793000,21996000,10433000
2574,32742000,21941000,10360000
2575,32789000,22054000,10419000
2576,32796000,22008000,10428000
2577,32802000,22006000,10442000
2578,32734000,21923000,10354000
2579,32792000,22067000,10432000
2580,33792000,22992000,10416000
2581,32762000,21978000,10395000
2582,32774000,22004000,10395000
2583,32762000,21996000,10395000
2584,32774000,22004000,10394000
2585,32775000,22009000,10406000
2586,32765000,21991000,10394000
2587,32758000,21992000,10386000
2588,32771000,22013000,10403000
2589,35734000,24963000,12104000
2590,34488000,22012000,10373000
2591,32742000,21996000,10377000
2592,32754000,22004000,10376000
2593,32745000,21996000,10368000
2594,32749000,22008000,10377000
2595,32742000,21992000,10376000
2596,32758000,22008000,10376000
2597,32738000,21988000,10372000
2598,34775000,24028000,10392000
2599,32754000,21988000,10388000
2600,32766000,22004000,10384000
2601,32762000,22004000,10396000
2602,32779000,22009000,10395000
2603,32750000,21987000,10391000
2604,32766000,22000000,10383000
2605,32754000,21996000,10387000
2606,32771000,22008000,10391000
2607,34693000,23931000,10318000
2608,31870000,21177000,10502000
2609,32717000,21847000,10354000
2610,32738000,22013000,10357000
2611,32791000,22061000,10431000
2612,32950000,22150000,10566000
2613,32790000,21856000,10437000
2614,32810000,22005000,10434000
2615,32794000,21992000,10434000
2616,35798000,24995000,12148000
2617,34516000,21997000,10426000
2618,32941000,22147000,10561000
2619,32722000,21788000,10356000
2620,32806000,22076000,10423000
2621,32780000,21988000,10425000
2622,32805000,22012000,10429000
2623,32789000,21991000,10429000
2624,32800000,22004000,10424000
2625,35754000,24962000,12118000
2626,34514000,22021000,10407000
2627,32767000,21991000,10400000
2628,32847000,22073000,10471000
2629,32766000,21927000,10390000
2630,32784000,22018000,10416000
2631,32762000,21978000,10395000
2632,32771000,22000000,10391000
2633,32827000,22064000,10467000
2634,33684000,22850000,10304000
2635,32738000,22062000,10374000
2636,32831000,22084000,10455000
2637,32730000,21908000,10365000
2638,32750000,22012000,10361000
2639,32726000,21992000,10369000
2640,32742000,22000000,10361000
2641,32738000,22004000,10372000
2642,32750000,22004000,10368000
2643,35766000,25024000,12129000
2644,34528000,22027000,10425000
2645,32775000,21982000,10415000
2646,32730000,21946000,10348000
2647,32709000,21988000,10334000
2648,32784000,22076000,10417000
2649,32785000,22000000,10425000
2650,32793000,21999000,10417000
2651,32775000,21991000,10415000
2652,33770000,22987000,10387000
2653,32762000,22000000,10395000
2654,32762000,21992000,10379000
2655,32746000,21992000,10379000
2656,32766000,22012000,10375000
2657,32823000,22073000,10471000
2658,32775000,21935000,10383000
2659,32815000,22056000,10463000
2660,32758000,21928000,10378000
2661,35738000,24988000,12094000
2662,34469000,22000000,10366000
2663,32726000,21987000,10364000
2664,32744000,22009000,10362000
2665,32738000,22004000,10364000
2666,32737000,22000000,10365000
2667,32806000,22068000,10446000
2668,32810000,21996000,10434000
2669,32726000,21924000,10361000
2670,33794000,23059000,10418000
2671,32775000,21990000,10415000
2672,32789000,22005000,10413000
2673,32708000,21928000,10340000
2674,32788000,22072000,10404000
2675,32832000,22060000,10480000
2676,32857000,22009000,10481000
2677,32772000,21922000,10411000
2678,32783000,22004000,10407000
2679,35742000,24967000,12094000
2680,34485000,22016000,10383000
2681,32762000,22004000,10394000
2682,32774000,22004000,10391000
2683,32754000,21988000,10370000
2684,32679000,21934000,10313000
2685,32742000,22054000,10378000
2686,32779000,22029000,10395000
2687,32742000,21971000,10378000
2688,33810000,23060000,10434000
2689,32738000,21936000,10374000
2690,32734000,21988000,10353000
2691,32790000,22064000,10429000
2692,32737000,21940000,10349000
2693,32718000,21996000,10360000
2694,32738000,22004000,10356000
2695,32721000,21991000,10356000
2696,32750000,22021000,10367000
2697,35708000,24966000,12055000
2698,34508000,22077000,10417000
2699,32710000,21924000,10343000
2700,32651000,21934000,10270000
2701,32703000,22059000,10326000
2702,32774000,22073000,10407000
2703,32845000,22070000,10485000
2704,32857000,22003000,10481000
2705,32714000,21865000,10346000
2706,33835000,23113000,10459000
2707,32811000,21984000,10450000
2708,32758000,21940000,10375000
2709,32819000,22068000,10459000
2710,32831000,22004000,10447000
2711,32807000,21992000,10455000
2712,32831000,22008000,10455000
2713,32823000,22000000,10463000
2714,32843000,22013000,10467000
2715,35787000,24952000,12137000
2716,34520000,22015000,10434000
2717,32874000,22071000,10515000
2718,32808000,21925000,10422000
2719,32779000,21992000,10421000
2720,32793000,22008000,10438000
2721,32798000,21995000,10433000
2722,32802000,22005000,10430000
2723,32789000,21995000,10433000
2724,34750000,23953000,10372000
2725,32798000,22056000,10442000
2726,32815000,22008000,10442000
2727,32730000,21924000,10368000
2728,32815000,22076000,10434000
2729,32803000,22005000,10455000
2730,32895000,22075000,10522000
2731,32807000,21920000,10442000
2732,32811000,22005000,10447000
2733,34811000,24000000,10447000
2734,32811000,22000000,10447000
2735,32870000,22059000,10514000
2736,32680000,21802000,10301000
2737,32754000,22082000,10385000
2738,32745000,21992000,10378000
2739,32750000,22004000,10387000
2740,32750000,21992000,10374000
2741,32816000,22072000,10459000
2742,35810000,24988000,12152000
2743,34440000,21920000,10361000
2744,32742000,22012000,10365000
2745,32746000,22012000,10376000
2746,32869000,22124000,10502000
2747,32730000,21860000,10360000
2748,32730000,22000000,10360000
2749,32722000,21992000,10360000
2750,32742000,22012000,10364000
2751,33777000,23043000,10406000
2752,32770000,22000000,10413000
2753,32772000,21994000,10415000
2754,32703000,21924000,10323000
2755,32698000,22003000,10325000
2756,32704000,22007000,10334000
2757,32698000,21993000,10334000
2758,32718000,22011000,10341000
2759,32763000,22053000,10399000
2760,35758000,24988000,12102000
2761,34481000,22008000,10395000
2762,32771000,22005000,10399000
2763,32676000,21913000,10304000
2764,32684000,22008000,10317000
2765,32677000,21992000,10316000
2766,32701000,22016000,10320000
2767,31639000,20947000,10274000
2768,32721000,22074000,10344000
2769,35624000,24909000,11978000
2770,34350000,22000000,10251000
2771,32618000,21996000,10255000
2772,32700000,22074000,10312000
2773,32685000,22001000,10329000
2774,31589000,20887000,10209000
2775,31672000,21092000,10978000
2776,33355000,22008000,10310000
2777,32672000,21992000,10310000
2778,35597000,24917000,11919000
2779,34353000,22066000,10294000
2780,32680000,22017000,10302000
2781,32660000,21987000,10297000
2782,32676000,22009000,10289000
2783,32585000,21925000,10232000
2784,32676000,22075000,10297000
2785,32664000,21996000,10301000
2786,32677000,22004000,10300000
2787,35552000,24883000,11925000
2788,33348000,21059000,10239000
2789,32593000,21983000,10231000
2790,32676000,22075000,10300000
2791,32668000,22000000,10299000
2792,32601000,21934000,10231000
2793,32816000,22213000,10455000
2794,32684000,21861000,10296000
2795,32668000,22000000,10309000
2796,35601000,24917000,11944000
2797,33267000,20947000,10181000
2798,31589000,21040000,10205000
2799,31524000,20944000,10164000
2800,31499000,20966000,10123000
2801,31602000,21112000,10236000
2802,31558000,20949000,10175000
2803,31640000,21096000,10280000
2804,31472000,20817000,10090000
2805,31562000,21104000,10202000
2806,31529000,20953000,10154000
2807,31546000,21024000,10185000
2808,31520000,20967000,10144000
2809,31540000,21028000,10180000
2810,31580000,21032000,10200000
2811,31523000,20951000,10163000
2812,31580000,21049000,10202000
2813,31596000,21021000,10227000
2814,31635000,21033000,10251000
2815,31581000,20954000,10200000
2816,31526000,20953000,10165000
2817,31564000,21031000,10197000
2818,31680000,21108000,10299000
2819,31622000,20950000,10258000
2820,32717000,22086000,10332000
2821,32614000,21906000,10241000
2822,32626000,22012000,10253000
2823,32688000,22062000,10323000
2824,32710000,22014000,10326000
2825,32614000,21912000,10249000
2826,32630000,22008000,10249000
2827,32688000,22066000,10322000
2828,31667000,20971000,10284000
2829,32643000,21984000,10276000
2830,32663000,22012000,10280000
2831,31668000,21013000,10971000
2832,33355000,22012000,10300000
2833,32664000,21992000,10308000
2834,32618000,21938000,10234000
2835,32668000,22058000,10303000
2836,32618000,21942000,10235000
2837,32597000,21987000,10230000
2838,32610000,22004000,10229000
2839,32660000,22058000,10299000
2840,32672000,22005000,10294000
2841,32668000,22004000,10306000
2842,34408000,23732000,12035000
2843,33622000,21222000,10254000
2844,31734000,21112000,10359000
2845,32659000,21925000,10294000
2846,32605000,21938000,10224000
2847,32585000,21988000,10220000
2848,32676000,22083000,10293000
2849,32668000,22000000,10301000
2850,32672000,21995000,10289000
2851,34387000,23724000,12027000
2852,34696000,22301000,10305000
2853,32598000,21918000,10239000
2854,32630000,22016000,10247000
2855,32606000,21984000,10239000
2856,32618000,22004000,10235000
2857,32614000,22004000,10246000
2858,32618000,21996000,10234000
2859,31643000,21033000,10278000
2860,34391000,23740000,12015000
2861,33672000,21289000,10291000
2862,31635000,20971000,10270000
2863,31589000,20946000,10902000
2864,33369000,22095000,10311000
2865,32515000,21831000,10155000
2866,32680000,22157000,10297000
2867,32655000,21983000,10289000
2868,32676000,22013000,10293000
2869,32589000,21921000,10227000
2870,31626000,21029000,10248000
2871,31635000,21017000,10272000
2872,31610000,20967000,10902000
2873,33273000,22000000,10230000
2874,32745000,22144000,10374000
2875,32668000,21922000,10299000
2876,31627000,20958000,10258000
2877,32627000,22000000,10266000
2878,31668000,21033000,10290000
2879,32593000,21934000,10232000
2880,32680000,22079000,10302000
2881,31618000,20946000,10257000
2882,31659000,21033000,10281000
2883,31618000,20967000,10256000
2884,31643000,21017000,10267000
2885,32646000,22008000,10279000
2886,31685000,21033000,10309000
2887,32585000,21909000,10213000
2888,34389000,23804000,12025000
2889,34623000,22233000,10251000
2890,32614000,21992000,10242000
2891,32597000,21983000,10234000
2892,32614000,22009000,10234000
2893,31623000,21016000,10262000
2894,31597000,20967000,10892000
2895,33252000,21991000,10221000
2896,32738000,22150000,10359000
2897,34534000,23804000,12169000
2898,34596000,22063000,10229000
2899,32589000,21992000,10228000
2900,31643000,21046000,10264000
2901,31577000,20941000,10215000
2902,32663000,22079000,10285000
2903,32644000,21988000,10282000
2904,32595000,21942000,10215000
2905,32655000,22070000,10292000
2906,34399000,23735000,12030000
2907,33626000,21232000,10238000
2908,31576000,20967000,10219000
2909,32645000,22054000,10283000
2910,32663000,22012000,10290000
2911,32663000,22004000,10296000
2912,32593000,21926000,10220000
2913,32588000,22000000,10225000
2914,32593000,22000000,10225000
2915,32655000,22062000,10286000
2916,31703000,21047000,10318000
2917,31577000,20882000,10213000
2918,32656000,22071000,10265000
2919,32564000,21925000,10207000
2920,32659000,22079000,10277000
2921,32648000,21996000,10280000
2922,32656000,22000000,10272000
2923,32639000,21992000,10274000
2924,32587000,21937000,10202000
2925,31602000,21026000,10226000
2926,31635000,21033000,10259000
2927,31589000,20954000,10225000
2928,32601000,22004000,10221000
2929,32593000,22000000,10220000
2930,32658000,22066000,10286000
2931,32722000,22063000,10360000
2932,32734000,22004000,10355000
2933,32581000,21854000,10220000
2934,32668000,22079000,10289000
2935,32577000,21917000,10216000
2936,32680000,22096000,10310000
2937,32593000,21913000,10223000
2938,32593000,22000000,10215000
2939,32577000,21991000,10206000
2940,31617000,21042000,10247000
2941,31572000,20954000,10210000
2942,31614000,21034000,10914000
2943,32302000,21016000,10258000
2944,31597000,20967000,10221000
2945,31614000,21025000,10253000
2946,31585000,20962000,10216000
2947,31605000,21021000,10913000
2948,33291000,22009000,10236000
2949,31627000,21020000,10264000
2950,31668000,21033000,10288000
2951,32581000,21921000,10219000
2952,31639000,21051000,10260000
2953,31585000,20954000,10214000
2954,32644000,22058000,10275000
2955,31610000,20967000,10247000
2956,32680000,22062000,10295000
2957,31545000,20880000,10198000
2958,31665000,21103000,10286000
2959,32651000,21996000,10290000
2960,31631000,20971000,10253000
2961,32623000,22000000,10261000
2962,31585000,20954000,10207000
2963,32577000,22000000,10215000
2964,31614000,21030000,10235000
2965,32597000,21991000,10235000
2966,32614000,22009000,10235000
2967,31627000,21020000,10263000
2968,32577000,21942000,10206000
2969,31668000,21091000,10290000
2970,32596000,21938000,10225000
2971,32730000,22133000,10361000
2972,32589000,21859000,10221000
2973,31544000,20955000,10190000
2974,31591000,21036000,10212000
2975,31597000,21017000,10904000
2976,32170000,20897000,10130000
2977,31597000,21103000,10236000
2978,32601000,21996000,10231000
2979,31626000,21025000,10255000
2980,32701000,22075000,10321000
2981,31644000,20950000,10271000
2982,32581000,21937000,10210000
2983,32585000,22005000,10216000
2984,32662000,22074000,10291000
2985,31606000,20947000,10245000
2986,31654000,21041000,10278000
2987,32635000,21988000,10276000
2988,32645000,22000000,10265000
2989,31585000,20950000,10895000
2990,36251000,24987000,11933000
2991,33335000,21034000,10244000
2992,32762000,22148000,10387000
2993,31572000,20810000,10203000
2994,32647000,22075000,10267000
2995,32554000,21916000,10199000
2996,31610000,21047000,10232000
2997,31546000,20943000,10190000
2998,31597000,21044000,10218000
2999,32713000,22124000,10353000
3000,32730000,22009000,10352000
3001,32581000,21858000,10217000
3002,32734000,22146000,10361000
3003,31610000,20876000,10241000
3004,32610000,22000000,10241000
3005,31631000,21020000,10261000
3006,31597000,20967000,10220000
3007,31614000,21025000,10243000
3008,33387000,22774000,12024000
3009,33694000,21305000,11002000
3010,32266000,20892000,10207000
3011,31606000,21029000,10251000
3012,31652000,21029000,10275000
3013,32635000,21992000,10275000
3014,31610000,20967000,10905000
3015,32298000,21024000,10263000
3016,31663000,21029000,10286000
3017,31619000,20963000,10256000
3018,32630000,22004000,10253000
3019,31564000,20934000,10200000
3020,31593000,21029000,10216000
3021,32593000,22008000,10233000
3022,31635000,21033000,10248000
3023,31564000,20946000,10211000
3024,32593000,22013000,10214000
3025,32581000,21995000,10217000
3026,31621000,21034000,10246000
3027,32529000,21915000,10173000
3028,31643000,21106000,10266000
3029,31585000,20950000,10225000
3030,31635000,21041000,10257000
3031,31577000,20950000,10216000
3032,31614000,21030000,10239000
3033,32613000,22004000,10248000
3034,31585000,20966000,10208000
3035,31593000,21017000,10233000
3036,31641000,21038000,10259000
3037,31572000,20941000,10202000
3038,32655000,22083000,10279000
3039,32631000,21984000,10279000
3040,31562000,20914000,10190000
3041,31639000,21086000,10278000
3042,31610000,20963000,10233000
3043,31548000,20946000,10191000
3044,31592000,21037000,10224000
3045,31618000,21025000,10248000
3046,31585000,20966000,10207000
3047,31518000,20942000,10162000
3048,31572000,21046000,10194000
3049,31593000,21029000,10230000
3050,32597000,21996000,10218000
3051,31614000,21025000,10256000
3052,31649000,21025000,10270000
3053,31597000,20958000,10237000
3054,31572000,20967000,10196000
3055,34295000,23731000,11930000
3056,33609000,21315000,10240000
3057,31635000,21025000,10273000
3058,31601000,20958000,10223000
3059,31627000,21033000,10265000
3060,31589000,20954000,10210000
3061,32651000,22071000,10291000
3062,32589000,21929000,10210000
3063,31602000,21022000,10238000
3064,31647000,21037000,10270000
3065,31602000,20963000,10233000
3066,32593000,21991000,10233000
3067,32597000,21996000,10221000
3068,31623000,21033000,10245000
3069,31564000,20950000,10212000
3070,32589000,22008000,10212000
3071,33899000,23318000,11538000
3072,33706000,21800000,10315000
3073,31648000,20957000,10287000
3074,31687000,21025000,10308000
3075,32610000,21930000,10235000
3076,31647000,21037000,10271000
3077,31597000,20950000,10230000
3078,31717000,21112000,10337000
3079,31581000,20871000,10205000
3080,32664000,22083000,10290000
3081,32664000,22000000,10290000
3082,32658000,21996000,10286000
3083,33412000,22753000,12052000
3084,33597000,21177000,10217000
3085,31676000,21087000,10978000
3086,32315000,20963000,10264000
3087,31593000,20954000,10228000
3088,31635000,21033000,10251000
3089,31648000,21021000,10280000
3090,32667000,22012000,10287000
3091,32588000,21926000,10218000
3092,31627000,21033000,10242000
3093,31564000,20946000,10189000
3094,32648000,22083000,10274000
3095,31593000,20946000,10220000
3096,32596000,22004000,10225000
3097,31618000,21021000,10252000
3098,32705000,22080000,10322000
3099,31581000,20882000,10207000
3100,31618000,21038000,10243000
3101,31635000,21017000,10270000
3102,31612000,20967000,10227000
3103,32606000,22004000,10239000
3104,31639000,21024000,10263000
3105,32626000,21988000,10254000
3106,31663000,21037000,10283000
3107,31614000,20959000,10249000
3108,31659000,21037000,10277000
3109,31597000,20946000,10232000
3110,31639000,21033000,10256000
3111,33309000,22679000,11944000
3112,34601000,22293000,10232000
3113,32668000,22066000,10305000
3114,31647000,20971000,10268000
3115,31655000,21016000,10294000
3116,31628000,20963000,10247000
3117,31635000,21017000,10277000
3118,32649000,22004000,10271000
3119,31597000,20958000,10233000
3120,31573000,20959000,10192000
3121,31585000,21029000,10217000
3122,31627000,21041000,10257000
3123,31644000,21017000,10281000
3124,32655000,22004000,10277000
3125,32572000,21925000,11202000
3126,32609000,21038000,10239000
3127,31631000,21021000,10267000
3128,31680000,21041000,10301000
3129,32651000,21979000,10291000
3130,32810000,22151000,10434000
3131,31627000,20824000,10263000
3132,32635000,22000000,10258000
3133,31573000,20946000,10215000
3134,31624000,21042000,10245000
3135,31569000,20954000,10208000
3136,31605000,21029000,10228000
3137,31635000,21038000,10272000
3138,32639000,21996000,10260000
3139,31581000,20949000,10219000
3140,31688000,21100000,10305000
3141,31636000,20963000,10275000
3142,32581000,21937000,10218000
3143,31601000,21013000,10230000
3144,32601000,22000000,10225000
3145,31618000,21025000,10258000
3146,31672000,21046000,10975000
3147,33341000,21995000,10301000
3148,31628000,20959000,10248000
3149,35581000,24962000,11947000
3150,33370000,21055000,10266000
3151,31572000,20937000,10211000
3152,32659000,22079000,10273000
3153,31594000,20951000,10240000
3154,31577000,20966000,10198000
3155,31589000,21021000,10225000
3156,32600000,22004000,10222000
3157,31614000,21021000,10250000
3158,31589000,20966000,10209000
3159,31606000,21026000,10241000
3160,31642000,21029000,10266000
3161,31726000,21091000,11041000
3162,33282000,21871000,10220000
3163,31751000,21161000,10397000
3164,31595000,20827000,10215000
3165,32651000,22066000,10288000
3166,32746000,22087000,10367000
3167,34447000,23709000,12082000
3168,34737000,22291000,10370000
3169,32734000,21996000,10373000
3170,32742000,22000000,10366000
3171,32803000,22068000,10446000
3172,32827000,22016000,10455000
3173,32660000,21841000,10300000
3174,32815000,22147000,10442000
3175,32734000,21928000,10373000
3176,32668000,21925000,10283000
3177,32790000,22139000,10434000
3178,32734000,21936000,10364000
3179,32734000,22000000,10372000
3180,32672000,21930000,10294000
3181,32726000,22062000,10365000
3182,32748000,22012000,10367000
3183,32798000,22060000,10442000
3184,32810000,22004000,10438000
3185,32726000,21924000,10362000
3186,32742000,22008000,10354000
3187,32858000,22131000,10509000
3188,32878000,22005000,10506000
3189,32870000,21999000,10510000
3190,32746000,21869000,10365000
3191,32874000,22136000,10514000
3192,32819000,21936000,10435000
3193,32723000,21920000,10365000
3194,32827000,22088000,10454000
3195,33844000,23023000,11466000
3196,33770000,21936000,10401000
3197,32833000,22064000,10483000
3198,33756000,22905000,11380000
3199,33806000,22056000,10446000
3200,32823000,22013000,10451000
3201,32664000,21849000,10302000
3202,32750000,22078000,10372000
3203,32738000,21996000,10376000
3204,32754000,22008000,10375000
3205,32730000,21984000,10358000
3206,32810000,22081000,10447000
3207,32803000,21991000,10446000
3208,32746000,21936000,10370000
3209,32734000,21996000,10370000
3210,32754000,22012000,10378000
3211,32664000,21918000,10300000
3212,32676000,22004000,10296000
3213,33775000,23106000,10402000
3214,32697000,21931000,10333000
3215,32701000,21996000,10328000
3216,32704000,22004000,10337000
3217,32705000,22000000,10340000
3218,32714000,22000000,10336000
3219,32767000,22062000,10411000
3220,32781000,22006000,10417000
3221,32708000,21927000,10335000
3222,34730000,24021000,10344000
3223,32631000,21918000,10279000
3224,32659000,22012000,10274000
3225,32706000,22062000,10351000
3226,32659000,21938000,10282000
3227,32644000,21992000,10282000
3228,32672000,22021000,10294000
3229,32644000,21979000,10281000
3230,32725000,22074000,10346000
3231,34660000,23942000,10291000
3232,32726000,22067000,10358000
3233,32654000,21925000,10280000
3234,32663000,22013000,10293000
3235,32655000,21991000,10293000
3236,32668000,22004000,10288000
3237,32722000,22062000,10358000
3238,32734000,22005000,10358000
3239,32722000,21996000,10360000
3240,35651000,24921000,11994000
3241,34366000,22000000,10274000
3242,32716000,22074000,10349000
3243,31663000,20946000,10977000
3244,33427000,22079000,10373000
3245,32664000,21922000,10303000
3246,32750000,22078000,10372000
3247,32742000,22000000,10380000
3248,32676000,21926000,10299000
3249,35713000,25045000,12083000
3250,34394000,21942000,10279000
3251,32706000,22058000,10352000
3252,32738000,22017000,10359000
3253,33700000,22970000,11336000
3254,33711000,22003000,10331000
3255,31644000,20940000,10281000
3256,32746000,22095000,10368000
3257,32651000,21913000,10289000
3258,33779000,23120000,10403000
3259,32695000,21924000,10323000
3260,32702000,22007000,10321000
3261,32685000,21991000,10329000
3262,32713000,22012000,10333000
3263,32705000,22000000,10341000
3264,32717000,22004000,10340000
3265,32697000,21988000,10332000
3266,32705000,21999000,10324000
3267,35672000,24976000,12035000
3268,34411000,22008000,10304000
3269,32668000,21996000,10316000
3270,32700000,22016000,10319000
3271,32676000,21984000,10318000
3272,32690000,22004000,10311000
3273,32676000,21996000,10315000
3274,32692000,22008000,10315000
3275,32668000,21984000,10307000
3276,33659000,22983000,10282000
3277,32639000,21988000,10278000
3278,32655000,22008000,10277000
3279,32638000,21992000,10277000
3280,32655000,22008000,10277000
3281,32722000,22075000,10359000
3282,32655000,21925000,10277000
3283,32713000,22066000,10346000
3284,32672000,21950000,10289000
3285,35618000,24955000,11987000
3286,34451000,22091000,10326000
3287,32699000,21998000,10338000
3288,32774000,22060000,10399000
3289,32697000,21930000,10321000
3290,32701000,22004000,10325000
3291,32689000,21987000,10319000
3292,32703000,22013000,10328000
3293,32684000,21983000,10324000
3294,33614000,22922000,10234000
3295,32589000,21983000,10226000
3296,31639000,21042000,10261000
3297,31584000,20954000,10225000
3298,31548000,20955000,10184000
3299,31655000,21107000,10285000
3300,31626000,20971000,10248000
3301,31627000,21008000,10264000
3302,32643000,22009000,10264000
3303,31589000,20954000,10227000
3304,31639000,21042000,10259000
3305,31585000,20954000,10222000
3306,31631000,21037000,10251000
3307,31553000,20931000,10197000
3308,32581000,22019000,10205000
3309,31589000,21017000,10229000
3310,31635000,21037000,10257000
3311,31585000,20959000,10223000
3312,31621000,21029000,10244000
3313,31569000,20954000,10200000
3314,31603000,21034000,10223000
3315,31619000,21024000,10263000
3316,31605000,20971000,10907000
3317,32287000,21009000,10242000
3318,31589000,20974000,10209000
3319,31602000,21022000,10918000
3320,32249000,20954000,10192000
3321,31589000,21033000,10228000
3322,32597000,22000000,10220000
3323,31614000,21025000,10252000
3324,31652000,21029000,10272000
3325,31527000,20884000,10173000
3326,31637000,21099000,10255000
3327,31581000,20954000,10218000
3328,32597000,22009000,10218000
3329,31529000,20940000,10172000
3330,31579000,21043000,10209000
3331,31528000,20948000,10163000
3332,31559000,21032000,10180000
3333,31573000,21028000,10220000
3334,31631000,21042000,10253000
3335,31564000,20942000,10203000
3336,31538000,20966000,10166000
3337,31564000,21034000,10202000
3338,31601000,21029000,10222000
3339,31614000,21021000,10251000
3340,31585000,20962000,10205000
3341,32569000,21992000,10205000
3342,32652000,22075000,10282000
3343,31676000,21025000,10984000
3344,33357000,22004000,10310000
3345,31631000,20950000,10260000
3346,31667000,21037000,10960000
3347,33401000,22071000,10368000
3348,32742000,22004000,10358000
3349,32647000,21921000,10293000
3350,34403000,23740000,12039000
3351,33771000,21368000,10399000
3352,32631000,21868000,10260000
3353,32623000,21991000,10260000
3354,32709000,22079000,10329000
3355,31722000,21021000,10361000
3356,32663000,21933000,10284000
3357,32713000,22058000,10353000
3358,32663000,21942000,10279000
3359,34438000,23791000,12090000
3360,34676000,22222000,10299000
3361,32597000,21929000,10234000
3362,32750000,22145000,10372000
3363,32730000,21988000,10370000
3364,32616000,21876000,10237000
3365,32734000,22128000,10372000
3366,32758000,22016000,11376000
3367,33593000,21843000,10220000
3368,33500000,22908000,12133000
3369,33589000,21088000,10216000
3370,32738000,22149000,10363000
3371,31622000,20884000,10256000
3372,31601000,20971000,10224000
3373,32581000,21987000,10219000
3374,32725000,22137000,10349000
3375,32726000,22009000,10362000
3376,32734000,22000000,10357000
3377,32651000,21925000,10291000
3378,31626000,20967000,10239000
3379,32664000,22054000,10313000
3380,31649000,20967000,10270000
3381,33672000,23033000,11311000
3382,33692000,22012000,10315000
3383,31767000,21083000,10411000
3384,32717000,21942000,10339000
3385,31664000,20955000,10978000
3386,34534000,23184000,11481000
3387,34606000,22758000,10229000
3388,32677000,22078000,10305000
3389,32598000,21922000,10244000
3390,32688000,22074000,10309000
3391,32754000,22074000,10394000
3392,31721000,20959000,10345000
3393,31660000,20946000,10972000
3394,33352000,22009000,10300000
3395,32738000,22070000,10377000
3396,33729000,22983000,11348000
3397,33721000,22000000,10357000
3398,32729000,22000000,10348000
3399,31593000,20872000,10906000
3400,33287000,22009000,10221000
3401,32660000,22066000,10302000
3402,32754000,22078000,10379000
3403,32676000,21922000,10302000
3404,32684000,22008000,10302000
3405,32734000,22058000,10367000
3406,32750000,22008000,10367000
3407,32664000,21921000,10297000
3408,32684000,22013000,10309000
3409,32676000,21992000,10292000
3410,32667000,22000000,10292000
3411,32664000,21995000,10298000
3412,32748000,22075000,10365000
3413,32672000,21934000,10305000
3414,32605000,21925000,10222000
3415,31618000,21021000,10250000
3416,32634000,22008000,10250000
3417,32688000,22062000,10324000
3418,32635000,21938000,10254000
3419,32688000,22062000,10317000
3420,32705000,22014000,10319000
3421,31565000,20870000,10209000
3422,32729000,22149000,10347000
3423,33404000,22682000,12711000
3424,34327000,21248000,10277000
3425,31672000,21021000,10983000
3426,34473000,23116000,11420000
3427,33635000,21847000,10268000
3428,32655000,22012000,10272000
3429,31602000,20955000,10235000
3430,31643000,21033000,10260000
3431,31590000,20954000,10222000
3432,32680000,22083000,10292000
3433,32640000,21975000,10275000
3434,32659000,22012000,10287000
3435,32655000,21996000,10291000
3436,32676000,22013000,10294000
3437,32585000,21917000,10219000
3438,32682000,22087000,10299000
3439,32581000,21908000,10217000
3440,32601000,22013000,10220000
3441,31540000,20947000,10180000
3442,31725000,21177000,10342000
3443,32780000,22063000,10415000
3444,33757000,22978000,11387000
3445,32639000,20881000,10276000
3446,31614000,20967000,10235000
3447,31693000,21087000,10329000
3448,32639000,21938000,10259000
3449,31718000,21086000,10357000
3450,32601000,21876000,10222000
3451,32585000,21992000,10225000
3452,32524000,21931000,10152000
3453,32647000,22131000,10288000
3454,32670000,22012000,10282000
3455,32569000,21917000,10217000
3456,31698000,21114000,10318000
3457,31644000,20953000,10282000
3458,31754000,21103000,10375000
3459,32597000,21851000,10235000
3460,32754000,22149000,10378000
3461,31554000,20808000,10198000
3462,32643000,22081000,10263000
3463,31581000,20945000,10218000
3464,32668000,22079000,10291000
3465,31614000,20955000,10250000
3466,31585000,20962000,10205000
3467,32639000,22063000,10278000
3468,31610000,20963000,10225000
3469,32664000,22070000,10310000
3470,31713000,21033000,10334000
3471,31651000,20946000,10289000
3472,32672000,22013000,10293000
3473,32651000,21987000,10289000
3474,32668000,22008000,10289000
3475,31618000,20959000,10255000
3476,31668000,21041000,10288000
3477,32706000,22046000,10345000
3478,32726000,22012000,10348000
3479,33614000,22897000,10243000
3480,31585000,20971000,10205000
3481,31520000,20943000,10172000
3482,32553000,22017000,10181000
3483,31564000,21019000,10196000
3484,31523000,20959000,10159000
3485,31478000,20955000,10122000
3486,31445000,20959000,10073000
3487,31457000,21020000,10101000
3488,31655000,21190000,10276000
3489,31593000,20946000,10231000
3490,31488000,20887000,10116000
3491,31508000,21028000,10152000
3492,31622000,21106000,10246000
3493,31565000,20950000,10201000
3494,32434000,21862000,10062000
3495,31602000,21176000,10241000
3496,31502000,20892000,10130000
3497,31514000,21020000,10158000
3498,31559000,21036000,10178000
3499,31485000,20943000,10137000
3500,32577000,22075000,10198000
3501,31526000,20958000,10172000
3502,31641000,21105000,10263000
3503,31660000,21028000,10290000
3504,31626000,20967000,10258000
3505,31577000,20950000,10216000
3506,32730000,22146000,10351000
3507,32644000,21921000,10282000
3508,32593000,21942000,10216000
3509,33618000,23033000,11257000
3510,33635000,22008000,10257000
3511,31647000,21021000,10276000
3512,32650000,22004000,10281000
3513,32726000,22075000,10366000
3514,33849000,23114000,11472000
3515,32569000,20728000,10205000
3516,32651000,22075000,10280000
3517,32652000,22000000,10281000
3518,32725000,22074000,10349000
3519,32709000,21992000,10348000
3520,31684000,20967000,10307000
3521,32597000,21921000,10234000
3522,32680000,22075000,10295000
3523,31623000,20959000,10270000
3524,31815000,21175000,11114000
3525,34991000,23512000,11955000
3526,34597000,22279000,10229000
3527,32655000,22058000,10294000
3528,32676000,22013000,10301000
3529,32671000,22000000,10306000
3530,32680000,22004000,10301000
3531,32664000,21992000,10301000
3532,31551000,20879000,10171000
3533,31639000,21104000,10284000
3534,32659000,22004000,10280000
3535,32713000,22062000,10345000
3536,31680000,20967000,10312000
3537,31488000,20808000,10132000
3538,32577000,22080000,10197000
3539,31660000,21091000,10301000
3540,31706000,21036000,10323000
3541,31718000,21022000,10355000
3542,32668000,21942000,10294000
3543,32642000,21980000,10278000
3544,33713000,23066000,10334000
3545,32704000,21998000,10330000
3546,31654000,20952000,10285000
3547,32581000,21925000,10219000
3548,31626000,21038000,10248000
3549,32676000,22058000,11316000
3550,32655000,20971000,10279000
3551,31664000,21017000,10304000
3552,32680000,22008000,10303000
3553,31618000,20946000,10258000
3554,32714000,22087000,10335000
3555,31585000,20880000,10225000
3556,32589000,21995000,10216000
3557,31613000,21030000,10249000
3558,31510000,20892000,10141000
3559,31600000,21095000,10227000
3560,32605000,22009000,10236000
3561,32742000,22136000,10379000
3562,33376000,22626000,12004000
3563,33589000,21221000,10219000
3564,32734000,22145000,10355000
3565,32734000,22004000,10371000
3566,31639000,20893000,10251000
3567,32631000,22004000,10268000
3568,31810000,21171000,11105000
3569,33318000,21845000,10287000
3570,32597000,21938000,10209000
3571,32794000,22213000,10438000
3572,31555000,20745000,10171000
3573,32593000,22050000,10233000
3574,32750000,22149000,10365000
3575,31631000,20893000,10273000
3576,33702000,23054000,11318000
3577,32576000,20879000,10207000
3578,32593000,22008000,10215000
3579,31618000,21026000,10231000
3580,31639000,21029000,10259000
3581,35684000,25045000,12036000
3582,33382000,20967000,10267000
3583,31664000,21021000,10308000
3584,32684000,22004000,10303000
3585,31627000,20950000,10262000
3586,32576000,21942000,10196000
3587,32627000,22058000,10262000
3588,31609000,20975000,10909000
3589,32308000,21025000,10261000
3590,32629000,21996000,10249000
3591,31648000,21025000,10281000
3592,31555000,20900000,10179000
3593,32601000,22054000,10235000
3594,31647000,21038000,10264000
3595,32558000,21919000,10189000
3596,31600000,21043000,10907000
3597,33274000,21992000,10226000
3598,31630000,21029000,10258000
3599,33325000,22694000,11956000
3600,33549000,21224000,10180000
3601,31576000,21028000,10201000
3602,32584000,22008000,10212000
3603,31609000,21025000,10237000
3604,32609000,22000000,10228000
3605,32597000,21996000,10232000
3606,31639000,21033000,10256000
3607,31585000,20954000,10219000
3608,32521000,21929000,10140000
3609,31533000,21025000,10170000
3610,31717000,21179000,10353000
3611,32584000,21859000,10202000
3612,32581000,22008000,10210000
3613,32635000,22055000,10271000
3614,31542000,20898000,10169000
3615,31549000,21016000,10193000
3616,32635000,22077000,10266000
3617,32552000,21918000,10187000
3618,35617000,25066000,11972000
3619,34340000,22000000,10240000
3620,32621000,22012000,11249000
3621,32572000,20950000,10210000
3622,31620000,21038000,10236000
3623,32668000,22058000,10303000
3624,32540000,21862000,10162000
3625,31631000,21100000,10264000
3626,31601000,20963000,10899000
3627,34381000,23108000,11333000
3628,33639000,21929000,10255000
3629,31589000,20959000,10222000
3630,32806000,22209000,10422000
3631,32577000,21787000,10217000
3632,32663000,22070000,10283000
3633,32597000,21942000,10230000
3634,33131000,22526000,10754000
3635,33622000,22499000,10267000
3636,33105000,22474000,10735000
3637,35126000,24021000,11762000
3638,34619000,22493000,10238000
3639,32603000,21996000,10241000
3640,32047000,21433000,10662000
3641,34071000,23031000,10714000
3642,34701000,23622000,11329000
3643,32586000,20888000,10889000
3644,33266000,22009000,10220000
3645,32585000,21996000,10224000
3646,32738000,22145000,10362000
3647,31614000,20884000,10252000
3648,33066000,22444000,10685000
3649,33573000,22522000,10229000
3650,32594000,22005000,10223000
3651,32663000,22070000,10284000
3652,33042000,22387000,10676000
3653,33626000,22576000,10264000
3654,32632000,22004000,11259000
3655,33692000,22062000,10316000
3656,32684000,22000000,10324000
3657,32708000,22016000,10320000
3658,32688000,21996000,10332000
3659,32704000,21999000,10323000
3660,32696000,22000000,10331000
3661,32711000,22008000,10331000
3662,32699000,21995000,10334000
3663,32707000,22000000,10326000
3664,32694000,21996000,10330000
3665,32711000,22009000,10331000
3666,32694000,21991000,10330000
3667,32710000,22008000,10322000
3668,32698000,22003000,10342000
3669,32631000,21917000,10252000
3670,32693000,22071000,10331000
3671,32703000,22000000,10321000
3672,32623000,21929000,10259000
3673,32705000,22075000,10324000
3674,32693000,21995000,10328000
3675,32704000,22004000,10317000
3676,32685000,21996000,10328000
3677,32708000,22007000,10319000
3678,32688000,21996000,10333000
3679,32637000,21931000,10257000
3680,32691000,22065000,10327000
3681,34429000,23729000,12056000
3682,34631000,22211000,10262000
3683,32695000,22064000,10323000
3684,32623000,21927000,10261000
3685,32699000,22069000,10319000
3686,32691000,21999000,10317000
3687,32698000,22009000,10327000
3688,32694000,21995000,10330000
3689,32626000,21924000,10248000
3690,34419000,23801000,12063000
3691,34717000,22290000,10341000
3692,32642000,21930000,10276000
3693,32714000,22066000,10338000
3694,32635000,21930000,10272000
3695,32713000,22070000,10325000
3696,32697000,22000000,10341000
3697,32572000,21859000,10194000
3698,32705000,22141000,10344000
3699,34659000,23946000,12283000
3700,34787000,22136000,10423000
3701,32639000,21852000,10271000
3702,32709000,22070000,10349000
3703,32790000,22073000,10426000
3704,32647000,21857000,10261000
3705,32705000,22074000,10344000
3706,32639000,21926000,10278000
3707,31823000,21176000,11122000
3708,35071000,23585000,12036000
3709,34680000,22280000,10319000
3710,32688000,22000000,10318000
3711,32692000,22004000,10314000
3712,32684000,22000000,10322000
3713,32626000,21934000,10251000
3714,31575000,20954000,10202000
3715,32283000,21712000,10919000
3716,34038000,22754000,10670000
3717,35809000,24769000,12448000
3718,34545000,21732000,10192000
3719,32055000,21506000,10680000
3720,33046000,22001000,10693000
3721,32590000,21534000,10221000
3722,32063000,21477000,10700000
3723,34046000,22981000,10669000
3724,33047000,22008000,10687000
3725,33049000,21996000,10680000
3726,34785000,23733000,12415000
3727,35063000,22282000,10705000
3728,34043000,22977000,10664000
3729,33021000,21982000,10664000
3730,33052000,22027000,10673000
3731,33092000,22044000,10735000
3732,34078000,22981000,10700000
3733,33069000,22004000,10720000
3734,33081000,22000000,10712000
3735,34343000,23265000,11990000
3736,34054000,21707000,10674000
3737,33035000,21991000,10675000
3738,34097000,23053000,10729000
3739,34121000,23027000,10755000
3740,33055000,21939000,10686000
3741,33042000,21990000,10686000
3742,33054000,22000000,10678000
3743,33065000,22014000,10707000
3744,34855000,23788000,12487000
3745,34599000,21747000,10240000
3746,32053000,21451000,10676000
3747,33091000,22047000,10739000
3748,33119000,22018000,10751000
3749,33097000,21982000,10731000
3750,33012000,21920000,10652000
3751,32559000,21542000,10206000
3752,32640000,22078000,10267000
3753,34441000,23802000,12077000
3754,34643000,22202000,10267000
3755,32647000,22012000,10279000
3756,32709000,22062000,10348000
3757,32713000,21996000,10328000
3758,32636000,21938000,10273000
3759,32643000,22000000,10274000
3760,32704000,22060000,10339000
3761,32647000,21936000,10269000
3762,34374000,23735000,12018000
3763,33688000,21306000,10310000
3764,32684000,22004000,10321000
3765,33659000,22967000,11281000
3766,33655000,22004000,10293000
3767,32663000,22000000,10277000
3768,32647000,22000000,10292000
3769,32659000,21996000,10280000
3770,33841000,23190000,11481000
3771,35381000,23532000,12009000
3772,33730000,21357000,10362000
3773,32664000,21934000,10292000
3774,32676000,22012000,10313000
3775,32676000,21992000,10300000
3776,32672000,22004000,10303000
3777,31617000,20946000,10247000
3778,31647000,21029000,10287000
3779,32659000,22004000,10282000
3780,34394000,23742000,12037000
3781,34684000,22283000,10307000
3782,31627000,20950000,10265000
3783,32707000,22072000,10330000
3784,31654000,20953000,10289000
3785,32663000,22004000,10285000
3786,32664000,22009000,10301000
3787,32659000,21987000,10273000
3788,32643000,22000000,10289000
3789,32659000,22000000,10280000
3790,31676000,21025000,10313000
3791,32685000,22000000,10309000
3792,31635000,20959000,10271000
3793,32713000,22070000,10332000
3794,32631000,21926000,10271000
3795,32639000,22000000,10263000
3796,31668000,21037000,10975000
3797,33343000,22000000,10299000
3798,32589000,21921000,10229000
3799,33643000,23046000,10258000
3800,32627000,22000000,10274000
3801,31519000,20876000,10150000
3802,31551000,21037000,10192000
3803,31506000,20950000,10134000
3804,31461000,20963000,10105000
3805,31498000,21028000,10125000
3806,31593000,21104000,10230000
3807,31480000,20879000,10108000
3808,31439000,20967000,10085000
3809,31543000,21093000,10169000
3810,31491000,20959000,10137000
3811,31530000,21028000,10158000
3812,31477000,20955000,10118000
3813,31511000,21028000,10139000
3814,31536000,21033000,10179000
3815,31498000,20954000,10125000
3816,31522000,21032000,10157000
3817,31476000,20955000,10112000
3818,31436000,20959000,10071000
3819,31541000,21106000,10177000
3820,31492000,20951000,10136000
3821,31468000,20968000,10104000
3822,32524000,22056000,10162000
3823,31558000,21032000,10184000
3824,31507000,20959000,10818000
3825,32355000,21173000,10310000
3826,32011000,21331000,10654000
3827,33024000,22005000,10665000
3828,33175000,22149000,10806000
3829,32575000,21403000,10208000
3830,32056000,21486000,10697000
3831,34051000,22989000,10672000
3832,32572000,21529000,10211000
3833,31598000,21021000,10230000
3834,34051000,23449000,11667000
3835,33564000,21522000,10202000
3836,34234000,23669000,11877000
3837,33548000,21307000,10176000
3838,31569000,21028000,10208000
3839,31614000,21038000,10908000
3840,32235000,20958000,10204000
3841,31597000,21025000,10220000
3842,32063000,21473000,10705000
3843,33013000,21944000,10646000
3844,32543000,21536000,10188000
3845,31578000,21030000,10210000
3846,31626000,21046000,10247000
3847,32016000,21397000,10658000
3848,33056000,22033000,10688000
3849,33035000,21977000,10660000
3850,33020000,21990000,10659000
3851,33020000,21996000,10648000
3852,33048000,22031000,10676000
3853,33024000,21973000,10652000
3854,33087000,22065000,10716000
3855,32570000,21488000,10205000
3856,33000000,22426000,10633000
3857,33019000,22017000,10656000
3858,33024000,22003000,10650000
3859,32561000,21541000,10204000
3860,31602000,21038000,10227000
3861,31550000,20949000,10174000
3862,33157000,22614000,11796000
3863,33618000,21454000,10252000
3864,32056000,21436000,10675000
3865,32580000,21526000,10215000
3866,32590000,22008000,10204000
3867,31601000,21022000,10226000
3868,32011000,21409000,10650000
3869,32557000,21537000,10197000
3870,32067000,21510000,10697000
3871,33062000,21996000,10698000
3872,33064000,22000000,10691000
3873,32520000,21460000,10164000
3874,32018000,21495000,10648000
3875,33083000,22066000,10719000
3876,32552000,21467000,10184000
3877,31578000,21030000,10206000
3878,31630000,21050000,10248000
3879,32016000,21393000,10646000
3880,33041000,22027000,10676000
3881,32573000,21522000,10199000
3882,32058000,21488000,10691000
3883,32512000,21451000,10153000
3884,31636000,21123000,10253000
3885,32046000,21420000,10677000
3886,33057000,22002000,10686000
3887,33058000,22000000,10684000
3888,32577000,21524000,10217000
3889,31624000,21042000,10247000
3890,31577000,20954000,10195000
3891,32049000,21481000,10686000
3892,33065000,22008000,10693000
3893,33551000,22493000,11196000
3894,34015000,22458000,10651000
3895,32554000,21538000,10199000
3896,31598000,21043000,10226000
3897,32016000,21419000,10644000
3898,34702000,23693000,11343000
3899,33059000,21347000,10682000
3900,32994000,21938000,10630000
3901,33060000,22065000,10688000
3902,32979000,21922000,10609000
3903,32598000,21624000,10234000
3904,31570000,20967000,10199000
3905,31589000,21016000,10207000
3906,32502000,21922000,10142000
3907,31998000,21488000,10621000
3908,34042000,23051000,10677000
3909,32514000,21464000,10147000
3910,31993000,21482000,10626000
3911,33006000,22011000,10642000
3912,34058000,23051000,10684000
3913,32590000,21536000,10219000
3914,31611000,21025000,10245000
3915,31572000,20954000,10189000
3916,32705000,22141000,10329000
3917,32201000,21492000,11499000
3918,33186000,21318000,10161000
3919,34737000,24216000,12358000
3920,36007000,23276000,11652000
3921,33579000,21561000,10206000
3922,32074000,21500000,10707000
3923,33210000,22134000,11512000
3924,33742000,21865000,10691000
3925,34015000,22954000,10658000
3926,34217000,23194000,10847000
3927,33017000,21801000,10652000
3928,35724000,24706000,12353000
3929,34504000,21776000,10152000
3930,32612000,22104000,11231000
3931,33014000,21412000,10657000
3932,32554000,21532000,10191000
3933,32036000,21488000,10668000
3934,33051000,22008000,10680000
3935,32586000,21534000,10216000
3936,32587000,22004000,11217000
3937,34290000,22702000,11918000
3938,33585000,21303000,10213000
3939,32512000,21927000,10148000
3940,31528000,21016000,10174000
3941,33004000,22466000,11630000
3942,34573000,22578000,10213000
3943,31528000,20955000,10171000
3944,32053000,21517000,10674000
3945,32547000,21503000,10200000
3946,31982000,21426000,11283000
3947,33182000,21534000,10160000
3948,31636000,21119000,10255000
3949,31577000,20950000,10214000
3950,31541000,20957000,10169000
3951,32020000,21487000,10664000
3952,33539000,22508000,11182000
3953,32574000,21036000,10200000
3954,32571000,22000000,10196000
3955,31664000,21100000,10302000
3956,35798000,25125000,12068000
3957,34142000,21710000,10135000
3958,32970000,22471000,10605000
3959,32572000,21602000,10222000
3960,32661000,22079000,10289000
3961,32002000,21343000,10621000
3962,33564000,22578000,10220000
3963,31974000,21393000,10600000
3964,34042000,23077000,10682000
3965,33048000,21996000,10661000
3966,32508000,21472000,10164000
3967,32587000,22066000,10215000
3968,31622000,21038000,10242000
3969,31554000,20940000,10198000
3970,31610000,21048000,10230000
3971,31552000,20950000,10195000
3972,31592000,21033000,10217000
3973,31982000,21397000,10624000
3974,34055000,23066000,10686000
3975,33561000,22504000,11194000
3976,32513000,20954000,10146000
3977,33559000,23045000,11175000
3978,32573000,21029000,10215000
3979,32585000,21996000,10203000
3980,31610000,21034000,10243000
3981,31577000,20958000,10194000
3982,31602000,21034000,10911000
3983,35988000,24702000,12940000
3984,36038000,22734000,11663000
3985,33572000,21534000,10219000
3986,33054000,22473000,10679000
3987,33051000,21997000,10672000
3988,33624000,22580000,11262000
3989,32575000,20946000,10205000
3990,34015000,23438000,11642000
3991,34016000,22009000,10663000
3992,35260000,24235000,12896000
3993,35017000,21761000,10646000
3994,32553000,21542000,10206000
3995,32562000,21999000,11196000
3996,32990000,21429000,11302000
3997,34233000,22567000,11193000
3998,32520000,20970000,10839000
3999,33901000,22697000,11847000
4000,35025000,22809000,10667000
4001,34307000,23275000,11941000
4002,34578000,22273000,11200000
4003,33572000,22000000,10200000
4004,32495000,21922000,11134000
4005,33506000,22004000,11125000
4006,33572000,22078000,10210000
4007,32588000,22004000,11206000
4008,32614000,21034000,10247000
4009,32622000,22000000,11238000
4010,35298000,23684000,11938000
4011,36054000,23748000,11668000
4012,33581000,21534000,10224000
4013,32595000,22005000,11219000
4014,34562000,22968000,11177000
4015,32581000,21036000,10221000
4016,31572000,20975000,10189000
4017,31572000,21008000,10208000
4018,33181000,22601000,11804000
4019,35316000,23143000,11965000
4020,34060000,21735000,10682000
4021,34540000,23489000,11194000
4022,34752000,23202000,11380000
4023,33990000,22240000,11609000
4024,35012000,23038000,11667000
4025,33573000,21536000,10200000
4026,33680000,23120000,11311000
4027,33998000,22313000,11613000
4028,34565000,22583000,11217000
4029,33581000,22000000,11208000
4030,33589000,22008000,11207000
4031,33429000,21848000,11068000
4032,34032000,22595000,11646000
4033,34982000,22967000,11634000
4034,34003000,22004000,10631000
4035,33012000,22012000,10650000
4036,33011000,21996000,10638000
4037,33004000,21996000,10642000
4038,34060000,23053000,11686000
4039,34054000,21997000,10689000
4040,33062000,22005000,10681000
4041,33051000,22001000,10698000
4042,33061000,21998000,10689000
4043,34171000,23113000,11809000
4044,35087000,22913000,11714000
4045,34066000,21982000,10705000
4046,32537000,21468000,10169000
4047,31557000,21024000,10192000
4048,33027000,22467000,11650000
4049,34019000,22000000,10664000
4050,32558000,21529000,10181000
4051,31517000,20971000,10159000
4052,33056000,22529000,10676000
4053,33038000,21990000,10674000
4054,33057000,22010000,10684000
4055,35291000,24236000,12933000
4056,36033000,22739000,11654000
4057,34029000,22006000,10671000
4058,34084000,23045000,10702000
4059,33051000,21980000,10691000
4060,33008000,21951000,10642000
4061,32991000,21981000,10630000
4062,34058000,23063000,11676000
4063,35031000,22977000,11669000
4064,34013000,21978000,10640000
4065,32544000,21534000,10187000
4066,31590000,21042000,10214000
4067,32589000,22000000,11205000
4068,34024000,22444000,11653000
4069,33576000,21553000,10222000
4070,31993000,21406000,10622000
4071,33005000,22015000,10642000
4072,33011000,22004000,10639000
4073,34826000,23818000,12464000
4074,35586000,22756000,11214000
4075,33524000,21943000,11151000
4076,34049000,22529000,11683000
4077,35015000,22958000,11643000
4078,34987000,22980000,11623000
4079,34077000,22085000,10715000
4080,32987000,21907000,10615000
4081,34029000,23045000,11666000
4082,35161000,23129000,11789000
4083,34064000,21906000,10702000
4084,33014000,21947000,10642000
4085,33064000,22053000,10694000
4086,32539000,21480000,10180000
4087,31575000,21030000,10202000
4088,32585000,22008000,11202000
4089,33488000,21912000,11128000
4090,33508000,22012000,11132000
4091,34781000,23281000,12419000
4092,36045000,23257000,11672000
4093,34554000,22507000,11187000
4094,34017000,22466000,11641000
4095,34010000,22000000,10655000
4096,33986000,22966000,11613000
4097,34508000,22526000,11152000
4098,34055000,22543000,11675000
4099,34015000,21961000,10651000
4100,33995000,22979000,11622000
4101,34972000,22980000,11611000
4102,35028000,23052000,11647000
4103,33537000,21522000,10189000
4104,31660000,21111000,10288000
4105,32595000,21934000,11205000
4106,33499000,21921000,11146000
4107,34551000,23037000,11175000
4108,34001000,22458000,11642000
4109,34008000,21996000,10642000
4110,33089000,22082000,10715000
4111,33224000,22140000,10855000
4112,34049000,22828000,10678000
4113,32595000,21546000,10232000
4114,33068000,22469000,11702000
4115,34555000,22484000,11195000
4116,33564000,22008000,11193000
4117,33576000,22014000,11194000
4118,32593000,21025000,10226000
4119,32975000,22374000,11598000
4120,34480000,22513000,11129000
4121,33644000,22155000,11261000
4122,35004000,23367000,11633000
4123,33517000,21514000,10841000
4124,33213000,22012000,11170000
4125,33534000,21996000,11156000
4126,33019000,21494000,10656000
4127,33679000,22654000,11316000
4128,33540000,21859000,11173000
4129,34591000,23049000,11208000
4130,34475000,22894000,11105000
4131,33534000,22061000,11167000
4132,33543000,22008000,11183000
4133,33543000,21992000,11175000
4134,33543000,22000000,11175000
4135,34593000,23050000,11211000
4136,34551000,22966000,11191000
4137,33563000,22003000,11186000
4138,33627000,22072000,11251000
4139,34596000,22971000,11223000
4140,34635000,23038000,11268000
4141,34618000,22975000,11236000
4142,33610000,22000000,10243000
4143,32622000,22004000,11248000
4144,33618000,21996000,11243000
4145,33626000,22008000,11243000
4146,33606000,21988000,11239000
4147,34580000,22966000,11201000
4148,34617000,23046000,11255000
4149,33549000,21923000,11177000
4150,33537000,21996000,11181000
4151,34597000,23052000,11218000
4152,34627000,23037000,11263000
4153,33639000,22005000,11262000
4154,34738000,23107000,11364000
4155,33601000,21864000,11241000
4156,33610000,22000000,10241000
4157,32610000,22000000,11241000
4158,34585000,22974000,11216000
4159,34635000,23050000,11258000
4160,34585000,22959000,11224000
4161,33668000,22074000,11290000
4162,34627000,22967000,11259000
4163,36599000,24971000,11951000
4164,34262000,21942000,10183000
4165,33597000,23050000,11229000
4166,34631000,23033000,11261000
4167,33622000,21992000,11245000
4168,34581000,22966000,11220000
4169,33605000,22017000,11220000
4170,34623000,23034000,11269000
4171,32601000,20962000,10895000
4172,33260000,21996000,11220000
4173,34639000,23050000,11268000
4174,32518000,20879000,10829000
4175,34222000,23029000,11183000
4176,33627000,22079000,11264000
4177,33643000,22009000,11264000
4178,34597000,22962000,11229000
4179,33524000,21924000,11160000
4180,33524000,22000000,11165000
4181,33996000,22467000,11623000
4182,36070000,24081000,11718000
4183,35054000,22975000,11681000
4184,35017000,22967000,11659000
4185,34990000,22970000,11622000
4186,34495000,22507000,11133000
4187,33570000,22080000,11207000
4188,33962000,22386000,11589000
4189,36263000,24309000,12916000
4190,36029000,22756000,11654000
4191,34981000,22962000,11629000
4192,35047000,23057000,11672000
4193,35011000,22966000,11645000
4194,34972000,22967000,11611000
4195,35013000,23036000,11655000
4196,36187000,24170000,11817000
4197,35972000,23790000,11608000
4198,35010000,23040000,11648000
4199,34986000,22973000,11620000
4200,35025000,23044000,11663000
4201,34523000,22493000,11170000
4202,33992000,22466000,11626000
4203,34951000,22959000,11591000
4204,34995000,23044000,11626000
4205,34964000,22973000,11607000
4206,35022000,23053000,11644000
4207,35172000,23162000,11822000
4208,34497000,22314000,11130000
4209,34011000,22521000,11648000
4210,34601000,22588000,11243000
4211,33677000,22071000,11307000
4212,33684000,22008000,11307000
4213,34569000,22892000,11200000
4214,34543000,22976000,11180000
4215,33536000,21992000,11180000
4216,33699000,22155000,11319000
4217,33623000,21931000,11253000
4218,33540000,21918000,11176000
4219,32572000,21032000,10214000
4220,32587000,22004000,11207000
4221,33569000,21992000,11207000
4222,34622000,23046000,11244000
4223,34581000,22966000,11210000
4224,33509000,21930000,11146000
4225,33585000,22075000,11215000
4226,34555000,22969000,11190000
4227,33623000,22068000,11260000
4228,32517000,20887000,10816000
4229,33252000,22071000,11218000
4230,34562000,22974000,11190000
4231,33555000,22001000,11199000
4232,33572000,22009000,11185000
4233,33541000,21985000,11193000
4234,33631000,22073000,11254000
4235,33541000,21919000,11185000
4236,33704000,22154000,11323000
4237,33548000,21853000,11184000
4238,33552000,22004000,11188000
4239,33544000,21991000,11188000
4240,33556000,22005000,11184000
4241,33623000,22074000,11261000
4242,32589000,20958000,10875000
4243,36207000,24964000,11903000
4244,34278000,22011000,11191000
4245,33551000,21996000,11195000
4246,34535000,22976000,11163000
4247,34572000,23045000,11211000
4248,34547000,22967000,11175000
4249,33539000,21999000,11173000
4250,34509000,22972000,11146000
4251,34543000,23033000,11187000
4252,33635000,22083000,11256000
4253,33547000,21920000,11190000
4254,33635000,22080000,11256000
4255,33542000,21916000,11186000
4256,34746000,23196000,11359000
4257,33738000,22004000,11377000
4258,33682000,21930000,11288000
4259,34560000,22900000,11205000
4260,33574000,22000000,11202000
4261,33564000,21992000,11193000
4262,32606000,21042000,10905000
4263,34376000,23099000,11341000
4264,32605000,20892000,10892000
4265,34248000,22983000,11214000
4266,34758000,23174000,11373000
4267,33599000,21852000,11232000
4268,33543000,21937000,11180000
4269,33536000,21988000,11175000
4270,33547000,22004000,11171000
4271,33746000,22207000,11380000
4272,33630000,21876000,11241000
4273,33532000,21917000,11179000
4274,33551000,22003000,11175000
4275,33534000,21992000,11173000
4276,33625000,22084000,11243000
4277,33534000,21916000,11165000
4278,33613000,22080000,11239000
4279,34581000,22966000,11207000
4280,34550000,22970000,11182000
4281,33631000,22080000,11263000
4282,34750000,23112000,11363000
4283,33517000,21775000,11157000
4284,34576000,23051000,11194000
4285,33573000,22004000,11196000
4286,34536000,22965000,11169000
4287,33549000,22012000,11189000
4288,33635000,22077000,11254000
4289,33540000,21914000,11179000
4290,33548000,22000000,11172000
4291,33540000,21999000,11179000
4292,33482000,21935000,11106000
4293,33548000,22074000,11188000
4294,33630000,22074000,11240000
4295,34577000,22962000,11219000
4296,34559000,22967000,11183000
4297,33639000,22088000,11264000
4298,33559000,21920000,11191000
4299,33539000,21980000,11179000
4300,33630000,22083000,11248000
4301,33614000,21992000,11247000
4302,33488000,21867000,11113000
4303,33614000,22133000,11239000
4304,33553000,21939000,11178000
4305,33542000,21996000,11190000
4306,33553000,21996000,11177000
4307,33541000,21996000,11180000
4308,33556000,22008000,11181000
4309,33545000,21996000,11185000
4310,33556000,22003000,11180000
4311,33540000,21992000,11180000
4312,33556000,22008000,11180000
4313,33548000,22000000,11179000
4314,33621000,22074000,11256000
4315,35555000,23926000,11180000
4316,33556000,22008000,11188000
4317,33548000,21991000,11190000
4318,33578000,22021000,11196000
4319,33544000,21975000,11183000
4320,33559000,22008000,11183000
4321,33568000,22009000,11199000
4322,33558000,21991000,11175000
4323,33535000,21991000,11183000
4324,35597000,24047000,11216000
4325,33559000,21970000,11198000
4326,33581000,22013000,11198000
4327,33559000,21986000,11199000
4328,33505000,21939000,11129000
4329,33576000,22079000,11210000
4330,34618000,23034000,11235000
4331,33614000,22004000,11240000
4332,33547000,21931000,11177000
4333,34581000,23035000,11206000
4334,33585000,22004000,11209000
4335,32601000,21017000,10911000
4336,33222000,21935000,11168000
4337,33536000,22000000,11175000
4338,33608000,22065000,11229000
4339,33520000,21918000,11159000
4340,33609000,22082000,11229000
4341,33531000,21930000,11162000
4342,36592000,25062000,11943000
4343,34234000,21917000,11151000
4344,33469000,21951000,11093000
4345,34568000,23107000,11203000
4346,33581000,22004000,11200000
4347,33555000,21983000,11195000
4348,33567000,22004000,11199000
4349,33567000,22000000,11190000
4350,33567000,22009000,11194000
4351,35559000,23991000,11191000
4352,33581000,22021000,11208000
4353,33497000,21917000,11137000
4354,33581000,22075000,11198000
4355,33559000,21986000,11200000
4356,33583000,22014000,11198000
4357,33489000,21916000,11127000
4358,33580000,22084000,11190000
4359,33560000,21996000,11201000
4360,35520000,23944000,11152000
4361,33593000,22072000,11216000
4362,33592000,22000000,11209000
4363,34549000,22965000,11189000
4364,33708000,22151000,11327000
4365,33557000,21848000,11183000
4366,34609000,23053000,11217000
4367,33585000,21992000,11225000
4368,34581000,22979000,11196000
4369,33573000,22000000,11196000
4370,33573000,22000000,11196000
4371,32519000,20947000,10826000
4372,34255000,23057000,11200000
4373,33567000,21983000,11194000
4374,33597000,22030000,11212000
4375,33559000,21970000,11189000
4376,33587000,22025000,11207000
4377,33576000,21992000,11207000
4378,34614000,23030000,11219000
4379,33581000,21987000,11223000
4380,33672000,22075000,11294000
4381,33590000,21925000,11219000
4382,33593000,22004000,11223000
4383,33585000,21992000,11223000
4384,33601000,22008000,11222000
4385,33602000,22009000,11229000
4386,33601000,22000000,11238000
4387,35537000,23927000,11165000
4388,33533000,22003000,11168000
4389,33533000,22000000,11176000
4390,33540000,22000000,11168000
4391,33524000,21992000,11168000
4392,33540000,22008000,11168000
4393,33536000,22003000,11179000
4394,33688000,22145000,11302000
4395,33527000,21855000,11171000
4396,35544000,24008000,11187000
4397,33551000,22000000,11187000
4398,33547000,21996000,11175000
4399,33676000,22137000,11314000
4400,33550000,21867000,11171000
4401,33540000,22003000,11190000
4402,33556000,22001000,11183000
4403,33534000,21987000,11172000
4404,33548000,22012000,11182000
4405,35564000,24018000,11195000
4406,33564000,22000000,11194000
4407,33546000,21982000,11190000
4408,33562000,22008000,11190000
4409,33554000,21999000,11196000
4410,34679000,23119000,11297000
4411,33525000,21853000,11160000
4412,33532000,22007000,11168000
4413,33528000,21996000,11171000
4414,33535000,22000000,10845000
4415,33205000,21996000,11168000
4416,33536000,22004000,11164000
4417,33597000,22069000,11236000
4418,33530000,21926000,11159000
4419,34565000,23041000,11204000
4420,33656000,22083000,11273000
4421,33578000,21929000,11203000
4422,33580000,22004000,11208000
4423,36470000,24890000,11828000
4424,34290000,22085000,11187000
4425,33564000,22009000,11199000
4426,34618000,23046000,11236000
4427,33522000,21912000,11162000
4428,34585000,23054000,11195000
4429,33556000,21988000,11199000
4430,34706000,23134000,11322000
4431,33750000,22052000,11376000
4432,33546000,21796000,11170000
4433,33462000,21923000,11109000
4434,33550000,22073000,11174000
4435,33534000,21991000,11173000
4436,33546000,22004000,11169000
4437,33533000,21996000,11173000
4438,33545000,22004000,11161000
4439,33525000,21996000,11173000
4440,33549000,22007000,11172000
4441,34504000,22964000,11144000
4442,34553000,23041000,11181000
4443,33529000,21983000,11172000
4444,33545000,22008000,11172000
4445,33537000,22000000,11179000
4446,33547000,22004000,11176000
4447,33532000,21992000,11167000
4448,33613000,22082000,11253000
4449,33547000,21925000,11183000
4450,34597000,23050000,11220000
4451,33503000,21913000,11145000
4452,33517000,22008000,11146000
4453,33506000,21996000,11150000
4454,33667000,22153000,11285000
4455,33510000,21850000,11151000
4456,33612000,22093000,11219000
4457,33585000,21991000,11226000
4458,33534000,21933000,11158000
4459,35522000,23995000,11155000
4460,33527000,22004000,11157000
4461,33534000,22009000,11174000
4462,33605000,22063000,11222000
4463,33513000,21916000,11153000
4464,33533000,22012000,11157000
4465,33528000,22003000,11159000
4466,33523000,21996000,11156000
4467,33660000,22135000,11298000
4468,35617000,23951000,11242000
4469,33601000,21991000,11237000
4470,33544000,21935000,11172000
4471,33531000,21995000,11175000
4472,33543000,22004000,11171000
4473,33532000,21996000,11175000
4474,33551000,22012000,11171000
4475,33519000,21984000,11170000
4476,33617000,22083000,11240000
4477,35467000,23855000,11109000
4478,33547000,22074000,11175000
4479,33531000,21992000,11177000
4480,33556000,22015000,11182000
4481,33542000,21996000,11186000
4482,33550000,22000000,11178000
4483,33534000,21992000,11169000
4484,33541000,22007000,11178000
4485,33533000,21992000,11177000
4486,35643000,24102000,11263000
4487,33546000,21910000,11188000
4488,33561000,22008000,11189000
4489,33572000,22019000,11212000
4490,34535000,22953000,11161000
4491,33665000,22139000,11303000
4492,34585000,22912000,11189000
4493,33552000,21992000,11205000
4494,33585000,22008000,11208000
4495,33709000,22133000,11342000
4496,33581000,21871000,11204000
4497,33569000,21996000,11216000
4498,33580000,21996000,11204000
4499,33648000,22075000,11281000
4500,33593000,21938000,11220000
4501,33601000,22008000,11218000
4502,34554000,22962000,11187000
4503,33543000,21987000,11184000
4504,35574000,24022000,11195000
4505,33543000,21979000,11187000
4506,33572000,22021000,11195000
4507,33543000,21978000,11186000
4508,33562000,22012000,11190000
4509,33542000,21988000,11188000
4510,33564000,22012000,11182000
4511,32577000,21031000,10889000
4512,33192000,21931000,11152000
4513,36489000,24972000,11865000
4514,35286000,23057000,11181000
4515,33533000,21988000,11177000
4516,33479000,21938000,11107000
4517,33473000,22001000,11116000
4518,33483000,22003000,11103000
4519,33536000,22069000,11188000
4520,33552000,22000000,11180000
4521,33606000,22062000,11245000
4522,34589000,22974000,11213000
4523,33491000,21911000,11137000
4524,33587000,22085000,11208000
4525,33487000,21911000,11131000
4526,33580000,22085000,11204000
4527,34540000,22967000,11174000
4528,33550000,22012000,11195000
4529,33551000,21992000,11187000
4530,33489000,21938000,11117000
4531,34593000,23112000,11223000
4532,33522000,21929000,11158000
4533,33589000,22067000,11227000
4534,33601000,22004000,11223000
4535,33509000,21916000,11155000
4536,33527000,22008000,11153000
4537,33521000,22004000,11156000
4538,34705000,23184000,11337000
4539,33545000,21840000,11188000
4540,34528000,22976000,11157000
4541,33589000,22068000,11226000
4542,33455000,21858000,11083000
4543,33594000,22146000,11230000
4544,33536000,21935000,11172000
4545,34589000,23052000,11209000
4546,34605000,23026000,11246000
4547,33471000,21856000,11105000
4548,33551000,22082000,11188000
4549,33540000,21987000,11168000
4550,33543000,22012000,11179000
4551,33528000,21984000,11171000
4552,33539000,22004000,11167000
4553,33531000,22000000,11177000
4554,33484000,21942000,11109000
4555,33523000,22049000,11160000
4556,33608000,22084000,11236000
4557,33530000,21924000,11166000
4558,35477000,23947000,11113000
4559,33469000,21992000,11113000
4560,33554000,22077000,11190000
4561,33484000,21930000,11120000
4562,33550000,22066000,11178000
4563,33538000,21995000,11181000
4564,34525000,22980000,11145000
4565,33505000,21995000,11156000
4566,33525000,22004000,11152000
4567,34476000,22960000,11112000
4568,33480000,22004000,11116000
4569,33480000,21999000,11123000
4570,34528000,23041000,11156000
4571,33443000,21923000,11087000
4572,33532000,22081000,11152000
4573,33521000,22005000,11173000
4574,33532000,21994000,11159000
4575,33517000,21992000,11158000
4576,34519000,22997000,11148000
4577,33572000,22060000,11214000
4578,33504000,21922000,11130000
4579,33564000,22062000,11202000
4580,33504000,21938000,11130000
4581,33494000,22000000,11138000
4582,33510000,22007000,11129000
4583,33486000,21992000,11136000
4584,33508000,22008000,11137000
4585,36539000,25038000,11895000
4586,34270000,22011000,11186000
4587,33474000,21923000,11117000
4588,33485000,22004000,11113000
4589,33469000,21991000,11114000
4590,33486000,22008000,11104000
4591,33676000,22208000,11321000
4592,33557000,21865000,11177000
4593,33473000,21930000,11123000
4594,35504000,24017000,11132000
4595,33480000,21984000,11124000
4596,33500000,22011000,11127000
4597,33623000,22131000,11261000
4598,33571000,21942000,11188000
4599,33557000,21992000,11191000
4600,33490000,21934000,11118000
4601,33504000,22021000,11155000
4602,33506000,21987000,11142000
4603,35647000,24141000,11269000
4604,32532000,20893000,10841000
4605,33122000,21917000,11092000
4606,33530000,22073000,11158000
4607,33445000,21923000,11088000
4608,34646000,23194000,11254000
4609,33710000,22083000,11355000
4610,33510000,21779000,11129000
4611,34457000,22960000,11101000
4612,34518000,23052000,11145000
4613,33498000,21988000,11145000
4614,33517000,22008000,11145000
4615,33651000,22142000,11285000
4616,33601000,21942000,11214000
4617,34485000,22894000,11119000
4618,34671000,23189000,11293000
4619,33517000,21849000,11165000
4620,33537000,22003000,11164000
4621,33524000,21992000,11156000
4622,33532000,22008000,11164000
4623,33524000,21992000,11164000
4624,33536000,22004000,11160000
4625,33535000,22007000,11175000
4626,33470000,21927000,11086000
4627,33519000,22065000,11167000
4628,33539000,22004000,11163000
4629,33532000,22001000,11172000
4630,35482000,23942000,11106000
4631,33458000,21983000,11097000
4632,33551000,22087000,11176000
4633,33465000,21921000,11104000
4634,33546000,22073000,11170000
4635,33531000,21992000,11161000
4636,33537000,22008000,11170000
4637,33464000,21926000,11103000
4638,33475000,22004000,11100000
4639,35477000,24008000,11108000
4640,33484000,22008000,11116000
4641,33488000,22004000,11128000
4642,33492000,21996000,11116000
4643,33541000,22057000,11181000
4644,33492000,21942000,11108000
4645,33537000,22062000,11184000
4646,33490000,21938000,11115000
4647,33618000,22135000,11256000
4648,35501000,23873000,11123000
4649,33557000,22065000,11197000
4650,33499000,21935000,11123000
4651,33483000,21992000,11123000
4652,33576000,22077000,11192000
4653,33568000,22008000,11195000
4654,33493000,21926000,11126000
4655,33696000,22202000,11327000
4656,33575000,21863000,11183000
4657,35577000,24025000,11211000
4658,33510000,21926000,11150000
4659,33576000,22058000,11203000
4660,33519000,21942000,11151000
4661,33584000,22066000,11211000
4662,33513000,21929000,11129000
4663,33560000,22063000,11204000
4664,33591000,22012000,11206000
4665,33576000,21996000,11210000
4666,36706000,25122000,12052000
4667,34218000,21786000,11123000
4668,33576000,22084000,11193000
4669,33484000,21915000,11124000
4670,33500000,22008000,11124000
4671,33569000,22069000,11191000
4672,33568000,22008000,11197000
4673,33552000,21984000,11192000
4674,32531000,20971000,10836000
4675,36172000,24968000,11842000
4676,34300000,22089000,11208000
4677,33433000,21853000,11073000
4678,33589000,22147000,11208000
4679,33568000,21988000,11204000
4680,33576000,22000000,11194000
4681,33575000,22008000,11211000
4682,33514000,21929000,11138000
4683,33502000,21996000,11141000
4684,35522000,24013000,11146000
4685,33510000,21995000,11150000
4686,33597000,22080000,11215000
4687,33643000,22054000,11277000
4688,33523000,21871000,11138000
4689,33502000,21995000,11140000
4690,33512000,22004000,11145000
4691,33501000,21988000,11140000
4692,33588000,22079000,11206000
4693,35521000,23940000,11153000
4694,33517000,21997000,11149000
4695,33513000,21996000,11153000
4696,33451000,21930000,11075000
4697,33520000,22077000,11160000
4698,33609000,22081000,11221000
4699,33508000,21915000,11156000
4700,33528000,22004000,11152000
4701,33515000,21995000,11155000
4702,35544000,24020000,11168000
4703,33524000,21989000,11164000
4704,33531000,21999000,11155000
4705,33527000,22004000,11166000
4706,33538000,22004000,11163000
4707,33519000,21988000,11150000
4708,33526000,22007000,11159000
4709,33453000,21927000,11092000
4710,33542000,22082000,11167000
4711,35535000,23999000,11166000
4712,33546000,22012000,11186000
4713,33481000,21926000,11112000
4714,33554000,22074000,11178000
4715,33530000,21983000,11171000
4716,33565000,22025000,11178000
4717,33456000,21910000,11104000
4718,33549000,22077000,11173000
4719,33537000,21996000,11177000
4720,35492000,23946000,11116000
4721,33480000,21997000,11119000
4722,33484000,21996000,11108000
4723,33614000,22138000,11246000
4724,33626000,22004000,11246000
4725,33537000,21918000,11167000
4726,33478000,21942000,11110000
4727,33470000,21992000,11110000
4728,33560000,22082000,11192000
4729,35584000,24024000,11204000
4730,33568000,21992000,11196000
4731,33486000,21918000,11126000
4732,33575000,22073000,11191000
4733,33486000,21927000,11126000
4734,33567000,22073000,11183000
4735,33481000,21930000,11129000
4736,33501000,22004000,11125000
4737,33497000,22004000,11137000
4738,35517000,24012000,11141000
4739,33493000,21984000,11133000
4740,33509000,22008000,11133000
4741,33493000,21992000,11132000
4742,33508000,22007000,11133000
4743,33427000,21927000,11058000
4744,33508000,22082000,11149000
4745,33512000,21995000,11144000
4746,33520000,22007000,11143000
4747,35517000,24006000,11149000
4748,33512000,21995000,11144000
4749,33439000,21926000,11078000
4750,33459000,22012000,11082000
4751,33648000,22197000,11281000
4752,33460000,21803000,11066000
4753,33434000,22000000,11090000
4754,33461000,22003000,11085000
4755,33585000,22131000,11215000
4756,36433000,24841000,11792000
4757,34229000,22065000,11125000
4758,33436000,21939000,11057000
4759,33494000,22065000,11130000
4760,33506000,22004000,11118000
4761,33424000,21934000,11068000
4762,33436000,21996000,11056000
4763,33493000,22065000,11129000
4764,33509000,22008000,11129000
4765,35506000,24004000,11133000
4766,33444000,21939000,11072000
4767,33509000,22065000,11145000
4768,33452000,21934000,11071000
4769,33518000,22074000,11145000
4770,33512000,21995000,11140000
4771,33439000,21927000,11075000
4772,33460000,22013000,11080000
4773,33438000,21986000,11074000
4774,35463000,24017000,11083000
4775,33448000,21993000,11084000
4776,33393000,21937000,11013000
4777,33458000,22073000,11094000
4778,33459000,21992000,11070000
4779,33438000,21996000,11082000
4780,33531000,22077000,11151000
4781,33515000,21992000,11151000
4782,33527000,22003000,11147000
4783,35535000,24017000,11171000
4784,33470000,21926000,11090000
4785,33473000,22012000,11109000
4786,33473000,21992000,11093000
4787,33526000,22061000,11153000
4788,33468000,21942000,11096000
4789,33453000,21984000,11092000
4790,33472000,22012000,11096000
4791,33452000,21988000,11092000
4792,35477000,24016000,11092000
4793,33533000,22073000,11181000
4794,34660000,23110000,11273000
4795,33428000,21777000,11068000
4796,33906000,22470000,11532000
4797,34403000,22506000,11057000
4798,33413000,22002000,11047000
4799,33422000,22008000,11046000
4800,33496000,22082000,11136000
4801,33491000,21987000,11115000
4802,33475000,21992000,11114000
4803,33500000,22017000,11124000
4804,33483000,21990000,11122000
4805,33932000,22442000,11551000
4806,34442000,22526000,11103000
4807,33520000,22065000,11150000
4808,33466000,21942000,11086000
4809,33398000,21940000,11034000
4810,34518000,23113000,11138000
4811,33490000,21980000,11125000
4812,33901000,22402000,11523000
4813,34394000,22501000,11042000
4814,33861000,22463000,11486000
4815,34363000,22508000,11013000
4816,33829000,22459000,11463000
4817,34412000,22581000,11053000
4818,33412000,22003000,11042000
4819,33415000,22000000,11035000
4820,33411000,22004000,11047000
4821,33861000,22442000,11484000
4822,34847000,22994000,11487000
4823,34804000,22960000,11439000
4824,35076000,23267000,11722000
4825,34891000,22812000,11511000
4826,34850000,22969000,11504000
4827,34379000,22518000,11006000
4828,33389000,22013000,11014000
4829,33824000,22437000,11463000
4830,34414000,22583000,11047000
4831,33420000,22017000,11059000
4832,33422000,21991000,11042000
4833,33418000,22003000,11052000
4834,33373000,21948000,10993000
4835,33852000,22486000,11491000
4836,34864000,23004000,11504000
4837,34359000,22499000,10988000
4838,33894000,22537000,11515000
4839,34386000,22503000,11043000
4840,33857000,22457000,11489000
4841,34312000,22453000,10953000
4842,33901000,22592000,11534000
4843,34478000,22574000,11119000
4844,33488000,22011000,11109000
4845,35150000,23668000,12778000
4846,35888000,22739000,11511000
4847,34504000,22624000,11161000
4848,33529000,22010000,11154000
4849,33534000,22012000,11166000
4850,33453000,21919000,11092000
4851,33903000,22442000,11530000
4852,34489000,22594000,11142000
4853,33947000,22452000,11584000
4854,36282000,24333000,12919000
4855,35405000,22133000,11039000
4856,33505000,22098000,11137000
4857,33485000,21979000,11123000
4858,33496000,22004000,11120000
4859,33493000,22005000,11132000
4860,33962000,22461000,11589000
4861,34455000,22501000,11108000
4862,34002000,22541000,11635000
4863,35040000,23035000,11666000
4864,34879000,22850000,11506000
4865,34826000,22951000,11472000
4866,34563000,22725000,11194000
4867,33412000,21853000,11038000
4868,33479000,22073000,11111000
4869,33471000,21992000,11111000
4870,33487000,22007000,11110000
4871,33470000,21992000,11101000
4872,33485000,22016000,11118000
4873,33471000,21984000,11110000
4874,33490000,22011000,11114000
4875,33421000,21940000,11061000
4876,33493000,22064000,11117000
4877,33477000,21992000,11117000
4878,33489000,22004000,11113000
4879,33618000,22137000,11253000
4880,33431000,21805000,11047000
4881,35138000,23721000,12776000
4882,35415000,22271000,11047000
4883,33411000,21996000,11051000
4884,33424000,22004000,11047000
4885,33403000,21988000,11042000
4886,33422000,22012000,11047000
4887,33411000,21996000,11050000
4888,33421000,22003000,11046000
4889,33406000,21992000,11046000
4890,35159000,23745000,12775000
4891,35561000,22417000,11193000
4892,33426000,21858000,11058000
4893,33418000,21992000,11058000
4894,33442000,22015000,11065000
4895,33422000,21988000,11061000
4896,33433000,22004000,11057000
4897,33378000,21953000,11018000
4898,33437000,22051000,11069000
4899,35166000,23729000,12789000
4900,35441000,22284000,11082000
4901,33433000,21983000,11065000
4902,33445000,22011000,11068000
4903,33438000,22001000,11076000
4904,33447000,22003000,11072000
4905,33436000,21996000,11076000
4906,33444000,22000000,11068000
4907,33432000,21996000,11072000
4908,35185000,23745000,12801000
4909,35440000,22271000,11080000
4910,33525000,22077000,11157000
4911,33387000,21861000,11026000
4912,33471000,22077000,11095000
4913,33447000,21984000,11087000
4914,33467000,22012000,11099000
4915,33447000,21980000,11079000
4916,33455000,22007000,11078000
4917,35180000,23734000,12815000
4918,35450000,22271000,11087000
4919,33451000,21999000,11094000
4920,33394000,21935000,11021000
4921,33393000,22008000,11037000
4922,33540000,22139000,11164000
4923,33442000,21909000,11085000
4924,33394000,21944000,11021000
4925,33390000,22005000,11034000
4926,35195000,23797000,12815000
4927,35461000,22282000,11105000
4928,33879000,22410000,11514000
4929,34437000,22558000,11090000
4930,33839000,22393000,11473000
4931,34880000,23042000,11521000
4932,34925000,23043000,11555000
4933,34881000,22959000,11515000
4934,34873000,22998000,11512000
4935,34825000,22948000,11468000
4936,34887000,23058000,11518000
4937,34447000,22563000,11094000
4938,33391000,21941000,11026000
4939,33919000,22528000,11546000
4940,34887000,22976000,11526000
4941,34857000,22969000,11496000
4942,34908000,23047000,11550000
4943,34400000,22489000,11037000
4944,35817000,24420000,11446000
4945,34372000,22561000,11025000
4946,33381000,22000000,11016000
4947,33914000,22534000,11533000
4948,34348000,22450000,11009000
4949,33871000,22505000,11504000
4950,34948000,23078000,11587000
4951,34896000,22947000,11527000
4952,34871000,22978000,11512000
4953,34896000,23023000,11528000
4954,34892000,22998000,11525000
4955,34392000,22506000,11037000
4956,33858000,22460000,11494000
4957,34890000,23030000,11529000
4958,34872000,22981000,11503000
4959,34913000,23045000,11556000
4960,34425000,22507000,11059000
4961,35598000,24179000,13231000
4962,37023000,23422000,11651000
4963,34907000,22891000,11543000
4964,34413000,22501000,11056000
4965,33416000,22000000,11046000
4966,33888000,22473000,11511000
4967,34921000,23041000,11565000
4968,35057000,23127000,11673000
4969,34857000,22812000,11496000
4970,34913000,23052000,11548000
4971,34822000,22903000,11460000
4972,34795000,22970000,11421000
4973,34351000,22560000,10998000
4974,33885000,22531000,11518000
4975,34600000,22717000,11232000
4976,33853000,22258000,11486000
4977,34426000,22575000,11079000
4978,33926000,22490000,11556000
4979,35515000,23591000,11157000
4980,34074000,22557000,11703000
4981,34897000,22825000,11533000
4982,34870000,22970000,11496000
4983,34361000,22497000,11001000
4984,33821000,22464000,11463000
4985,34867000,23039000,11507000
4986,34439000,22571000,11076000
4987,33830000,22394000,11467000
4988,34832000,23000000,11472000
4989,34379000,22545000,11014000
4990,33922000,22547000,11546000
4991,34838000,22923000,11483000
4992,34868000,23020000,11495000
4993,34906000,23040000,11545000
4994,34415000,22505000,11045000
4995,33817000,22407000,11452000
4996,36737000,24916000,13365000
4997,36891000,23154000,11509000
4998,34326000,22447000,10977000
4999,33398000,22060000,11032000
5000,33412000,22016000,11040000
5001,33774000,22369000,11416000
5002,34437000,22656000,11082000
5003,33381000,21942000,11016000
5004,33384000,22005000,11012000
5005,35635000,24259000,13263000
5006,36826000,23192000,11475000
5007,34398000,22560000,11033000
5008,33863000,22470000,11500000
5009,34843000,22978000,11483000
5010,34886000,23042000,11518000
5011,34378000,22495000,11025000
5012,33848000,22467000,11473000
5013,34829000,22990000,11477000
5014,34872000,23033000,11503000
5015,34836000,22968000,11478000
5016,34896000,23056000,11528000
5017,34446000,22554000,11093000
5018,33852000,22403000,11480000
5019,34889000,23043000,11526000
5020,34386000,22499000,11031000
5021,33857000,22466000,11494000
5022,34851000,22992000,11491000
5023,34400000,22547000,11035000
5024,33870000,22474000,11507000
5025,34855000,22983000,11495000
5026,34890000,23034000,11513000
5027,34847000,22968000,11497000
5028,34428000,22569000,11064000
5029,33433000,22009000,11071000
5030,33369000,21934000,10997000
5031,33816000,22454000,11459000
5032,34875000,23051000,11514000
5033,34378000,22502000,11013000
5034,33835000,22461000,11463000
5035,34397000,22569000,11051000
5036,33941000,22534000,11575000
5037,34990000,23050000,11630000
5038,34852000,22861000,11483000
5039,34603000,22754000,11243000
5040,33407000,21801000,11034000
5041,33466000,22068000,11102000
5042,33327000,21860000,10961000
5043,33468000,22143000,11105000
5044,33461000,21992000,11105000
5045,33469000,22000000,11097000
5046,33461000,21999000,11104000
5047,33465000,21996000,11092000
5048,33464000,22008000,11107000
5049,33333000,21862000,10962000
5050,33463000,22137000,11095000
5051,33313000,21850000,10949000
5052,33455000,22142000,11090000
5053,33524000,22069000,11160000
5054,33394000,21870000,11030000
5055,33467000,22073000,11103000
5056,33459000,21992000,11103000
5057,33467000,22000000,11095000
5058,33521000,22061000,11164000
5059,33466000,21938000,11094000
5060,33458000,22000000,11102000
5061,33470000,22003000,11097000
5062,33458000,21996000,11092000
5063,33449000,21992000,11085000
5064,33449000,22000000,11093000
5065,33409000,21952000,11037000
5066,33457000,22056000,11101000
5067,33526000,22061000,11154000
5068,36425000,24907000,11800000
5069,34168000,22004000,11065000
5070,33433000,22003000,11076000
5071,33652000,22211000,11265000
5072,33362000,21727000,11006000
5073,33374000,22004000,11010000
5074,33297000,21923000,10941000
5075,33303000,21997000,10930000
5076,33362000,22067000,11005000
5077,35385000,24016000,11013000
5078,33308000,21931000,10952000
5079,33322000,22006000,10950000
5080,33314000,22000000,10949000
5081,33382000,22068000,11019000
5082,33319000,21937000,10963000
5083,33382000,22055000,11010000
5084,33311000,21936000,10955000
5085,33320000,22002000,10948000
5086,35172000,23860000,10808000
5087,33382000,22209000,11017000
5088,33385000,22004000,11029000
5089,33406000,22013000,11026000
5090,33370000,21980000,11022000
5091,33390000,22004000,11018000
5092,33382000,21999000,11025000
5093,33393000,22004000,11021000
5094,33385000,22000000,11029000
5095,35407000,24014000,11035000
5096,33392000,21992000,11035000
5097,33411000,22012000,11039000
5098,33395000,21992000,11030000
5099,33394000,22000000,11031000
5100,33326000,21931000,10970000
5101,33406000,22072000,11034000
5102,33394000,21996000,11037000
5103,33405000,22004000,11034000
5104,35414000,24016000,11050000
5105,33480000,22066000,11116000
5106,33471000,21991000,11115000
5107,33487000,22008000,11107000
5108,33459000,21988000,11111000
5109,33479000,22003000,11106000
5110,33475000,22005000,11119000
5111,33405000,21922000,11033000
5112,33401000,22003000,11044000
5113,35442000,24034000,11070000
5114,33552000,22118000,11196000
5115,33490000,21930000,11118000
5116,33564000,22073000,11190000
5117,33489000,21935000,11126000
5118,33486000,21995000,11130000
5119,33498000,22004000,11133000
5120,33563000,22065000,11198000
5121,33497000,21935000,11125000
5122,35424000,23935000,11060000
5123,33356000,21932000,10992000
5124,33356000,22000000,11000000
5125,33365000,22000000,10985000
5126,33411000,22063000,11062000
5127,33364000,21937000,10992000
5128,33427000,22070000,11072000
5129,33366000,21930000,10992000
5130,33422000,22066000,11066000
5131,35380000,23949000,11007000
5132,33369000,21998000,11013000
5133,33385000,22007000,11020000
5134,33454000,22070000,11081000
5135,33383000,21938000,11020000
5136,33379000,21995000,11025000
5137,33389000,22000000,11015000
5138,33371000,21992000,11015000
5139,33449000,22070000,11077000
5140,35381000,23940000,11017000
5141,33375000,21993000,11010000
5142,33301000,21927000,10947000
5143,33396000,22084000,11013000
5144,33303000,21925000,10954000
5145,33394000,22076000,11030000
5146,33453000,22058000,11088000
5147,33390000,21938000,11018000
5148,33377000,21994000,11023000
5149,35340000,23954000,10966000
5150,33388000,22058000,11034000
5151,33398000,22000000,11024000
5152,33844000,22455000,11477000
5153,34823000,22981000,11472000
5154,34870000,23037000,11501000
5155,34845000,22978000,11483000
5156,34886000,23037000,11512000
5157,34861000,22978000,11499000
5158,34833000,22970000,11461000
5159,34861000,23030000,11491000
5160,34907000,23052000,11543000
5161,34871000,22958000,11509000
5162,34923000,23050000,11551000
5163,34901000,22980000,11539000
5164,34950000,23046000,11576000
5165,35060000,23114000,11690000
5166,36566000,24510000,13190000
5167,36967000,23405000,11613000
5168,34838000,22859000,11461000
5169,34873000,23043000,11511000
5170,34843000,22966000,11473000
5171,34871000,23028000,11501000
5172,34933000,23067000,11568000
5173,34892000,22953000,11529000
5174,34820000,22926000,11448000
5175,34982000,23165000,11620000
5176,34829000,22843000,11457000
5177,34845000,23020000,11483000
5178,35023000,23174000,11641000
5179,34852000,22841000,11499000
5180,35059000,23194000,11677000
5181,34808000,22755000,11439000
5182,34789000,22984000,11422000
5183,34816000,23024000,11456000
5184,34856000,23036000,11483000
5185,34905000,23051000,11534000
5186,35083000,23184000,11719000
5187,35887000,23799000,11525000
5188,34873000,22983000,11500000
5189,34900000,23029000,11538000
5190,34880000,22977000,11506000
5191,34924000,23048000,11554000
5192,36686000,24767000,13317000
5193,36787000,23095000,11425000
5194,34931000,23142000,11559000
5195,34957000,23028000,11594000
5196,34794000,22834000,11420000
5197,34770000,22980000,11400000
5198,34869000,23104000,11504000
5199,34966000,23092000,11604000
5200,34952000,22982000,11574000
5201,34987000,23043000,11625000
5202,35938000,23947000,11569000
5203,34884000,22945000,11514000
5204,34872000,22993000,11508000
5205,34849000,22972000,11487000
5206,34824000,22973000,11452000
5207,34869000,23047000,11507000
5208,34907000,23035000,11533000
5209,34950000,23046000,11588000
5210,34860000,22908000,11471000
5211,34870000,23029000,11524000
5212,34796000,22907000,11423000
5213,34774000,22981000,11412000
5214,34949000,23172000,11576000
5215,34845000,22899000,11483000
5216,34968000,23119000,11596000
5217,34930000,22966000,11555000
5218,34890000,22969000,11529000
5219,34797000,22897000,11435000
5220,34842000,23042000,11468000
5221,34954000,23117000,11593000
5222,34857000,22897000,11484000
5223,34964000,23112000,11594000
5224,34925000,22966000,11560000
5225,34896000,22965000,11533000
5226,34883000,22984000,11509000
5227,34834000,22955000,11472000
5228,35016000,23179000,11643000
5229,34993000,22981000,11632000
5230,35808000,23810000,11426000
5231,34956000,23161000,11603000
5232,34882000,22914000,11509000
5233,34908000,23028000,11545000
5234,34955000,23045000,11582000
5235,36055000,24102000,11685000
5236,35979000,23921000,11597000
5237,34404000,22437000,11055000
5238,33359000,21943000,10990000
5239,33751000,22394000,11367000
5240,34316000,22573000,10965000
5241,33768000,22443000,11396000
5242,34838000,23069000,11472000
5243,34808000,22970000,11426000
5244,36518000,24722000,13164000
5245,36354000,22825000,10986000
5246,33293000,21942000,10923000
5247,33743000,22456000,11380000
5248,34335000,22582000,10974000
5249,33325000,21990000,10955000
5250,33731000,22407000,11348000
5251,34773000,23051000,11409000
5252,34752000,22978000,11381000
5253,34372000,22615000,11015000
5254,33320000,21944000,10950000
5255,33711000,22394000,11327000
5256,34820000,23115000,11464000
5257,34861000,23032000,11488000
5258,34301000,22444000,10936000
5259,33361000,22065000,10999000
5260,33306000,21939000,10931000
5261,33807000,22507000,11446000
5262,34874000,23060000,11510000
5263,34922000,23047000,11549000
5264,34760000,22842000,11388000
5265,34865000,23104000,11486000
5266,34751000,22896000,11387000
5267,34736000,22980000,11364000
5268,34760000,23020000,11395000
5269,34748000,22984000,11369000
5270,34861000,23116000,11499000
5271,34760000,22896000,11383000
5272,34724000,22967000,11347000
5273,34764000,23045000,11393000
5274,34749000,22980000,11381000
5275,34245000,22493000,10877000
5276,33317000,22075000,10953000
5277,33322000,22000000,10944000
5278,33311000,22000000,10950000
5279,33323000,22004000,10948000
5280,33316000,22001000,10948000
5281,33375000,22058000,10999000
5282,33227000,21860000,10874000
5283,33324000,22082000,10948000
5284,33230000,21914000,10870000
5285,33320000,22082000,10944000
5286,33312000,22000000,10952000
5287,33324000,22003000,10948000
5288,33321000,22005000,10960000
5289,33787000,22458000,11409000
5290,34941000,23163000,11577000
5291,34848000,22906000,11483000
5292,34899000,23045000,11536000
5293,34925000,23024000,11552000
5294,34848000,22926000,11487000
5295,34882000,23030000,11509000
5296,34845000,22967000,11483000
5297,36623000,24775000,13234000
5298,36800000,23189000,11447000
5299,34914000,23101000,11541000
5300,34952000,23042000,11590000
5301,36141000,24185000,11767000
5302,35852000,23716000,11475000
5303,34878000,23037000,11521000
5304,34930000,23040000,11568000
5305,34430000,22497000,11063000
5306,35066000,23639000,11699000
5307,35961000,23893000,11598000
5308,34942000,22979000,11569000
5309,34891000,22952000,11520000
5310,34868000,22982000,11503000
5311,34930000,23058000,11568000
5312,34885000,22951000,11512000
5313,34919000,23037000,11556000
5314,34907000,22985000,11533000
5315,34773000,22871000,11404000
5316,34839000,23069000,11474000
5317,34873000,23030000,11511000
5318,34921000,23045000,11549000
5319,34968000,23050000,11607000
5320,34877000,22904000,11503000
5321,34843000,22971000,11482000
5322,34946000,23099000,11564000
5323,36632000,24699000,13271000
5324,36359000,22714000,10990000
5325,33367000,22012000,10993000
5326,33815000,22454000,11456000
5327,34391000,22566000,11030000
5328,33856000,22466000,11486000
5329,34836000,22981000,11464000
5330,34958000,23129000,11593000
5331,34902000,22938000,11539000
5332,34820000,22916000,11447000
5333,34853000,23036000,11492000
5334,34434000,22578000,11066000
5335,33299000,21867000,10931000
5336,33850000,22551000,11466000
5337,34847000,23011000,11499000
5338,34847000,22983000,11474000
5339,34878000,23035000,11516000
5340,34462000,22581000,11094000
5341,36301000,24842000,11653000
5342,34098000,22076000,11003000
5343,33825000,22453000,11454000
5344,34935000,23112000,11580000
5345,34917000,22971000,11543000
5346,34897000,22983000,11535000
5347,34930000,23030000,11556000
5348,34897000,22971000,11535000
5349,34812000,22912000,11439000
5350,34992000,23182000,11622000
5351,34354000,22368000,10987000
5352,33881000,22529000,11523000
5353,34926000,23034000,11560000
5354,34900000,22974000,11526000
5355,34868000,22972000,11507000
5356,34908000,23037000,11535000
5357,34875000,22970000,11505000
5358,36607000,24736000,13235000
5359,36944000,23333000,11582000
5360,34880000,22932000,11503000
5361,34846000,22974000,11484000
5362,34822000,22971000,11451000
5363,34786000,22966000,11417000
5364,34833000,23051000,11468000
5365,34858000,23019000,11495000
5366,34856000,22996000,11478000
5367,34821000,22972000,11464000
5368,34868000,23040000,11495000
5369,34753000,22888000,11379000
5370,34853000,23104000,11487000
5371,34503000,22646000,11146000
5372,33238000,21731000,10868000
5373,33771000,22535000,11387000
