seq,latency_m2m_ns,callback_jitter,publish_jitter
76,11590000,99007000,9772000
77,12573000,100982000,10189000
78,12584000,100012000,10399000
79,12597000,100013000,10755000
80,12580000,99983000,10686000
81,12649000,100069000,10833000
82,12572000,99923000,10277000
83,12580000,100008000,10356000
84,12572000,99992000,10423000
85,13592000,101020000,10850000
86,12591000,98998000,10369000
87,12584000,99994000,10308000
88,12584000,100000000,10662000
89,12598000,100014000,10670000
90,12592000,99994000,10603000
91,13672000,101080000,11024000
92,12584000,98912000,10696000
93,12576000,99992000,10271000
94,12572000,99996000,10825000
95,12584000,100012000,10705000
96,13588000,101004000,10853000
97,12580000,98992000,10366000
98,12584000,100004000,10718000
99,12591000,100007000,10794000
100,13585000,100993000,10925000
101,13645000,100060000,10871000
102,13595000,99950000,10940000
103,12580000,98986000,10529000
104,12588000,100008000,10260000
105,12576000,99988000,10760000
106,12581000,100005000,10759000
107,12576000,99995000,10692000
108,12668000,100092000,10347000
109,12573000,99905000,10645000
110,12581000,100007000,10637000
111,12652000,100072000,10433000
112,12580000,99928000,10793000
113,13576000,100996000,10995000
114,12576000,99000000,10314000
115,13672000,101095000,10889000
116,12661000,98990000,10811000
117,13576000,100915000,10959000
118,12577000,99001000,10467000
119,12588000,100011000,10480000
120,12588000,100000000,10628000
121,12665000,100077000,10568000
122,12584000,99919000,10419000
123,12581000,99996000,10290000
124,12584000,100004000,10434000
125,12585000,100000000,10379000
126,12592000,100008000,10727000
127,12585000,99992000,10385000
128,12587000,100002000,10321000
129,12581000,99994000,10751000
130,12592000,100012000,10748000
131,12664000,100071000,10762000
132,12580000,99917000,10751000
133,12584000,100004000,10413000
134,12580000,99996000,10280000
135,12581000,100000000,10424000
136,12585000,100004000,10781000
137,12573000,99988000,10653000
138,12577000,100004000,10731000
139,13584000,101008000,10863000
140,12573000,98988000,10801000
141,12668000,100095000,10807000
142,12584000,99917000,10323000
143,12584000,100000000,10332000
144,12595000,100010000,10403000
145,12584000,99990000,10270000
146,12584000,100000000,10202000
147,12580000,99996000,10284000
148,22997000,110416000,10897000
149,12589000,89588000,10434000
150,12584000,100000000,10293000
151,12665000,100080000,10450000
152,12584000,99920000,10312000
153,12572000,99988000,10309000
154,12595000,100022000,10318000
155,12592000,99998000,10320000
156,12584000,99992000,10464000
157,12595000,100010000,10343000
158,12580000,99986000,10267000
159,12584000,100004000,10284000
160,12600000,100016000,10777000
161,12612000,100007000,10713000
162,12596000,99989000,10569000
163,12589000,99992000,10721000
164,12588000,100000000,10377000
165,12584000,99996000,10806000
166,13581000,100997000,10867000
167,13592000,100011000,11225000
168,13597000,100004000,10880000
169,12592000,98996000,10615000
170,13607000,101014000,10962000
171,12592000,98982000,10636000
172,12588000,99996000,10636000
173,12583000,99994000,10640000
174,12588000,100006000,10720000
175,12584000,99996000,10297000
176,12584000,100000000,10511000
177,12588000,100004000,10381000
178,12584000,99996000,10521000
179,12584000,100000000,10531000
180,12584000,100000000,10329000
181,12588000,100004000,10399000
182,12588000,100000000,10469000
183,12598000,100010000,10071000
184,11917000,99319000,10833000
185,12580000,100663000,10838000
186,12594000,100014000,10573000
187,12593000,99998000,10790000
188,12592000,100000000,10645000
189,12584000,99992000,10661000
190,13580000,100996000,10865000
191,12584000,99004000,10823000
192,12576000,99992000,10816000
193,12593000,100016000,10767000
194,12580000,99988000,10690000
195,12588000,100008000,10702000
196,13599000,101010000,10840000
197,12593000,98994000,10712000
198,12592000,100000000,10711000
199,13583000,100990000,10849000
200,13568000,99986000,10846000
201,13580000,100012000,10863000
202,12572000,98992000,10666000
203,13585000,101013000,10874000
204,12592000,99007000,10322000
205,12564000,99972000,10606000
206,12581000,100016000,10469000
207,12585000,100004000,10689000
208,12584000,100000000,10759000
209,12569000,99984000,10277000
210,12577000,100009000,10632000
211,12577000,100000000,10573000
212,13579000,101002000,10917000
213,12577000,98998000,10098000
214,12588000,100011000,10365000
215,12593000,100004000,10517000
216,12584000,99992000,10375000
217,12577000,99993000,10602000
218,12581000,100004000,10317000
219,12576000,99995000,10409000
220,12592000,100016000,10332000
221,12592000,100000000,10272000
222,12583000,99991000,10204000
223,12588000,100005000,10283000
224,12580000,99992000,10492000
225,12595000,100014000,10502000
226,12596000,100002000,10368000
227,12580000,99984000,10447000
228,12573000,99992000,10436000
229,12576000,100004000,10180000
230,12584000,100008000,10602000
231,12573000,99989000,10534000
232,12588000,100015000,10748000
233,12588000,100000000,10194000
234,12572000,99984000,10821000
235,12588000,100016000,10644000
236,12588000,100000000,10565000
237,12589000,100000000,10571000
238,12595000,100006000,10780000
239,12577000,99983000,10581000
240,12577000,99999000,10726000
241,12584000,100008000,10237000
242,12581000,99997000,10586000
243,12585000,100003000,10121000
244,12584000,100000000,10538000
245,12589000,100004000,10471000
246,12573000,99985000,10690000
247,12580000,100007000,10694000
248,12577000,99997000,10562000
249,12588000,100011000,10565000
250,12669000,100080000,10641000
251,12011000,99346000,10844000
252,13576000,101566000,10917000
253,12576000,99000000,10653000
254,12591000,100014000,10800000
255,12584000,99994000,10802000
256,12580000,99996000,10742000
257,12580000,100000000,10254000
258,12584000,100004000,10325000
259,12584000,100000000,10759000
260,12573000,99988000,10823000
261,12664000,100092000,10776000
262,12572000,99908000,10760000
263,12580000,100008000,10150000
264,12586000,100006000,10641000
265,12565000,99978000,10653000
266,12561000,99997000,10649000
267,12598000,100037000,10733000
268,12572000,99974000,10661000
269,12580000,100008000,10812000
270,12553000,99973000,10455000
271,12649000,100095000,10464000
272,12576000,99928000,10466000
273,12584000,100008000,10147000
274,12581000,99996000,10351000
275,12576000,99996000,10560000
276,12580000,100004000,10569000
277,12587000,100006000,10435000
278,12664000,100078000,10433000
279,12584000,99920000,10303000
280,12587000,100002000,10366000
281,12657000,100071000,10453000
282,12584000,99927000,10598000
283,12584000,100000000,10255000
284,12580000,99996000,10187000
285,12576000,99996000,10336000
286,12585000,100008000,10550000
287,12585000,100001000,10412000
288,12588000,100003000,10348000
289,12569000,99981000,10353000
290,12573000,100003000,10437000
291,12656000,100084000,10434000
292,12584000,99928000,10439000
293,12584000,100000000,10375000
294,12576000,99992000,10523000
295,12588000,100012000,10251000
296,12599000,100010000,10465000
297,12580000,99982000,10478000
298,12584000,100004000,10267000
299,12569000,99985000,10203000
300,12573000,100003000,10270000
301,12661000,100088000,10422000
302,12569000,99908000,10281000
303,12584000,100016000,10026000
304,12569000,99984000,10222000
305,12581000,100012000,10239000
306,12585000,100005000,10164000
307,12584000,99999000,10246000
308,12576000,99992000,10317000
309,12591000,100014000,10188000
310,12584000,99994000,10255000
311,12664000,100080000,10272000
312,12584000,99920000,10135000
313,12597000,100012000,10272000
314,12580000,99984000,10211000
315,12576000,99996000,10216000
316,12584000,100008000,10230000
317,12572000,99988000,10300000
318,12572000,100000000,10298000
319,12579000,100007000,10250000
320,12580000,100001000,10525000
321,12664000,100084000,10669000
322,12587000,99922000,10389000
323,12576000,99990000,10198000
324,12576000,100000000,10277000
325,12577000,100000000,10139000
326,12565000,99988000,10214000
327,12573000,100008000,10212000
328,12585000,100013000,10149000
329,12584000,99999000,10598000
330,12589000,100004000,10793000
331,12661000,100072000,10727000
332,12587000,99926000,10516000
333,12581000,99994000,10522000
334,13576000,100996000,10888000
335,12596000,99020000,10677000
336,12584000,99988000,10399000
337,12573000,99988000,10556000
338,12565000,99992000,10759000
339,12569000,100005000,10419000
340,12585000,100015000,10706000
341,12650000,100065000,10712000
342,12585000,99935000,10717000
343,12573000,99988000,10094000
344,12572000,100000000,10511000
345,12585000,100013000,10669000
346,12581000,99996000,10800000
347,13580000,100999000,10888000
348,12583000,99002000,10812000
349,12584000,100002000,10620000
350,12580000,99996000,10620000
351,12660000,100080000,10833000
352,12585000,99925000,10701000
353,11897000,99312000,10839000
354,13593000,101695000,10840000
355,12580000,98988000,10577000
356,12580000,100000000,10653000
357,12585000,100005000,10304000
358,12577000,99991000,10669000
359,12576000,100000000,10744000
360,12576000,100000000,10745000
361,13656000,101079000,11793000
362,12568000,98913000,10822000
363,12584000,100016000,10067000
364,12591000,100006000,10555000
365,12569000,99979000,10771000
366,11917000,99348000,10836000
367,12584000,100667000,10573000
368,13565000,100981000,10847000
369,12580000,99015000,10585000
370,12573000,99992000,10726000
371,12665000,100093000,10812000
372,13748000,101083000,10870000
373,12576000,98828000,10529000
374,12575000,99999000,10547000
375,12577000,100001000,10760000
376,12564000,99988000,10616000
377,13587000,101022000,11454000
378,12588000,99002000,10632000
379,12569000,99981000,10632000
380,12580000,100011000,10780000
381,13669000,101088000,11759000
382,12577000,98908000,10649000
383,12573000,99997000,10171000
384,12580000,100007000,10669000
385,12584000,100004000,10529000
386,12577000,99993000,10608000
387,12580000,100003000,10761000
388,12572000,99992000,10620000
389,12581000,100008000,10064000
390,12588000,100007000,10764000
391,13641000,101054000,11525000
392,12577000,98935000,10565000
393,12579000,100002000,10017000
394,12573000,99995000,10653000
395,12584000,100011000,10167000
396,12584000,100000000,10306000
397,12572000,99988000,10451000
398,12580000,100008000,10452000
399,12573000,99992000,10116000
400,12576000,100004000,10688000
401,13665000,101088000,11175000
402,12569000,98904000,10552000
403,12580000,100012000,10565000
404,12573000,99993000,10569000
405,12581000,100007000,10788000
406,12586000,100006000,10508000
407,12588000,100002000,10590000
408,12584000,99996000,10102000
409,12585000,100000000,10177000
410,12588000,100004000,10534000
411,13657000,101069000,11363000
412,12584000,98927000,10616000
413,12581000,99996000,10485000
414,12584000,100004000,10620000
415,12588000,100004000,10278000
416,12585000,99997000,10284000
417,12585000,99999000,10436000
418,12588000,100004000,10093000
419,12587000,99998000,10167000
420,12588000,100002000,10236000
421,13665000,101076000,11356000
422,12568000,98904000,10247000
423,12569000,100000000,10053000
424,12588000,100020000,10128000
425,12572000,99984000,10557000
426,12572000,100000000,10473000
427,12576000,100004000,10474000
428,12576000,100000000,10475000
429,12595000,100018000,10416000
430,12580000,99986000,10637000
431,13645000,101065000,11271000
432,12587000,98941000,10657000
433,12572000,99986000,10453000
434,12572000,100000000,10524000
435,13573000,101001000,11219000
436,13572000,99999000,11502000
437,12577000,99005000,10197000
438,12581000,100003000,10256000
439,12572000,99992000,10143000
440,12581000,100009000,10763000
441,13629000,101048000,11526000
442,13576000,99947000,11556000
443,12580000,99004000,10214000
444,12584000,100004000,10492000
445,12595000,100010000,10506000
446,12581000,99987000,10291000
447,12577000,99996000,10243000
448,12591000,100013000,10244000
449,12584000,99994000,10181000
450,12593000,100008000,10182000
451,13661000,101068000,11375000
452,12584000,98924000,10343000
453,12576000,99992000,9925000
454,12581000,100004000,10082000
455,12585000,100004000,10222000
456,12588000,100004000,10210000
457,12576000,99988000,10164000
458,12583000,100006000,10090000
459,12581000,99998000,9899000
460,12576000,99996000,10163000
461,13671000,101095000,11083000
462,12576000,98905000,10385000
463,12580000,100004000,10252000
464,12580000,100000000,10257000
465,12573000,99993000,10197000
466,12584000,100011000,10195000
467,12584000,100000000,10142000
468,12576000,99992000,10219000
469,12581000,100005000,10150000
470,12584000,100003000,10290000
471,13752000,101168000,11267000
472,12588000,98836000,10227000
473,13572000,100984000,11563000
474,12587000,99015000,10594000
475,12577000,99990000,10182000
476,12572000,99995000,10176000
477,12573000,100001000,10129000
478,12564000,99991000,10190000
479,12572000,100008000,10135000
480,12569000,99997000,10409000
481,13665000,101095000,11136000
482,21996000,108332000,10669000
483,12577000,90576000,9951000
484,12675000,100103000,10160000
485,12577000,99901000,10163000
486,12573000,99997000,10164000
487,12582000,100009000,10178000
488,12572000,99990000,9963000
489,14588000,102016000,11862000
490,12583000,97994000,10056000
491,13673000,101090000,11525000
492,12584000,98912000,10486000
493,14571000,101987000,12021000
494,12581000,98009000,10701000
495,14588000,102007000,12167000
496,12578000,97991000,10426000
497,13580000,101002000,10933000
498,12664000,99084000,10241000
499,12938000,100274000,11842000
500,12576000,99638000,10517000
501,13665000,101089000,11164000
502,13591000,99925000,11577000
503,13589000,99998000,11166000
504,12592000,99004000,10408000
505,14576000,101984000,12290000
506,12580000,98004000,10414000
507,14588000,102008000,12308000
508,13583000,98994000,11047000
509,13580000,99998000,11767000
510,12576000,98996000,10155000
511,15677000,103101000,12896000
512,13600000,97923000,11565000
513,14600000,100996000,11861000
514,12603000,98006000,10740000
515,14584000,101981000,12352000
516,12584000,98001000,10391000
517,14588000,102004000,11942000
518,12576000,97988000,10136000
519,14592000,102016000,12444000
520,13588000,98996000,11534000
521,15682000,102094000,13356000
522,12577000,96894000,10578000
523,14600000,102019000,12128000
524,13588000,98989000,10998000
525,14588000,101000000,11916000
526,13568000,98980000,11286000
527,14580000,101012000,12147000
528,12599000,98018000,10395000
529,14585000,101986000,12772000
530,13568000,98984000,11311000
531,14595000,101027000,12801000
532,13584000,98989000,11249000
533,14588000,101003000,12102000
534,13595000,99007000,11056000
535,15596000,102001000,13019000
536,13581000,97985000,11406000
537,15587000,102006000,13164000
538,12588000,97002000,10118000
539,15596000,103007000,13318000
540,13584000,97989000,11371000
541,15588000,102003000,13464000
542,13588000,98001000,11384000
543,14596000,101007000,12649000
544,13585000,98989000,11383000
545,15592000,102007000,13143000
546,13585000,97994000,11394000
547,14596000,101010000,12117000
548,13584000,98989000,10993000
549,14600000,101016000,12262000
550,13593000,98993000,11565000
551,15600000,102006000,13240000
552,13592000,97993000,11151000
553,15600000,102007000,13316000
554,13579000,97979000,11311000
555,15600000,102021000,13136000
556,13596000,97997000,11379000
557,15591000,101995000,12999000
558,13592000,98001000,11063000
559,14603000,101011000,12594000
560,13577000,98973000,11348000
561,15592000,102015000,13298000
562,13569000,97977000,11342000
563,15600000,102031000,13045000
564,13592000,97993000,10885000
565,15600000,102007000,13108000
566,13580000,97981000,11298000
567,13579000,99999000,10968000
568,13592000,100013000,11239000
569,15600000,102007000,13334000
570,13584000,97985000,11528000
571,13612000,100028000,11483000
572,13584000,99972000,11334000
573,13612000,100028000,10867000
574,13594000,99982000,11353000
575,13572000,99978000,11297000
576,13588000,100016000,11286000
577,13599000,100010000,11374000
578,13661000,100062000,11172000
579,13595000,99938000,11515000
580,13591000,99997000,11594000
581,13661000,100070000,11530000
582,13584000,99923000,11604000
583,13588000,100004000,11471000
584,13576000,99988000,11322000
585,13588000,100012000,11490000
586,13573000,99984000,11423000
587,13577000,100004000,11157000
588,13572000,99996000,11083000
589,13573000,100000000,11101000
590,13565000,99992000,11092000
591,13668000,100104000,11376000
592,13584000,99916000,11222000
593,13668000,100084000,11178000
594,13590000,99922000,11100000
595,13580000,99990000,11132000
596,13565000,99984000,11248000
597,13595000,100030000,11261000
598,13568000,99974000,11128000
599,13568000,100000000,10929000
600,13575000,100007000,11071000
601,13657000,100081000,11214000
602,13572000,99916000,11145000
603,13595000,100022000,10955000
604,13584000,99990000,11013000
605,13584000,100000000,11243000
606,13576000,99992000,11103000
607,13572000,99996000,11121000
608,13584000,100012000,11178000
609,13580000,99996000,11133000
610,13584000,100004000,11056000
611,13668000,100084000,11341000
612,13585000,99916000,11131000
613,13580000,99996000,11209000
614,22993000,109412000,11609000
615,13588000,90592000,11091000
616,13585000,100000000,11013000
617,13592000,100008000,11168000
618,13573000,99981000,11016000
619,13580000,100007000,11249000
620,13587000,100006000,11037000
621,13664000,100078000,11260000
622,13569000,99904000,11056000
623,13591000,100022000,11068000
624,13577000,99986000,11064000
625,13560000,99984000,10923000
626,13588000,100028000,11001000
627,13665000,100076000,11159000
628,13652000,99988000,11157000
629,13576000,99924000,11025000
630,13584000,100008000,11231000
631,13661000,100077000,11241000
632,13576000,99915000,11050000
633,13592000,100016000,10917000
634,13584000,99992000,10971000
635,13584000,100000000,10984000
636,13595000,100010000,11056000
637,13588000,99994000,11069000
638,13588000,100000000,11073000
639,13599000,100010000,11085000
640,13588000,99990000,11091000
641,13672000,100084000,11153000
642,13584000,99912000,11163000
643,13584000,100000000,11023000
644,13589000,100004000,11098000
645,13589000,100001000,11385000
646,13588000,99999000,11543000
647,13584000,99996000,11473000
648,13584000,100000000,11190000
649,13595000,100010000,11480000
650,13588000,99994000,11628000
651,13669000,100080000,11699000
652,13595000,99926000,11415000
653,13588000,99994000,11425000
654,13580000,99992000,11426000
655,13588000,100008000,11366000
656,13585000,99997000,11294000
657,13592000,100007000,11524000
658,13580000,99988000,11521000
659,13584000,100004000,11131000
660,13676000,100092000,11181000
661,13660000,99984000,11190000
662,13598000,99938000,10987000
663,13600000,100002000,10927000
664,13589000,99989000,11065000
665,13579000,99989000,11087000
666,13588000,100010000,11087000
667,13580000,99992000,11094000
668,13592000,100012000,11094000
669,13589000,99996000,11099000
670,13576000,99988000,11096000
671,13669000,100092000,11179000
672,13673000,100004000,11189000
673,13597000,99924000,11124000
674,13608000,100012000,11052000
675,13599000,99990000,11064000
676,13584000,99986000,11071000
677,13588000,100004000,11007000
678,13595000,100006000,11008000
679,13585000,99990000,11091000
680,13593000,100009000,11220000
681,13669000,100075000,11237000
682,13584000,99916000,11091000
683,13576000,99992000,11105000
684,13588000,100012000,11046000
685,13584000,99996000,11120000
686,13588000,100004000,10974000
687,13588000,100000000,11404000
688,13588000,100000000,11145000
689,13588000,100000000,11419000
690,13588000,100000000,11485000
691,13675000,100087000,11283000
692,13588000,99913000,11353000
693,13589000,100001000,10951000
694,13595000,100005000,11365000
695,13587000,99992000,11516000
696,13581000,99994000,11379000
697,13601000,100020000,11529000
698,13588000,99988000,11394000
699,13580000,99992000,11542000
700,13568000,99988000,11466000
701,13664000,100096000,11567000
702,13588000,99924000,11338000
703,13588000,100000000,11359000
704,13583000,99994000,11292000
705,13584000,100002000,10946000
706,13592000,100008000,11298000
707,13672000,100080000,11455000
708,13580000,99908000,11313000
709,13584000,100004000,10975000
710,13581000,99997000,11544000
711,13653000,100071000,11183000
712,13581000,99928000,11612000
713,13588000,100008000,11425000
714,13580000,99992000,11432000
715,13584000,100004000,11486000
716,13580000,99996000,11414000
717,13591000,100010000,11354000
718,13584000,99994000,11355000
719,13593000,100008000,11503000
720,13594000,100002000,11586000
721,13661000,100066000,11518000
722,13588000,99928000,11381000
723,13584000,99996000,11057000
724,13576000,99992000,11257000
725,13588000,100012000,11467000
726,13580000,99992000,11333000
727,13580000,100000000,11416000
728,13581000,100001000,11267000
729,13585000,100004000,11423000
730,13577000,99991000,11364000
731,13664000,100088000,11577000
732,13580000,99916000,11296000
733,13595000,100014000,11518000
734,13580000,99986000,11311000
735,13588000,100008000,11606000
736,13590000,100002000,11175000
737,13580000,99990000,11323000
738,13588000,100008000,11263000
739,13572000,99984000,11554000
740,13588000,100016000,11478000
741,13664000,100076000,11488000
742,13572000,99908000,11354000
743,13589000,100016000,11369000
744,13593000,100004000,11291000
745,13585000,99992000,11027000
746,13587000,100002000,10959000
747,13599000,100012000,11516000
748,13584000,99986000,11313000
749,13587000,100003000,11392000
750,13584000,99997000,11124000
751,13668000,100084000,11334000
752,13588000,99920000,11404000
753,12584000,98996000,10793000
754,13588000,101004000,11415000
755,13584000,99996000,11424000
756,13588000,100004000,11361000
757,13577000,99989000,11504000
758,13576000,99999000,11510000
759,13587000,100010000,11030000
760,12568000,98982000,10824000
761,13669000,101100000,11111000
762,13591000,99922000,10907000
763,13569000,99978000,10989000
764,13580000,100012000,10922000
765,13589000,100008000,10996000
766,13585000,99997000,11006000
767,13585000,99999000,11086000
768,13581000,99997000,11095000
769,13584000,100003000,10901000
770,13588000,100004000,11019000
771,13660000,100072000,11100000
772,13583000,99922000,10961000
773,13572000,99990000,10978000
774,13584000,100012000,10968000
775,13603000,100018000,10912000
776,13585000,99982000,10913000
777,13588000,100004000,11079000
778,13584000,99996000,11079000
779,13593000,100008000,11080000
780,13576000,99984000,11012000
781,13669000,100092000,11095000
782,13585000,99917000,10958000
783,12588000,99003000,10824000
784,13564000,100976000,10960000
785,12573000,99008000,10828000
786,12588000,100016000,10767000
787,12585000,99996000,10835000
788,13672000,101088000,10974000
789,13592000,99920000,10910000
790,13588000,99996000,10911000
791,13675000,100087000,10929000
792,13592000,99917000,10862000
793,13588000,99996000,10940000
794,13573000,99984000,10870000
795,13584000,100012000,11015000
796,12581000,98997000,10813000
797,12576000,99995000,10834000
798,11913000,99337000,10834000
799,13589000,101675000,10968000
800,13577000,99988000,11053000
801,13664000,100088000,11057000
802,13604000,99940000,10980000
803,13581000,99976000,10924000
804,13603000,100022000,10925000
805,13592000,99989000,10863000
806,13588000,99997000,10865000
807,12580000,98992000,10811000
808,13577000,100996000,10881000
809,12593000,99016000,10821000
810,13593000,101000000,10890000
811,13669000,100076000,11062000
812,13592000,99924000,10903000
813,12585000,98993000,10711000
814,13599000,101013000,10914000
815,13588000,99990000,10993000
816,13580000,99992000,10857000
817,13599000,100018000,11004000
818,13592000,99994000,10936000
819,13588000,99996000,10949000
820,13580000,99992000,10942000
821,13665000,100084000,11021000
822,13588000,99924000,10890000
823,13585000,99997000,10899000
824,12580000,98995000,10763000
825,13588000,101008000,11044000
826,12592000,99004000,10704000
827,13595000,101002000,10976000
828,13584000,99990000,10912000
829,12581000,98996000,10721000
830,12591000,100010000,10727000
831,13648000,101058000,11357000
832,13588000,99940000,11091000
833,13580000,99992000,11162000
834,13600000,100020000,11158000
835,13584000,99984000,11180000
836,13564000,99980000,10963000
837,13585000,100020000,11112000
838,11913000,98329000,10837000
839,13581000,101667000,11188000
840,13588000,100008000,11402000
841,13672000,100084000,11480000
842,13572000,99900000,11416000
843,12596000,99024000,10793000
844,12588000,99992000,10657000
845,13577000,100988000,11351000
846,13583000,100006000,11154000
847,13584000,100002000,11362000
848,13585000,100000000,11577000
849,13585000,100000000,11512000
850,13589000,100004000,11443000
851,13744000,100156000,11598000
852,13577000,99833000,11385000
853,13577000,100000000,11334000
854,13580000,100003000,11326000
855,13580000,100000000,11068000
856,13599000,100018000,10921000
857,12581000,98983000,10807000
858,13584000,101003000,10884000
859,12595000,99010000,10809000
860,13584000,100990000,10946000
861,13669000,100084000,10898000
862,12581000,98912000,10823000
863,12584000,100004000,10825000
864,12584000,100000000,10700000
865,13584000,101000000,11128000
866,13585000,100001000,11547000
867,13580000,99995000,11196000
868,13580000,100000000,11332000
869,13590000,100010000,11411000
870,13588000,99998000,11138000
871,13665000,100076000,11283000
872,13599000,99934000,11220000
873,12584000,98986000,10750000
874,13588000,101004000,11300000
875,13581000,99993000,11590000
876,13580000,99999000,10963000
877,13573000,99993000,10969000
878,13564000,99991000,10974000
879,13577000,100012000,11068000
880,13577000,100000000,11055000
881,13661000,100084000,11480000
882,13579000,99919000,11482000
883,13672000,100093000,11348000
884,13657000,99984000,11010000
885,13590000,99934000,11157000
886,13584000,99994000,10948000
887,13589000,100004000,10961000
888,13594000,100006000,10955000
889,13592000,99998000,11039000
890,13584000,99992000,10904000
891,13669000,100085000,10975000
892,13585000,99915000,10907000
893,13593000,100008000,10848000
894,13597000,100004000,11338000
895,13597000,100000000,11084000
896,13589000,99992000,11271000
897,13592000,100004000,11424000
898,13606000,100014000,11157000
899,13592000,99986000,11435000
900,13588000,99996000,11436000
901,13675000,100087000,10964000
902,13581000,99905000,11238000
903,13588000,100008000,10905000
904,13588000,100000000,11392000
905,13588000,100000000,11061000
906,13588000,100000000,11260000
907,13581000,99993000,11139000
908,13581000,100000000,11284000
909,13588000,100007000,11081000
910,13596000,100008000,11432000
911,13672000,100076000,11154000
912,13588000,99916000,11223000
913,13592000,100004000,11028000
914,13602000,100010000,11446000
915,13580000,99978000,10904000
916,13580000,100000000,11245000
917,13589000,100008000,11254000
918,13584000,99996000,11398000
919,13672000,100088000,11404000
920,13596000,99924000,11409000
921,13669000,100072000,11350000
922,13588000,99920000,11007000
923,13585000,99996000,10877000
924,12591000,99006000,10814000
925,13593000,101002000,10958000
926,13592000,100000000,11094000
927,13685000,100092000,11031000
928,12597000,98912000,10763000
929,13592000,100996000,11053000
930,13592000,100000000,10977000
931,13668000,100076000,10987000
932,13589000,99920000,10988000
933,12597000,99008000,10653000
934,13585000,100989000,10866000
935,12589000,99003000,10812000
936,22997000,110408000,11338000
937,13593000,90592000,11176000
938,13593000,100005000,10963000
939,13592000,99999000,10898000
940,13599000,100006000,10958000
941,13668000,100070000,11112000
942,13593000,99924000,10903000
943,13599000,100006000,10917000
944,13588000,99990000,11072000
945,13588000,100000000,10928000
946,13592000,100004000,10933000
947,13589000,99996000,10874000
948,13580000,99992000,10883000
949,13589000,100008000,10949000
950,13588000,100000000,10896000
951,13671000,100083000,11515000
952,13585000,99913000,11170000
953,13600000,100016000,11450000
954,13680000,100080000,11327000
955,13593000,99912000,11255000
956,13594000,100002000,11116000
957,13592000,99998000,11196000
958,13593000,100000000,11064000
959,13576000,99984000,11211000
960,13589000,100012000,11421000
961,13661000,100072000,11500000
962,13584000,99924000,11011000
963,12588000,99004000,10767000
964,13584000,100996000,11030000
965,13584000,100000000,10966000
966,13584000,100000000,10894000
967,13580000,99996000,10900000
968,13581000,100001000,10901000
969,12594000,99013000,10791000
970,13592000,100998000,10856000
971,13668000,100076000,10995000
972,12588000,98920000,10793000
973,12596000,100008000,10805000
974,12592000,99996000,10810000
975,12593000,100001000,10812000
976,11927000,99334000,10834000
977,12580000,100653000,10826000
978,13580000,101000000,11033000
979,13591000,100011000,10903000
980,13588000,99997000,10970000
981,13668000,100080000,11257000
982,13676000,100007000,11254000
983,13580000,99905000,11136000
984,13592000,100012000,11408000
985,13591000,99998000,11139000
986,13584000,99994000,11140000
987,13665000,100081000,11493000
988,13589000,99923000,11157000
989,13580000,99992000,11093000
990,13568000,99988000,11156000
991,13665000,100096000,11237000
992,13581000,99916000,11106000
993,12585000,99005000,10767000
994,11931000,99346000,10834000
995,13595000,101663000,10848000
996,13588000,99994000,10913000
997,13572000,99984000,10927000
998,13583000,100010000,10864000
999,13585000,100002000,10933000
1000,13576000,99992000,11082000
1001,13657000,100081000,11094000
1002,13584000,99927000,11088000
1003,13588000,100004000,11093000
1004,13580000,99992000,11098000
1005,13581000,100001000,11186000
1006,13581000,100000000,11171000
1007,13584000,100003000,11123000
1008,13580000,99996000,10981000
1009,13589000,100009000,11067000
1010,13588000,99999000,11134000
1011,13672000,100084000,11414000
1012,13561000,99888000,11207000
1013,13585000,100025000,11290000
1014,13587000,100002000,11291000
1015,13593000,100005000,11296000
1016,13581000,99989000,11229000
1017,13592000,100011000,11238000
1018,13577000,99984000,11174000
1019,13588000,100012000,11457000
1020,13588000,100000000,11533000
1021,13665000,100077000,11558000
1022,13592000,99927000,11269000
1023,12588000,98996000,10800000
1024,13577000,100988000,10934000
1025,13585000,100008000,10934000
1026,13593000,100008000,10880000
1027,13591000,99999000,11292000
1028,13588000,99997000,11228000
1029,13589000,100001000,11173000
1030,13579000,99990000,11378000
1031,13661000,100081000,11244000
1032,13592000,99932000,11388000
1033,13580000,99988000,11332000
1034,13581000,100001000,11252000
1035,13580000,99999000,11200000
1036,13585000,100005000,11134000
1037,13577000,99991000,11203000
1038,13581000,100005000,11209000
1039,13589000,100007000,11090000
1040,13588000,100000000,11371000
1041,13669000,100080000,11229000
1042,13576000,99908000,11166000
1043,13587000,100011000,11178000
1044,13588000,100001000,11380000
1045,13568000,99980000,11185000
1046,13595000,100027000,11186000
1047,13569000,99973000,11404000
1048,13565000,99997000,11189000
1049,12584000,99019000,10797000
1050,13577000,100992000,11343000
1051,13673000,100096000,11426000
1052,13580000,99908000,11215000
1053,12589000,99009000,10746000
1054,13589000,101000000,11159000
1055,13585000,99996000,11167000
1056,13588000,100003000,11180000
1057,13580000,99992000,11246000
1058,13588000,100008000,11321000
1059,13587000,99998000,11191000
1060,13573000,99986000,11189000
1061,13669000,100096000,10990000
1062,13680000,100012000,11342000
1063,13584000,99904000,11286000
1064,13592000,100008000,11214000
1065,13580000,99988000,10887000
1066,13588000,100008000,11153000
1067,13584000,99996000,11303000
1068,13588000,100004000,11305000
1069,13665000,100077000,11318000
1070,13592000,99927000,11173000
1071,13673000,100080000,11123000
1072,13589000,99916000,11344000
1073,13572000,99984000,11197000
1074,13585000,100012000,11138000
1075,13595000,100011000,11146000
1076,13577000,99981000,11414000
1077,13576000,100000000,11153000
1078,13591000,100015000,11153000
1079,13584000,99993000,11096000
1080,13589000,100004000,11160000
1081,13660000,100071000,11373000
1082,13588000,99929000,11100000
1083,12585000,98996000,10778000
1084,13577000,100992000,11128000
1085,13589000,100013000,11343000
1086,13565000,99976000,11139000
1087,13589000,100023000,11150000
1088,13583000,99995000,11361000
1089,13585000,100002000,11157000
1090,13580000,99995000,11220000
1091,13660000,100080000,11437000
1092,13588000,99928000,11096000
1093,13584000,99996000,11172000
1094,12595000,99011000,10702000
1095,13588000,100993000,11316000
1096,13588000,100000000,11244000
1097,13587000,99998000,11343000
1098,13588000,100002000,11194000
1099,13589000,100001000,11203000
1100,13584000,99995000,11208000
1101,13665000,100080000,11422000
1102,13588000,99924000,11150000
1103,13585000,99997000,11153000
1104,13588000,100003000,11222000
1105,13584000,99996000,11227000
1106,13580000,99996000,11161000
1107,13599000,100019000,11173000
1108,13588000,99989000,11240000
1109,13593000,100005000,11180000
1110,13592000,99999000,11255000
1111,13673000,100080000,10845000
1112,13668000,99996000,11261000
1113,12603000,98935000,10724000
1114,12581000,99977000,10729000
1115,13584000,101004000,11285000
1116,13581000,99997000,11287000
1117,13588000,100007000,11300000
1118,13588000,100000000,11167000
1119,13592000,100004000,11029000
1120,13584000,99992000,11117000
1121,13657000,100073000,11322000
1122,13588000,99931000,11397000
1123,13592000,100004000,11136000
1124,13577000,99985000,11399000
1125,13588000,100011000,11413000
1126,13571000,99983000,11337000
1127,13576000,100005000,11149000
1128,13576000,100000000,11158000
1129,13579000,100003000,11090000
1130,22996000,109417000,11268000
1131,13584000,90584000,10894000
1132,12589000,99009000,10819000
1133,12588000,99999000,10825000
1134,12569000,99980000,10766000
1135,12589000,100021000,10836000
1136,13584000,100995000,10854000
1137,13580000,99996000,10851000
1138,13588000,100008000,10848000
1139,13665000,100077000,10867000
1140,13657000,99992000,10859000
1141,13669000,100012000,10940000
1142,12579000,98910000,10807000
1143,12573000,99993000,10746000
1144,12576000,100004000,10748000
1145,22997000,110420000,11216000
1146,12577000,89577000,10766000
1147,22997000,110423000,11293000
1148,12584000,89584000,10775000
1149,12573000,99992000,10775000
1150,12589000,100016000,10781000
1151,13665000,101077000,10853000
1152,22997000,109331000,11250000
1153,12577000,89577000,10809000
1154,12588000,100015000,10806000
1155,12588000,100000000,10752000
1156,12572000,99984000,10812000
1157,13584000,101012000,10897000
1158,12587000,99003000,10817000
1159,12588000,100001000,10834000
1160,13592000,101004000,11382000
1161,13672000,100080000,11256000
1162,13588000,99916000,11327000
1163,13585000,99997000,11197000
1164,13584000,99999000,11338000
1165,13572000,99988000,11347000
1166,13588000,100016000,10860000
1167,13592000,100004000,10870000
1168,13585000,99992000,11355000
1169,13577000,99993000,11168000
1170,13584000,100007000,10888000
1171,13665000,100080000,11246000
1172,13584000,99920000,11315000
1173,12592000,99008000,10699000
1174,13680000,101088000,11180000
1175,13585000,99905000,11336000
1176,13592000,100007000,11135000
1177,13591000,99998000,11146000
1178,13588000,99998000,11275000
1179,13593000,100004000,11145000
1180,13595000,100003000,11149000
1181,13661000,100066000,11230000
1182,12577000,98915000,10746000
1183,12581000,100004000,10688000
1184,13577000,100997000,11099000
1185,13580000,100003000,11109000
1186,13604000,100024000,11048000
1187,13593000,99988000,11132000
1188,13581000,99989000,11059000
1189,12581000,99000000,10721000
1190,13604000,101023000,11138000
1191,13673000,100068000,11275000
1192,13588000,99916000,11277000
1193,13591000,100003000,11086000
1194,13569000,99978000,11084000
1195,13581000,100011000,11023000
1196,13599000,100019000,11169000
1197,13573000,99974000,11381000
1198,13580000,100007000,11178000
1199,12585000,99005000,10568000
1200,13589000,101004000,11051000
1201,13669000,100080000,11063000
1202,13589000,99919000,11057000
1203,12581000,98993000,10671000
1204,13573000,100992000,11078000
1205,12596000,99023000,10739000
1206,13591000,100994000,11152000
1207,13576000,99986000,11159000
1208,22997000,109420000,11701000
1209,13615000,90614000,11240000
1210,13596000,99986000,11243000
1211,13669000,100072000,11249000
1212,13591000,99923000,11056000
1213,13584000,99993000,10985000
1214,13589000,100004000,11059000
1215,13588000,100000000,11071000
1216,13593000,100005000,11142000
1217,13577000,99984000,11076000
1218,23005000,109427000,11682000
1219,13584000,90576000,11035000
1220,13581000,100000000,11301000
1221,13669000,100089000,11376000
1222,13565000,99895000,11117000
1223,13592000,100028000,11248000
1224,13581000,99988000,11048000
1225,13575000,99995000,11061000
1226,12573000,98998000,10709000
1227,13592000,101019000,11204000
1228,13587000,99994000,11067000
1229,13589000,100003000,11003000
1230,13572000,99983000,10996000
1231,13673000,100100000,10936000
1232,12592000,98920000,10668000
1233,12573000,99981000,10750000
1234,12584000,100011000,10676000
1235,12589000,100005000,10692000
1236,12588000,99999000,10766000
1237,13584000,100996000,11124000
1238,13584000,100000000,10979000
1239,13588000,100004000,10914000
1240,13680000,100092000,11258000
1241,13668000,99988000,11068000
1242,13585000,99917000,11068000
1243,13661000,100075000,11148000
1244,13672000,100012000,11280000
1245,13657000,99985000,11098000
1246,13669000,100011000,11291000
1247,13676000,100008000,11101000
1248,13665000,99988000,11097000
1249,13649000,99984000,10976000
1250,13669000,100020000,11455000
1251,13665000,99997000,11195000
1252,13657000,99991000,11343000
1253,13669000,100012000,11147000
1254,12657000,98989000,10804000
1255,13669000,101011000,11091000
1256,13669000,100000000,11214000
1257,13735000,100067000,11028000
1258,13669000,99933000,11364000
1259,13669000,100001000,11234000
1260,13672000,100003000,11378000
1261,13657000,99985000,11318000
1262,13657000,100000000,11109000
1263,12587000,98930000,10639000
1264,13584000,100997000,11064000
1265,13584000,100000000,11071000
1266,12587000,99003000,10648000
1267,13577000,100989000,11150000
1268,13588000,100012000,11143000
1269,13588000,100000000,11011000
1270,13589000,100001000,11090000
1271,13669000,100080000,11234000
1272,12592000,98923000,10680000
1273,13588000,100996000,11047000
1274,12577000,98988000,10766000
1275,13588000,101012000,11044000
1276,12579000,98991000,10703000
1277,13576000,100997000,10907000
1278,13588000,100012000,11127000
1279,13595000,100007000,10922000
1280,13588000,99993000,11071000
1281,13657000,100069000,11006000
1282,13583000,99926000,11004000
1283,13588000,100005000,11090000
1284,13584000,99996000,11151000
1285,13588000,100004000,10950000
1286,12588000,99000000,10615000
1287,13585000,100996000,11035000
1288,13593000,100009000,11175000
1289,13589000,99996000,11184000
1290,13577000,99987000,11186000
1291,13669000,100092000,11191000
1292,13588000,99920000,11062000
1293,12588000,99000000,10660000
1294,13572000,100984000,10995000
1295,12595000,99023000,10664000
1296,12576000,99981000,10524000
1297,13569000,100992000,11159000
1298,13579000,100011000,10951000
1299,13580000,100001000,10956000
1300,13576000,99996000,11041000
1301,13665000,100088000,11179000
1302,13588000,99924000,11315000
1303,13588000,100000000,11056000
1304,13580000,99992000,11059000
1305,13588000,100008000,11085000
1306,12584000,98996000,10508000
1307,13584000,101000000,11141000
1308,13585000,100001000,11166000
1309,13581000,99995000,11160000
1310,13588000,100008000,11016000
1311,13668000,100079000,11167000
1312,13589000,99922000,11304000
1313,12585000,98996000,10619000
1314,12607000,100022000,10703000
1315,13588000,100981000,11053000
1316,12588000,99000000,10636000
1317,13588000,101000000,11067000
1318,13677000,100089000,11138000
1319,13592000,99915000,11078000
1320,13592000,100000000,11078000
1321,13661000,100069000,11158000
1322,13580000,99919000,11007000
1323,12588000,99008000,10609000
1324,13585000,100996000,11176000
1325,13589000,100004000,11031000
1326,13577000,99988000,10963000
1327,12595000,99019000,10572000
1328,13588000,100993000,11056000
1329,13589000,100000000,10983000
1330,13595000,100007000,11059000
1331,13661000,100066000,11068000
1332,13588000,99927000,11073000
1333,13661000,100072000,11080000
1334,13572000,99912000,11215000
1335,12585000,99012000,10672000
1336,13592000,101008000,10883000
1337,13596000,100004000,11093000
1338,12584000,98988000,10758000
1339,13584000,101000000,11315000
1340,13584000,100000000,11191000
1341,13669000,100084000,11053000
1342,13577000,99908000,10980000
1343,13591000,100015000,11002000
1344,13588000,99997000,10995000
1345,13565000,99977000,10997000
1346,13599000,100034000,11214000
1347,13581000,99981000,11224000
1348,13576000,99996000,10951000
1349,13595000,100019000,11038000
1350,13576000,99981000,10962000
1351,13657000,100080000,11099000
1352,13592000,99936000,11177000
1353,12584000,98992000,10643000
1354,13588000,101004000,11068000
1355,13588000,100000000,10985000
1356,13588000,100000000,10922000
1357,13588000,100000000,10992000
1358,13588000,100000000,11001000
1359,13595000,100007000,11003000
1360,13576000,99981000,10943000
1361,13669000,100093000,11097000
1362,13587000,99918000,11023000
1363,13588000,100001000,11032000
1364,13584000,99996000,11169000
1365,13579000,99995000,11045000
1366,12576000,98997000,10627000
1367,13588000,101012000,11056000
1368,13585000,99996000,11131000
1369,12581000,98997000,10788000
1370,12584000,100003000,10719000
1371,13669000,101084000,10933000
1372,13585000,99917000,11151000
1373,12588000,99003000,10808000
1374,13577000,100988000,11219000
1375,12595000,99018000,10680000
1376,13573000,100979000,11018000
1377,13588000,100015000,10961000
1378,13587000,99999000,11112000
1379,13588000,100001000,10972000
1380,13588000,100000000,11060000
1381,13672000,100084000,11139000
1382,13589000,99916000,11139000
1383,12588000,99000000,10660000
1384,13592000,101004000,10999000
1385,13588000,99996000,10943000
1386,13584000,99996000,11010000
1387,13585000,100000000,10946000
1388,13588000,100004000,11090000
1389,13580000,99992000,10965000
1390,13589000,100008000,11101000
1391,13672000,100084000,11049000
1392,13584000,99912000,10973000
1393,13584000,100000000,10913000
1394,13575000,99991000,10988000
1395,13673000,100098000,10989000
1396,13657000,99984000,11203000
1397,13587000,99930000,10931000
1398,13577000,99990000,10869000
1399,12584000,99007000,10601000
1400,13588000,101004000,10887000
1401,14665000,101077000,12138000
1402,13576000,98911000,10953000
1403,13588000,100012000,11034000
1404,13585000,99997000,11051000
1405,13577000,99992000,10900000
1406,13589000,100012000,10979000
1407,13588000,99999000,11206000
1408,13581000,99993000,10920000
1409,13580000,99999000,10995000
1410,13583000,100003000,11001000
1411,13669000,100085000,11218000
1412,13589000,99921000,10938000
1413,12575000,98986000,10462000
1414,12585000,100010000,10676000
1415,12580000,99995000,10684000
1416,12593000,100013000,10619000
1417,12588000,99995000,10703000
1418,13568000,100980000,11056000
1419,13580000,100012000,11135000
1420,12588000,99008000,10720000
1421,13661000,101072000,11064000
1422,13580000,99920000,10923000
1423,12589000,99009000,10810000
1424,13584000,100995000,11003000
1425,13585000,100001000,11090000
1426,13591000,100006000,11010000
1427,13581000,99990000,11168000
1428,13568000,99987000,10889000
1429,12595000,99027000,10556000
1430,12588000,99993000,10623000
1431,14669000,102080000,12020000
1432,13577000,98909000,10915000
1433,13580000,100003000,10990000
1434,13577000,99997000,10987000
1435,13673000,100095000,11213000
1436,13581000,99909000,10998000
1437,12592000,99011000,10818000
1438,12585000,99992000,10601000
1439,12584000,100000000,10619000
1440,22997000,110412000,11143000
1441,12593000,89593000,10696000
1442,12591000,100002000,10695000
1443,12588000,99997000,10635000
1444,12588000,100000000,10568000
1445,12595000,100007000,10639000
1446,12576000,99981000,10644000
1447,12581000,100005000,10593000
1448,12588000,100007000,10520000
1449,12581000,99993000,10680000
1450,12580000,99999000,10601000
1451,13673000,101092000,11576000
1452,12585000,98912000,10611000
1453,12584000,100000000,10541000
1454,12573000,99988000,10758000
1455,12588000,100016000,10497000
1456,13588000,101000000,10910000
1457,12577000,98988000,10648000
1458,12595000,100018000,10576000
1459,12581000,99987000,10660000
1460,14573000,101992000,12045000
1461,13676000,99102000,11707000
1462,12581000,98906000,10593000
1463,13581000,101000000,10948000
1464,12591000,99010000,10611000
1465,13596000,101005000,11173000
1466,13572000,99976000,11519000
1467,13584000,100012000,10969000
1468,13576000,99992000,10897000
1469,12577000,99001000,10770000
1470,13581000,101003000,10904000
1471,13735000,100155000,11701000
1472,14603000,100868000,12244000
1473,12584000,97981000,10496000
1474,14592000,102008000,12333000
1475,12585000,97992000,10668000
1476,14580000,101996000,12270000
1477,12584000,98004000,10611000
1478,14580000,101996000,12207000
1479,12591000,98011000,10615000
1480,14596000,102004000,12353000
1481,14669000,100074000,12082000
1482,14591000,99922000,12644000
1483,12581000,97990000,10696000
1484,14592000,102011000,12301000
1485,14589000,99996000,11895000
1486,14596000,100008000,12243000
1487,12588000,97992000,10510000
1488,14595000,102007000,12323000
1489,12573000,97977000,10517000
1490,14592000,102019000,12260000
1491,14653000,100061000,11916000
1492,14576000,99924000,12352000
1493,13580000,99004000,10947000
1494,14580000,101000000,12640000
1495,13580000,99000000,10900000
1496,14588000,101008000,12509000
1497,13584000,98996000,10907000
1498,14592000,101008000,12515000
1499,13579000,98987000,10850000
1500,14576000,100997000,12533000
1501,13661000,99085000,11623000
1502,14591000,100930000,12610000
1503,12580000,97989000,10527000
1504,14588000,102008000,12482000
1505,13580000,98992000,10896000
1506,14604000,101023000,12149000
1507,13577000,98974000,10961000
1508,14592000,101015000,12585000
1509,12572000,97980000,10835000
1510,14576000,102004000,12303000
1511,14665000,100088000,12236000
1512,14584000,99920000,12244000
1513,13584000,99000000,10864000
1514,14580000,100996000,12606000
1515,13592000,99012000,11082000
1516,14662000,101070000,12483000
1517,13601000,98934000,10953000
1518,14600000,101004000,12767000
1519,12587000,97987000,10471000
1520,14584000,101997000,12716000
1521,14654000,100069000,11867000
1522,15587000,100934000,12851000
1523,13597000,98009000,11194000
1524,14584000,100988000,12597000
1525,13597000,99012000,10989000
1526,15604000,102008000,12889000
1527,13584000,97976000,11090000
1528,14592000,101008000,12265000
1529,12589000,97997000,10818000
1530,14584000,101995000,12691000
1531,13585000,99001000,11099000
1532,14584000,100999000,12715000
1533,12591000,98006000,10477000
1534,14592000,102002000,12648000
1535,12588000,97996000,10640000
1536,14595000,102007000,12597000
1537,13577000,98981000,11134000
1538,14580000,101004000,12601000
1539,13585000,99005000,10939000
1540,14592000,101007000,12684000
1541,13576000,98984000,11085000
1542,15584000,102008000,12837000
1543,13569000,97985000,10899000
1544,15592000,102023000,13541000
1545,12576000,96984000,10473000
1546,12593000,100017000,10486000
1547,13585000,100991000,11048000
1548,13618000,100034000,10986000
1549,13585000,99966000,10988000
1550,13619000,100035000,11077000
1551,13581000,99962000,11619000
1552,13593000,100011000,11000000
1553,13595000,100003000,10998000
1554,13585000,99989000,11713000
1555,13580000,99996000,11572000
1556,13599000,100019000,11438000
1557,13589000,99989000,10958000
1558,12585000,98997000,10826000
1559,13669000,101084000,11680000
1560,13588000,99923000,11601000
1561,14661000,101073000,12082000
1562,13576000,98915000,11820000
1563,13580000,100004000,11472000
1564,14581000,101001000,12049000
1565,13593000,99012000,11556000
1566,13589000,99996000,11492000
1567,14595000,101006000,12055000
1568,13584000,98989000,11644000
1569,14565000,100981000,11986000
1570,13599000,99033000,11585000
1571,14661000,101062000,12001000
1572,13584000,98924000,11806000
1573,14583000,100999000,11871000
1574,13588000,99005000,11611000
1575,13577000,99988000,11686000
1576,13593000,100016000,11482000
1577,14580000,100988000,12040000
1578,13585000,99004000,11418000
1579,14591000,101007000,11905000
1580,13569000,98977000,11498000
1581,14665000,101097000,11916000
1582,14561000,99896000,11857000
1583,14573000,100012000,11855000
1584,13589000,99015000,11597000
1585,14580000,100992000,11866000
1586,13585000,99005000,11461000
1587,13668000,100083000,11611000
1588,13577000,99908000,11611000
1589,13577000,100000000,11686000
1590,13591000,100015000,11691000
1591,13653000,100061000,11696000
1592,13576000,99924000,11568000
1593,13584000,100008000,11648000
1594,13588000,100004000,11581000
1595,13584000,99996000,11518000
1596,13583000,99999000,11523000
1597,13581000,99998000,11601000
1598,13585000,100004000,11537000
1599,13583000,99998000,11474000
1600,13580000,99997000,11615000
1601,14748000,101168000,11901000
1602,13595000,98847000,11564000
1603,14589000,100993000,11908000
1604,13585000,98997000,11420000
1605,13573000,99987000,11437000
1606,13565000,99993000,11508000
1607,13581000,100015000,11589000
1608,13572000,99992000,11585000
1609,23997000,110424000,12327000
1610,14581000,90581000,12015000
1611,14669000,100091000,11947000
1612,13588000,98920000,11828000
1613,14584000,100996000,11962000
1614,14585000,100001000,11967000
1615,14588000,100003000,11912000
1616,13565000,98976000,11419000
1617,14577000,101013000,11846000
1618,13595000,99018000,11434000
1619,14673000,101077000,11929000
1620,13581000,98909000,11585000
1621,13672000,100091000,11597000
1622,13585000,99913000,11802000
1623,13677000,100091000,11461000
1624,14581000,100905000,11890000
1625,13593000,99011000,11472000
1626,13577000,99984000,11408000
1627,13589000,100012000,11835000
1628,14584000,100996000,11904000
1629,13581000,98997000,11778000
1630,14581000,101000000,11843000
1631,13673000,99091000,11729000
1632,13577000,99905000,11726000
1633,14588000,101011000,11863000
1634,14680000,100092000,12010000
1635,13592000,98912000,11668000
1636,13569000,99977000,11446000
1637,14595000,101026000,11949000
1638,13569000,98974000,11391000
1639,14588000,101019000,11896000
1640,13592000,99004000,11475000
1641,13669000,100077000,11566000
1642,13581000,99912000,11826000
1643,14584000,101003000,12056000
1644,13584000,99000000,11493000
1645,13580000,99996000,11433000
1646,13584000,100004000,11504000
1647,14581000,100996000,11871000
1648,13588000,99008000,11664000
1649,13581000,99993000,11458000
1650,13595000,100014000,11464000
1651,14665000,101069000,12021000
1652,14669000,100004000,11953000
1653,13591000,98922000,11337000
1654,13577000,99986000,11555000
1655,13589000,100013000,11565000
1656,13587000,99998000,11419000
1657,13580000,99993000,11432000
1658,13588000,100008000,11434000
1659,13588000,100000000,11447000
1660,13584000,99996000,11441000
1661,13669000,100084000,11668000
1662,13592000,99924000,11737000
1663,13588000,99996000,11755000
1664,13584000,99996000,11748000
1665,13584000,100000000,11134000
1666,13603000,100018000,11265000
1667,13588000,99986000,11482000
1668,13589000,100000000,11422000
1669,13591000,100003000,11428000
1670,13576000,99985000,11359000
1671,13653000,100077000,11584000
1672,13595000,99941000,11510000
1673,14581000,100987000,12001000
1674,13580000,98999000,11524000
1675,13572000,99992000,11811000
1676,13584000,100012000,11392000
1677,13588000,100004000,11689000
1678,13581000,99992000,11395000
1679,13584000,100004000,11572000
1680,13585000,100000000,11410000
1681,13665000,100081000,11635000
1682,13591000,99926000,11572000
1683,13588000,99997000,11507000
1684,13580000,99992000,11501000
1685,13603000,100022000,11441000
1686,13592000,99990000,11377000
1687,14585000,100993000,11941000
1688,13587000,99001000,11457000
1689,14577000,100991000,11944000
1690,13588000,99011000,11754000
1691,14673000,101084000,11898000
1692,14592000,99920000,11895000
1693,13588000,98996000,11836000
1694,13585000,99996000,11416000
1695,13584000,100000000,11789000
1696,13584000,100000000,11357000
1697,14592000,101008000,11854000
1698,13592000,99000000,11735000
1699,14592000,101000000,11940000
1700,14592000,100000000,11879000
1701,13668000,99075000,11605000
1702,13588000,99921000,11745000
1703,13588000,100000000,11754000
1704,14603000,101015000,11956000
1705,13573000,98969000,11275000
1706,13581000,100009000,11481000
1707,14588000,101007000,12056000
1708,14588000,100000000,11848000
1709,14577000,99988000,11925000
1710,13589000,99012000,11722000
1711,13669000,100080000,11667000
1712,14585000,100917000,11862000
1713,13584000,98999000,11318000
1714,13581000,99997000,11818000
1715,13584000,100003000,11754000
1716,13589000,100005000,11469000
1717,13599000,100009000,11619000
1718,13584000,99986000,11484000
1719,13569000,99984000,11771000
1720,13595000,100027000,11418000
1721,14653000,101058000,11983000
1722,13580000,98927000,11363000
1723,13585000,100004000,11727000
1724,14569000,100984000,12002000
1725,13580000,99012000,11526000
1726,13557000,99976000,11319000
1727,13580000,100024000,11398000
1728,13581000,100001000,11403000
1729,23997000,110415000,12013000
1730,13573000,89573000,11488000
1731,13665000,100095000,11648000
1732,13577000,99913000,11425000
1733,13595000,100017000,11434000
1734,13592000,99998000,11436000
1735,13592000,100000000,11437000
1736,13587000,99995000,11365000
1737,13580000,99993000,11379000
1738,23997000,110416000,11846000
1739,13588000,89588000,11463000
1740,13588000,100004000,11456000
1741,13665000,100076000,11545000
1742,13588000,99924000,11615000
1743,13588000,100000000,11345000
1744,13588000,100000000,11478000
1745,13589000,100000000,11567000
1746,13592000,100004000,11371000
1747,13584000,99992000,11359000
1748,13585000,100000000,11438000
1749,13595000,100011000,11505000
1750,13577000,99982000,11445000
1751,13657000,100080000,11736000
1752,13591000,99933000,11452000
1753,13564000,99974000,11601000
1754,13580000,100016000,11327000
1755,13584000,100004000,11333000
1756,13588000,100004000,11404000
1757,13589000,100001000,11478000
1758,13589000,100000000,11341000
1759,13584000,99995000,11362000
1760,13592000,100008000,11364000
1761,13673000,100080000,11439000
1762,13592000,99920000,11449000
1763,13584000,99992000,11450000
1764,13569000,99985000,11447000
1765,13595000,100026000,11460000
1766,13580000,99985000,11323000
1767,13592000,100012000,11471000
1768,13599000,100007000,11403000
1769,13589000,99990000,11556000
1770,13576000,99987000,11410000
1771,13676000,100100000,11497000
1772,13569000,99893000,11714000
1773,13569000,99999000,11160000
1774,13588000,100020000,11576000
1775,14593000,101005000,11859000
1776,13588000,98995000,11304000
1777,13588000,100000000,11667000
1778,13589000,100000000,11466000
1779,23997000,110408000,12342000
1780,13593000,89593000,11680000
1781,13665000,100076000,11684000
1782,13592000,99927000,11691000
1783,12893000,99301000,11840000
1784,14599000,101706000,11906000
1785,13581000,98982000,11784000
1786,13565000,99984000,11292000
1787,13595000,100029000,11726000
1788,14577000,100983000,11927000
1789,14584000,100007000,11869000
1790,13576000,98992000,11741000
1791,13657000,100080000,11820000
1792,13585000,99929000,11749000
1793,13573000,99988000,11395000
1794,12917000,99344000,11832000
1795,13589000,100671000,11699000
1796,13585000,99997000,11342000
1797,13579000,99994000,11707000
1798,13589000,100009000,11496000
1799,13577000,99988000,11652000
1800,14579000,101003000,11989000
1801,13653000,99074000,11373000
1802,13581000,99927000,11798000
1803,13583000,100003000,11044000
1804,13573000,99989000,11459000
1805,13588000,100016000,11750000
1806,13580000,99992000,11334000
1807,13584000,100004000,11479000
1808,13581000,99996000,11349000
1809,13576000,99996000,11343000
1810,13588000,100012000,11349000
1811,13665000,100077000,11427000
1812,13572000,99907000,11363000
1813,23997000,110424000,11847000
1814,13569000,89569000,11443000
1815,13581000,100016000,11379000
1816,13591000,100010000,11319000
1817,13657000,100065000,11390000
1818,13588000,99932000,11322000
1819,13595000,100007000,11470000
1820,13589000,99994000,11333000
1821,23997000,110407000,11967000
1822,13588000,89588000,11348000
1823,13576000,99992000,11284000
1824,13576000,100000000,11493000
1825,13581000,100004000,11360000
1826,13584000,100004000,11440000
1827,13588000,100004000,11448000
1828,13584000,99996000,11453000
1829,13589000,100004000,11325000
1830,13589000,100001000,11611000
1831,14677000,101087000,11956000
1832,23997000,109320000,12286000
1833,13593000,89593000,11292000
1834,13581000,99992000,11282000
1835,13595000,100014000,11422000
1836,13576000,99981000,11288000
1837,13580000,100004000,11298000
1838,13581000,100001000,11226000
1839,23997000,110415000,11848000
1840,13585000,89585000,11310000
1841,13673000,100092000,11381000
1842,13589000,99916000,11321000
1843,13589000,99999000,11326000
1844,13577000,99989000,11393000
1845,13588000,100011000,11415000
1846,13589000,100001000,11334000
1847,13580000,99991000,11344000
1848,13587000,100007000,11207000
1849,13600000,100013000,11502000
1850,13588000,99988000,11291000
1851,13664000,100076000,11435000
1852,13585000,99921000,11367000
1853,13576000,99991000,11315000
1854,13580000,100004000,11382000
1855,13584000,100004000,11330000
1856,13584000,100000000,11258000
1857,13588000,100004000,11336000
1858,13588000,100000000,11195000
1859,13589000,100001000,11347000
1860,13581000,99991000,11495000
1861,23997000,110416000,12034000
1862,13589000,89588000,11437000
1863,13572000,99988000,11295000
1864,13579000,100007000,11366000
1865,13585000,100005000,11449000
1866,13580000,99996000,11381000
1867,14607000,101027000,11870000
1868,13597000,98990000,11813000
1869,14608000,101007000,11952000
1870,13607000,99003000,11817000
1871,13665000,100058000,11689000
1872,13584000,99919000,11691000
1873,13584000,100000000,11766000
1874,13584000,100000000,11709000
1875,14600000,101016000,11914000
1876,13601000,99000000,11292000
1877,13608000,100008000,11665000
1878,13600000,99992000,11439000
1879,13604000,100000000,11597000
1880,13580000,99976000,11546000
1881,13589000,100008000,11531000
1882,13593000,100005000,11537000
1883,13603000,100009000,11618000
1884,13585000,99983000,11138000
1885,13592000,100007000,11707000
1886,13603000,100011000,11146000
1887,13592000,99989000,11639000
1888,24001000,110408000,12378000
1889,13585000,89585000,11799000
1890,13592000,100007000,11719000
1891,14592000,101000000,11865000
1892,13589000,98997000,11734000
1893,13584000,99995000,11332000
1894,13593000,100009000,11605000
1895,13584000,99991000,11403000
1896,13588000,100004000,11413000
1897,13585000,99996000,11410000
1898,13593000,100009000,11407000
1899,13599000,100006000,11282000
1900,13581000,99982000,11352000
1901,23001000,109419000,11816000
1902,13599000,90599000,11379000
1903,13592000,99993000,11512000
1904,13588000,99996000,11448000
1905,13577000,99988000,11245000
1906,13597000,100021000,11177000
1907,13661000,100064000,11460000
1908,13669000,100008000,11551000
1909,13592000,99923000,11474000
1910,13577000,99985000,11472000
1911,13581000,100004000,11346000
1912,13576000,99995000,11357000
1913,13592000,100016000,11427000
1914,13592000,100000000,11501000
1915,13603000,100011000,11368000
1916,23001000,109397000,11835000
1917,13597000,90597000,11391000
1918,13603000,100005000,11246000
1919,13596000,99994000,11394000
1920,13592000,99996000,11460000
1921,13576000,99984000,11262000
1922,13584000,100008000,11336000
1923,13585000,100001000,11342000
1924,13581000,99996000,11347000
1925,13589000,100008000,11353000
1926,13589000,100000000,11211000
1927,13588000,99999000,11433000
1928,13589000,100001000,11443000
1929,13591000,100002000,11309000
1930,23001000,109409000,11763000
1931,13603000,90603000,11254000
1932,13585000,99982000,11174000
1933,13580000,99995000,11327000
1934,24001000,110420000,11871000
1935,13592000,89592000,11272000
1936,23001000,109408000,11812000
1937,13580000,90580000,11348000
1938,13589000,100009000,11276000
1939,13596000,100007000,11228000
1940,13596000,100000000,11499000
1941,13596000,100000000,11652000
1942,13593000,99997000,11796000
1943,13588000,99995000,11523000
1944,13588000,100000000,11750000
1945,13589000,100000000,11676000
1946,13593000,100005000,11323000
1947,13607000,100013000,11618000
1948,13592000,99986000,11821000
1949,13593000,100001000,11278000
1950,13599000,100006000,11627000
1951,13592000,99993000,11493000
1952,13603000,100011000,11568000
1953,13596000,99993000,11226000
1954,13604000,100008000,11789000
1955,14597000,100993000,11931000
1956,13596000,98999000,11177000
1957,13593000,99996000,11601000
1958,13592000,100000000,11388000
1959,13580000,99988000,11623000
1960,12921000,99341000,11834000
1961,13593000,100671000,11416000
1962,14581000,100988000,11839000
1963,13607000,99027000,11566000
1964,13577000,99970000,11775000
1965,13584000,100007000,11580000
1966,13579000,99995000,11167000
1967,13592000,100013000,11597000
1968,13596000,100004000,11809000
1969,13593000,99996000,11609000
1970,13593000,100000000,11610000
1971,13593000,100000000,11613000
1972,13592000,100000000,11688000
1973,13577000,99985000,11627000
1974,13589000,100012000,11766000
1975,13592000,100003000,11635000
1976,13592000,100000000,11225000
1977,13600000,100008000,11790000
1978,13593000,99992000,11439000
1979,13591000,99999000,11796000
1980,13577000,99986000,11580000
1981,13592000,100015000,11312000
1982,13599000,100006000,11664000
1983,13584000,99986000,11261000
1984,13577000,99992000,11825000
1985,13588000,100012000,11821000
1986,13596000,100008000,11331000
1987,13585000,99988000,11279000
1988,13589000,100005000,11350000
1989,13580000,99991000,11715000
1990,13573000,99993000,11499000
1991,13588000,100015000,11725000
1992,13596000,100008000,11797000
1993,13577000,99981000,11732000
1994,13592000,100015000,11672000
1995,13591000,99999000,11319000
1996,13589000,99998000,11242000
1997,13596000,100007000,11757000
1998,13603000,100006000,11261000
1999,13596000,99994000,11698000
2000,13592000,99996000,11619000
2001,13588000,99996000,11208000
2002,13596000,100008000,11703000
2003,13588000,99992000,11580000
2004,13592000,100004000,11652000
2005,13588000,99996000,11656000
2006,13584000,99996000,11235000
2007,13592000,100008000,11522000
2008,13584000,99992000,11528000
2009,13576000,99992000,11745000
2010,13589000,100012000,11750000
2011,13599000,100011000,11555000
2012,13585000,99985000,11685000
2013,13584000,100000000,11211000
2014,13599000,100015000,11695000
2015,13592000,99993000,11283000
2016,13592000,100000000,11289000
2017,13588000,99996000,11788000
2018,13595000,100007000,11508000
2019,13581000,99985000,11799000
2020,13580000,100000000,11589000
2021,13588000,100008000,11254000
2022,13584000,99996000,11742000
2023,13588000,100004000,11613000
2024,13588000,100000000,11762000
2025,13581000,99992000,11766000
2026,13588000,100008000,11273000
2027,13599000,100011000,11770000
2028,13597000,99997000,11563000
2029,13585000,99989000,11160000
2030,13587000,100002000,11589000
2031,13592000,100005000,11652000
2032,13588000,99996000,11302000
2033,13589000,100001000,11238000
2034,13588000,99999000,11386000
2035,13592000,100004000,11326000
2036,13572000,99980000,11327000
2037,13589000,100017000,11623000
2038,13585000,99995000,11265000
2039,13588000,100004000,11564000
2040,13588000,100000000,11775000
2041,13580000,99992000,11428000
2042,13576000,99996000,11644000
2043,13595000,100019000,11365000
2044,13592000,99997000,11228000
2045,13589000,99997000,11660000
2046,13595000,100006000,11239000
2047,13589000,99994000,11672000
2048,13580000,99991000,11323000
2049,13592000,100012000,11684000
2050,13588000,99996000,11334000
2051,13585000,99996000,11762000
2052,13580000,99996000,11556000
2053,13593000,100013000,11774000
2054,13589000,99996000,11490000
2055,13593000,100004000,11781000
2056,13588000,99995000,11232000
2057,13585000,99997000,11584000
2058,13584000,99999000,11238000
2059,13595000,100011000,11601000
2060,13593000,99997000,11742000
2061,13589000,99996000,11254000
2062,13591000,100003000,11754000
2063,13580000,99989000,11196000
2064,13593000,100013000,11270000
2065,13592000,99999000,11349000
2066,13592000,100000000,11277000
2067,13585000,99993000,11571000
2068,13588000,100003000,11572000
2069,13588000,100000000,11580000
2070,13577000,99988000,11580000
2071,13573000,99997000,11381000
2072,13589000,100016000,11249000
2073,13592000,100003000,11254000
2074,13572000,99980000,11394000
2075,13595000,100023000,11473000
2076,13580000,99985000,11196000
2077,13584000,100004000,11561000
2078,13599000,100015000,11273000
2079,13597000,99997000,11571000
2080,13584000,99988000,11640000
2081,13592000,100008000,11297000
2082,13581000,99988000,11723000
2083,13588000,100008000,11593000
2084,13588000,100000000,11517000
2085,13592000,100004000,11314000
2086,13584000,99992000,11177000
2087,13584000,100000000,11537000
2088,13596000,100012000,11555000
2089,13580000,99984000,11618000
2090,13580000,100000000,11623000
2091,13587000,100007000,11568000
2092,13588000,100001000,11568000
2093,13595000,100007000,11496000
2094,13599000,100004000,11718000
2095,13592000,99993000,11507000
2096,13593000,100001000,11231000
2097,13603000,100010000,11038000
2098,13592000,99989000,11113000
2099,13581000,99988000,11394000
2100,13589000,100008000,11537000
2101,13592000,100004000,11401000
2102,13592000,100000000,11333000
2103,13580000,99988000,10995000
2104,13596000,100016000,11283000
2105,13608000,100012000,11576000
2106,13584000,99976000,11092000
2107,13592000,100008000,11100000
2108,13589000,99996000,11099000
2109,13589000,100001000,11183000
2110,13599000,100010000,11176000
2111,13577000,99978000,11189000
2112,13588000,100011000,11195000
2113,13587000,99998000,11134000
2114,13592000,100006000,11139000
2115,13584000,99992000,11280000
2116,13584000,100000000,11208000
2117,13580000,99996000,11218000
2118,13599000,100019000,11227000
2119,13597000,99997000,11290000
2120,13592000,99996000,11231000
2121,13588000,99996000,11382000
2122,13588000,100000000,11241000
2123,13585000,99997000,11117000
2124,13588000,100003000,11186000
2125,13593000,100004000,11400000
2126,13595000,100003000,11193000
2127,13589000,99994000,11194000
2128,13592000,100003000,11066000
2129,13595000,100003000,11205000
2130,13581000,99985000,11207000
2131,13580000,100000000,11286000
2132,13592000,100012000,11217000
2133,13592000,100000000,11164000
2134,13593000,100001000,11367000
2135,13596000,100003000,11519000
2136,13589000,99993000,11248000
2137,13592000,100003000,11384000
2138,13596000,100004000,11249000
2139,13607000,100011000,11259000
2140,13589000,99981000,11399000
2141,13592000,100004000,11270000
2142,13591000,99999000,11275000
2143,13592000,100001000,11419000
2144,13592000,100000000,11359000
2145,13599000,100006000,11222000
2146,13588000,99990000,11362000
2147,13592000,100004000,11233000
2148,13589000,99996000,11242000
2149,13596000,100008000,11317000
2150,13588000,99992000,11245000
2151,13584000,99996000,11536000
2152,13592000,100008000,11623000
2153,13584000,99992000,11623000
2154,13592000,100008000,11556000
2155,13599000,100007000,11484000
2156,13681000,100082000,11212000
2157,13589000,99912000,11708000
2158,13587000,99998000,11211000
2159,13581000,99994000,11502000
2160,13577000,99996000,11716000
2161,13664000,100087000,11799000
2162,13580000,99916000,11522000
2163,13673000,100093000,11315000
2164,13657000,99983000,11668000
2165,13576000,99920000,11680000
2166,13588000,100012000,11193000
2167,13581000,99992000,11553000
2168,13585000,100004000,11559000
2169,13589000,100005000,11563000
2170,13588000,99999000,11568000
2171,13673000,100084000,11644000
2172,13584000,99912000,11510000
2173,13595000,100011000,11725000
2174,13599000,100003000,11585000
2175,13588000,99990000,11593000
2176,13581000,99993000,11111000
2177,13595000,100013000,11464000
2178,13577000,99983000,11119000
2179,13588000,100011000,11471000
2180,13584000,99996000,11550000
2181,13673000,100088000,11631000
2182,13585000,99913000,11559000
2183,13589000,100004000,11567000
2184,13584000,99995000,11577000
2185,13588000,100004000,11504000
2186,13588000,100000000,11088000
2187,13592000,100004000,10968000
2188,13597000,100004000,11307000
2189,13584000,99988000,11456000
2190,13595000,100011000,11601000
2191,13665000,100069000,11614000
2192,13589000,99925000,11550000
2193,13591000,100001000,11074000
2194,13581000,99991000,11627000
2195,13589000,100008000,11492000
2196,13588000,99999000,11084000
2197,13589000,100001000,11572000
2198,13592000,100003000,11088000
2199,13592000,100000000,11448000
2200,13592000,100000000,11455000
2201,13681000,100089000,11306000
2202,13584000,99903000,11383000
2203,13588000,100004000,11614000
2204,13584000,99996000,11328000
2205,13580000,99996000,11330000
2206,13587000,100007000,11126000
2207,13596000,100009000,11416000
2208,13596000,100000000,11145000
2209,13600000,100004000,11490000
2210,13604000,100004000,11717000
2211,13592000,99984000,11584000
2212,13583000,99990000,11376000
2213,13588000,100006000,11597000
2214,13592000,100004000,11386000
2215,13588000,100000000,11457000
2216,13604000,100016000,11395000
2217,13608000,100000000,11833000
2218,13676000,100072000,11269000
2219,13577000,99900000,11492000
2220,13588000,100012000,11480000
2221,13661000,100073000,11779000
2222,13591000,99930000,11283000
2223,13580000,99989000,10949000
2224,13595000,100015000,11506000
2225,13595000,99999000,11589000
2226,13588000,99994000,11166000
2227,13585000,99996000,11457000
2228,13595000,100011000,11454000
2229,13592000,99997000,11541000
2230,13592000,100000000,11400000
2231,13669000,100077000,11474000
2232,13588000,99919000,11068000
2233,13604000,100016000,11274000
2234,13592000,99988000,11149000
2235,13588000,99996000,11227000
2236,13581000,99992000,11159000
2237,13592000,100012000,11302000
2238,13588000,99996000,11174000
2239,13592000,100004000,11460000
2240,13589000,99997000,11601000
2241,13668000,100078000,11467000
2242,13580000,99913000,11464000
2243,13593000,100013000,11408000
2244,13591000,99998000,11418000
2245,13592000,100001000,11631000
2246,13585000,99992000,11082000
2247,13576000,99992000,11572000
2248,13592000,100016000,11427000
2249,13585000,99992000,11441000
2250,13584000,100000000,11662000
2251,23997000,110412000,12212000
2252,13589000,89589000,11457000
2253,13580000,99995000,10968000
2254,13588000,100008000,11056000
2255,13589000,100000000,10979000
2256,13592000,100004000,11135000
2257,22997000,109404000,11681000
2258,13589000,90589000,11003000
2259,22997000,109411000,11556000
2260,13599000,90599000,11010000
2261,13650000,100054000,11084000
2262,13588000,99939000,10944000
2263,13593000,100004000,11162000
2264,13584000,99992000,11094000
2265,13581000,99997000,11112000
2266,13580000,99999000,11048000
2267,22997000,109416000,11440000
2268,13572000,90572000,11131000
2269,13677000,100108000,11194000
2270,13589000,99912000,11208000
2271,13661000,100073000,11209000
2272,13580000,99919000,11146000
2273,13591000,100011000,11148000
2274,22997000,109405000,11537000
2275,13581000,90581000,10953000
2276,13591000,100014000,11089000
2277,13584000,99993000,11034000
2278,22997000,109412000,11414000
2279,13584000,90584000,11053000
2280,13588000,100008000,11058000
2281,22997000,109408000,11749000
2282,13589000,90589000,11142000
2283,13588000,100003000,10992000
2284,13665000,100076000,11271000
2285,22997000,109332000,11684000
2286,13581000,90581000,11157000
2287,13585000,100008000,11009000
2288,13589000,100004000,11015000
2289,13599000,100010000,10959000
2290,13588000,99989000,11664000
2291,13657000,100068000,11668000
2292,13583000,99927000,11387000
2293,13589000,100005000,11397000
2294,13577000,99989000,11186000
2295,13587000,100010000,11550000
2296,13581000,99993000,11134000
2297,13612000,100032000,11211000
2298,13580000,99968000,11003000
2299,13592000,100012000,11711000
2300,13576000,99984000,11640000
2301,13665000,100089000,11726000
2302,13596000,99931000,11597000
2303,13576000,99980000,11451000
2304,13580000,100004000,11521000
2305,13595000,100015000,11454000
2306,13592000,99997000,11123000
2307,13593000,100001000,11264000
2308,13599000,100006000,11335000
2309,13592000,99993000,11487000
2310,13584000,99992000,11268000
2311,13675000,100091000,11775000
2312,13588000,99913000,11422000
2313,13589000,100001000,11083000
2314,13581000,99991000,11367000
2315,13589000,100009000,11377000
2316,13580000,99991000,11097000
2317,13588000,100008000,11668000
2318,13592000,100004000,11190000
2319,13588000,99996000,11398000
2320,13580000,99992000,11131000
2321,13668000,100088000,11409000
2322,13593000,99924000,11558000
2323,13584000,99992000,11416000
2324,13587000,100003000,11487000
2325,13580000,99993000,11427000
2326,13593000,100012000,11156000
2327,13599000,100006000,11438000
2328,13589000,99990000,11304000
2329,13612000,100024000,11660000
2330,13592000,99980000,11311000
2331,13669000,100077000,11749000
2332,13584000,99915000,11329000
2333,13592000,100008000,11551000
2334,13592000,100000000,11623000
2335,13592000,100000000,11350000
2336,13584000,99992000,11142000
2337,13588000,100004000,11214000
2338,13588000,100000000,10938000
2339,23997000,110408000,11841000
2340,13592000,89592000,11307000
2341,13665000,100077000,11305000
2342,13581000,99916000,11241000
2343,13587000,100006000,11052000
2344,13588000,100001000,11321000
2345,13584000,99996000,11334000
2346,13588000,100004000,11059000
2347,13585000,99997000,11271000
2348,13588000,100003000,11342000
2349,13584000,99996000,11491000
2350,13581000,99997000,11285000
2351,13653000,100072000,11791000
2352,13589000,99935000,11291000
2353,13588000,100000000,11379000
2354,13584000,99996000,11441000
2355,13585000,100000000,11385000
2356,13595000,100011000,11048000
2357,13592000,99997000,11465000
2358,13589000,99997000,11055000
2359,13595000,100006000,11406000
2360,23997000,110401000,11946000
2361,13601000,89601000,11700000
2362,13592000,99995000,11487000
2363,13585000,99992000,11568000
2364,13576000,99992000,11572000
2365,13588000,100012000,11369000
2366,13580000,99992000,11020000
2367,13576000,99996000,11107000
2368,13589000,100012000,11601000
2369,13585000,99997000,11609000
2370,13580000,99995000,11533000
2371,13653000,100073000,11479000
2372,13583000,99930000,11554000
2373,13573000,99990000,10934000
2374,13577000,100003000,11352000
2375,13583000,100007000,11149000
2376,13589000,100006000,11084000
2377,13584000,99995000,11511000
2378,13585000,100001000,11092000
2379,13569000,99984000,11367000
2380,13576000,100007000,11511000
2381,13665000,100089000,11455000
2382,13580000,99915000,11533000
2383,13580000,100000000,11324000
2384,13592000,100012000,11464000
2385,13584000,99992000,11348000
2386,13589000,100005000,10923000
2387,13577000,99988000,11345000
2388,13599000,100022000,11416000
2389,13588000,99989000,11364000
2390,13585000,99996000,11500000
2391,13669000,100084000,11648000
2392,13596000,99928000,11438000
2393,13584000,99988000,11451000
2394,13588000,100004000,11448000
2395,13588000,100000000,11392000
2396,13592000,100004000,11059000
2397,13588000,99996000,11554000
2398,13589000,100000000,11134000
2399,13577000,99988000,11340000
2400,13585000,100008000,11485000
2401,13669000,100084000,11580000
2402,13588000,99920000,11357000
2403,13589000,100001000,10950000
2404,13595000,100006000,11298000
2405,13589000,99994000,11307000
2406,13588000,99999000,10892000
2407,13595000,100007000,11310000
2408,13596000,100001000,11668000
2409,13581000,99985000,11529000
2410,13577000,99996000,11542000
2411,13669000,100091000,11266000
2412,13576000,99908000,11560000
2413,13576000,100000000,11347000
2414,13576000,100000000,11348000
2415,13581000,100005000,11353000
2416,13588000,100007000,11012000
2417,13584000,99996000,11516000
2418,13588000,100004000,10888000
2419,13673000,100085000,11449000
2420,13672000,99999000,11381000
2421,13665000,99992000,11394000
2422,13585000,99921000,11256000
2423,13591000,100006000,11270000
2424,13592000,100001000,11263000
2425,13593000,100001000,11339000
2426,13579000,99986000,10997000
2427,13584000,100005000,10864000
2428,13561000,99976000,11285000
2429,13577000,100017000,11364000
2430,13592000,100015000,11438000
2431,13665000,100073000,11028000
2432,13584000,99919000,11307000
2433,11897000,98313000,10841000
2434,13581000,101684000,11456000
2435,13577000,99996000,11257000
2436,13583000,100006000,10916000
2437,13585000,100002000,11272000
2438,13585000,100000000,10996000
2439,13587000,100002000,10932000
2440,13589000,100001000,11489000
2441,13661000,100072000,11433000
2442,13591000,99931000,11291000
2443,13577000,99986000,11580000
2444,13585000,100008000,11437000
2445,13576000,99991000,11176000
2446,13580000,100004000,10974000
2447,13585000,100005000,11048000
2448,13577000,99992000,11319000
2449,13592000,100015000,11268000
2450,13585000,99992000,11265000
2451,13649000,100065000,11421000
2452,13572000,99923000,11284000
2453,13592000,100020000,11366000
2454,13580000,99988000,11302000
2455,13587000,100006000,11308000
2456,13596000,100010000,11097000
2457,13596000,100000000,11042000
2458,13587000,99991000,10977000
2459,13577000,99989000,11321000
2460,13585000,100008000,11253000
2461,13665000,100081000,11336000
2462,13588000,99923000,11138000
2463,13577000,99989000,10863000
2464,13580000,100003000,10936000
2465,13588000,100008000,11367000
2466,13592000,100004000,10943000
2467,13593000,100000000,10891000
2468,13577000,99985000,11448000
2469,13589000,100011000,11310000
2470,13577000,99989000,11311000
2471,13668000,100091000,11533000
2472,13592000,99924000,11257000
2473,13677000,100084000,11545000
2474,13595000,99919000,11333000
2475,13588000,99993000,11404000
2476,13580000,99992000,10924000
2477,13580000,100000000,11276000
2478,13573000,99992000,11277000
2479,13589000,100017000,11368000
2480,13588000,99999000,11231000
2481,13653000,100065000,11461000
2482,13576000,99923000,11241000
2483,13576000,100000000,11251000
2484,13568000,99992000,11257000
2485,13580000,100012000,11257000
2486,12589000,99009000,10712000
2487,13587000,100998000,11264000
2488,13593000,100005000,11343000
2489,13613000,100020000,11289000
2490,13587000,99975000,11285000
2491,13654000,100067000,11486000
2492,13581000,99926000,11492000
2493,13588000,100008000,10891000
2494,13592000,100004000,10947000
2495,13589000,99997000,10964000
2496,22997000,109407000,11423000
2497,13584000,90584000,11044000
2498,13595000,100015000,10899000
2499,13589000,99993000,10982000
2500,13568000,99980000,11143000
2501,13669000,100100000,11150000
2502,13576000,99908000,11078000
2503,13599000,100023000,11000000
2504,13576000,99977000,11074000
2505,13573000,99996000,11366000
2506,12595000,99023000,10750000
2507,13584000,100989000,10952000
2508,13589000,100004000,11509000
2509,13592000,100004000,11453000
2510,13592000,100000000,11315000
2511,13677000,100084000,11394000
2512,13589000,99913000,11322000
2513,13584000,99995000,10919000
2514,13589000,100005000,10917000
2515,13580000,99991000,10995000
2516,13580000,100000000,11010000
2517,13585000,100005000,10941000
2518,13585000,100000000,10938000
2519,13583000,99998000,11017000
2520,13569000,99986000,11092000
2521,13677000,100107000,11237000
2522,13591000,99915000,11036000
2523,12576000,98985000,10832000
2524,13588000,101012000,11115000
2525,13599000,100011000,10911000
2526,12592000,98993000,10712000
2527,13585000,100992000,10857000
2528,13577000,99993000,11408000
2529,13577000,99999000,11210000
2530,13588000,100012000,11280000
2531,13665000,100077000,11359000
2532,13573000,99907000,11304000
2533,13589000,100017000,11301000
2534,13585000,99996000,11302000
2535,13575000,99990000,11524000
2536,13589000,100014000,10896000
2537,13585000,99995000,11326000
2538,13583000,99999000,11051000
2539,13573000,99990000,10849000
2540,13584000,100011000,11064000
2541,13672000,100088000,11076000
2542,13584000,99912000,11002000
2543,13588000,100004000,11008000
2544,13584000,99996000,11009000
2545,13580000,99996000,11027000
2546,13585000,100005000,10954000
2547,13585000,100000000,10960000
2548,13588000,100003000,11117000
2549,13585000,99997000,11120000
2550,13577000,99991000,11051000
2551,13656000,100080000,11059000
2552,13580000,99924000,10914000
2553,13585000,100004000,10851000
2554,13591000,100007000,11275000
2555,13589000,99997000,11281000
2556,13588000,100000000,10868000
2557,13595000,100007000,10949000
2558,13581000,99985000,10946000
2559,13604000,100024000,11235000
2560,13589000,99985000,11304000
2561,13677000,100088000,11379000
2562,13604000,99927000,11524000
2563,13576000,99968000,11328000
2564,13589000,100013000,11402000
2565,13592000,100003000,11273000
2566,13589000,99996000,11072000
2567,14588000,101004000,12753000
2568,13593000,99005000,11628000
2569,13584000,99987000,11643000
2570,13596000,100016000,11509000
2571,14663000,101067000,12766000
2572,13581000,98918000,11222000
2573,15588000,102007000,12916000
2574,13585000,97996000,11306000
2575,15580000,101996000,13134000
2576,13580000,98000000,11047000
2577,15588000,102008000,13141000
2578,13583000,97995000,10911000
2579,15581000,101998000,12939000
2580,13568000,97987000,11551000
2581,15670000,102101000,13164000
2582,13581000,97912000,11214000
2583,14588000,101007000,12557000
2584,13583000,98995000,11356000
2585,15600000,102016000,13186000
2586,13573000,97973000,10889000
2587,15587000,102015000,12987000
2588,13577000,97990000,11304000
2589,15592000,102015000,13206000
2590,13572000,97980000,11257000
2591,15658000,102086000,13086000
2592,13573000,97914000,11191000
2593,15588000,102016000,12896000
2594,13580000,97992000,11081000
2595,14576000,100996000,12688000
2596,13581000,99004000,10943000
2597,15592000,102012000,13120000
2598,13595000,98003000,11029000
2599,15585000,101989000,12982000
2600,13588000,98004000,10888000
2601,15674000,102085000,13209000
2602,13585000,97911000,11253000
2603,15592000,102008000,13004000
2604,13584000,97992000,11269000
2605,15572000,101988000,13015000
2606,13576000,98004000,10864000
2607,14588000,101012000,12623000
2608,13584000,98996000,11004000
2609,15584000,102000000,12898000
2610,13572000,97988000,10949000
2611,14666000,101094000,12775000
2612,13584000,98918000,10889000
2613,14596000,101011000,12788000
2614,13581000,98986000,10897000
2615,14579000,100998000,12660000
2616,13584000,99005000,11047000
2617,15600000,102016000,13073000
2618,13571000,97971000,10851000
2619,15584000,102013000,12896000
2620,13657000,98072000,11148000
2621,14673000,101017000,12833000
2622,13576000,98903000,10890000
2623,13583000,100007000,10966000
2624,13577000,99994000,10889000
2625,13593000,100016000,10903000
2626,13572000,99979000,10901000
2627,13593000,100021000,11064000
2628,13576000,99983000,10843000
2629,12585000,99009000,10732000
2630,13588000,101003000,11273000
2631,13731000,100143000,11491000
2632,13595000,99863000,11272000
2633,13584000,99990000,11160000
2634,13585000,100000000,11217000
2635,13591000,100007000,11247000
2636,13576000,99985000,10958000
2637,13584000,100008000,11388000
2638,13580000,99996000,10978000
2639,13588000,100008000,11256000
2640,13584000,99996000,11385000
2641,13661000,100076000,11342000
2642,13580000,99920000,11400000
2643,13589000,100009000,10859000
2644,13569000,99980000,11271000
2645,13577000,100008000,11354000
2646,13580000,100003000,10935000
2647,12580000,99000000,10817000
2648,12588000,100008000,10813000
2649,13575000,100987000,10897000
2650,13569000,99994000,11308000
2651,13669000,100099000,11387000
2652,13587000,99919000,11315000
2653,13573000,99986000,11328000
2654,13580000,100007000,11260000
2655,13579000,99999000,11270000
2656,13565000,99986000,10852000
2657,13581000,100016000,11423000
2658,13576000,99995000,11005000
2659,13657000,100081000,11357000
2660,13568000,99911000,11497000
2661,13669000,100101000,11315000
2662,13584000,99915000,11365000
2663,13577000,99993000,11317000
2664,13593000,100016000,11241000
2665,13588000,99995000,11258000
2666,13591000,100003000,10970000
2667,13588000,99997000,11338000
2668,13584000,99996000,11258000
2669,13595000,100011000,11206000
2670,13577000,99982000,11269000
2671,13653000,100075000,11356000
2672,13587000,99935000,11211000
2673,13589000,100001000,10950000
2674,13589000,100001000,11225000
2675,13669000,100079000,11048000
2676,13661000,99992000,11033000
2677,13585000,99925000,11184000
2678,13577000,99992000,10896000
2679,13589000,100012000,11260000
2680,13581000,99992000,11393000
2681,13677000,100096000,11697000
2682,13589000,99912000,11277000
2683,12592000,99003000,10735000
2684,12589000,99997000,10813000
2685,13581000,100992000,11015000
2686,13589000,100008000,10887000
2687,12590000,99000000,10828000
2688,12585000,99996000,10825000
2689,12582000,99996000,10826000
2690,12595000,100014000,10767000
2691,13657000,101062000,11060000
2692,12589000,98932000,10780000
2693,12595000,100006000,10793000
2694,13585000,100990000,10861000
2695,12585000,98999000,10664000
2696,12584000,100000000,10736000
2697,12573000,99989000,10813000
2698,12576000,100003000,10601000
2699,13570000,100993000,11233000
2700,13589000,100020000,11239000
2701,13591000,100003000,11382000
2702,13588000,99996000,11450000
2703,13585000,99997000,10917000
2704,13589000,100004000,11123000
2705,13585000,99995000,11401000
2706,13595000,100011000,10986000
2707,13593000,99998000,11342000
2708,13585000,99991000,11417000
2709,13595000,100011000,11211000
2710,13581000,99985000,11219000
2711,13752000,100172000,11652000
2712,13581000,99829000,11234000
2713,13589000,100008000,11167000
2714,13576000,99987000,11237000
2715,13585000,100009000,11181000
2716,13585000,100000000,10905000
2717,13576000,99991000,11392000
2718,13592000,100016000,10844000
2719,13588000,99996000,10866000
2720,13589000,100001000,11138000
2721,13665000,100076000,11353000
2722,13583000,99918000,11489000
2723,12593000,99010000,10816000
2724,13581000,100988000,11299000
2725,13587000,100006000,11231000
2726,13578000,99990000,11034000
2727,13661000,100084000,11312000
2728,11923000,98262000,10832000
2729,13585000,101662000,11253000
2730,13669000,100084000,11462000
2731,13669000,100000000,11268000
2732,13577000,99908000,11138000
2733,13580000,100003000,10997000
2734,13592000,100012000,11210000
2735,13585000,99993000,11229000
2736,13589000,100004000,11017000
2737,13588000,99999000,11365000
2738,13579000,99991000,10891000
2739,13585000,100006000,11034000
2740,13577000,99992000,11110000
2741,13676000,100099000,11184000
2742,13585000,99909000,11322000
2743,13588000,100003000,10984000
2744,13599000,100011000,10983000
2745,13620000,100021000,11221000
2746,12596000,98976000,10729000
2747,13588000,100992000,10866000
2748,13580000,99992000,10868000
2749,13592000,100012000,11022000
2750,13584000,99992000,11089000
2751,13649000,100065000,10980000
2752,13580000,99931000,10905000
2753,13588000,100008000,11049000
2754,13583000,99995000,10976000
2755,13592000,100009000,10850000
2756,13576000,99984000,10917000
2757,13591000,100015000,10863000
2758,13591000,100001000,10868000
2759,13576000,99984000,11002000
2760,13583000,100007000,11078000
2761,13653000,100070000,11021000
2762,13580000,99927000,10953000
2763,13569000,99989000,11019000
2764,13589000,100020000,10956000
2765,13561000,99972000,10896000
2766,13588000,100027000,10893000
2767,13585000,99997000,10844000
2768,13593000,100008000,11254000
2769,13586000,99992000,10982000
2770,13585000,100000000,10851000
2771,13653000,100068000,10931000
2772,13584000,99931000,10926000
2773,12591000,99007000,10803000
2774,13568000,100977000,10883000
2775,13588000,100020000,10950000
2776,12579000,98991000,10820000
2777,13615000,101036000,10956000
2778,13581000,99966000,10893000
2779,13585000,100004000,11176000
2780,13580000,99995000,11052000
2781,13649000,100069000,10979000
2782,13588000,99939000,10914000
2783,13586000,99997000,10857000
2784,13588000,100003000,10860000
2785,13584000,99996000,10934000
2786,13592000,100008000,10886000
2787,13584000,99992000,11296000
2788,13572000,99988000,11090000
2789,13591000,100019000,11095000
2790,13592000,100001000,11100000
2791,13666000,100074000,11244000
2792,13603000,99937000,11044000
2793,13577000,99974000,11127000
2794,13576000,99999000,11119000
2795,13585000,100009000,11130000
2796,12581000,98996000,10786000
2797,13592000,101011000,11141000
2798,13589000,99997000,10927000
2799,13585000,99996000,11158000
2800,13586000,100000000,11148000
2801,13661000,100076000,11017000
2802,13592000,99931000,10890000
2803,13570000,99977000,10896000
2804,13580000,100011000,10894000
2805,13587000,100007000,10904000
2806,13661000,100074000,11060000
2807,13564000,99903000,11124000
2808,13591000,100027000,11193000
2809,13599000,100008000,10857000
2810,13580000,99981000,11142000
2811,13658000,100078000,11218000
2812,13586000,99927000,11090000
2813,13584000,99999000,11102000
2814,13586000,100001000,11096000
2815,13572000,99987000,11105000
2816,12588000,99016000,10693000
2817,13592000,101004000,11116000
2818,13580000,99988000,10922000
2819,12570000,98990000,10782000
2820,13588000,101018000,10851000
2821,13661000,100072000,11415000
2822,12584000,98924000,10795000
2823,13582000,100997000,11084000
2824,13587000,100006000,11215000
2825,13585000,99998000,11165000
2826,13584000,99999000,10890000
2827,12581000,98997000,10821000
2828,12592000,100011000,10825000
2829,12574000,99981000,10701000
2830,12588000,100015000,10703000
2831,12653000,100065000,10773000
2832,12585000,99932000,10778000
2833,12592000,100007000,10792000
2834,13592000,101000000,10879000
2835,12588000,98996000,10792000
2836,12574000,99985000,10648000
2837,12676000,100103000,10803000
2838,12584000,99908000,10803000
2839,12582000,99997000,10813000
2840,13587000,101006000,10949000
2841,13669000,100082000,11028000
2842,12588000,98919000,10820000
2843,13587000,100999000,11044000
2844,13592000,100005000,10838000
2845,11925000,98333000,10843000
2846,12585000,100660000,10709000
2847,12592000,100007000,10788000
2848,13578000,100985000,11073000
2849,13587000,100011000,11140000
2850,13588000,100000000,10944000
2851,13666000,100077000,11356000
2852,13589000,99924000,11014000
2853,12595000,99006000,10751000
2854,13589000,100994000,11091000
2855,13588000,99999000,11040000
2856,12595000,99007000,10635000
2857,12585000,99990000,10782000
2858,12589000,100004000,10716000
2859,13595000,101006000,10858000
2860,12574000,98978000,10797000
2861,13665000,101092000,11348000
2862,13592000,99927000,11150000
2863,13592000,100000000,11094000
2864,13593000,100001000,11100000
2865,13592000,99999000,11301000
2866,12590000,98997000,10764000
2867,13673000,101084000,11235000
2868,13588000,99915000,11106000
2869,13587000,99999000,11050000
2870,13587000,100001000,11114000
2871,13653000,100065000,11260000
2872,13582000,99930000,11261000
2873,13616000,100033000,11277000
2874,13581000,99965000,11073000
2875,12590000,99010000,10592000
2876,12586000,99994000,10736000
2877,12584000,99999000,10746000
2878,12585000,100001000,10742000
2879,12580000,99995000,10833000
2880,13582000,101001000,10897000
2881,12669000,99088000,10829000
2882,13580000,100911000,10836000
2883,12577000,98996000,10773000
2884,13674000,101097000,10980000
2885,12590000,98916000,10806000
2886,12577000,99988000,10656000
2887,12588000,100011000,10726000
2888,13599000,101011000,11144000
2889,12589000,98990000,10749000
2890,13587000,100999000,11096000
2891,13666000,100077000,11096000
2892,12588000,98923000,10820000
2893,13588000,101000000,11096000
2894,12673000,99085000,10827000
2895,13576000,100903000,10900000
2896,12576000,99000000,10636000
2897,12572000,99996000,10714000
2898,12588000,100016000,10712000
2899,13592000,101004000,11063000
2900,13592000,100000000,11142000
2901,13658000,100065000,11220000
2902,13592000,99935000,10879000
2903,12581000,98989000,10601000
2904,12596000,100015000,10741000
2905,13600000,101004000,10889000
2906,12589000,98989000,10615000
2907,12591000,100002000,10762000
2908,12586000,99994000,10762000
2909,12592000,100007000,10778000
2910,12592000,100000000,10708000
2911,12665000,100073000,10786000
2912,12592000,99927000,10718000
2913,12591000,99999000,10514000
2914,12592000,100001000,10655000
2915,12584000,99992000,10738000
2916,12588000,100004000,10597000
2917,12589000,100002000,10684000
2918,12582000,99992000,10681000
2919,12582000,100000000,10683000
2920,12603000,100021000,10695000
2921,12661000,100058000,10774000
2922,13584000,100923000,10980000
2923,13591000,100007000,11329000
2924,13592000,100001000,11195000
2925,13590000,99997000,11208000
2926,12579000,98990000,10725000
2927,13592000,101013000,11081000
2928,13580000,99988000,11082000
2929,13584000,100004000,11227000
2930,13590000,100006000,11085000
2931,13666000,100076000,11371000
2932,13661000,99995000,11170000
2933,13573000,99912000,11057000
2934,13592000,100019000,11052000
2935,12570000,98977000,10634000
2936,12591000,100022000,10721000
2937,12574000,99982000,10717000
2938,12599000,100026000,10508000
2939,12575000,99976000,10584000
2940,12574000,99998000,10589000
2941,12657000,100084000,10815000
2942,12599000,99942000,10672000
2943,12594000,99994000,10823000
2944,12586000,99992000,10676000
2945,12569000,99984000,10693000
2946,12582000,100012000,10687000
2947,12566000,99984000,10699000
2948,12584000,100019000,10644000
2949,12592000,100008000,10656000
2950,12580000,99988000,10644000
2951,12669000,100089000,10655000
2952,12591000,99922000,10589000
2953,12578000,99986000,10740000
2954,12584000,100007000,10663000
2955,13591000,101007000,11012000
2956,12580000,98989000,10606000
2957,12593000,100012000,10684000
2958,12591000,99999000,10627000
2959,12595000,100005000,10697000
2960,12588000,99992000,10631000
2961,13670000,101082000,11059000
2962,22997000,109327000,11446000
2963,12591000,89591000,10655000
2964,13589000,101001000,10991000
2965,12596000,99007000,10523000
2966,12589000,99993000,10735000
2967,12572000,99983000,10818000
2968,12562000,99989000,10743000
2969,13597000,101036000,11026000
2970,12596000,98999000,10611000
2971,13676000,101080000,10897000
2972,12585000,98909000,10824000
2973,13578000,100992000,10901000
2974,13584000,100007000,11049000
2975,12592000,99008000,10720000
2976,12592000,100000000,10721000
2977,13600000,101008000,10925000
2978,12592000,98992000,10662000
2979,13584000,100992000,11090000
2980,13585000,100001000,10882000
2981,13662000,100077000,11027000
2982,13592000,99930000,11160000
2983,13576000,99984000,10967000
2984,13592000,100016000,11057000
2985,13596000,100004000,10908000
2986,12584000,98988000,10640000
2987,13595000,101011000,10976000
2988,13577000,99982000,10982000
2989,13592000,100015000,10990000
2990,12595000,99003000,10656000
2991,12666000,100071000,10809000
2992,13592000,100926000,11095000
2993,13677000,100085000,11237000
2994,12588000,98911000,10757000
2995,12588000,100000000,10557000
2996,13588000,101000000,11453000
2997,12591000,99003000,10631000
2998,12588000,99997000,10630000
2999,13584000,100996000,10913000
3000,13580000,99996000,11135000
3001,14642000,101062000,11895000
3002,13681000,99039000,10859000
3003,12595000,98914000,10583000
3004,12576000,99981000,10656000
3005,12590000,100013000,10669000
3006,12571000,99982000,10533000
3007,13592000,101021000,10957000
3008,13588000,99996000,10959000
3009,13579000,99991000,10896000
3010,13576000,99997000,11243000
3011,13573000,99997000,10978000
3012,13581000,100008000,10975000
3013,13596000,100015000,10920000
3014,13592000,99996000,11143000
3015,13578000,99985000,10919000
3016,12588000,99011000,10597000
3017,13568000,100980000,11016000
3018,12578000,99009000,10601000
3019,13583000,101006000,11150000
3020,13585000,100001000,10946000
3021,13674000,100090000,11730000
3022,13599000,99925000,11166000
3023,12568000,98969000,10627000
3024,13581000,101013000,11048000
3025,13583000,100002000,10912000
3026,12592000,99009000,10572000
3027,13588000,100996000,10988000
3028,13584000,99996000,10989000
3029,13586000,100002000,11141000
3030,13582000,99995000,11139000
3031,13569000,99988000,11009000
3032,13568000,99999000,10951000
3033,13582000,100013000,10951000
3034,13588000,100007000,10953000
3035,13568000,99979000,11171000
3036,12592000,99025000,10631000
3037,13557000,100964000,10903000
3038,12599000,99043000,10572000
3039,12669000,100070000,10714000
3040,13576000,100907000,11063000
3041,13676000,100100000,11688000
3042,13588000,99912000,11079000
3043,12584000,98996000,10809000
3044,12588000,100004000,10813000
3045,13585000,100997000,10946000
3046,12594000,99008000,10611000
3047,13566000,100972000,10898000
3048,13593000,100028000,10898000
3049,13666000,100073000,11046000
3050,13586000,99919000,11247000
3051,14661000,101076000,12020000
3052,13592000,98931000,10910000
3053,13584000,99992000,10928000
3054,13583000,99999000,11003000
3055,13570000,99986000,10935000
3056,12592000,99023000,10737000
3057,13595000,101003000,10895000
3058,12677000,99082000,10751000
3059,13589000,100912000,11092000
3060,13580000,99991000,11028000
3061,13662000,100082000,11735000
3062,13565000,99903000,10969000
3063,13568000,100003000,10905000
3064,13593000,100025000,10985000
3065,13609000,100016000,11129000
3066,12593000,98984000,10435000
3067,13578000,100984000,11212000
3068,13592000,100015000,10997000
3069,13582000,99989000,11093000
3070,13591000,100010000,11084000
3071,13669000,100078000,11585000
3072,13674000,100004000,11089000
3073,22997000,109324000,11371000
3074,13564000,90563000,10894000
3075,13570000,100009000,10974000
3076,12580000,99011000,10560000
3077,13580000,101000000,10914000
3078,12588000,99008000,10640000
3079,13588000,101000000,10933000
3080,13592000,100005000,11073000
3081,13007000,99413000,11841000
3082,12565000,99559000,10522000
3083,12574000,100008000,10614000
3084,13577000,101004000,10940000
3085,12588000,99011000,10467000
3086,12595000,100007000,10619000
3087,13570000,100974000,10903000
3088,12574000,99004000,10691000
3089,12595000,100022000,10639000
3090,12583000,99989000,10643000
3091,13658000,101074000,11688000
3092,12592000,98934000,10647000
3093,12590000,99997000,10655000
3094,12578000,99988000,10592000
3095,12592000,100015000,10605000
3096,12596000,100004000,10520000
3097,12589000,99993000,10461000
3098,12577000,99988000,10465000
3099,12592000,100015000,10562000
3100,12588000,99996000,10618000
3101,23997000,111409000,12638000
3102,12598000,88598000,10703000
3103,12585000,99990000,10508000
3104,12581000,99996000,10644000
3105,12599000,100018000,10655000
3106,12592000,99993000,10584000
3107,12584000,99992000,10596000
3108,12592000,100008000,10520000
3109,13588000,100996000,11018000
3110,13589000,100001000,11648000
3111,14661000,101072000,12004000
3112,14591000,99930000,11998000
3113,13589000,98998000,10971000
3114,22997000,109408000,11633000
3115,13580000,90579000,10998000
3116,12589000,99013000,10568000
3117,12591000,100002000,10505000
3118,12595000,100004000,10589000
3119,12586000,99990000,10521000
3120,12589000,100004000,10736000
3121,12992000,100402000,11841000
3122,13574000,100582000,11011000
3123,13585000,100012000,10890000
3124,13571000,99986000,11725000
3125,12588000,99017000,10697000
3126,13584000,100996000,11803000
3127,12586000,99001000,10707000
3128,12574000,99989000,10559000
3129,14608000,102034000,12028000
3130,13595000,98988000,11548000
3131,13673000,100077000,11647000
3132,12580000,98907000,10665000
3133,13585000,101005000,11222000
3134,13591000,100006000,11431000
3135,13581000,99990000,11588000
3136,13585000,100004000,11585000
3137,12593000,99008000,10824000
3138,13588000,100995000,11522000
3139,13594000,100005000,11462000
3140,13599000,100006000,11754000
3141,13677000,100078000,11618000
3142,12600000,98923000,10648000
3143,12590000,99989000,10508000
3144,13596000,101007000,11408000
3145,13590000,99993000,11286000
3146,12592000,99003000,10601000
3147,12590000,99997000,10549000
3148,14593000,102004000,11926000
3149,12594000,98000000,10619000
3150,12591000,99998000,10692000
3151,13666000,101075000,11673000
3152,13591000,99926000,11663000
3153,12595000,99003000,10837000
3154,13592000,100997000,11820000
3155,13580000,99988000,11683000
3156,13681000,100101000,11619000
3157,13594000,99912000,11562000
3158,13596000,100003000,11206000
3159,13596000,100000000,11431000
3160,13580000,99984000,11567000
3161,13674000,100093000,11720000
3162,13588000,99915000,11581000
3163,13592000,100004000,11391000
3164,13585000,99992000,11447000
3165,13581000,99997000,11460000
3166,13582000,100000000,11388000
3167,13580000,99999000,11339000
3168,13580000,100000000,11550000
3169,13595000,100015000,11558000
3170,13595000,100000000,11627000
3171,13591000,99997000,11571000
3172,23997000,110405000,12043000
3173,13592000,89591000,11437000
3174,13594000,100005000,11434000
3175,13592000,99999000,11240000
3176,13582000,99989000,11376000
3177,13596000,100015000,11455000
3178,13589000,99993000,11383000
3179,13589000,100000000,11402000
3180,13585000,99996000,11463000
3181,13673000,100088000,11619000
3182,13589000,99916000,11483000
3183,13588000,99999000,11422000
3184,13589000,100001000,11485000
3185,13599000,100010000,11428000
3186,13584000,99985000,11357000
3187,13674000,100089000,11508000
3188,13677000,100003000,11230000
3189,14582000,100905000,12002000
3190,13592000,99011000,11803000
3191,13662000,100069000,11609000
3192,14593000,100932000,11948000
3193,14604000,100011000,11952000
3194,14578000,99973000,11893000
3195,13588000,99011000,11482000
3196,13596000,100008000,11415000
3197,13590000,99993000,11489000
3198,13596000,100007000,11500000
3199,13592000,99996000,11373000
3200,13586000,99993000,11437000
3201,13665000,100080000,11511000
3202,13588000,99923000,11517000
3203,13586000,99997000,11386000
3204,13595000,100010000,11316000
3205,13582000,99986000,11332000
3206,13589000,100008000,11400000
3207,13592000,100003000,11346000
3208,13596000,100004000,11411000
3209,13588000,99992000,11346000
3210,13588000,100000000,11779000
3211,14666000,101077000,11847000
3212,13588000,98923000,11783000
3213,13584000,99996000,11579000
3214,13588000,100004000,11806000
3215,13580000,99992000,11456000
3216,13599000,100019000,11519000
3217,13587000,99988000,11604000
3218,13590000,100003000,11537000
3219,13592000,100002000,11473000
3220,13590000,99999000,11401000
3221,13595000,100005000,11480000
3222,13595000,100000000,11766000
3223,13584000,99988000,11711000
3224,14590000,101005000,11845000
3225,13592000,99003000,11718000
3226,13592000,100000000,11438000
3227,13594000,100001000,11447000
3228,13592000,99999000,11376000
3229,13674000,100081000,11458000
3230,13593000,99920000,11465000
3231,13657000,100064000,11618000
3232,13589000,99932000,11327000
3233,13599000,100010000,11480000
3234,13593000,99994000,11408000
3235,13596000,100003000,11429000
3236,13595000,99999000,11705000
3237,13592000,99997000,11576000
3238,13595000,100003000,11507000
3239,13591000,99996000,11450000
3240,13596000,100005000,11804000
3241,14661000,101065000,11936000
3242,13583000,98923000,11808000
3243,14588000,101004000,12019000
3244,14592000,100004000,11952000
3245,13592000,99000000,11828000
3246,13592000,100000000,11355000
3247,13588000,99996000,11285000
3248,13592000,100004000,11703000
3249,14595000,101003000,11845000
3250,13592000,98997000,11783000
3251,14661000,101069000,11990000
3252,13595000,98934000,11581000
3253,13594000,99998000,11804000
3254,13592000,99999000,11814000
3255,13599000,100007000,11683000
3256,13596000,99997000,11396000
3257,13616000,100020000,11763000
3258,13600000,99984000,11403000
3259,13592000,99992000,11481000
3260,13596000,100004000,11483000
3261,13673000,100077000,11774000
3262,13584000,99911000,11490000
3263,13581000,99997000,11507000
3264,13576000,99995000,11443000
3265,13595000,100019000,11445000
3266,13592000,99997000,11446000
3267,13592000,100000000,11389000
3268,13677000,100085000,11396000
3269,13593000,99915000,11399000
3270,13593000,100000000,11549000
3271,13665000,100072000,11767000
3272,13584000,99920000,11482000
3273,13584000,100000000,11642000
3274,13587000,100004000,11427000
3275,13596000,100008000,11433000
3276,13585000,99989000,11435000
3277,13590000,100004000,11440000
3278,13585000,99996000,11597000
3279,13589000,100004000,11454000
3280,13577000,99988000,11379000
3281,13669000,100092000,11545000
3282,13574000,99904000,11390000
3283,13592000,100019000,11472000
3284,13595000,100003000,11474000
3285,13588000,99993000,11410000
3286,13585000,99997000,11411000
3287,13587000,100002000,11294000
3288,13593000,100006000,11353000
3289,13610000,100016000,11575000
3290,13580000,99971000,11580000
3291,13649000,100069000,11524000
3292,13593000,99944000,11444000
3293,13581000,99988000,11387000
3294,13585000,100004000,11323000
3295,13584000,99999000,11193000
3296,13576000,99993000,11395000
3297,13588000,100011000,11418000
3298,13578000,99989000,11272000
3299,13589000,100012000,11424000
3300,13575000,99986000,11499000
3301,13665000,100090000,11515000
3302,13595000,99930000,11504000
3303,23997000,110402000,12267000
3304,13588000,89587000,11736000
3305,13584000,100000000,11525000
3306,13592000,100008000,11458000
3307,13592000,100000000,11397000
3308,13588000,99996000,11264000
3309,13580000,99992000,11274000
3310,13582000,100001000,11557000
3311,13662000,100081000,11414000
3312,13581000,99919000,11420000
3313,13592000,100011000,11800000
3314,14588000,100996000,11921000
3315,14576000,99988000,11859000
3316,13579000,99003000,11660000
3317,14584000,101005000,11937000
3318,13582000,98997000,11388000
3319,13595000,100014000,11816000
3320,14600000,101005000,11889000
3321,14665000,100065000,11963000
3322,13592000,98927000,11409000
3323,13588000,99996000,11411000
3324,13592000,100004000,11627000
3325,13592000,100000000,11348000
3326,13673000,100081000,11423000
3327,13581000,99908000,11304000
3328,13589000,100008000,11222000
3329,13596000,100007000,11518000
3330,13580000,99984000,11510000
3331,14669000,101089000,12087000
3332,13595000,98926000,11809000
3333,13588000,99993000,11814000
3334,13592000,100004000,11327000
3335,13590000,99999000,11827000
3336,13586000,99994000,11619000
3337,14580000,100995000,11971000
3338,13583000,99003000,11415000
3339,13592000,100009000,11708000
3340,13592000,100000000,11640000
3341,14665000,101073000,11990000
3342,13585000,98920000,11726000
3343,13583000,99999000,11456000
3344,13591000,100008000,11446000
3345,14591000,101000000,11954000
3346,13588000,98996000,11458000
3347,14592000,101004000,11960000
3348,13599000,99007000,11477000
3349,14588000,100989000,11901000
3350,13599000,99011000,11279000
3351,14677000,101078000,12060000
3352,13600000,98923000,11498000
3353,14592000,100992000,11847000
3354,14595000,100003000,11850000
3355,13588000,98993000,11445000
3356,13592000,100004000,11311000
3357,14580000,100988000,11937000
3358,13592000,99012000,11453000
3359,14588000,100996000,11895000
3360,14592000,100004000,11956000
3361,14666000,100074000,12107000
3362,13584000,98918000,11762000
3363,13584000,100000000,11835000
3364,13595000,100011000,11631000
3365,14592000,100997000,11981000
3366,13592000,99000000,11435000
3367,14595000,101003000,11929000
3368,14580000,99985000,11992000
3369,14581000,100000000,11933000
3370,13599000,99019000,11742000
3371,13669000,100070000,11527000
3372,14583000,100915000,12013000
3373,14592000,100008000,12028000
3374,13592000,99000000,11770000
3375,13592000,100000000,11770000
3376,13592000,100000000,11481000
3377,13590000,99997000,11720000
3378,13588000,99999000,11430000
3379,23997000,110408000,12249000
3380,13594000,89595000,11440000
3381,14673000,101082000,11931000
3382,13592000,98919000,11309000
3383,13595000,100003000,11748000
3384,13594000,99998000,11316000
3385,13616000,100022000,11474000
3386,13595000,99980000,11188000
3387,13583000,99989000,11692000
3388,13587000,100004000,11410000
3389,13587000,100000000,11346000
3390,14592000,101004000,11838000
3391,13665000,99073000,11789000
3392,14584000,100919000,11857000
3393,13588000,99004000,11601000
3394,14584000,100996000,11857000
3395,13589000,99005000,11749000
3396,13575000,99987000,11760000
3397,13590000,100013000,11753000
3398,13592000,100003000,11403000
3399,13595000,100003000,11697000
3400,13594000,99998000,11685000
3401,14673000,101080000,11983000
3402,14579000,99906000,11847000
3403,14584000,100005000,11848000
3404,13588000,99004000,11717000
3405,13580000,99992000,11719000
3406,13588000,100008000,11793000
3407,13592000,100004000,11811000
3408,13580000,99988000,11380000
3409,13580000,100000000,11394000
3410,13588000,100008000,11256000
3411,13669000,100081000,11396000
3412,13569000,99900000,11411000
3413,13588000,100019000,11407000
3414,13589000,100001000,11269000
3415,13591000,100002000,11009000
3416,13596000,100005000,11154000
3417,13601000,100005000,11576000
3418,13594000,99994000,11433000
3419,13592000,99997000,11370000
3420,13589000,99997000,11306000
3421,13669000,100080000,11744000
3422,13592000,99923000,11737000
3423,13592000,100000000,11196000
3424,13592000,100000000,11817000
3425,13589000,99997000,11198000
3426,13592000,100003000,11138000
3427,13584000,99992000,11274000
3428,13582000,99997000,11285000
3429,13592000,100011000,11571000
3430,13591000,100000000,11363000
3431,14669000,101077000,11860000
3432,13596000,98927000,11163000
3433,13586000,99989000,11659000
3434,13587000,100002000,11443000
3435,13592000,100005000,11387000
3436,13589000,99997000,11181000
3437,13592000,100003000,11402000
3438,13589000,99997000,11473000
3439,13588000,99999000,11347000
3440,13592000,100004000,11483000
3441,13665000,100073000,11566000
3442,13592000,99927000,11564000
3443,13673000,100081000,11434000
3444,13661000,99988000,11441000
3445,13592000,99931000,11301000
3446,13588000,99996000,11446000
3447,13583000,99995000,11758000
3448,14592000,101009000,11943000
3449,14566000,99973000,11943000
3450,13595000,99030000,11753000
3451,13666000,100071000,11754000
3452,13580000,99914000,11409000
3453,13591000,100011000,11414000
3454,14593000,101002000,11838000
3455,13589000,98996000,11580000
3456,13578000,99988000,11568000
3457,13582000,100004000,11436000
3458,13586000,100005000,11294000
3459,13590000,100003000,11737000
3460,13576000,99987000,11388000
3461,14666000,101090000,11890000
3462,13585000,98919000,11390000
3463,13587000,100002000,11821000
3464,13592000,100005000,11619000
3465,13578000,99985000,11479000
3466,13587000,100010000,11346000
3467,14581000,100993000,11911000
3468,13600000,99020000,11284000
3469,14591000,100991000,11850000
3470,14576000,99985000,11919000
3471,13666000,99089000,11802000
3472,14571000,100907000,11861000
3473,13584000,99012000,11739000
3474,13582000,99998000,11316000
3475,13580000,99998000,11131000
3476,13573000,99993000,11266000
3477,13580000,100007000,11626000
3478,13593000,100013000,11341000
3479,13595000,100002000,11290000
3480,13574000,99978000,11274000
3481,13677000,100104000,11643000
3482,13583000,99906000,11648000
3483,13586000,100002000,11647000
3484,13588000,100003000,11803000
3485,13575000,99987000,11380000
3486,13582000,100006000,11736000
3487,13588000,100007000,11684000
3488,13580000,99992000,11679000
3489,13580000,100000000,11474000
3490,13590000,100009000,11615000
3491,13673000,100084000,11770000
3492,13593000,99920000,11647000
3493,13589000,99996000,11635000
3494,13577000,99988000,11644000
3495,13586000,100008000,11372000
3496,13576000,99991000,11447000
3497,13569000,99993000,11741000
3498,13595000,100026000,11388000
3499,13585000,99990000,11455000
3500,13584000,99999000,11387000
3501,13586000,100003000,11758000
3502,13569000,99982000,11816000
3503,13585000,100016000,11346000
3504,13578000,99992000,11698000
3505,13588000,100011000,11222000
3506,13592000,100004000,11296000
3507,13576000,99984000,11366000
3508,13589000,100013000,11385000
3509,13677000,100088000,11597000
3510,13574000,99896000,11309000
3511,13670000,100097000,11463000
3512,13578000,99907000,11321000
3513,13593000,100016000,11532000
3514,13587000,99994000,11332000
3515,13584000,99997000,11341000
3516,13584000,100001000,11338000
3517,13603000,100018000,11343000
3518,13582000,99978000,11279000
3519,13576000,99995000,11293000
3520,13595000,100020000,11298000
3521,13591000,99996000,11368000
3522,13581000,99989000,11362000
3523,13586000,100004000,11388000
3524,13578000,99992000,11382000
3525,13592000,100015000,11326000
3526,13592000,100000000,11262000
3527,13576000,99984000,11211000
3528,13592000,100016000,11334000
3529,13581000,99989000,11347000
3530,13583000,100002000,11418000
3531,13657000,100074000,11563000
3532,13588000,99931000,11286000
3533,13599000,100011000,11433000
3534,13588000,99989000,11292000
3535,13592000,100004000,11173000
3536,22997000,109405000,11777000
3537,13582000,90580000,11316000
3538,13590000,100012000,11253000
3539,23997000,110408000,11929000
3540,13590000,89588000,11399000
3541,13662000,100077000,11551000
3542,13584000,99922000,11406000
3543,13586000,100001000,11427000
3544,13573000,99988000,11285000
3545,13581000,100008000,11295000
3546,13591000,100010000,11289000
3547,13592000,100001000,11437000
3548,13572000,99980000,11299000
3549,13599000,100027000,11448000
3550,13590000,99990000,11379000
3551,13752000,100163000,11540000
3552,23996000,110245000,11912000
3553,13580000,89579000,11333000
3554,13578000,100001000,11413000
3555,13589000,100012000,11409000
3556,13592000,100003000,11272000
3557,13582000,99990000,11285000
3558,13586000,100003000,11279000
3559,13581000,99995000,11305000
3560,13582000,100001000,11438000
3561,13577000,99996000,11376000
3562,13591000,100014000,11306000
3563,13604000,100013000,11458000
3564,13586000,99981000,11319000
3565,13611000,100026000,11190000
3566,13608000,99997000,11405000
3567,13581000,99969000,11347000
3568,13594000,100014000,11271000
3569,13589000,99994000,11281000
3570,13590000,100000000,11426000
3571,13678000,100092000,11423000
3572,13596000,99919000,11504000
3573,13611000,100011000,11513000
3574,13600000,99993000,11655000
3575,13581000,99981000,11679000
3576,13576000,99995000,11597000
3577,13609000,100033000,11743000
3578,13592000,99983000,11266000
3579,13580000,99988000,11552000
3580,13569000,99989000,11549000
3581,13676000,100107000,11696000
3582,13588000,99912000,11626000
3583,13586000,99997000,11639000
3584,13592000,100007000,11081000
3585,13592000,100000000,11225000
3586,13591000,100000000,11091000
3587,13592000,100000000,11660000
3588,13592000,100000000,11597000
3589,13590000,99997000,11389000
3590,13586000,99996000,11461000
3591,13666000,100081000,11491000
3592,13593000,99927000,11406000
3593,13581000,99988000,11341000
3594,13576000,99995000,11209000
3595,13565000,99989000,11279000
3596,13589000,100024000,11219000
3597,13588000,99999000,11647000
3598,13590000,100001000,11222000
3599,13584000,99995000,11448000
3600,13587000,100003000,11306000
3601,13673000,100086000,11519000
3602,13587000,99915000,11243000
3603,13578000,99989000,11456000
3604,13568000,99991000,11324000
3605,13586000,100017000,11268000
3606,13588000,100003000,11265000
3607,13586000,99997000,11711000
3608,13588000,100003000,11211000
3609,13566000,99978000,11635000
3610,13592000,100026000,11725000
3611,14669000,101077000,11861000
3612,13582000,98912000,11659000
3613,13607000,100026000,11515000
3614,13596000,99989000,11521000
3615,13589000,99993000,11399000
3616,15588000,101999000,12988000
3617,13592000,98004000,11671000
3618,15592000,102000000,12998000
3619,13591000,97999000,11623000
3620,15592000,102001000,13503000
3621,13666000,98073000,11691000
3622,15599000,101934000,13095000
3623,13586000,97986000,11644000
3624,15596000,102011000,13316000
3625,13586000,97989000,11013000
3626,15589000,102004000,12968000
3627,13588000,97999000,11664000
3628,15589000,102000000,13400000
3629,13576000,97988000,11741000
3630,15588000,102012000,13480000
3631,13571000,97984000,11558000
3632,15580000,102008000,13360000
3633,13575000,97995000,11545000
3634,15585000,102010000,13289000
3635,13571000,97987000,11564000
3636,15579000,102007000,13369000
3637,13588000,98009000,11572000
3638,15593000,102005000,12902000
3639,13578000,97984000,11596000
3640,15597000,102020000,13326000
3641,14666000,99068000,12077000
3642,15584000,100920000,13129000
3643,13584000,97999000,11544000
3644,15572000,101989000,13354000
3645,13586000,98013000,11554000
3646,15589000,102003000,13014000
3647,13583000,97994000,11634000
3648,15588000,102005000,13246000
3649,13558000,97969000,11783000
3650,15595000,102039000,13536000
3651,13581000,97986000,11728000
3652,15577000,101995000,13464000
3653,13591000,98014000,11385000
3654,15588000,101997000,13339000
3655,13581000,97992000,11118000
3656,15599000,102019000,13074000
3657,13581000,97982000,11545000
3658,15580000,101999000,13014000
3659,13573000,97993000,11489000
3660,15580000,102007000,13441000
3661,13657000,98077000,11568000
3662,15584000,101927000,13521000
3663,13588000,98004000,11441000
3664,15589000,102001000,13263000
3665,13582000,97992000,11449000
3666,15592000,102011000,13063000
3667,13587000,97995000,11541000
3668,13586000,99999000,11469000
3669,13582000,99996000,11401000
3670,13615000,100032000,11141000
3671,13645000,100031000,11697000
3672,14603000,100958000,11839000
3673,14600000,99997000,11981000
3674,13581000,98981000,11498000
3675,13588000,100007000,11499000
3676,13592000,100004000,11533000
3677,13588000,99996000,11509000
3678,13592000,100004000,11450000
3679,13578000,99985000,11452000
3680,13586000,100008000,11680000
3681,13657000,100072000,11469000
3682,13589000,99932000,11820000
3683,13584000,99995000,11541000
3684,13580000,99996000,11474000
3685,13584000,100004000,11133000
3686,13580000,99996000,11152000
3687,13591000,100011000,11499000
3688,13598000,100006000,11496000
3689,13575000,99979000,11647000
3690,13598000,100023000,11506000
3691,13670000,100070000,11369000
3692,13574000,99905000,11803000
3693,14584000,101010000,11891000
3694,13581000,98997000,11467000
3695,13580000,99999000,11472000
3696,13592000,100012000,11135000
3697,13580000,99988000,11475000
3698,13576000,99996000,11203000
3699,13669000,100093000,11563000
3700,13657000,99988000,11708000
3701,13664000,100007000,11568000
3702,22997000,109333000,11467000
3703,13592000,90592000,11812000
3704,13588000,99999000,11513000
3705,13585000,99997000,11236000
3706,13584000,99999000,11524000
3707,13583000,99999000,11460000
3708,13576000,99993000,11188000
3709,13586000,100009000,11686000
3710,13595000,100010000,11403000
3711,13653000,100058000,11489000
3712,13586000,99932000,11209000
3713,13588000,100003000,11151000
3714,13585000,99997000,11502000
3715,13572000,99987000,11013000
3716,13588000,100016000,11175000
3717,23993000,110405000,11981000
3718,13584000,89588000,11051000
3719,13585000,100004000,11528000
3720,13584000,99999000,11676000
3721,13661000,100077000,11607000
3722,13585000,99924000,11549000
3723,13572000,99987000,11129000
3724,13575000,100003000,11212000
3725,13580000,100005000,11711000
3726,13592000,100012000,11215000
3727,13591000,99999000,11505000
3728,13582000,99990000,11581000
3729,13583000,100003000,11508000
3730,13596000,100012000,11515000
3731,13669000,100073000,11739000
3732,13588000,99919000,11455000
3733,13596000,100008000,11466000
3734,13578000,99981000,11467000
3735,13588000,100011000,11141000
3736,13582000,99993000,11196000
3737,13601000,100020000,11622000
3738,13595000,99995000,11214000
3739,13596000,100000000,11219000
3740,13572000,99976000,11164000
3741,13666000,100093000,11443000
3742,13589000,99924000,11235000
3743,13595000,100006000,11458000
3744,13589000,99994000,11459000
3745,13580000,99992000,11051000
3746,13586000,100006000,11257000
3747,13581000,99994000,11402000
3748,13593000,100012000,11408000
3749,13586000,99992000,11699000
3750,13570000,99984000,11210000
3751,13657000,100088000,11791000
3752,13678000,100021000,11490000
3753,13581000,99903000,11435000
3754,13584000,100003000,11440000
3755,13577000,99993000,11453000
3756,13587000,100011000,11455000
3757,13580000,99992000,11676000
3758,13592000,100012000,11458000
3759,13587000,99995000,11471000
3760,13588000,100001000,11615000
3761,13588000,100001000,11477000
3762,13591000,100002000,11410000
3763,13574000,99982000,11419000
3764,13592000,100019000,11429000
3765,13599000,100007000,11429000
3766,13587000,99989000,11580000
3767,13580000,99992000,11593000
3768,13595000,100016000,11511000
3769,14673000,101077000,11935000
3770,13589000,98916000,11453000
3771,13588000,100000000,11608000
3772,13584000,99995000,11551000
3773,13572000,99988000,11484000
3774,13580000,100008000,11622000
3775,13587000,100007000,11153000
3776,13592000,100005000,11572000
3777,13588000,99996000,11638000
3778,13587000,99999000,11288000
3779,13579000,99993000,11447000
3780,13591000,100012000,11803000
3781,13586000,99995000,11670000
3782,13588000,100001000,11533000
3783,13584000,99996000,11551000
3784,13588000,100004000,11611000
3785,13586000,99997000,11689000
3786,13592000,100007000,11555000
3787,13588000,99996000,11479000
3788,13592000,100004000,11572000
3789,13596000,100004000,11212000
3790,13593000,99997000,11353000
3791,13668000,100075000,11232000
3792,13596000,99928000,11652000
3793,13580000,99984000,11441000
3794,13591000,100011000,11597000
3795,13585000,99994000,11461000
3796,13580000,99995000,11533000
3797,13595000,100015000,11540000
3798,13593000,99998000,11546000
3799,13584000,99991000,11560000
3800,13590000,100005000,11691000
3801,12995000,99406000,11838000
3802,13592000,100597000,11422000
3803,13665000,100073000,11716000
3804,13669000,100004000,11511000
3805,13669000,100000000,11165000
3806,13669000,100000000,11097000
3807,13653000,99984000,11540000
3808,13649000,99996000,11601000
3809,13669000,100020000,11605000
3810,13661000,99992000,11676000
3811,13664000,100004000,11474000
3812,13661000,99996000,11550000
3813,13664000,100004000,11702000
3814,13661000,99996000,11568000
3815,13670000,100009000,11717000
3816,13676000,100007000,11567000
3817,13668000,99992000,11651000
3818,13653000,99985000,11161000
3819,13669000,100015000,11517000
3820,13660000,99992000,11730000
3821,13669000,100008000,11605000
3822,13665000,99996000,11537000
3823,13574000,99908000,11477000
3824,13583000,100011000,11397000
3825,13573000,99989000,11558000
3826,13581000,100008000,11417000
3827,13584000,100003000,11635000
3828,13580000,99996000,11488000
3829,13591000,100011000,11153000
3830,13585000,99994000,11434000
3831,13657000,100072000,11597000
3832,13599000,99942000,11585000
3833,13605000,100006000,11382000
3834,13592000,99987000,11460000
3835,13584000,99992000,11056000
3836,13592000,100008000,11401000
3837,13592000,100000000,11553000
3838,13584000,99992000,11075000
3839,13584000,100001000,11146000
3840,13589000,100004000,11419000
3841,13661000,100072000,11494000
3842,13592000,99931000,11435000
3843,13592000,100000000,11584000
3844,13580000,99988000,11444000
3845,13599000,100019000,11593000
3846,13576000,99977000,11455000
3847,13586000,100009000,11187000
3848,13591000,100006000,11184000
3849,13589000,99998000,11618000
3850,13590000,100000000,11546000
3851,13661000,100072000,11560000
3852,13581000,99920000,11636000
3853,13581000,100000000,11419000
3854,13581000,100000000,11425000
3855,13584000,100003000,11442000
3856,13588000,100005000,11369000
3857,22997000,109408000,11572000
3858,13589000,90588000,11113000
3859,13584000,100000000,11047000
3860,22997000,109412000,11634000
3861,13603000,90602000,11683000
3862,13581000,99982000,11610000
3863,13588000,100008000,11145000
3864,13672000,100083000,11205000
3865,13608000,99935000,11145000
3866,13588000,99981000,11004000
3867,13589000,100000000,11086000
3868,13581000,99993000,11081000
3869,13589000,100008000,11235000
3870,13589000,100000000,11234000
3871,13670000,100080000,11251000
3872,13588000,99919000,11175000
3873,13597000,100009000,11123000
3874,13592000,99995000,11469000
3875,13585000,99993000,11468000
3876,13593000,100008000,11130000
3877,13593000,100000000,11081000
3878,13593000,99999000,11078000
3879,13592000,100000000,11294000
3880,13594000,100003000,11079000
3881,13677000,100082000,11367000
3882,13593000,99916000,11169000
3883,13596000,100003000,11100000
3884,13581000,99985000,11106000
3885,13593000,100012000,11388000
3886,13592000,99999000,11386000
3887,13594000,100001000,11135000
3888,13585000,99992000,11062000
3889,13593000,100008000,11066000
3890,13593000,99999000,11149000
3891,13673000,100081000,11212000
3892,13596000,99923000,11145000
3893,13595000,99999000,11155000
3894,13588000,99993000,11224000
3895,13580000,99993000,11029000
3896,13587000,100006000,11093000
3897,13593000,100006000,11307000
3898,13585000,99992000,11051000
3899,13595000,100010000,11120000
3900,13581000,99986000,11059000
3901,23997000,110416000,11890000
3902,13581000,89580000,11068000
3903,13585000,100008000,11146000
3904,13581000,99996000,11360000
3905,13589000,100007000,11430000
3906,13585000,99997000,11086000
3907,13581000,99996000,11025000
3908,13592000,100011000,11031000
3909,13577000,99985000,10970000
3910,13589000,100012000,11048000
3911,13665000,100076000,11123000
3912,13595000,99930000,11123000
3913,13590000,99994000,10992000
3914,13588000,99999000,10860000
3915,13604000,100016000,11205000
3916,13604000,100000000,10996000
3917,13598000,99993000,11082000
3918,13612000,100015000,11215000
3919,13597000,99981000,11099000
3920,13589000,99992000,11095000
3921,13592000,100003000,11031000
3922,13593000,100001000,11099000
3923,13604000,100015000,10965000
3924,13604000,100000000,11182000
3925,13605000,99996000,11130000
3926,23001000,109400000,11513000
3927,13588000,90584000,11207000
3928,12591000,99007000,10785000
3929,13584000,100994000,11075000
3930,13589000,100004000,11078000
3931,13669000,100079000,11286000
3932,13589000,99921000,11229000
3933,13583000,99995000,11163000
3934,13595000,100011000,11164000
3935,13582000,99986000,11246000
3936,13588000,100007000,10965000
3937,22997000,109409000,11584000
3938,13573000,90571000,11119000
3939,13588000,100020000,11058000
3940,13581000,99993000,11063000
3941,13669000,100088000,11218000
3942,13582000,99912000,11202000
3943,22997000,109416000,11680000
3944,13587000,90587000,11091000
3945,22997000,109413000,11567000
3946,13584000,90583000,11088000
3947,13596000,100016000,11094000
3948,13592000,99996000,11052000
3949,13588000,99996000,10969000
3950,13594000,100007000,10967000
3951,13669000,100074000,10985000
3952,13588000,99919000,10909000
3953,13585000,99997000,11065000
3954,13593000,100008000,10993000
3955,13670000,100076000,11003000
3956,13665000,99996000,10931000
3957,13589000,99924000,11019000
3958,13582000,99992000,11223000
3959,13677000,100096000,11098000
3960,13603000,99926000,11095000
3961,13677000,100074000,11445000
3962,13578000,99900000,11116000
3963,13580000,100003000,11176000
3964,13568000,99988000,11123000
3965,13573000,100005000,11195000
3966,22997000,109424000,11604000
3967,13582000,90581000,11081000
3968,13585000,100007000,10999000
3969,13588000,100003000,11149000
3970,13581000,99993000,11010000
3971,13669000,100088000,11164000
3972,13581000,99912000,11017000
3973,13590000,100008000,11113000
3974,13592000,100003000,11167000
3975,13592000,100000000,11132000
3976,13582000,99989000,11052000
3977,13575000,99995000,10974000
3978,13589000,100013000,10980000
3979,13599000,100010000,11067000
3980,13574000,99974000,11199000
3981,13657000,100084000,11282000
3982,13595000,99938000,10998000
3983,13588000,99993000,11159000
3984,13584000,99996000,11155000
3985,13593000,100009000,10956000
3986,22997000,109404000,11563000
3987,13603000,90603000,11044000
3988,13596000,99996000,11116000
3989,13592000,99996000,11058000
3990,13584000,99992000,11132000
3991,13665000,100081000,11278000
3992,13593000,99927000,11074000
3993,13581000,99989000,11000000
3994,13593000,100012000,11000000
3995,13599000,100006000,11010000
3996,13581000,99981000,11083000
3997,13576000,99996000,11091000
3998,13591000,100015000,11019000
3999,13589000,99998000,11041000
4000,13581000,99992000,10964000
4001,13673000,100092000,11182000
4002,13581000,99908000,11114000
4003,13589000,100008000,11059000
4004,13588000,99999000,11340000
4005,13589000,100001000,11075000
4006,13677000,100088000,11201000
4007,13596000,99919000,11014000
4008,13603000,100007000,11506000
4009,13595000,99993000,11164000
4010,13592000,99996000,11171000
4011,13672000,100080000,11371000
4012,13573000,99901000,11380000
4013,13592000,100019000,11528000
4014,13595000,100003000,11460000
4015,13586000,99990000,11064000
4016,13591000,100007000,10992000
4017,13592000,100000000,10995000
4018,13585000,99993000,11000000
4019,13586000,100000000,11009000
4020,13592000,100007000,10937000
4021,13670000,100078000,11102000
4022,13581000,99910000,10952000
4023,13577000,99997000,11167000
4024,13577000,100000000,11048000
4025,13617000,100040000,11259000
4026,13581000,99964000,10973000
4027,13584000,100004000,10974000
4028,13588000,100003000,11119000
4029,13585000,99997000,11147000
4030,13595000,100010000,11192000
4031,13585000,99990000,11074000
4032,13587000,100003000,10936000
4033,13590000,100003000,11011000
4034,13589000,99998000,10942000
4035,13582000,99992000,11091000
4036,13589000,100008000,11093000
4037,13592000,100003000,11380000
4038,13574000,99981000,11106000
4039,13586000,100012000,11056000
4040,13596000,100011000,11393000
4041,13661000,100065000,11614000
4042,13581000,99920000,11334000
4043,13579000,99998000,11137000
4044,13589000,100010000,10989000
4045,13593000,100004000,11003000
4046,13595000,100002000,10999000
4047,13573000,99978000,11365000
4048,13593000,100020000,11218000
4049,13587000,99994000,11510000
4050,13589000,100002000,11450000
4051,13669000,100080000,11667000
4052,13592000,99923000,11380000
4053,13578000,99985000,11250000
4054,13588000,100011000,11320000
4055,13588000,100000000,11480000
4056,13592000,100004000,11074000
4057,13612000,100020000,11559000
4058,13592000,99980000,11142000
4059,13594000,100003000,11355000
4060,13580000,99985000,11496000
4061,13670000,100090000,11431000
4062,13582000,99913000,11364000
4063,13592000,100009000,11316000
4064,13588000,99996000,11383000
4065,13595000,100007000,11389000
4066,13590000,99994000,11052000
4067,13581000,99992000,11325000
4068,13588000,100007000,10915000
4069,13592000,100004000,10923000
4070,13584000,99992000,10995000
4071,13669000,100085000,11494000
4072,13592000,99924000,11218000
4073,13665000,100072000,11366000
4074,13592000,99927000,11364000
4075,13583000,99992000,10969000
4076,13586000,100001000,10890000
4077,13585000,100000000,11321000
4078,13591000,100006000,11048000
4079,13581000,99989000,11256000
4080,13591000,100012000,11391000
4081,13676000,100084000,11340000
4082,13583000,99908000,11194000
4083,13592000,100008000,11351000
4084,13588000,99996000,11483000
4085,13580000,99992000,11219000
4086,13596000,100016000,11016000
4087,13593000,99997000,11373000
4088,12584000,98991000,10821000
4089,13599000,101015000,11379000
4090,13582000,99982000,11168000
4091,13657000,100076000,11627000
4092,13592000,99935000,11536000
4093,13577000,99985000,11339000
4094,13599000,100022000,11333000
4095,13588000,99989000,11281000
4096,13589000,100001000,10879000
4097,13591000,100002000,11356000
4098,13593000,100002000,11004000
4099,13592000,99999000,11448000
4100,13588000,99996000,11434000
4101,13653000,100065000,11671000
4102,13593000,99940000,11099000
4103,13589000,99996000,11257000
4104,13585000,99996000,11313000
4105,13592000,100007000,11131000
4106,13593000,100000000,10981000
4107,13578000,99985000,10938000
4108,13588000,100012000,10854000
4109,13582000,99992000,10940000
4110,13583000,100002000,11206000
4111,13669000,100086000,11094000
4112,13584000,99915000,11222000
4113,13583000,99999000,11235000
4114,13584000,100001000,11228000
4115,13592000,100008000,11323000
4116,13592000,100000000,10966000
4117,13585000,99993000,11061000
4118,13581000,99996000,11054000
4119,13583000,100003000,11336000
4120,13588000,100004000,11330000
4121,13579000,99992000,11486000
4122,13596000,100016000,11341000
4123,13591000,99996000,11506000
4124,13585000,99993000,11286000
4125,13584000,99999000,11299000
4126,13591000,100007000,11367000
4127,13588000,99997000,11310000
4128,12584000,98996000,10758000
4129,13595000,101011000,11251000
4130,13593000,99998000,11454000
4131,13657000,100064000,11406000
4132,13592000,99935000,11465000
4133,13588000,99996000,11343000
4134,13592000,100004000,11336000
4135,12584000,98992000,10741000
4136,13593000,101009000,11212000
4137,13584000,99991000,11096000
4138,13681000,100097000,11227000
4139,13589000,99908000,11110000
4140,13592000,100003000,11037000
4141,13666000,100074000,11174000
4142,13591000,99925000,10968000
4143,13589000,99998000,11064000
4144,13588000,99999000,11059000
4145,13583000,99995000,11074000
4146,13576000,99993000,10993000
4147,13589000,100013000,11349000
4148,13587000,99998000,10927000
4149,12596000,99009000,10747000
4150,13592000,100996000,11080000
4151,13664000,100072000,11513000
4152,13574000,99909000,11221000
4153,13598000,100024000,11588000
4154,13600000,100003000,11248000
4155,13580000,99980000,11335000
4156,13577000,99997000,11259000
4157,13589000,100012000,11267000
4158,13587000,99998000,11336000
4159,13591000,100005000,11274000
4160,13575000,99984000,11419000
4161,13665000,100088000,11355000
4162,13598000,99935000,11507000
4163,13586000,99986000,11027000
4164,13583000,99998000,11166000
4165,13580000,99997000,10960000
4166,13592000,100012000,10962000
4167,13588000,99996000,11456000
4168,13592000,100004000,11385000
4169,13592000,100000000,11332000
4170,13589000,99997000,11265000
4171,13665000,100076000,11426000
4172,13592000,99927000,11411000
4173,13580000,99988000,11215000
4174,13587000,100007000,11492000
4175,13589000,100002000,11430000
4176,13592000,100003000,11216000
4177,13599000,100007000,11233000
4178,13596000,99997000,10954000
4179,13585000,99989000,11452000
4180,13595000,100010000,11312000
4181,13673000,100078000,11540000
4182,13576000,99903000,10906000
4183,13596000,100020000,11200000
4184,13584000,99988000,11259000
4185,13596000,100012000,11353000
4186,13585000,99989000,11200000
4187,13589000,100004000,11357000
4188,13592000,100003000,11494000
4189,12592000,99000000,10823000
4190,13591000,100999000,11084000
4191,13662000,100071000,11101000
4192,13581000,99919000,11176000
4193,13591000,100010000,10912000
4194,13592000,100001000,11056000
4195,13584000,99992000,10987000
4196,13587000,100003000,10908000
4197,13585000,99998000,11283000
4198,13593000,100008000,10923000
4199,13585000,99992000,11298000
4200,13589000,100004000,11414000
4201,13657000,100068000,11294000
4202,13584000,99927000,11287000
4203,13579000,99996000,11184000
4204,13584000,100004000,11236000
4205,13580000,99996000,11454000
4206,13588000,100008000,10975000
4207,13604000,100016000,11326000
4208,13592000,99988000,11463000
4209,13595000,100003000,11198000
4210,13598000,100002000,11400000
4211,13673000,100076000,11088000
4212,13653000,99980000,11276000
4213,13576000,99923000,11223000
4214,13588000,100012000,11079000
4215,13586000,99997000,11300000
4216,13584000,99999000,11232000
4217,13588000,100004000,11527000
4218,13593000,100005000,10888000
4219,13588000,99995000,11398000
4220,13580000,99992000,11246000
4221,13666000,100086000,11258000
4222,13600000,99934000,11339000
4223,13592000,99992000,11204000
4224,13592000,100000000,11414000
4225,13595000,100003000,10875000
4226,13677000,100082000,11004000
4227,13588000,99911000,11230000
4228,13595000,100007000,11155000
4229,13588000,99993000,10959000
4230,13589000,100001000,11033000
4231,13665000,100076000,11325000
4232,13593000,99928000,11172000
4233,13590000,99996000,11262000
4234,13589000,100000000,11256000
4235,13585000,99995000,11272000
4236,13585000,100001000,11068000
4237,13580000,99996000,11218000
4238,13593000,100012000,11147000
4239,13592000,99999000,10878000
4240,13581000,99989000,11006000
4241,13668000,100087000,10951000
4242,13590000,99921000,10948000
4243,13591000,100003000,10969000
4244,13595000,100003000,11044000
4245,13590000,99994000,11048000
4246,11923000,98335000,10832000
4247,13587000,101663000,11264000
4248,13589000,100002000,11126000
4249,13580000,99991000,11001000
4250,13584000,100004000,11070000
4251,13595000,100012000,11089000
4252,13583000,99988000,10932000
4253,13580000,99996000,11022000
4254,13594000,100013000,10953000
4255,12605000,99012000,10831000
4256,12590000,99984000,10821000
4257,13607000,101018000,11183000
4258,13597000,99990000,10979000
4259,13604000,100003000,11268000
4260,13591000,99987000,11401000
4261,13593000,100002000,10997000
4262,13599000,100007000,11137000
4263,13595000,99999000,11212000
4264,13598000,100002000,11415000
4265,13608000,100008000,11293000
4266,13604000,99999000,11149000
4267,13591000,99988000,11237000
4268,13588000,99996000,11230000
4269,13577000,99989000,10910000
4270,13596000,100019000,10904000
4271,11924000,98329000,10840000
4272,13592000,101667000,10910000
4273,13589000,99997000,10929000
4274,13596000,100007000,10849000
4275,13580000,99985000,10861000
4276,13587000,100006000,10997000
4277,13588000,100001000,10874000
4278,13592000,100004000,10939000
4279,12603000,99011000,10756000
4280,12593000,99990000,10808000
4281,13744000,101151000,11238000
4282,12597000,98852000,10819000
4283,12593000,99997000,10770000
4284,12596000,100003000,10830000
4285,12596000,100000000,10787000
4286,22997000,110401000,11377000
4287,13588000,90587000,10862000
4288,13590000,100005000,10859000
4289,13596000,100007000,10949000
4290,13585000,99989000,10866000
4291,13674000,100089000,11016000
4292,13591000,99917000,10949000
4293,13682000,100090000,10961000
4294,13581000,99900000,11030000
4295,13599000,100018000,10900000
4296,13584000,99985000,10961000
4297,13585000,100001000,10913000
4298,13589000,100004000,10843000
4299,13593000,100004000,10852000
4300,13593000,100000000,10855000
4301,13665000,100072000,11004000
4302,13581000,99916000,10929000
4303,13604000,100023000,10876000
4304,13589000,99985000,10870000
4305,13590000,100000000,10895000
4306,12593000,99004000,10751000
4307,12586000,99992000,10830000
4308,13587000,101002000,10889000
4309,12566000,98978000,10837000
4310,13596000,101031000,10968000
4311,13598000,100003000,10852000
4312,12596000,98996000,10708000
4313,12582000,99986000,10796000
4314,13595000,101014000,10849000
4315,12596000,99001000,10806000
4316,13592000,100996000,11008000
4317,13568000,99977000,11161000
4318,13578000,100008000,11362000
4319,13580000,100003000,11173000
4320,13584000,100004000,11304000
4321,13669000,100085000,11330000
4322,13588000,99919000,11172000
4323,13590000,100001000,11193000
4324,13585000,99996000,11317000
4325,13588000,100004000,11342000
4326,13588000,99999000,11130000
4327,13595000,100007000,11144000
4328,13592000,99997000,11146000
4329,13574000,99981000,11221000
4330,13579000,100006000,11428000
4331,13664000,100086000,11375000
4332,13590000,99924000,11158000
4333,13592000,100003000,11177000
4334,13584000,99992000,11170000
4335,13585000,100001000,11188000
4336,13580000,99995000,11174000
4337,13582000,100001000,11211000
4338,13590000,100008000,10840000
4339,13586000,99996000,11279000
4340,13583000,99998000,11138000
4341,13658000,100074000,11220000
4342,12585000,98928000,10801000
4343,13595000,101010000,11168000
4344,13582000,99986000,11150000
4345,12589000,99008000,10768000
4346,13599000,101010000,11166000
4347,13592000,99993000,11119000
4348,13589000,99997000,11049000
4349,13589000,100000000,11135000
4350,13588000,99999000,11253000
4351,13669000,100081000,11202000
4352,13585000,99916000,11073000
4353,13584000,99999000,11163000
4354,13585000,100001000,11082000
4355,13588000,100004000,11155000
4356,12595000,99006000,10742000
4357,13585000,100990000,11237000
4358,12595000,99011000,10812000
4359,12590000,99995000,10829000
4360,12578000,99986000,10828000
4361,13646000,101069000,10845000
4362,12595000,98949000,10564000
4363,12588000,99993000,10719000
4364,12591000,100004000,10781000
4365,13590000,100997000,10929000
4366,12584000,98995000,10728000
4367,13584000,101000000,10887000
4368,13584000,100000000,10879000
4369,22997000,109413000,11413000
4370,12590000,89588000,10750000
4371,13657000,101072000,10897000
4372,12584000,98927000,10758000
4373,13588000,101004000,10973000
4374,12584000,98996000,10770000
4375,12595000,100011000,10787000
4376,12588000,99993000,10709000
4377,12588000,100000000,10736000
4378,13586000,100999000,10851000
4379,13589000,100002000,10868000
4380,12591000,99003000,10659000
4381,13670000,101077000,11020000
4382,13591000,99923000,10882000
4383,12585000,98993000,10825000
4384,13577000,100992000,10887000
4385,13582000,100004000,10907000
4386,13593000,100012000,10892000
4387,13584000,99991000,10846000
4388,13581000,99997000,10853000
4389,13586000,100004000,10860000
4390,12586000,99000000,10788000
4391,13668000,101083000,11002000
4392,12586000,98917000,10795000
4393,13590000,101004000,10876000
4394,12598000,99010000,10804000
4395,12590000,99990000,10825000
4396,12584000,99995000,10751000
4397,12581000,99997000,10831000
4398,12595000,100015000,10823000
4399,13604000,101008000,10914000
4400,13589000,99985000,10903000
4401,12581000,98992000,10794000
4402,12588000,100008000,10783000
4403,13592000,101003000,10863000
4404,12580000,98988000,10804000
4405,12593000,100013000,10742000
4406,12592000,99999000,10808000
4407,13579000,100987000,10948000
4408,12593000,99014000,10815000
4409,13585000,100992000,10961000
4410,12603000,99018000,10754000
4411,13657000,101054000,10905000
4412,22997000,109340000,11498000
4413,11904000,88904000,10847000
4414,13572000,101671000,10910000
4415,12586000,99013000,10795000
4416,12586000,100000000,10793000
4417,13579000,100995000,10937000
4418,12584000,99004000,10731000
4419,12592000,100008000,10747000
4420,12578000,99986000,10828000
4421,13591000,101014000,10958000
4422,22996000,109405000,11410000
4423,12585000,89584000,10836000
4424,12585000,100004000,10822000
4425,13580000,100995000,10977000
4426,13587000,100007000,10841000
4427,13588000,100001000,10850000
4428,12587000,99000000,10780000
4429,12595000,100008000,10655000
4430,12580000,99984000,10796000
4431,13658000,101077000,11009000
4432,12581000,98924000,10800000
4433,13577000,100996000,11096000
4434,12589000,99012000,10813000
4435,12581000,99992000,10828000
4436,13589000,101008000,10897000
4437,11905000,98316000,10839000
4438,12584000,100679000,10763000
4439,12595000,100011000,10782000
4440,12590000,99994000,10776000
4441,13669000,101080000,10927000
4442,12599000,98930000,10785000
4443,12592000,99993000,10807000
4444,12592000,100000000,10798000
4445,13591000,100999000,10890000
4446,12596000,99005000,10668000
4447,13588000,100992000,11030000
4448,13581000,99993000,11089000
4449,13588000,100007000,11245000
4450,13680000,100093000,10964000
4451,13581000,99900000,10904000
4452,13586000,100004000,10912000
4453,12592000,99007000,10793000
4454,12578000,99985000,10713000
4455,12591000,100014000,10735000
4456,13589000,100998000,10856000
4457,12592000,99003000,10746000
4458,12592000,100000000,10730000
4459,12582000,99990000,10747000
4460,13590000,101007000,10887000
4461,12590000,99002000,10762000
4462,12592000,100001000,10754000
4463,12582000,99989000,10774000
4464,12584000,100003000,10763000
4465,12582000,99997000,10715000
4466,12591000,100011000,10777000
4467,13670000,101078000,10995000
4468,13665000,99995000,10928000
4469,12586000,98920000,10805000
4470,12581000,99996000,10799000
4471,13672000,101091000,10898000
4472,13593000,99921000,10882000
4473,12585000,98992000,10758000
4474,13685000,101099000,10952000
4475,12596000,98912000,10696000
4476,12588000,99992000,10758000
4477,12595000,100007000,10778000
4478,12593000,99998000,10699000
4479,13593000,101000000,11070000
4480,13580000,99987000,11257000
4481,13662000,100082000,11417000
4482,13596000,99934000,11073000
4483,13588000,99992000,11220000
4484,13589000,100001000,11283000
4485,13588000,99999000,10957000
4486,13589000,100001000,11161000
4487,13595000,100006000,11176000
4488,13593000,99998000,11309000
4489,11913000,98320000,10842000
4490,13591000,101678000,10839000
4491,13653000,100062000,10916000
4492,13592000,99939000,10842000
4493,12595000,99003000,10800000
4494,12595000,100001000,10790000
4495,23005000,110408000,11002000
4496,12589000,88581000,10770000
4497,13588000,102003000,11096000
4498,12593000,99005000,10676000
4499,13673000,101080000,10894000
4500,13592000,99919000,10902000
4501,13674000,100081000,10909000
4502,12596000,98923000,10636000
4503,12593000,99997000,10720000
4504,12589000,99996000,10717000
4505,12592000,100003000,10796000
4506,12587000,99995000,10793000
4507,12592000,100005000,10733000
4508,12596000,100004000,10807000
4509,12595000,99999000,10748000
4510,12590000,99994000,10810000
4511,13665000,101076000,10897000
4512,12592000,98927000,10761000
4513,12596000,100004000,10697000
4514,12585000,99989000,10699000
4515,12584000,100000000,10706000
4516,12589000,100003000,10778000
4517,12586000,99997000,10652000
4518,12570000,99984000,10724000
4519,12589000,100020000,10809000
4520,13581000,100992000,10995000
4521,13649000,100068000,10877000
4522,12587000,98938000,10744000
4523,12582000,99994000,10746000
4524,12581000,100000000,10816000
4525,12575000,99994000,10622000
4526,13584000,101009000,11236000
4527,13588000,100004000,11120000
4528,12580000,98992000,10635000
4529,13574000,100993000,11063000
4530,13596000,100023000,11197000
4531,13665000,100069000,11202000
4532,13577000,99912000,11076000
4533,12596000,99019000,10735000
4534,12596000,100000000,10667000
4535,12585000,99989000,10755000
4536,12592000,100007000,10750000
4537,13592000,101000000,10896000
4538,12591000,98999000,10754000
4539,12587000,99997000,10829000
4540,12583000,99996000,10823000
4541,12007000,99423000,10841000
4542,12596000,100589000,10774000
4543,12596000,100000000,10788000
4544,12595000,99999000,10791000
4545,13573000,100979000,10858000
4546,12571000,98998000,10796000
4547,13583000,101012000,11006000
4548,13568000,99984000,11015000
4549,13588000,100020000,11021000
4550,13567000,99980000,10889000
4551,13657000,100089000,11322000
4552,13668000,100012000,11303000
4553,12589000,98920000,10769000
4554,12572000,99984000,10774000
4555,12588000,100015000,10788000
4556,13586000,100998000,11048000
4557,13599000,100013000,11072000
4558,13584000,99985000,11067000
4559,13580000,99996000,11090000
4560,13571000,99991000,11208000
4561,13587000,100017000,11020000
4562,13580000,99992000,11010000
4563,13592000,100012000,11031000
4564,12592000,99000000,10686000
4565,12596000,100004000,10626000
4566,12582000,99985000,10622000
4567,12585000,100004000,10720000
4568,13584000,100999000,10839000
4569,12589000,99005000,10790000
4570,13582000,100992000,10916000
4571,12666000,99085000,10802000
4572,13573000,100907000,10929000
4573,12595000,99022000,10747000
4574,13585000,100990000,10883000
4575,12592000,99007000,10753000
4576,12583000,99991000,10751000
4577,12582000,99998000,10483000
4578,12581000,100000000,10690000
4579,11917000,99336000,10842000
4580,12572000,100655000,10763000
4581,12669000,100097000,10790000
4582,12581000,99912000,10710000
4583,12580000,99999000,10740000
4584,13592000,101012000,10853000
4585,12570000,98978000,10526000
4586,12599000,100029000,10667000
4587,12588000,99989000,10679000
4588,12581000,99992000,10672000
4589,12594000,100015000,10622000
4590,12592000,99997000,10753000
4591,13677000,101085000,11742000
4592,12590000,98914000,10766000
4593,12590000,99998000,10711000
4594,13580000,100991000,10838000
4595,12582000,99001000,10788000
4596,13572000,100991000,11064000
4597,12582000,99009000,10668000
4598,12585000,100004000,10659000
4599,12596000,100011000,10749000
4600,13678000,101081000,11074000
4601,13666000,99989000,11726000
4602,13588000,99922000,11171000
4603,12578000,98990000,10816000
4604,13584000,101006000,11036000
4605,12599000,99015000,10561000
4606,12592000,99993000,10709000
4607,12608000,100016000,10781000
4608,12607000,99999000,10780000
4609,12604000,99997000,10580000
4610,13592000,100988000,11064000
4611,12583000,98988000,10592000
4612,12581000,99997000,10596000
4613,14596000,102015000,12338000
4614,12595000,97999000,10536000
4615,14593000,102001000,12347000
4616,12591000,98000000,10743000
4617,14611000,102015000,12575000
4618,12600000,97992000,10627000
4619,14581000,101982000,12513000
4620,12591000,98010000,10773000
4621,13665000,101074000,11683000
4622,13681000,100016000,10988000
4623,14592000,100911000,12388000
4624,13564000,98972000,10853000
4625,14592000,101028000,12332000
4626,12584000,97992000,10599000
4627,14593000,102009000,12339000
4628,12588000,97995000,10607000
4629,14671000,102083000,12507000
4630,12581000,97910000,10611000
4631,14591000,102011000,12364000
4632,12577000,97984000,10767000
4633,14592000,102016000,12445000
4634,12581000,97989000,10779000
4635,14588000,102007000,12600000
4636,12584000,97996000,10647000
4637,14592000,102008000,12402000
4638,12589000,97997000,10799000
4639,14593000,102003000,12408000
4640,12575000,97983000,10671000
4641,15667000,103092000,13814000
4642,13577000,97910000,11029000
4643,14584000,101007000,12499000
4644,12570000,97986000,10693000
4645,14592000,102022000,12306000
4646,12579000,97988000,10572000
4647,14600000,102020000,12308000
4648,12586000,97985000,10577000
4649,14576000,101991000,12470000
4650,13592000,99016000,10855000
4651,14587000,100996000,12469000
4652,22993000,108405000,11326000
4653,14585000,91588000,12487000
4654,12591000,98010000,10742000
4655,14596000,102005000,12425000
4656,12584000,97988000,10620000
4657,14600000,102015000,12505000
4658,12588000,97989000,10770000
4659,14596000,102008000,12381000
4660,14587000,99991000,12030000
4661,15675000,101088000,13579000
4662,12584000,96909000,10795000
4663,24985000,112401000,13013000
4664,12585000,87596000,10744000
4665,14585000,102004000,12626000
4666,13581000,98996000,11644000
4667,25977000,112396000,13163000
4668,12579000,86599000,10706000
4669,12592000,100016000,10639000
4670,12581000,99989000,10704000
4671,15691000,103110000,13774000
4672,13574000,97882000,11050000
4673,12588000,99015000,10728000
4674,12591000,100003000,10725000
4675,12588000,99997000,10596000
4676,12568000,99980000,10731000
4677,12599000,100031000,10675000
4678,13581000,100982000,10888000
4679,12588000,99007000,10751000
4680,12570000,99981000,10750000
4681,12587000,100019000,10773000
4682,12587000,100000000,10766000
4683,12582000,99993000,10720000
4684,12588000,100007000,10705000
4685,12572000,99984000,10651000
4686,12580000,100008000,10721000
4687,12596000,100017000,10725000
4688,13587000,100990000,10852000
4689,12576000,98989000,10666000
4690,13589000,101013000,10868000
4691,13673000,100084000,11724000
4692,12572000,98899000,10740000
4693,12578000,100005000,10758000
4694,12673000,100096000,10823000
4695,14589000,101916000,12010000
4696,12580000,97991000,10755000
4697,12007000,99426000,10842000
4698,12576000,100570000,10560000
4699,12590000,100013000,10652000
4700,12573000,99984000,10719000
4701,13669000,101096000,11708000
4702,12588000,98919000,10725000
4703,12582000,99994000,10672000
4704,12569000,99987000,10732000
4705,12579000,100011000,10679000
4706,12573000,99992000,10616000
4707,12588000,100016000,10622000
4708,12590000,100003000,10754000
4709,12592000,100001000,10778000
4710,11909000,99317000,10835000
4711,13661000,101751000,11762000
4712,13590000,99929000,10842000
4713,12572000,98983000,10731000
4714,13590000,101017000,11636000
4715,13592000,100003000,11643000
4716,12570000,98977000,10593000
4717,12586000,100017000,10619000
4718,12665000,100079000,10742000
4719,12572000,99907000,10689000
4720,12588000,100016000,10706000
4721,13583000,100996000,11600000
4722,11904000,98321000,10830000
4723,12669000,100764000,10785000
4724,13665000,100996000,10905000
4725,13586000,99920000,11555000
4726,12592000,99007000,10790000
4727,13588000,100996000,11635000
4728,13596000,100008000,10856000
4729,13589000,99993000,11644000
4730,13588000,100000000,11776000
4731,13673000,100083000,11727000
4732,13588000,99916000,11585000
4733,12592000,99004000,10698000
4734,13599000,101006000,11523000
4735,13592000,99995000,11544000
4736,14586000,100992000,11888000
4737,14591000,100006000,11959000
4738,13588000,98997000,11544000
4739,14592000,101004000,11973000
4740,14583000,99991000,12116000
4741,14665000,100082000,12066000
4742,14588000,99923000,12123000
4743,13595000,99007000,11097000
4744,14596000,101001000,11927000
4745,13588000,98992000,11666000
4746,14595000,101007000,11939000
4747,13592000,98997000,11608000
4748,13585000,99993000,11610000
4749,13584000,99999000,11549000
4750,13597000,100013000,11754000
4751,13685000,100088000,11833000
4752,13589000,99904000,11696000
4753,13589000,100000000,11638000
4754,13596000,100007000,11572000
4755,14585000,100989000,11849000
4756,14581000,99996000,11860000
4757,14599000,100019000,11860000
4758,13585000,98984000,11444000
4759,13599000,100015000,11667000
4760,14590000,100990000,11883000
4761,14665000,100076000,11953000
4762,13575000,98910000,11546000
4763,13596000,100021000,11832000
4764,14574000,100977000,11901000
4765,13595000,99022000,11417000
4766,14590000,100995000,11903000
4767,14582000,99991000,11917000
4768,14592000,100011000,11919000
4769,13584000,98992000,11792000
4770,13586000,100001000,11798000
4771,13669000,100084000,11806000
4772,13584000,99915000,11822000
4773,13589000,100005000,11540000
4774,14596000,101007000,12025000
4775,13591000,98995000,11401000
4776,13588000,99997000,11554000
4777,13584000,99996000,11490000
4778,13599000,100015000,11486000
4779,13584000,99985000,11500000
4780,14584000,101000000,12057000
4781,14676000,100092000,11851000
4782,14584000,99908000,11866000
4783,13591000,99007000,11513000
4784,14586000,100994000,11869000
4785,14592000,100007000,11873000
4786,13588000,98996000,11464000
4787,14592000,101004000,12021000
4788,14592000,100000000,11967000
4789,13588000,98996000,11829000
4790,13593000,100005000,11413000
4791,13666000,100072000,11634000
4792,14596000,100931000,11842000
4793,13588000,98992000,11643000
4794,14603000,101015000,11852000
4795,13578000,98974000,11440000
4796,14592000,101015000,11868000
4797,13595000,99003000,11519000
4798,14588000,100993000,11889000
4799,13592000,99004000,11545000
4800,14592000,101000000,11890000
4801,14665000,100073000,11896000
4802,14665000,100000000,12116000
4803,13592000,98927000,11634000
4804,14571000,100980000,11853000
4805,14590000,100017000,11849000
4806,13588000,98999000,11584000
4807,13583000,99996000,11508000
4808,14584000,101000000,11854000
4809,13588000,99004000,11808000
4810,13599000,100011000,11813000
4811,13591000,99993000,11456000
4812,14592000,101000000,11887000
4813,13595000,99003000,11328000
4814,13588000,99993000,11821000
4815,13588000,100000000,11559000
4816,12924000,99335000,11833000
4817,13592000,100669000,11638000
4818,13588000,99996000,11568000
4819,13589000,100001000,11575000
4820,14592000,101003000,11868000
4821,14653000,100061000,11996000
4822,13596000,98943000,11589000
4823,14580000,100984000,12016000
4824,13592000,99012000,11667000
4825,13588000,99996000,11055000
4826,13599000,100011000,11680000
4827,13592000,99993000,11474000
4828,13584000,99992000,11557000
4829,13595000,100011000,11484000
4830,13588000,99993000,11564000
4831,13669000,100081000,11643000
4832,14581000,100912000,11848000
4833,13578000,98997000,11432000
4834,13580000,100002000,11801000
4835,14677000,101097000,11865000
4836,13581000,98904000,11820000
4837,13584000,100003000,11671000
4838,13592000,100008000,11610000
4839,14580000,100988000,11963000
4840,13581000,99001000,11822000
4841,14661000,101080000,11969000
4842,13591000,98930000,11481000
4843,12905000,99314000,11839000
4844,14578000,101672000,11913000
4845,13595000,99018000,11297000
4846,13595000,100001000,11437000
4847,14604000,101008000,11932000
4848,14586000,99981000,11862000
4849,13591000,99007000,11600000
4850,13591000,100000000,11532000
4851,13665000,100073000,11680000
4852,14580000,100915000,11963000
4853,13592000,99012000,11692000
4854,14578000,100986000,11893000
4855,13584000,99006000,11429000
4856,14586000,101001000,11840000
4857,14576000,99991000,11849000
4858,13591000,99015000,11503000
4859,14580000,100989000,11864000
4860,13588000,99008000,11810000
4861,14676000,101088000,12017000
4862,13596000,98920000,11463000
4863,14574000,100977000,11957000
4864,13573000,99000000,11755000
4865,14574000,101000000,12034000
4866,13584000,99011000,11770000
4867,13584000,100000000,11773000
4868,14584000,101000000,11844000
4869,13592000,99008000,11431000
4870,13588000,99996000,11576000
4871,14658000,101070000,11936000
4872,13584000,98926000,11442000
4873,14581000,100997000,12011000
4874,14583000,100002000,11943000
4875,14592000,100009000,12096000
4876,13592000,99001000,11468000
4877,14595000,101002000,11895000
4878,13597000,99002000,11475000
4879,13596000,99999000,11773000
4880,14587000,100991000,11973000
4881,13657000,99070000,11643000
4882,14588000,100931000,11845000
4883,14578000,99989000,11985000
4884,13584000,99007000,11435000
4885,13576000,99992000,11584000
4886,13584000,100008000,11801000
4887,14584000,101000000,11887000
4888,13590000,99005000,11807000
4889,13580000,99991000,11330000
4890,13599000,100019000,11744000
4891,14591000,100993000,11896000
4892,13592000,99000000,11560000
4893,13591000,99999000,11769000
4894,13581000,99990000,11564000
4895,13587000,100007000,11779000
4896,13579000,99991000,11644000
4897,13592000,100013000,11579000
4898,13600000,100008000,11507000
4899,13588000,99988000,11457000
4900,14588000,101000000,12011000
4901,14669000,100081000,12157000
4902,13592000,98923000,11816000
4903,14581000,100989000,12040000
4904,13604000,99023000,11758000
4905,13584000,99980000,11408000
4906,13589000,100004000,11763000
4907,14581000,100993000,11845000
4908,13596000,99015000,11785000
4909,13575000,99979000,11238000
4910,13576000,100001000,11729000
4911,13661000,100085000,11670000
4912,13591000,99930000,11671000
4913,13596000,100005000,11608000
4914,13600000,100004000,11610000
4915,13593000,99993000,11401000
4916,13585000,99992000,11758000
4917,13596000,100011000,11481000
4918,13596000,100000000,11410000
4919,13585000,99989000,11774000
4920,14584000,101000000,11838000
4921,13657000,99072000,11714000
4922,14607000,100950000,11983000
4923,14592000,99985000,11854000
4924,14588000,99996000,11860000
4925,13595000,99007000,11806000
4926,13593000,99998000,11739000
4927,14585000,100992000,11894000
4928,13583000,98998000,11817000
4929,13584000,100001000,11545000
4930,14589000,101005000,11957000
4931,13658000,99069000,11565000
4932,14580000,100922000,11837000
4933,13592000,99012000,11788000
4934,14584000,100992000,11917000
4935,13596000,99012000,11727000
4936,13589000,99993000,11785000
4937,13572000,99983000,11389000
4938,13584000,100013000,11390000
4939,13580000,99995000,11600000
4940,13585000,100005000,11749000
4941,13664000,100079000,11813000
4942,14592000,100928000,12031000
4943,13588000,98996000,11757000
4944,14595000,101007000,12040000
4945,13589000,98994000,11351000
4946,14588000,100999000,11836000
4947,13588000,99000000,11288000
4948,14588000,101000000,11847000
4949,13596000,99008000,11588000
4950,13588000,99992000,11584000
4951,14661000,101073000,11886000
4952,13586000,98924000,11663000
4953,13586000,100000000,11325000
4954,13588000,100003000,11819000
4955,13592000,100004000,11401000
4956,13592000,100000000,11758000
4957,13595000,100003000,11698000
4958,13585000,99990000,11421000
4959,13592000,100007000,11431000
4960,14595000,101003000,11907000
4961,13662000,99067000,11784000
4962,14592000,100930000,11921000
4963,14582000,99989000,11926000
4964,14588000,100007000,11939000
4965,13592000,99004000,11740000
4966,13582000,99989000,11747000
4967,13585000,100004000,11757000
4968,13589000,100004000,11749000
4969,13588000,99999000,11693000
4970,13586000,99997000,11768000
4971,14662000,101076000,12051000
4972,13585000,98924000,11423000
4973,13587000,100002000,11784000
4974,13576000,99989000,11785000
4975,13600000,100024000,11443000
4976,23996000,110397000,12333000
4977,13589000,89588000,11454000
4978,13586000,100000000,11386000
4979,13672000,100088000,11540000
4980,13661000,99988000,11545000
4981,14669000,101008000,11958000
4982,13592000,98923000,11338000
4983,14596000,101004000,11903000
4984,23997000,109401000,12312000
4985,23996000,99996000,11971000
4986,13576000,89583000,11361000
4987,13577000,100001000,11224000
4988,13593000,100016000,11302000
4989,13599000,100006000,11238000
4990,13581000,99982000,11244000
4991,13677000,100096000,11456000
4992,13599000,99922000,11328000
4993,13596000,99997000,11329000
4994,13585000,99989000,11404000
4995,13599000,100014000,11339000
4996,13592000,99993000,11280000
4997,13582000,99989000,11354000
4998,13584000,100003000,11430000
4999,13592000,100008000,11361000
5000,23997000,110405000,12054000
5001,13589000,89588000,11445000
5002,13584000,99999000,11387000
5003,13588000,100004000,11313000
5004,13588000,100000000,11385000
5005,13599000,100011000,11390000
5006,13580000,99981000,11257000
5007,13589000,100009000,11334000
5008,22997000,109408000,11823000
5009,13594000,90592000,11423000
5010,14588000,100999000,11976000
5011,13669000,99080000,11781000
5012,14580000,100912000,11918000
5013,14593000,100013000,11926000
5014,14588000,99995000,11998000
5015,13596000,99008000,11737000
5016,13573000,99977000,11808000
5017,14596000,101023000,11891000
5018,13591000,98996000,11330000
5019,14596000,101004000,11895000
5020,13591000,98996000,11753000
5021,13590000,99999000,11832000
5022,14599000,101009000,11902000
5023,13588000,98988000,11776000
5024,13685000,100097000,11644000
5025,13590000,99905000,11787000
5026,13592000,100002000,11790000
5027,14595000,101003000,11869000
5028,13584000,98989000,11810000
5029,13596000,100012000,11319000
5030,13588000,99992000,11321000
5031,14661000,101073000,11896000
5032,13590000,98928000,11548000
5033,13588000,99999000,11769000
5034,13568000,99980000,11783000
5035,13580000,100012000,11631000
5036,13580000,100000000,11778000
5037,13599000,100019000,11713000
5038,14596000,100997000,11847000
5039,13608000,99012000,11450000
5040,13599000,99991000,11808000
5041,14661000,101062000,12016000
5042,13592000,98931000,11459000
5043,13591000,99999000,11687000
5044,14588000,100997000,11888000
5045,13581000,98993000,11696000
5046,13580000,99999000,11703000
5047,13584000,100004000,11350000
5048,13597000,100013000,11572000
5049,14592000,100995000,11923000
5050,13597000,99005000,11732000
5051,14669000,101072000,12062000
5052,13584000,98915000,11722000
5053,13673000,100089000,11808000
5054,13596000,99923000,11380000
5055,13584000,99988000,11748000
5056,13594000,100011000,11750000
5057,13588000,99993000,11683000
5058,13584000,99996000,11399000
5059,13599000,100015000,11351000
5060,13580000,99981000,11564000
5061,13665000,100085000,11782000
5062,13600000,99935000,11289000
5063,13592000,99992000,11434000
5064,13590000,99997000,11365000
5065,13574000,99984000,11671000
5066,13576000,100003000,11672000
5067,14586000,101009000,11933000
5068,14590000,100004000,11878000
5069,14661000,100072000,11961000
5070,13584000,98923000,11325000
5071,13666000,100081000,11825000
5072,13599000,99934000,11823000
5073,13568000,99969000,11835000
5074,12928000,99359000,11834000
5075,13591000,100664000,11711000
