seq,latency_m2m_ns,callback_jitter,publish_jitter
354,31566000,21090000,10207000
355,31406000,20828000,10024000
356,31412000,21024000,10066000
357,31523000,21094000,10160000
358,31478000,20955000,10115000
359,31510000,21032000,10136000
360,31454000,20955000,10102000
361,31651000,21186000,10266000
362,31518000,20878000,10162000
363,31566000,21037000,10188000
364,31505000,20950000,10149000
365,31475000,20959000,10097000
366,32529000,22065000,10173000
367,32540000,22000000,10162000
368,31553000,21024000,10197000
369,31531000,20967000,10153000
370,32520000,21999000,10163000
371,32598000,22067000,10218000
372,32587000,22000000,10229000
373,34260000,23663000,11886000
374,33483000,21233000,10119000
375,31590000,21108000,10217000
376,32515000,21924000,10158000
377,32601000,22076000,10217000
378,32514000,21924000,10158000
379,32521000,21996000,10143000
380,32510000,22000000,10154000
381,32447000,21926000,10080000
382,33222000,22775000,11859000
383,33451000,21229000,10077000
384,31472000,21032000,10120000
385,31455000,20972000,10081000
386,31455000,21011000,10103000
387,31502000,21036000,10139000
388,31461000,20959000,10098000
389,31485000,21024000,10111000
390,31437000,20963000,10085000
391,31404000,20956000,10030000
392,31482000,21088000,10129000
393,31463000,20971000,10089000
394,31472000,21020000,10120000
395,31442000,20959000,10068000
396,31467000,21036000,10115000
397,31503000,21024000,10128000
398,31455000,20964000,10103000
399,31420000,20954000,10046000
400,31433000,21024000,10081000
401,33226000,22782000,11852000
402,32388000,20173000,10025000
403,31494000,21105000,10130000
404,31449000,20955000,10096000
405,31426000,20967000,10063000
406,31454000,21028000,10091000
407,32451000,21996000,10077000
408,32443000,22004000,10091000
409,31478000,21024000,10104000
410,31426000,20959000,10074000
411,33490000,23053000,10116000
412,31499000,21020000,10147000
413,31469000,20958000,10105000
414,32546000,22078000,10183000
415,31497000,20951000,10134000
416,31456000,20958000,10093000
417,31566000,21111000,10192000
418,31645000,21090000,10289000
419,32446000,21790000,10064000
420,32493000,22065000,10148000
421,31478000,20967000,10104000
422,31418000,20951000,10066000
423,31527000,21098000,10164000
424,31490000,20962000,10126000
425,31444000,20955000,10070000
426,32653000,22219000,10293000
427,32581000,21918000,10212000
428,32664000,22082000,10293000
429,34317000,23654000,11943000
430,33531000,21224000,10168000
431,31578000,21048000,10219000
432,32589000,22000000,10219000
433,30505000,19915000,9799000
434,31256000,21093000,10230000
435,32605000,22008000,10219000
436,32502000,21914000,10156000
437,32527000,22008000,10153000
438,32512000,21996000,10160000
439,31639000,21116000,10266000
440,32631000,21991000,10257000
441,32631000,22000000,10246000
442,32824000,22205000,10468000
443,32618000,21783000,10238000
444,31494000,20887000,10142000
445,32501000,21996000,10138000
446,32644000,22142000,10276000
447,32585000,21941000,10204000
448,35551000,24978000,11910000
449,34288000,22015000,10196000
450,32690000,22124000,10330000
451,32577000,21876000,10187000
452,32476000,21918000,10132000
453,32644000,22148000,10275000
454,31599000,20954000,10230000
455,32602000,22004000,10224000
456,31463000,20873000,10111000
457,31445000,20971000,10071000
458,32500000,22065000,10148000
459,31398000,20888000,10024000
460,31405000,21018000,10053000
461,31453000,21036000,10078000
462,31469000,21028000,10117000
463,31505000,21024000,10141000
464,31467000,20963000,10104000
465,31430000,20963000,10056000
466,33177000,22758000,11825000
467,32450000,20262000,10076000
468,31467000,21028000,10115000
469,31441000,20963000,10067000
470,31450000,21020000,10098000
471,31433000,20972000,10070000
472,31452000,21019000,10089000
473,31485000,21032000,10110000
474,31429000,20955000,10081000
475,32440000,21996000,10061000
476,33550000,23126000,10187000
477,31428000,20878000,10065000
478,31388000,20960000,10036000
479,31576000,21169000,10194000
480,32565000,22000000,10205000
481,32577000,22009000,10198000
482,32488000,21921000,10135000
483,31523000,21024000,10149000
484,32507000,21996000,10155000
485,32672000,22154000,10291000
486,32515000,21854000,10163000
487,32535000,22008000,10161000
488,32590000,22067000,10237000
489,32615000,22008000,10229000
490,32656000,22058000,10302000
491,32526000,21854000,10147000
492,32515000,22003000,10162000
493,32605000,22081000,10224000
494,32723000,22129000,10366000
495,31553000,20819000,10179000
496,31369000,20827000,10017000
497,31415000,21034000,10040000
498,31414000,21011000,10062000
499,31390000,20965000,10016000
500,31405000,21026000,10053000
501,31589000,21173000,10209000
502,31389000,20811000,10037000
503,32409000,22009000,10046000
504,31439000,21030000,10065000
505,31453000,21024000,10089000
506,31420000,20968000,10068000
507,31589000,21158000,10211000
508,31460000,20881000,10107000
509,31576000,21098000,10194000
510,31447000,20889000,10094000
511,31630000,21173000,10248000
512,31587000,20967000,10220000
513,32526000,21932000,10151000
514,32787000,22273000,10427000
515,31472000,20678000,10098000
516,32457000,21992000,10109000
517,31504000,21028000,10126000
518,31460000,20967000,10104000
519,31505000,21033000,10126000
520,32632000,22139000,10260000
521,31668000,21033000,10289000
522,33291000,22630000,11931000
523,34421000,22123000,10047000
524,31428000,21016000,10074000
525,31401000,20963000,10030000
526,31417000,21024000,10065000
527,31394000,20966000,10020000
528,31343000,20960000,9991000
529,31456000,21101000,10082000
530,31465000,21020000,10113000
531,31500000,21025000,10126000
532,34432000,23943000,10807000
533,32206000,21036000,10105000
534,31423000,20955000,10071000
535,31532000,21097000,10157000
536,31418000,20897000,10066000
537,31605000,21177000,10226000
538,31406000,20812000,10054000
539,31514000,21096000,10139000
540,31527000,21024000,10175000
541,33230000,22693000,11856000
542,32408000,20189000,10045000
543,31514000,21105000,10151000
544,31477000,20964000,10125000
545,31442000,20954000,10068000
546,31455000,21024000,10103000
547,31426000,20959000,10051000
548,31443000,21028000,10090000
549,31490000,21036000,10115000
550,31434000,20955000,10081000
551,31396000,20952000,10022000
552,31552000,21166000,10199000
553,31460000,20898000,10086000
554,31473000,21023000,10121000
555,31451000,20967000,10076000
556,32497000,22058000,10145000
557,31394000,20886000,10020000
558,31484000,21101000,10132000
559,31458000,20962000,10083000
560,31484000,21037000,10131000
561,31453000,20958000,10078000
562,31462000,21021000,10110000
563,31432000,20959000,10058000
564,31445000,21023000,10093000
565,31423000,20967000,10049000
566,31440000,21029000,10088000
567,31406000,20954000,10032000
568,31419000,21025000,10067000
569,31466000,21036000,10092000
570,31546000,21090000,10178000
571,31442000,20897000,10079000
572,31401000,20958000,10049000
573,31444000,21033000,10070000
574,31465000,21032000,10113000
575,31501000,21024000,10126000
576,31454000,20964000,10101000
577,32463000,21999000,10089000
578,31549000,21097000,10197000
579,31446000,20886000,10072000
580,31532000,21097000,10180000
581,31441000,20898000,10067000
582,31450000,21020000,10098000
583,31408000,20947000,10034000
584,31429000,21032000,10077000
585,31473000,21032000,10098000
586,31489000,21028000,10137000
587,31533000,21032000,10158000
588,31477000,20955000,10124000
589,31598000,21110000,10219000
590,31468000,20881000,10107000
591,31568000,21090000,10194000
592,31521000,20964000,10169000
593,31494000,20962000,10120000
594,32544000,22061000,10192000
595,31441000,20885000,10067000
596,31388000,20959000,10036000
597,31435000,21036000,10061000
598,31453000,21028000,10101000
599,31484000,21021000,10110000
600,31428000,20954000,10075000
601,31483000,21045000,10109000
602,31488000,21016000,10136000
603,31462000,20963000,10088000
604,31414000,20962000,10061000
605,31462000,21037000,10088000
606,31397000,20946000,10044000
607,31428000,21021000,10054000
608,31382000,20965000,10019000
609,31420000,21037000,10057000
610,31656000,21237000,10297000
611,31492000,20825000,10110000
612,31558000,21085000,10206000
613,31462000,20885000,10080000
614,31346000,20903000,10002000
615,31387000,21021000,10012000
616,31401000,21026000,10049000
617,33178000,22766000,11804000
618,32437000,20269000,10074000
619,31465000,21029000,10102000
620,31416000,20951000,10064000
621,31383000,20956000,10009000
622,31407000,21035000,10055000
623,31520000,21101000,10145000
624,32435000,21927000,10083000
625,31478000,21032000,10096000
626,31487000,21028000,10143000
627,31605000,21099000,10226000
628,31548000,20953000,10196000
629,31444000,20886000,10070000
630,31482000,21049000,10130000
631,31431000,20938000,10049000
632,31441000,21028000,10096000
633,31434000,20975000,10060000
634,31377000,20954000,10025000
635,31413000,21025000,10039000
636,33092000,22690000,11740000
637,32437000,20334000,10063000
638,31450000,21024000,10098000
639,31490000,21029000,10116000
640,31434000,20954000,10081000
641,31407000,20963000,10033000
642,31424000,21028000,10072000
643,31394000,20958000,10020000
644,31411000,21029000,10059000
645,31447000,21024000,10073000
646,31468000,21032000,10105000
647,31431000,20963000,10067000
648,31383000,20953000,10036000
649,31446000,21047000,10067000
650,31442000,21012000,10090000
651,31477000,21024000,10103000
652,31494000,21028000,10142000
653,31468000,20963000,10094000
654,31485000,21028000,10133000
655,33132000,22636000,11758000
656,32444000,20323000,10081000
657,31545000,21101000,10182000
658,31500000,20955000,10148000
659,31405000,20894000,10031000
660,31565000,21162000,10205000
661,32567000,22000000,10193000
662,31515000,20959000,10163000
663,31489000,20963000,10115000
664,31582000,21104000,10224000
665,31489000,20891000,10106000
666,31574000,21100000,10215000
667,31610000,21021000,10224000
668,32594000,22000000,10239000
669,32610000,22000000,10223000
670,32594000,22000000,10234000
671,32622000,22017000,10240000
672,32594000,21983000,10234000
673,32614000,22009000,10230000
674,35649000,25046000,12000000
675,33252000,20875000,10153000
676,32600000,22083000,10249000
677,32539000,21921000,10165000
678,31556000,21028000,10204000
679,32644000,22076000,10262000
680,32556000,21924000,10196000
681,32569000,22010000,10196000
682,32566000,22000000,10207000
683,32639000,22062000,10258000
684,32551000,21923000,10199000
685,32566000,22004000,10192000
686,32566000,22011000,10206000
687,32589000,22012000,10208000
688,32554000,21976000,10202000
689,32647000,22082000,10268000
690,32489000,21852000,10136000
691,31524000,21024000,10150000
692,31479000,20967000,10127000
693,31590000,21099000,10210000
694,31458000,20880000,10106000
695,31563000,21094000,10189000
696,31511000,20958000,10159000
697,31489000,20967000,10114000
698,32694000,22217000,10331000
699,31509000,20803000,10134000
700,30489000,19992000,9813000
701,30163000,19987000,9782000
702,31173000,21028000,10141000
703,31619000,21115000,10252000
704,31495000,20876000,10143000
705,30563000,20057000,9858000
706,31389000,21167000,10360000
707,31554000,20823000,10172000
708,31490000,20955000,10145000
709,31537000,21029000,10163000
710,32537000,22011000,10185000
711,32532000,21984000,10158000
712,32521000,22000000,10169000
713,32540000,22008000,10166000
714,32533000,22003000,10181000
715,31487000,20943000,10112000
716,31439000,20963000,10086000
717,32457000,22008000,10083000
718,31462000,21016000,10110000
719,31511000,21037000,10136000
720,30628000,20129000,9930000
721,30215000,19914000,9858000
722,32307000,22086000,10264000
723,32626000,21987000,10240000
724,32468000,21853000,10116000
725,31442000,20963000,10068000
726,31455000,21024000,10103000
727,31491000,21025000,10117000
728,31512000,21032000,10160000
729,31493000,20970000,10119000
730,31495000,21013000,10143000
731,30497000,19991000,9792000
732,31184000,21028000,10162000
733,31492000,20967000,10118000
734,31501000,21020000,10149000
735,31480000,20968000,10106000
736,31488000,21019000,10136000
737,31474000,20974000,10099000
738,31406000,20944000,10059000
739,31516000,21093000,10136000
740,31458000,20959000,10106000
741,31506000,21036000,10131000
742,31515000,21020000,10163000
743,31484000,20959000,10110000
744,31506000,21032000,10154000
745,31483000,20967000,10109000
746,31423000,20951000,10071000
747,31394000,20960000,10020000
748,31414000,21031000,10062000
749,31396000,20970000,10021000
750,31393000,21009000,10041000
751,31442000,21037000,10068000
752,31523000,21093000,10171000
753,31361000,20827000,9979000
754,31368000,21026000,10024000
755,31414000,21027000,10040000
756,31425000,21020000,10071000
757,31407000,20973000,10033000
758,31415000,21018000,10062000
759,31383000,20957000,10020000
760,31351000,20969000,9988000
761,31445000,21093000,10071000
762,31393000,20960000,10046000
763,31437000,21028000,10058000
764,31389000,20968000,10037000
765,31419000,21019000,10045000
766,31509000,21101000,10157000
767,31415000,20895000,10033000
768,31415000,21019000,10071000
769,31395000,20960000,10020000
770,31414000,21031000,10062000
771,31388000,20963000,10025000
772,31412000,21024000,10049000
773,31506000,21094000,10132000
774,31449000,20954000,10102000
775,31502000,21036000,10122000
776,31518000,21032000,10170000
777,31481000,20947000,10101000
778,31431000,20967000,10068000
779,31456000,21024000,10092000
780,31488000,21033000,10136000
781,31527000,21028000,10153000
782,31471000,20954000,10118000
783,31522000,21041000,10148000
784,31458000,20947000,10106000
785,31493000,21024000,10119000
786,31454000,20971000,10107000
787,31481000,21012000,10102000
788,31428000,20962000,10076000
789,32512000,22074000,10149000
790,31467000,20954000,10103000
791,31507000,21041000,10133000
792,31439000,20943000,10092000
793,31487000,21032000,10108000
794,31499000,21028000,10147000
795,31469000,20959000,10095000
796,31486000,21028000,10139000
797,31465000,20963000,10086000
798,31404000,20954000,10052000
799,31520000,21106000,10146000
800,31464000,20955000,10112000
801,31503000,21028000,10129000
802,31527000,21034000,10174000
803,31421000,20884000,10039000
804,31496000,21093000,10151000
805,31539000,21025000,10165000
806,31421000,20893000,10069000
807,31538000,21106000,10164000
808,31486000,20958000,10133000
809,31455000,20959000,10081000
810,31465000,21020000,10112000
811,31512000,21037000,10138000
812,31467000,20966000,10115000
813,31499000,21020000,10125000
814,31516000,21029000,10164000
815,31495000,20967000,10120000
816,31433000,20950000,10070000
817,31466000,21032000,10103000
818,31499000,21034000,10152000
819,31461000,20946000,10082000
820,31469000,21024000,10117000
821,31508000,21028000,10134000
822,31460000,20963000,10108000
823,31561000,21089000,10186000
824,31587000,21037000,10226000
825,33163000,22565000,11784000
826,33587000,21435000,10215000
827,31544000,20958000,10181000
828,31500000,20955000,10147000
829,31469000,20959000,10095000
830,31578000,21120000,10219000
831,31407000,20818000,10033000
832,31417000,21019000,10064000
833,31393000,20967000,10019000
834,31540000,21157000,10187000
835,31385000,20835000,10003000
836,31383000,21017000,10039000
837,31442000,21039000,10068000
838,31376000,20946000,10024000
839,31404000,21016000,10030000
840,31421000,21029000,10069000
841,31409000,20976000,10035000
842,31432000,21035000,10080000
843,31392000,20949000,10018000
844,33136000,22755000,11784000
845,33377000,21230000,10003000
846,31391000,21025000,10039000
847,31503000,21101000,10129000
848,31391000,20898000,10030000
849,31357000,20964000,9991000
850,31377000,21023000,10025000
851,31408000,21020000,10034000
852,31362000,20964000,10009000
853,31393000,21021000,10019000
854,31346000,20964000,9983000
855,31376000,21030000,10013000
856,31347000,20971000,9995000
857,31376000,21018000,10002000
858,31392000,21026000,10039000
859,31371000,20968000,9996000
860,31376000,21016000,10023000
861,31408000,21022000,10034000
862,31430000,21032000,10078000
863,31396000,20956000,10022000
864,31350000,20965000,9998000
865,31396000,21035000,10022000
866,31403000,21018000,10051000
867,31443000,21028000,10069000
868,31460000,21028000,10108000
869,31422000,20951000,10048000
870,31451000,21041000,10099000
871,31417000,20954000,10042000
872,31451000,21045000,10099000
873,31408000,20946000,10034000
874,31429000,21032000,10077000
875,31469000,21030000,10095000
876,31477000,21019000,10125000
877,31451000,20963000,10077000
878,31465000,21024000,10112000
879,31499000,21024000,10125000
880,31447000,20959000,10095000
881,31502000,21044000,10128000
882,33180000,22689000,11828000
883,32523000,20331000,10148000
884,31540000,21029000,10188000
885,31505000,20954000,10131000
886,31449000,20955000,10097000
887,31496000,21036000,10122000
888,31518000,21032000,10165000
889,31487000,20959000,10113000
890,31431000,20955000,10079000
891,31483000,21041000,10109000
892,31418000,20946000,10055000
893,31442000,21024000,10079000
894,31483000,21041000,10131000
895,31440000,20946000,10077000
896,31469000,21028000,10106000
897,31432000,20963000,10057000
898,31587000,21166000,10228000
899,31488000,20890000,10106000
900,31429000,20959000,10083000
901,33208000,22762000,11834000
902,33427000,21230000,10064000
903,31388000,20960000,10024000
904,31487000,21100000,10140000
905,31470000,20967000,10091000
906,31475000,21021000,10123000
907,31445000,20958000,10070000
908,31396000,20963000,10049000
909,31436000,21024000,10057000
910,31449000,21028000,10096000
911,31415000,20955000,10051000
912,31443000,21028000,10079000
913,31483000,21040000,10109000
914,31492000,21021000,10145000
915,31467000,20959000,10088000
916,31419000,20967000,10066000
917,31449000,21020000,10075000
918,31393000,20954000,10040000
919,31505000,21102000,10131000
920,33183000,22688000,11830000
921,33439000,21246000,10065000
922,31457000,21028000,10105000
923,31504000,21036000,10129000
924,31440000,20947000,10088000
925,31483000,21033000,10109000
926,31500000,21028000,10148000
927,31470000,20958000,10095000
928,31418000,20959000,10065000
929,31457000,21029000,10083000
930,31470000,21024000,10118000
931,31452000,20970000,10077000
932,31465000,21024000,10113000
933,31500000,21025000,10126000
934,31448000,20959000,10096000
935,31496000,21037000,10122000
936,31447000,20961000,10099000
937,31491000,21029000,10112000
938,31508000,21032000,10155000
939,31461000,20943000,10087000
940,31405000,20955000,10058000
941,31446000,21025000,10067000
942,31465000,21035000,10113000
943,31509000,21032000,10134000
944,31456000,20959000,10104000
945,31426000,20959000,10052000
946,31447000,21032000,10100000
947,31495000,21032000,10116000
948,31443000,20964000,10091000
949,31470000,21015000,10106000
950,31429000,20959000,10065000
951,31470000,21041000,10095000
952,31474000,21015000,10121000
953,31513000,21029000,10139000
954,32649000,22147000,10291000
955,31469000,20803000,10090000
956,31485000,21033000,10133000
957,31455000,20958000,10092000
958,31413000,20959000,10050000
959,31515000,21102000,10141000
960,31532000,21028000,10180000
961,31502000,20959000,10120000
962,31438000,20955000,10099000
963,31367000,20905000,9988000
964,31446000,21095000,10094000
965,31484000,21027000,10110000
966,31424000,20951000,10072000
967,31459000,21024000,10085000
968,31480000,21032000,10117000
969,31439000,20959000,10076000
970,31480000,21041000,10128000
971,31437000,20946000,10063000
972,31446000,21020000,10099000
973,31425000,20963000,10046000
974,31433000,21024000,10081000
975,31407000,20963000,10033000
976,31428000,21032000,10076000
977,33205000,22766000,11831000
978,33493000,21299000,10141000
979,31455000,20951000,10081000
980,31476000,21032000,10124000
981,31516000,21028000,10138000
982,31467000,20963000,10111000
983,31581000,21103000,10198000
984,31446000,20876000,10090000
985,31501000,21044000,10123000
986,31451000,20960000,10099000
987,31416000,20950000,10033000
988,31432000,21032000,10076000
989,31406000,20963000,10028000
990,31416000,21020000,10059000
991,31451000,21024000,10072000
992,31468000,21028000,10112000
993,31441000,20963000,10063000
994,31599000,21168000,10238000
995,31433000,20824000,10047000
996,31508000,21093000,10159000
997,31485000,20958000,10107000
998,31436000,20963000,10080000
999,31468000,21020000,10090000
1000,31485000,21029000,10128000
1001,32581000,22085000,11194000
1002,32526000,20956000,10169000
1003,31553000,21015000,10184000
1004,32560000,22008000,11192000
1005,33548000,21988000,11169000
1006,32582000,21045000,10209000
1007,31603000,21021000,10898000
1008,33351000,22078000,11318000
1009,33550000,21858000,11171000
1010,33531000,21992000,11174000
1011,33538000,21996000,11159000
1012,33527000,22000000,11170000
1013,33614000,22076000,11228000
1014,32494000,20890000,10137000
1015,35481000,24976000,11839000
1016,33240000,21033000,10149000
1017,32521000,22008000,11146000
1018,33432000,21922000,11079000
1019,33443000,22000000,11068000
1020,33427000,21995000,11074000
1021,33450000,22012000,11075000
1022,32451000,21012000,10098000
1023,32474000,22012000,11099000
1024,36428000,24964000,11793000
1025,34169000,22012000,11075000
1026,32607000,21168000,10250000
1027,32482000,21864000,11100000
1028,33456000,21992000,11110000
1029,33470000,21996000,11095000
1030,33472000,22012000,11118000
1031,33473000,21991000,11098000
1032,33474000,22012000,11121000
1033,36469000,24984000,11828000
1034,34192000,22000000,11105000
1035,33461000,21991000,11086000
1036,32552000,21102000,10198000
1037,32423000,21861000,11040000
1038,32506000,21101000,10160000
1039,32452000,21927000,11076000
1040,33436000,21996000,11083000
1041,33459000,22012000,11084000
1042,33440000,21992000,11087000
1043,33447000,21995000,11071000
1044,33431000,21996000,11078000
1045,33523000,22081000,11148000
1046,32463000,20951000,10110000
1047,32551000,22077000,11176000
1048,33459000,21919000,11106000
1049,33491000,22020000,11126000
1050,33408000,21918000,11044000
1051,33477000,22069000,11102000
1052,32491000,21024000,10137000
1053,32432000,21930000,11068000
1054,33432000,22000000,11067000
1055,33505000,22074000,11130000
1056,33494000,21999000,11140000
1057,33508000,22004000,11133000
1058,33420000,21923000,11067000
1059,33500000,22069000,11136000
1060,33504000,22004000,11140000
1061,33434000,21930000,11059000
1062,33423000,22000000,11070000
1063,32462000,21028000,10098000
1064,32454000,21992000,11090000
1065,33475000,22021000,11100000
1066,33454000,21990000,11101000
1067,33457000,21992000,11082000
1068,33446000,22000000,11093000
1069,35207000,23749000,12831000
1070,35458000,22263000,11094000
1071,33463000,22005000,11099000
1072,33531000,22068000,11178000
1073,33408000,21866000,11033000
1074,33454000,22057000,11101000
1075,33472000,22007000,11097000
1076,33453000,21992000,11100000
1077,33472000,22008000,11108000
1078,35205000,23733000,12841000
1079,35411000,22206000,11047000
1080,33411000,22000000,11047000
1081,33496000,22084000,11131000
1082,33631000,22135000,11255000
1083,33422000,21792000,11047000
1084,33472000,22061000,11119000
1085,33422000,21939000,11047000
1086,33480000,22068000,11127000
1087,35155000,23665000,12780000
1088,34443000,21299000,11090000
1089,33458000,22004000,11083000
1090,33443000,21996000,11090000
1091,33454000,22000000,11079000
1092,33443000,21999000,11094000
1093,33467000,22009000,11087000
1094,33442000,21991000,11089000
1095,33449000,21996000,11074000
1096,35175000,23737000,12822000
1097,35410000,22224000,11035000
1098,33462000,22062000,11108000
1099,33478000,22005000,11103000
1100,33391000,21924000,11042000
1101,33414000,22007000,11034000
1102,33390000,21993000,11037000
1103,33529000,22128000,11154000
1104,33449000,21930000,11087000
1105,35197000,23746000,12831000
1106,35458000,22263000,11093000
1107,33526000,22069000,11162000
1108,33457000,21930000,11103000
1109,33467000,22000000,11092000
1110,33452000,21996000,11099000
1111,33467000,22004000,11092000
1112,33387000,21931000,11039000
1113,33483000,22080000,11103000
1114,34229000,22762000,11881000
1115,34520000,22275000,11140000
1116,33426000,21922000,11073000
1117,33449000,22012000,11074000
1118,33503000,22065000,11146000
1119,33449000,21934000,11069000
1120,33437000,22000000,11080000
1121,33465000,22017000,11086000
1122,33649000,22195000,11285000
1123,35181000,23521000,12795000
1124,35439000,22276000,11089000
1125,33456000,21999000,11077000
1126,33449000,22004000,11092000
1127,33526000,22066000,11147000
1128,33514000,21999000,11157000
1129,33455000,21930000,11077000
1130,33449000,22004000,11091000
1131,33451000,21992000,11072000
1132,33376000,21936000,11024000
1133,33521000,22129000,11137000
1134,33431000,21926000,11078000
1135,33454000,22012000,11079000
1136,33505000,22061000,11151000
1137,33523000,22008000,11148000
1138,33377000,21865000,11024000
1139,33519000,22131000,11144000
1140,33578000,22070000,11220000
1141,33445000,21856000,11070000
1142,33434000,22000000,11070000
1143,33434000,22000000,11070000
1144,33503000,22069000,11155000
1145,33523000,22003000,11142000
1146,33433000,21927000,11080000
1147,33444000,22000000,11069000
1148,33433000,22000000,11080000
1149,33461000,22016000,11085000
1150,33437000,21987000,11083000
1151,33447000,22000000,11072000
1152,33436000,22000000,11083000
1153,33451000,22004000,11076000
1154,33432000,21991000,11078000
1155,33447000,22005000,11072000
1156,33370000,21933000,11016000
1157,33446000,22066000,11071000
1158,33435000,22000000,11082000
1159,33376000,21930000,11001000
1160,34487000,23122000,11123000
1161,33483000,21996000,11119000
1162,33475000,21992000,11122000
1163,33486000,21999000,11111000
1164,33405000,21931000,11052000
1165,33412000,21996000,11037000
1166,33405000,22004000,11052000
1167,33419000,22003000,11044000
1168,33408000,22000000,11055000
1169,35439000,24020000,11075000
1170,33427000,21988000,11063000
1171,33423000,21996000,11048000
1172,33412000,22000000,11064000
1173,33497000,22069000,11117000
1174,33412000,21930000,11058000
1175,33361000,21939000,10986000
1176,33481000,22130000,11127000
1177,33378000,21887000,11003000
1178,35435000,24068000,11071000
1179,33497000,22061000,11132000
1180,33374000,21878000,11021000
1181,33442000,22057000,11067000
1182,33434000,22003000,11081000
1183,33442000,21996000,11066000
1184,33426000,21996000,11073000
1185,33445000,22008000,11070000
1186,33645000,22211000,11286000
1187,35522000,23866000,11140000
1188,33431000,21927000,11085000
1189,33453000,22004000,11078000
1190,33507000,22065000,11154000
1191,33445000,21926000,11069000
1192,33437000,22004000,11084000
1193,33456000,22008000,11081000
1194,33441000,21996000,11088000
1195,33513000,22061000,11138000
1196,35461000,23959000,11097000
1197,33385000,21924000,11021000
1198,33518000,22132000,11165000
1199,33396000,21867000,11020000
1200,33380000,21996000,11027000
1201,33540000,22149000,11165000
1202,33460000,21930000,11106000
1203,33462000,21992000,11087000
1204,33447000,21996000,11094000
1205,35548000,24090000,11173000
1206,33456000,21918000,11102000
1207,33474000,22008000,11099000
1208,33395000,21932000,11042000
1209,33409000,22003000,11034000
1210,33529000,22131000,11172000
1211,33466000,21926000,11091000
1212,33454000,21999000,11101000
1213,33397000,21932000,11022000
1214,36439000,25052000,11808000
1215,34192000,22020000,11094000
1216,33450000,21992000,11097000
1217,33461000,22000000,11087000
1218,33662000,22211000,11302000
1219,33465000,21792000,11081000
1220,33445000,22000000,11100000
1221,33460000,21996000,11085000
1222,33453000,22003000,11091000
1223,35395000,23940000,11028000
1224,33386000,21994000,11033000
1225,33406000,22008000,11030000
1226,33394000,22000000,11041000
1227,33533000,22127000,11153000
1228,33387000,21865000,11029000
1229,33398000,22001000,11019000
1230,33452000,22064000,11094000
1231,33398000,21936000,11019000
1232,35476000,24088000,11107000
1233,33406000,21931000,11038000
1234,33329000,21923000,10972000
1235,33413000,22073000,11034000
1236,33407000,22004000,11049000
1237,33486000,22068000,11117000
1238,33485000,22000000,11117000
1239,33477000,21992000,11098000
1240,33470000,22004000,11113000
1241,35501000,24020000,11133000
1242,33631000,22129000,11256000
1243,33485000,21855000,11098000
1244,33540000,22073000,11190000
1245,33416000,21858000,11037000
1246,33477000,22072000,11120000
1247,33554000,22066000,11175000
1248,33408000,21865000,11056000
1249,33497000,22073000,11113000
1250,35497000,24016000,11129000
1251,33505000,22008000,11137000
1252,33427000,21922000,11070000
1253,33504000,22065000,11125000
1254,33497000,22004000,11139000
1255,33515000,22008000,11136000
1256,33496000,21992000,11139000
1257,33503000,21996000,11124000
1258,33508000,22016000,11156000
1259,35528000,24004000,11144000
1260,33508000,21996000,11156000
1261,33520000,21996000,11136000
1262,33503000,21999000,11146000
1263,33593000,22079000,11209000
1264,33512000,21930000,11155000
1265,33445000,21921000,11066000
1266,33437000,22004000,11080000
1267,33514000,22066000,11135000
1268,35531000,24028000,11163000
1269,33457000,21926000,11089000
1270,33523000,22065000,11165000
1271,33533000,22000000,11154000
1272,33522000,22000000,11165000
1273,33537000,22004000,11158000
1274,33522000,21995000,11164000
1275,33455000,21923000,11076000
1276,33440000,21996000,11083000
1277,35545000,24093000,11165000
1278,33448000,21915000,11091000
1279,33529000,22070000,11150000
1280,33521000,22003000,11164000
1281,33532000,22000000,11157000
1282,33517000,21996000,11164000
1283,33462000,21934000,11087000
1284,33516000,22065000,11163000
1285,33531000,22004000,11156000
1286,35471000,23951000,11107000
1287,33463000,21992000,11099000
1288,33467000,22003000,11113000
1289,33487000,22009000,11111000
1290,33398000,21922000,11045000
1291,33546000,22138000,11171000
1292,33475000,21940000,11122000
1293,33404000,21918000,11029000
1294,33389000,21996000,11036000
1295,35425000,24025000,11051000
1296,33397000,21982000,11043000
1297,33419000,22012000,11044000
1298,33396000,21988000,11043000
1299,33415000,22008000,11040000
1300,33469000,22065000,11116000
1301,33476000,21996000,11101000
1302,33399000,21934000,11046000
1303,33406000,21996000,11031000
1304,35489000,24094000,11125000
1305,33415000,21926000,11051000
1306,33415000,22000000,11062000
1307,33430000,22004000,11055000
1308,33411000,21992000,11058000
1309,33357000,21935000,10983000
1310,33415000,22068000,11061000
1311,33421000,21996000,11046000
1312,33355000,21944000,11001000
1313,35449000,24084000,11074000
1314,33570000,22132000,11213000
1315,33377000,21796000,10995000
1316,33484000,22125000,11138000
1317,33585000,22082000,11200000
1318,33433000,21860000,11076000
1319,33376000,21932000,10997000
1320,33498000,22133000,11141000
1321,33382000,21873000,11003000
1322,36405000,25033000,11770000
1323,34152000,22013000,11053000
1324,33481000,22064000,11128000
1325,33492000,22000000,11117000
1326,33412000,21931000,11059000
1327,33414000,21991000,11039000
1328,33477000,22073000,11123000
1329,33362000,21875000,10980000
1330,33477000,22133000,11131000
1331,35577000,24082000,11194000
1332,33419000,21853000,11062000
1333,33362000,21932000,10987000
1334,33488000,22137000,11135000
1335,33422000,21923000,11047000
1336,33410000,21999000,11057000
1337,33370000,21948000,10994000
1338,33554000,22196000,11197000
1339,33494000,21929000,11119000
1340,35438000,23955000,11074000
1341,33430000,21992000,11066000
1342,33365000,21935000,11012000
1343,33448000,22072000,11073000
1344,33373000,21936000,11020000
1345,33391000,22006000,11015000
1346,33570000,22191000,11211000
1347,33444000,21862000,11061000
1348,33375000,21950000,11029000
1349,35464000,24071000,11089000
1350,33590000,22137000,11226000
1351,33401000,21800000,11022000
1352,33444000,22054000,11087000
1353,33397000,21942000,11029000
1354,33459000,22062000,11091000
1355,33451000,21992000,11072000
1356,33440000,21999000,11082000
1357,33455000,22004000,11076000
1358,35396000,23952000,11028000
1359,33388000,21993000,11020000
1360,33318000,21930000,10961000
1361,33402000,22073000,11023000
1362,33315000,21923000,10957000
1363,33339000,22014000,10971000
1364,33330000,21990000,10962000
1365,33401000,22072000,11022000
1366,33450000,22060000,11093000
1367,35412000,23951000,11044000
1368,33469000,22057000,11101000
1369,33409000,21939000,11041000
1370,33396000,21988000,11028000
1371,33473000,22077000,11094000
1372,33393000,21931000,11036000
1373,33474000,22069000,11094000
1374,33393000,21931000,11036000
1375,33408000,22003000,11028000
1376,35421000,24025000,11053000
1377,33416000,21994000,11048000
1378,33408000,21992000,11050000
1379,33431000,22013000,11052000
1380,33407000,21987000,11050000
1381,33410000,21992000,11035000
1382,33403000,22004000,11050000
1383,33414000,21999000,11038000
1384,33399000,21996000,11045000
1385,35438000,24029000,11063000
1386,33411000,21983000,11058000
1387,33354000,21932000,10978000
1388,33414000,22072000,11061000
1389,33421000,21996000,11046000
1390,33410000,22000000,11057000
1391,33425000,22003000,11050000
1392,33406000,21992000,11052000
1393,33294000,21878000,10919000
1394,35430000,24147000,11066000
1395,33570000,22140000,11200000
1396,33556000,21986000,11203000
1397,33432000,21865000,11057000
1398,33358000,21936000,11004000
1399,33436000,22068000,11061000
1400,33424000,21999000,11071000
1401,33444000,22009000,11080000
1402,33370000,21925000,11005000
1403,35387000,24018000,11012000
1404,33507000,22130000,11153000
1405,33443000,21926000,11079000
1406,33373000,21930000,11009000
1407,33456000,22082000,11080000
1408,33431000,21987000,11078000
1409,33380000,21938000,11005000
1410,33570000,22201000,11210000
1411,33380000,21799000,10998000
1412,35384000,24022000,11027000
1413,33447000,22056000,11083000
1414,33376000,21928000,11022000
1415,33458000,22072000,11083000
1416,33443000,21995000,11090000
1417,33461000,22008000,11086000
1418,33312000,21862000,10959000
1419,33457000,22134000,11082000
1420,33446000,21999000,11092000
1421,36429000,24973000,11781000
1422,34152000,22007000,11072000
1423,33432000,21996000,11057000
1424,33425000,22004000,11072000
1425,33373000,21936000,10997000
1426,33490000,22129000,11137000
1427,33369000,21867000,10993000
1428,33428000,22071000,11075000
1429,33448000,22009000,11073000
1430,34407000,22970000,11043000
1431,33460000,22053000,11096000
1432,33403000,21943000,11050000
1433,33414000,22000000,11039000
1434,33468000,22065000,11115000
1435,33410000,21931000,11027000
1436,33394000,22003000,11049000
1437,33413000,21999000,11038000
1438,33329000,21928000,10976000
1439,36382000,25041000,11745000
1440,34186000,22077000,11094000
1441,33335000,21877000,10960000
1442,33443000,22118000,11089000
1443,33539000,22085000,11163000
1444,33378000,21851000,11025000
1445,33457000,22068000,11082000
1446,33378000,21931000,11024000
1447,33396000,22008000,11021000
1448,35478000,24092000,11113000
1449,33547000,22070000,11183000
1450,33405000,21858000,11052000
1451,33550000,22133000,11171000
1452,33397000,21859000,11040000
1453,33476000,22068000,11108000
1454,33472000,21995000,11107000
1455,33476000,22004000,11100000
1456,33400000,21936000,11047000
1457,35419000,24007000,11043000
1458,33411000,22004000,11058000
1459,33561000,22139000,11186000
1460,33403000,21853000,11042000
1461,33402000,21995000,11034000
1462,33402000,22004000,11049000
1463,33417000,22004000,11042000
1464,33479000,22073000,11126000
1465,33417000,21926000,11042000
1466,35506000,24100000,11137000
1467,33347000,21841000,10983000
1468,33414000,22067000,11060000
1469,33425000,22000000,11050000
1470,33413000,22000000,11060000
1471,33432000,22008000,11057000
1472,33421000,22000000,11068000
1473,33505000,22073000,11130000
1474,33417000,21922000,11063000
1475,35605000,24178000,11221000
1476,33378000,21783000,11020000
1477,33521000,22132000,11142000
1478,33421000,21911000,11067000
1479,33423000,21992000,11048000
1480,33359000,21946000,11005000
1481,33377000,22008000,11013000
1482,33442000,22065000,11078000
1483,33434000,21992000,11070000
1484,35324000,23890000,10949000
1485,33296000,21983000,10943000
1486,33380000,22073000,11016000
1487,33380000,22000000,11005000
1488,33444000,22075000,11096000
1489,33463000,22002000,11082000
1490,33508000,22062000,11155000
1491,33323000,21804000,10948000
1492,33434000,22122000,11081000
1493,35326000,23881000,10951000
1494,33448000,22132000,11094000
1495,33458000,21999000,11082000
1496,33512000,22065000,11154000
1497,33469000,21947000,11090000
1498,33376000,21918000,11019000
1499,33391000,22004000,11012000
1500,33446000,22065000,11088000
1501,33456000,22000000,11077000
1502,35396000,23951000,11028000
1503,33461000,22065000,11093000
1504,33461000,22000000,11104000
1505,33410000,21937000,11030000
1506,33531000,22133000,11174000
1507,33409000,21867000,11022000
1508,33456000,22066000,11107000
1509,33406000,21930000,11026000
1510,33394000,22000000,11037000
1511,36447000,25042000,11795000
1512,34159000,21995000,11079000
1513,33451000,22008000,11075000
1514,33431000,21992000,11078000
1515,33597000,22155000,11211000
1516,33444000,21858000,11083000
1517,34410000,22958000,11045000
1518,33484000,22074000,11112000
1519,33409000,21930000,11038000
1520,33406000,21999000,11041000
1521,33417000,22008000,11049000
1522,33418000,22001000,11061000
1523,33424000,21995000,11045000
1524,34594000,23181000,11225000
1525,33610000,22013000,11230000
1526,33446000,21842000,11084000
1527,34424000,22971000,11048000
1528,33409000,21996000,11055000
1529,34484000,23065000,11113000
1530,33389000,21911000,11035000
1531,33480000,22081000,11105000
1532,33457000,21987000,11103000
1533,33475000,22008000,11100000
1534,33392000,21928000,11039000
1535,33540000,22137000,11176000
1536,33467000,21926000,11095000
1537,33395000,21936000,11027000
1538,35476000,24085000,11108000
1539,33395000,21919000,11031000
1540,33340000,21944000,10986000
1541,33401000,22051000,11026000
1542,33394000,22004000,11041000
1543,33409000,22004000,11034000
1544,33402000,22004000,11050000
1545,33487000,22073000,11111000
1546,33397000,21922000,11044000
1547,35433000,24024000,11057000
1548,33479000,22058000,11126000
1549,33358000,21867000,10976000
1550,33411000,22072000,11065000
1551,33420000,21991000,11045000
1552,33347000,21938000,10994000
1553,33428000,22070000,11053000
1554,33412000,21995000,11059000
1555,33423000,22000000,11048000
1556,35424000,24012000,11060000
1557,33355000,21931000,10991000
1558,33416000,22061000,11063000
1559,33435000,22008000,11060000
1560,33354000,21930000,11006000
1561,33443000,22073000,11063000
1562,33423000,21996000,11075000
1563,33439000,22000000,11059000
1564,33419000,21996000,11066000
1565,35458000,24028000,11083000
1566,33431000,21984000,11078000
1567,33384000,21941000,11008000
1568,33438000,22066000,11085000
1569,33453000,22004000,11078000
1570,33574000,22132000,11217000
1571,33445000,21860000,11063000
1572,33439000,22012000,11093000
1573,33441000,21983000,11065000
1574,35383000,23954000,11019000
1575,33372000,21988000,11018000
1576,33445000,22063000,11081000
1577,33395000,21949000,11019000
1578,33388000,22005000,11035000
1579,33387000,21988000,11012000
1580,33368000,21992000,11015000
1581,33391000,22012000,11016000
1582,33437000,22056000,11083000
1583,35480000,24032000,11101000
1584,33322000,21854000,10965000
1585,33418000,22084000,11038000
1586,33390000,21984000,11033000
1587,33402000,22000000,11026000
1588,33391000,22000000,11042000
1589,33399000,21992000,11018000
1590,33387000,22005000,11034000
1591,33406000,22008000,11031000
1592,35398000,24003000,11025000
1593,33320000,21931000,10965000
1594,34582000,23253000,11223000
1595,33390000,21791000,11010000
1596,33444000,22069000,11089000
1597,33453000,22000000,11078000
1598,33372000,21930000,11019000
1599,33387000,22004000,11012000
1600,33434000,22058000,11081000
1601,34365000,22920000,10990000
1602,33552000,22198000,11199000
1603,33423000,21860000,11040000
1604,33408000,22004000,11063000
1605,33419000,21992000,11055000
1606,33432000,22013000,11068000
1607,33354000,21922000,10979000
1608,33403000,22060000,11050000
1609,33366000,21951000,10990000
1610,35431000,24077000,11067000
1611,33489000,22057000,11124000
1612,33424000,21935000,11070000
1613,33438000,22004000,11063000
1614,33419000,21991000,11065000
1615,33507000,22078000,11132000
1616,33422000,21926000,11069000
1617,33507000,22073000,11131000
1618,33422000,21927000,11069000
1619,36409000,24976000,11754000
1620,34196000,22077000,11122000
1621,33490000,22004000,11118000
1622,33482000,21999000,11125000
1623,33482000,21992000,11106000
1624,33475000,22004000,11126000
1625,33490000,22000000,11110000
1626,33478000,22004000,11125000
1627,33415000,21926000,11040000
1628,35494000,24090000,11130000
1629,33478000,21984000,11114000
1630,33482000,22003000,11128000
1631,33436000,21944000,11061000
1632,33493000,22068000,11140000
1633,33577000,22073000,11194000
1634,33490000,21924000,11137000
1635,33354000,21853000,10979000
1636,33343000,22000000,10995000
1637,35386000,24027000,11006000
1638,33420000,22049000,11066000
1639,33369000,21939000,10994000
1640,33427000,22069000,11074000
1641,33385000,21947000,11010000
1642,33366000,21992000,11013000
1643,33369000,21992000,10994000
1644,33418000,22060000,11065000
1645,33503000,22073000,11127000
1646,35377000,23886000,11005000
1647,33419000,22049000,11062000
1648,33364000,21938000,11011000
1649,33387000,22011000,11011000
1650,33426000,22050000,11072000
1651,33510000,22074000,11135000
1652,33499000,21999000,11146000
1653,33373000,21864000,10998000
1654,33354000,21992000,11001000
1655,35393000,24027000,11029000
1656,33395000,22003000,11031000
1657,33399000,22004000,11024000
1658,33380000,21992000,11027000
1659,33400000,22009000,11025000
1660,33376000,21987000,11023000
1661,33395000,22008000,11020000
1662,33376000,21992000,11023000
1663,33387000,22000000,11012000
1664,35387000,24011000,11023000
1665,33403000,22016000,11039000
1666,33514000,22111000,11161000
1667,33394000,21869000,11012000
1668,33376000,21999000,11029000
1669,33394000,22001000,11019000
1670,33379000,21996000,11026000
1671,33394000,22004000,11019000
1672,33383000,22000000,11030000
1673,35359000,23965000,10984000
1674,33394000,22045000,11040000
1675,33412000,22008000,11037000
1676,33393000,21992000,11040000
1677,33335000,21931000,10960000
1678,33462000,22138000,11109000
1679,33408000,21935000,11025000
1680,33311000,21922000,10966000
1681,33411000,22081000,11036000
1682,35405000,24004000,11040000
1683,33408000,22004000,11044000
1684,33474000,22065000,11120000
1685,33354000,21870000,10972000
1686,33393000,22056000,11046000
1687,33411000,22001000,11047000
1688,33350000,21939000,10986000
1689,33418000,22068000,11043000
1690,33399000,21992000,11046000
1691,35434000,24024000,11059000
1692,33355000,21932000,11007000
1693,33380000,22008000,11000000
1694,33415000,22051000,11061000
1695,33429000,22004000,11054000
1696,33358000,21940000,11005000
1697,33377000,22008000,11002000
1698,33290000,21924000,10937000
1699,33370000,22068000,10994000
1700,35364000,24006000,11011000
1701,33433000,22058000,11058000
1702,33430000,22008000,11077000
1703,33369000,21927000,10996000
1704,33364000,22004000,11008000
1705,33514000,22141000,11134000
1706,33365000,21863000,11008000
1707,33377000,22000000,10997000
1708,33361000,21996000,11004000
1709,35396000,24023000,11016000
1710,33385000,22001000,11028000
1711,33397000,22000000,11017000
1712,33378000,21993000,11021000
1713,33393000,22004000,11014000
1714,33374000,21991000,11017000
1715,33337000,21953000,10958000
1716,33373000,22047000,11016000
1717,33388000,22004000,11013000
1718,36358000,24981000,11736000
1719,34157000,22057000,11051000
1720,33358000,21943000,11005000
1721,33386000,22017000,11011000
1722,33493000,22118000,11136000
1723,33366000,21862000,10991000
1724,33359000,22004000,11011000
1725,33375000,21999000,10994000
1726,33362000,22004000,11009000
1727,35396000,24023000,11021000
1728,33371000,21986000,11018000
1729,33382000,22000000,11007000
1730,33433000,22062000,11080000
1731,33452000,22008000,11077000
1732,33441000,22000000,11088000
1733,33525000,22073000,11150000
1734,33437000,21922000,11083000
1735,33436000,21988000,11060000
1736,35449000,24025000,11085000
1737,33449000,21999000,11084000
1738,33448000,22000000,11095000
1739,33391000,21932000,11016000
1740,33444000,22064000,11091000
1741,33455000,22000000,11080000
1742,33513000,22069000,11160000
1743,33456000,21931000,11080000
1744,33439000,21995000,11086000
1745,35486000,24036000,11111000
1746,33452000,21976000,11098000
1747,33462000,22000000,11087000
1748,33451000,22000000,11098000
1749,33398000,21936000,11034000
1750,33462000,22063000,11097000
1751,33465000,22004000,11090000
1752,33450000,21996000,11097000
1753,33469000,22008000,11105000
1754,35408000,23939000,11033000
1755,33389000,21992000,11025000
1756,33389000,22000000,11036000
1757,33473000,22073000,11109000
1758,33469000,21996000,11105000
1759,33468000,21999000,11093000
1760,33384000,21927000,11031000
1761,33476000,22081000,11101000
1762,33523000,22058000,11170000
1763,35492000,23958000,11110000
1764,33401000,21926000,11054000
1765,33414000,21996000,11050000
1766,33483000,22069000,11119000
1767,33487000,22004000,11112000
1768,33403000,21926000,11049000
1769,33418000,22004000,11042000
1770,33476000,22069000,11127000
1771,33431000,21940000,11051000
1772,35423000,24007000,11058000
1773,33484000,22061000,11119000
1774,33492000,22009000,11139000
1775,33421000,21918000,11046000
1776,33479000,22069000,11126000
1777,33429000,21939000,11054000
1778,33552000,22134000,11199000
1779,33490000,21926000,11106000
1780,33479000,22008000,11133000
1781,35444000,23947000,11069000
1782,33499000,22065000,11145000
1783,33436000,21927000,11061000
1784,33429000,22003000,11080000
1785,33456000,22012000,11076000
1786,33494000,22054000,11141000
1787,33435000,21930000,11060000
1788,33432000,22008000,11079000
1789,33504000,22061000,11129000
1790,35440000,23947000,11076000
1791,33432000,21992000,11068000
1792,33505000,22073000,11152000
1793,33524000,22007000,11149000
1794,33587000,22074000,11226000
1795,33454000,21857000,11072000
1796,33432000,21996000,11086000
1797,33446000,21996000,11071000
1798,33374000,21938000,11020000
1799,35410000,24026000,11035000
1800,33451000,22052000,11098000
1801,33473000,22011000,11098000
1802,33463000,22001000,11110000
1803,33461000,21987000,11086000
1804,33454000,22004000,11101000
1805,33453000,21988000,11078000
1806,33449000,22007000,11096000
1807,33457000,21996000,11081000
1808,36418000,24972000,11779000
1809,34159000,22016000,11069000
1810,33582000,22149000,11219000
1811,33448000,21855000,11069000
1812,33366000,21929000,11014000
1813,33518000,22136000,11135000
1814,33429000,21926000,11071000
1815,33439000,22000000,11060000
1816,33428000,21999000,11071000
1817,35472000,24033000,11092000
1818,33448000,21988000,11091000
1819,33395000,21936000,11016000
1820,33448000,22064000,11091000
1821,33454000,21995000,11075000
1822,33451000,22008000,11094000
1823,33458000,21996000,11079000
1824,33452000,22005000,11100000
1825,33475000,22006000,11092000
1826,35464000,24005000,11095000
1827,33451000,21988000,11083000
1828,33455000,22003000,11097000
1829,33402000,21937000,11023000
1830,33404000,22012000,11047000
1831,33402000,21988000,11023000
1832,33391000,22000000,11034000
1833,33410000,22008000,11031000
1834,33386000,21987000,11034000
1835,35359000,23957000,10979000
1836,33397000,22053000,11043000
1837,33407000,22000000,11032000
1838,33469000,22073000,11112000
1839,33415000,21935000,11036000
1840,33404000,21999000,11046000
1841,33349000,21934000,10969000
1842,33395000,22058000,11038000
1843,33406000,22000000,11027000
1844,35411000,24016000,11054000
1845,33354000,21932000,10979000
1846,33403000,22059000,11049000
1847,33414000,22000000,11038000
1848,33398000,21996000,11045000
1849,33421000,22012000,11046000
1850,33542000,22132000,11185000
1851,33348000,21794000,10972000
1852,33282000,21946000,10929000
1853,35373000,24079000,10997000
1854,33354000,21993000,11001000
1855,33377000,22012000,11002000
1856,33429000,22063000,11076000
1857,33366000,21925000,10990000
1858,33422000,22068000,11069000
1859,33432000,21999000,11057000
1860,33358000,21937000,11005000
1861,33432000,22062000,11056000
1862,35379000,23959000,11015000
1863,33358000,21978000,10993000
1864,33366000,22008000,11012000
1865,33376000,22000000,11001000
1866,33369000,22004000,11016000
1867,33655000,22275000,11266000
1868,33497000,21853000,11132000
1869,34406000,22902000,11027000
1870,33611000,22216000,11240000
1871,34459000,22840000,11083000
1872,33513000,22057000,11156000
1873,33536000,22009000,11153000
1874,33447000,21922000,11086000
1875,33458000,22000000,11075000
1876,34627000,23180000,11254000
1877,33647000,22017000,11263000
1878,33414000,21774000,11049000
1879,33416000,21995000,11037000
1880,34450000,23045000,11082000
1881,33450000,22000000,11097000
1882,33461000,21996000,11093000
1883,33605000,22144000,11220000
1884,33519000,21925000,11162000
1885,33452000,21922000,11084000
1886,33465000,22013000,11097000
1887,33456000,21991000,11077000
1888,33452000,22007000,11095000
1889,36392000,24928000,11736000
1890,34297000,22193000,11211000
1891,33455000,21871000,11079000
1892,33444000,21997000,11084000
1893,33451000,21998000,11072000
1894,33439000,22000000,11082000
1895,33443000,21992000,11063000
1896,33439000,22008000,11082000
1897,33454000,22004000,11075000
1898,34411000,22967000,11043000
1899,33468000,22057000,11111000
1900,33552000,22074000,11184000
1901,33487000,21934000,11107000
1902,33406000,21930000,11048000
1903,33413000,21996000,11034000
1904,33471000,22069000,11114000
1905,33494000,22012000,11114000
1906,33470000,21988000,11113000
1907,36458000,24977000,11814000
1908,34259000,22080000,11174000
1909,33465000,21927000,11090000
1910,33387000,21933000,11034000
1911,33460000,22062000,11085000
1912,33453000,22004000,11105000
1913,33481000,22012000,11101000
1914,33458000,21993000,11110000
1915,33469000,21994000,11088000
1916,35535000,24082000,11170000
1917,33466000,21932000,11105000
1918,33460000,21990000,11104000
1919,33463000,21996000,11088000
1920,33469000,22017000,11116000
1921,33475000,21995000,11100000
1922,33460000,21996000,11107000
1923,33402000,21931000,11027000
1924,33455000,22064000,11103000
1925,35492000,24024000,11116000
1926,33476000,21997000,11123000
1927,33413000,21926000,11038000
1928,33402000,21999000,11049000
1929,33429000,22017000,11054000
1930,33479000,22061000,11126000
1931,33486000,21995000,11110000
1932,33401000,21927000,11048000
1933,33420000,22008000,11056000
1934,35433000,24012000,11057000
1935,33483000,22061000,11118000
1936,33552000,22069000,11199000
1937,33501000,21939000,11118000
1938,33401000,21919000,11056000
1939,33559000,22138000,11183000
1940,33416000,21869000,11055000
1941,33411000,21992000,11055000
1942,33428000,22008000,11064000
1943,35516000,24089000,11141000
1944,33424000,21919000,11071000
1945,33443000,22008000,11068000
1946,33424000,21991000,11070000
1947,33376000,21942000,11001000
1948,33361000,21996000,11013000
1949,33439000,22062000,11059000
1950,33369000,21946000,11016000
1951,33434000,22054000,11059000
1952,35439000,24016000,11075000
1953,33443000,22004000,11079000
1954,33574000,22130000,11214000
1955,33384000,21800000,11002000
1956,33424000,22057000,11077000
1957,33445000,22004000,11071000
1958,33373000,21938000,11019000
1959,33449000,22065000,11073000
1960,33379000,21942000,11026000
1961,35473000,24082000,11097000
1962,33465000,22004000,11112000
1963,33400000,21924000,11025000
1964,33449000,22060000,11096000
1965,33396000,21936000,11032000
1966,33395000,21999000,11031000
1967,33396000,22000000,11020000
1968,33388000,22004000,11040000
1969,33472000,22068000,11092000
1970,35407000,23951000,11043000
1971,33538000,22131000,11170000
1972,33468000,21930000,11111000
1973,33492000,22012000,11127000
1974,33475000,21983000,11110000
1975,33407000,21932000,11031000
1976,33460000,22064000,11106000
1977,33474000,22004000,11099000
1978,33533000,22070000,11168000
1979,35422000,23886000,11055000
1980,33397000,21978000,11044000
1981,33408000,22000000,11033000
1982,33397000,22000000,11044000
1983,33416000,22008000,11041000
1984,33405000,22000000,11057000
1985,33425000,22004000,11045000
1986,33611000,22202000,11252000
1987,33415000,21793000,11033000
1988,35414000,24017000,11057000
1989,33351000,21930000,10998000
1990,33423000,22061000,11059000
1991,33554000,22131000,11179000
1992,33347000,21804000,10986000
1993,33423000,22073000,11056000
1994,33420000,21999000,11067000
1995,33484000,22054000,11109000
1996,33403000,21930000,11050000
1997,35446000,24032000,11071000
1998,33419000,21984000,11066000
1999,33430000,22000000,11055000
2000,33423000,22004000,11070000
2001,33451000,22016000,11087000
2002,33434000,21983000,11069000
2003,33430000,21996000,11054000
2004,33422000,22004000,11069000
2005,33370000,21937000,11006000
2006,35445000,24075000,11070000
2007,33373000,21939000,11009000
2008,33426000,22053000,11073000
2009,33445000,22008000,11070000
2010,33426000,21992000,11073000
2011,33437000,21999000,11061000
2012,33363000,21937000,11014000
2013,33511000,22133000,11131000
2014,33429000,21933000,11067000
2015,35452000,24021000,11085000
2016,33515000,22065000,11166000
2017,33404000,21874000,11017000
2018,33373000,21992000,11027000
2019,33387000,21996000,11012000
2020,33384000,22008000,11031000
2021,33387000,21992000,11012000
2022,33440000,22063000,11086000
2023,33392000,21941000,11016000
2024,36298000,24918000,10926000
2025,33489000,22198000,11133000
2026,33419000,21923000,11071000
2027,33508000,22073000,11128000
2028,33492000,22000000,11139000
2029,33447000,21943000,11071000
2030,33492000,22056000,11139000
2031,33499000,21996000,11123000
2032,33418000,21931000,11065000
2033,35535000,24105000,11151000
2034,33492000,21976000,11147000
2035,33455000,21944000,11079000
2036,33434000,21991000,11081000
2037,33518000,22073000,11143000
2038,33503000,21996000,11150000
2039,33452000,21938000,11077000
2040,33437000,21996000,11084000
2041,33456000,22008000,11081000
2042,35453000,24008000,11089000
2043,33445000,21992000,11081000
2044,33445000,22000000,11092000
2045,33456000,21999000,11080000
2046,33373000,21928000,11019000
2047,33525000,22141000,11150000
2048,33448000,21935000,11095000
2049,33536000,22077000,11161000
2050,33513000,21988000,11160000
2051,35341000,23816000,10966000
2052,33325000,21996000,10972000
2053,33336000,22000000,10961000
2054,33316000,21991000,10963000
2055,33328000,22001000,10953000
2056,33316000,21999000,10963000
2057,33352000,22025000,10977000
2058,33247000,21905000,10893000
2059,33402000,22145000,11027000
2060,35351000,23960000,10987000
2061,33397000,22046000,11033000
2062,33264000,21866000,10910000
2063,33336000,22062000,10961000
2064,33325000,22000000,10977000
2065,33348000,22007000,10969000
2066,33326000,21993000,10977000
2067,33340000,21998000,10959000
2068,33323000,22000000,10970000
2069,35369000,24035000,10994000
2070,33347000,21989000,10994000
2071,33366000,22008000,10991000
2072,33347000,21992000,10994000
2073,33366000,22008000,10991000
2074,33347000,21992000,10994000
2075,33366000,22008000,11002000
2076,33358000,21992000,10994000
2077,33362000,22004000,10987000
2078,35357000,24006000,10993000
2079,33359000,22001000,10994000
2080,33296000,21937000,10942000
2081,33229000,21923000,10854000
2082,33218000,22000000,10865000
2083,33366000,22137000,10991000
2084,33283000,21928000,10930000
2085,33382000,22088000,11007000
2086,33279000,21907000,10925000
2087,35322000,24032000,10946000
2088,33315000,22004000,10961000
2089,33323000,21998000,10948000
2090,33363000,22051000,11010000
2091,33311000,21937000,10947000
2092,33381000,22070000,11017000
2093,33319000,21938000,10944000
2094,33366000,22057000,11012000
2095,33377000,22000000,11001000
2096,35315000,23949000,10950000
2097,33384000,22070000,11020000
2098,33305000,21921000,10952000
2099,33387000,22071000,11012000
2100,33313000,21937000,10960000
2101,33384000,22060000,11009000
2102,33381000,22007000,11027000
2103,33384000,21992000,11008000
2104,33310000,21938000,10957000
2105,35343000,24022000,10968000
2106,33465000,22133000,11108000
2107,33342000,21865000,10959000
2108,33313000,21990000,10967000
2109,33338000,22006000,10963000
2110,33324000,21997000,10970000
2111,33338000,22004000,10963000
2112,33320000,21992000,10966000
2113,33347000,22017000,10972000
2114,35347000,24011000,10994000
2115,33346000,21988000,10971000
2116,33336000,22001000,10983000
2117,33342000,21995000,10967000
2118,33323000,21991000,10969000
2119,33326000,21992000,10950000
2120,33314000,22000000,10961000
2121,33337000,22012000,10962000
2122,33326000,21999000,10973000
2123,36456000,25119000,11807000
2124,34183000,22012000,11103000
2125,33399000,21932000,11035000
2126,33463000,22064000,11099000
2127,33459000,21996000,11084000
2128,33448000,22000000,11095000
2129,33462000,22003000,11087000
2130,33443000,21992000,11090000
2131,33523000,22069000,11148000
2132,34488000,22975000,11134000
2133,33429000,21931000,11054000
2134,33479000,22061000,11126000
2135,33425000,21935000,11050000
2136,33351000,21936000,10997000
2137,33502000,22140000,11126000
2138,33422000,21932000,11069000
2139,33490000,22056000,11106000
2140,33478000,22008000,11133000
2141,36473000,24976000,11821000
2142,34120000,21934000,11043000
2143,33407000,22000000,11032000
2144,33548000,22152000,11195000
2145,33419000,21860000,11044000
2146,33465000,22057000,11112000
2147,33407000,21931000,11032000
2148,33395000,21999000,11042000
2149,33476000,22069000,11100000
2150,35412000,23948000,11048000
2151,33404000,21991000,11040000
2152,33478000,22073000,11123000
2153,33426000,21939000,11051000
2154,33476000,22061000,11123000
2155,33418000,21931000,11043000
2156,33399000,21992000,11046000
2157,33413000,22003000,11049000
2158,33421000,22008000,11057000
2159,35380000,23959000,11005000
2160,33418000,22049000,11065000
2161,33433000,22004000,11058000
2162,33418000,21996000,11065000
2163,33502000,22073000,11127000
2164,33487000,21996000,11134000
2165,33432000,21934000,11057000
2166,33357000,21936000,11004000
2167,33424000,22055000,11048000
2168,35433000,24021000,11069000
2169,33433000,22000000,11069000
2170,33425000,21991000,11071000
2171,33440000,22004000,11064000
2172,33371000,21942000,11022000
2173,33444000,22058000,11064000
2174,33420000,21992000,11067000
2175,33439000,22007000,11064000
2176,33357000,21930000,11004000
2177,35396000,24028000,11021000
2178,33376000,21991000,11023000
2179,33451000,22063000,11075000
2180,33376000,21937000,11023000
2181,33391000,22004000,11016000
2182,33439000,22059000,11086000
2183,33450000,22000000,11075000
2184,33516000,22077000,11159000
2185,33462000,21934000,11082000
2186,35532000,24082000,11164000
2187,33387000,21855000,11011000
2188,33442000,22063000,11093000
2189,33465000,22004000,11086000
2190,33450000,21996000,11093000
2191,33469000,22007000,11090000
2192,33450000,21992000,11092000
2193,33334000,21874000,10955000
2194,33396000,22073000,11039000
2195,35419000,24012000,11040000
2196,33396000,21988000,11044000
2197,33425000,22013000,11041000
2198,33465000,22056000,11108000
2199,33407000,21931000,11032000
2200,33473000,22077000,11125000
2201,33419000,21930000,11039000
2202,33460000,22057000,11107000
2203,33471000,22000000,11089000
2204,35469000,24016000,11112000
2205,33399000,21923000,11035000
2206,33403000,22004000,11050000
2207,33409000,21995000,11034000
2208,33534000,22136000,11173000
2209,33561000,22020000,11186000
2210,33402000,21847000,11041000
2211,33405000,21996000,11041000
2212,33409000,22004000,11044000
2213,35433000,24024000,11061000
2214,33414000,21988000,11060000
2215,33577000,22153000,11194000
2216,33417000,21851000,11056000
2217,32457000,21032000,10761000
2218,33263000,22137000,11217000
2219,33457000,21867000,11085000
2220,33449000,21996000,11096000
2221,33460000,21995000,11081000
2222,36425000,24976000,11788000
2223,34169000,22012000,11068000
2224,33432000,21996000,11075000
2225,33516000,22073000,11137000
2226,33497000,21992000,11140000
2227,33443000,21934000,11063000
2228,33510000,22079000,11153000
2229,33516000,21994000,11136000
2230,33496000,21992000,11139000
2231,36496000,24989000,11840000
2232,34138000,21930000,11058000
2233,33507000,22080000,11128000
2234,34603000,23107000,11234000
2235,33466000,21853000,11087000
2236,33603000,22147000,11237000
2237,33470000,21857000,11087000
2238,33394000,21935000,11033000
2239,33481000,22076000,11098000
2240,34515000,23045000,11143000
2241,33503000,21988000,11131000
2242,33499000,21995000,11138000
2243,33514000,22004000,11131000
2244,33510000,22008000,11149000
2245,33444000,21923000,11061000
2246,33506000,22072000,11145000
2247,33505000,21989000,11122000
2248,33494000,21999000,11133000
2249,35541000,24037000,11158000
2250,33452000,21922000,11091000
2251,33451000,21988000,11068000
2252,33448000,22007000,11087000
2253,33528000,22070000,11156000
2254,33597000,22069000,11221000
2255,33524000,21926000,11141000
2256,33522000,22009000,11161000
2257,33531000,21999000,11148000
2258,35456000,23935000,11083000
2259,33460000,22005000,11088000
2260,33516000,22056000,11155000
2261,33462000,21935000,11079000
2262,33447000,21996000,11086000
2263,33531000,22072000,11159000
2264,33526000,21996000,11154000
2265,33539000,22012000,11155000
2266,33450000,21923000,11089000
2267,35554000,24093000,11171000
2268,33535000,21992000,11179000
2269,33551000,22000000,11163000
2270,33469000,21934000,11108000
2271,33477000,21996000,11097000
2272,33465000,22000000,11108000
2273,33476000,22000000,11097000
2274,33461000,21995000,11109000
2275,33546000,22070000,11162000
2276,35485000,23954000,11117000
2277,33465000,21981000,11097000
2278,33468000,22003000,11111000
2279,33476000,21996000,11096000
2280,33464000,22000000,11107000
2281,33496000,22021000,11117000
2282,33464000,21979000,11107000
2283,33479000,22003000,11099000
2284,33476000,22009000,11119000
2285,35499000,24011000,11120000
2286,33479000,21992000,11122000
2287,33499000,22009000,11121000
2288,33484000,21995000,11126000
2289,33429000,21934000,11049000
2290,33479000,22061000,11122000
2291,33494000,22004000,11114000
2292,33478000,21996000,11121000
2293,33493000,22004000,11114000
2294,35365000,23883000,10997000
2295,33490000,22125000,11122000
2296,33425000,21935000,11064000
2297,33385000,21949000,11002000
2298,33494000,22119000,11132000
2299,33431000,21927000,11040000
2300,33481000,22069000,11128000
2301,33508000,22008000,11125000
2302,33423000,21926000,11062000
2303,35528000,24094000,11137000
2304,33432000,21922000,11079000
2305,33524000,22073000,11141000
2306,33508000,21996000,11147000
2307,33516000,21996000,11143000
2308,33454000,21938000,11081000
2309,33463000,22009000,11079000
2310,33500000,22048000,11139000
2311,33449000,21939000,11066000
2312,35388000,23949000,11015000
2313,33451000,22063000,11078000
2314,33446000,21996000,11085000
2315,33532000,22074000,11148000
2316,33438000,21918000,11082000
2317,33454000,22000000,11066000
2318,33446000,22008000,11085000
2319,33457000,21999000,11073000
2320,33445000,22000000,11089000
2321,36445000,24984000,11788000
2322,34225000,22065000,11137000
2323,33444000,21938000,11075000
2324,33436000,21992000,11068000
2325,33505000,22069000,11125000
2326,33578000,22084000,11210000
2327,33443000,21855000,11060000
2328,33428000,21995000,11066000
2329,33450000,22012000,11067000
2330,35448000,24009000,11087000
2331,33447000,21987000,11056000
2332,33493000,22066000,11144000
2333,33446000,21934000,11067000
2334,33435000,22000000,11078000
2335,33442000,21996000,11063000
2336,33435000,22003000,11078000
2337,33454000,22008000,11075000
2338,33434000,21992000,11077000
2339,35470000,24024000,11091000
2340,33529000,22071000,11172000
2341,33462000,21921000,11083000
2342,33516000,22065000,11158000
2343,33470000,21944000,11083000
2344,33445000,21994000,11096000
2345,33468000,22004000,11089000
2346,33449000,21992000,11092000
2347,33460000,22000000,11081000
2348,35465000,24016000,11097000
2349,33458000,21992000,11089000
2350,33457000,22000000,11100000
2351,33400000,21932000,11021000
2352,33453000,22063000,11096000
2353,33408000,21945000,11029000
2354,33673000,22276000,11307000
2355,33545000,21860000,11162000
2356,33456000,21923000,11092000
2357,35484000,24024000,11113000
2358,33469000,21992000,11115000
2359,33471000,21992000,11096000
2360,33464000,22003000,11110000
2361,33482000,22008000,11107000
2362,33603000,22132000,11242000
2363,33474000,21860000,11099000
2364,33459000,21996000,11106000
2365,33548000,22078000,11173000
2366,35475000,23938000,11111000
2367,33409000,21934000,11045000
2368,33474000,22065000,11121000
2369,33497000,22012000,11122000
2370,33470000,21984000,11117000
2371,33568000,22086000,11188000
2372,33478000,21922000,11121000
2373,33485000,21996000,11106000
2374,33474000,21999000,11116000
2375,35513000,24029000,11134000
2376,33420000,21918000,11063000
2377,33435000,22004000,11056000
2378,33493000,22069000,11136000
2379,33500000,21996000,11121000
2380,33489000,22000000,11137000
2381,33432000,21926000,11047000
2382,33419000,22004000,11062000
2383,33495000,22065000,11116000
2384,35431000,23947000,11063000
2385,33435000,22004000,11067000
2386,33427000,21992000,11070000
2387,33438000,21999000,11058000
2388,33496000,22070000,11139000
2389,33441000,21934000,11062000
2390,33422000,21992000,11065000
2391,33510000,22077000,11142000
2392,33433000,21922000,11065000
2393,35465000,24033000,11086000
2394,33438000,21984000,11086000
2395,33388000,21934000,11004000
2396,33381000,22009000,11024000
2397,33387000,21995000,11008000
2398,33441000,22065000,11084000
2399,33399000,21947000,11020000
2400,33445000,22056000,11092000
2401,33398000,21938000,11014000
2402,35403000,24021000,11035000
2403,33377000,21973000,11019000
2404,33323000,21935000,10955000
2405,33392000,22069000,11023000
2406,33391000,22000000,11023000
2407,33455000,22064000,11076000
2408,33517000,22073000,11160000
2409,33463000,21934000,11084000
2410,33444000,21992000,11086000
2411,35483000,24029000,11104000
2412,33459000,21987000,11102000
2413,33474000,22004000,11099000
2414,33455000,21992000,11102000
2415,33402000,21936000,11027000
2416,33532000,22141000,11175000
2417,33410000,21867000,11031000
2418,33319000,21920000,10962000
2419,33535000,22204000,11160000
2420,36496000,24972000,11791000
2421,34102000,21947000,11078000
2422,33434000,21992000,11081000
2423,33449000,22004000,11074000
2424,33443000,22004000,11089000
2425,33448000,21995000,11073000
2426,34474000,23037000,11121000
2427,33429000,21943000,11045000
2428,33466000,22056000,11120000
2429,34329000,22845000,10954000
2430,33458000,22140000,11105000
2431,33392000,21923000,11017000
2432,33452000,22071000,11099000
2433,33467000,22004000,11092000
2434,33448000,21992000,11095000
2435,33463000,22004000,11088000
2436,33444000,21992000,11091000
2437,33458000,22003000,11083000
2438,35464000,24017000,11101000
2439,33457000,21992000,11092000
2440,33456000,21999000,11102000
2441,33478000,22012000,11103000
2442,33459000,21992000,11106000
2443,33397000,21927000,11022000
2444,33459000,22072000,11106000
2445,33401000,21932000,11026000
2446,33454000,22064000,11101000
2447,35420000,23955000,11045000
2448,33405000,21996000,11057000
2449,33421000,21999000,11040000
2450,33474000,22070000,11117000
2451,33427000,21942000,11048000
2452,33494000,22078000,11137000
2453,33423000,21918000,11044000
2454,33415000,22003000,11058000
2455,33363000,21937000,10984000
2456,35374000,24022000,11006000
2457,33354000,21979000,10986000
2458,33363000,22009000,11005000
2459,33366000,21993000,10987000
2460,33355000,21999000,10997000
2461,33365000,22000000,10986000
2462,33358000,22004000,11001000
2463,33369000,22000000,10990000
2464,33358000,22000000,11001000
2465,35391000,24022000,11012000
2466,33306000,21926000,10949000
2467,33385000,22067000,11005000
2468,33310000,21936000,10952000
2469,33396000,22076000,11017000
2470,33381000,21996000,11024000
2471,33309000,21917000,10930000
2472,33377000,22079000,11020000
2473,33392000,22004000,11013000
2474,35388000,24007000,11020000
2475,33300000,21912000,10932000
2476,33303000,22002000,10945000
2477,33390000,22077000,11011000
2478,33371000,21992000,11018000
2479,33323000,21940000,10947000
2480,33319000,22007000,10965000
2481,33323000,21993000,10947000
2482,33313000,22002000,10960000
2483,35345000,24021000,10970000
2484,33323000,21989000,10970000
2485,33332000,21998000,10957000
2486,33244000,21922000,10890000
2487,33336000,22082000,10961000
2488,33320000,21994000,10967000
2489,33328000,21998000,10953000
2490,33454000,22137000,11097000
2491,33458000,21993000,11075000
2492,35260000,23821000,10904000
2493,33316000,22048000,10963000
2494,33323000,21996000,10959000
2495,33331000,22008000,10956000
2496,33391000,22070000,11037000
2497,33343000,21941000,10967000
2498,33315000,21984000,10962000
2499,33401000,22075000,11026000
2500,33319000,21928000,10965000
2501,35369000,24040000,11006000
2502,33416000,22046000,11051000
2503,33339000,21923000,10964000
2504,33327000,22000000,10974000
2505,33415000,22077000,11040000
2506,33335000,21930000,10978000
2507,33334000,21992000,10962000
2508,33335000,22009000,10982000
2509,33341000,21995000,10966000
2510,36371000,25041000,11741000
2511,34048000,21943000,10950000
2512,33377000,22062000,11024000
2513,33400000,22012000,11024000
2514,33390000,22001000,11036000
2515,33323000,21923000,10948000
2516,33379000,22067000,11026000
2517,33390000,22000000,11015000
2518,33303000,21924000,10950000
2519,34445000,23131000,11745000
2520,34042000,21929000,11006000
2521,33382000,22007000,11002000
2522,33362000,21992000,11005000
2523,33305000,21932000,10918000
2524,33282000,21996000,10933000
2525,33374000,22072000,10994000
2526,33359000,21996000,11002000
2527,33373000,22004000,10994000
2528,36326000,24964000,11684000
2529,34074000,22021000,10979000
2530,33343000,21996000,10986000
2531,33354000,22000000,10975000
2532,33340000,21997000,10983000
2533,33362000,22011000,10994000
2534,33415000,22052000,11046000
2535,33414000,22000000,11046000
2536,33423000,22009000,11055000
2537,35447000,24023000,11067000
2538,33419000,21984000,11067000
2539,33443000,22008000,11059000
2540,33415000,21987000,11058000
2541,33426000,22000000,11051000
2542,33415000,22000000,11061000
2543,33358000,21932000,10982000
2544,33350000,22004000,10997000
2545,33365000,22004000,10990000
2546,35430000,24076000,11066000
2547,33362000,21932000,10998000
2548,33362000,21999000,11008000
2549,33369000,21996000,10994000
2550,33358000,22000000,11004000
2551,33433000,22064000,11068000
2552,33365000,21932000,11000000
2553,33377000,22012000,11002000
2554,33355000,21990000,11007000
2555,35396000,24025000,11016000
2556,33375000,21995000,11022000
2557,33378000,21992000,11003000
2558,33367000,21999000,11013000
2559,33381000,22004000,11006000
2560,33578000,22208000,11211000
2561,33606000,22020000,11224000
2562,33370000,21771000,11008000
2563,33442000,22066000,11068000
2564,35306000,23874000,10941000
2565,33364000,22059000,11004000
2566,33375000,22007000,11027000
2567,33606000,22215000,11216000
2568,33387000,21797000,11026000
2569,33395000,22000000,11019000
2570,34566000,23183000,11198000
2571,33425000,21852000,11054000
2572,33487000,22065000,11134000
2573,34429000,22927000,11042000
2574,33395000,21984000,11045000
2575,33405000,21992000,11026000
2576,33391000,21996000,11033000
2577,33421000,22020000,11042000
2578,33402000,21992000,11045000
2579,33410000,21996000,11030000
2580,33394000,21996000,11037000
2581,33413000,22008000,11034000
2582,35404000,24002000,11036000
2583,33404000,22000000,11036000
2584,33403000,21999000,11046000
2585,33426000,22012000,11047000
2586,34448000,23033000,11091000
2587,33389000,21930000,11003000
2588,33375000,22003000,11025000
2589,33389000,21996000,11010000
2590,33374000,21996000,11016000
2591,34434000,23049000,11054000
2592,33415000,21992000,11057000
2593,33374000,21949000,10995000
2594,33414000,22051000,11057000
2595,33378000,21952000,10998000
2596,33491000,22125000,11134000
2597,33369000,21867000,10983000
2598,33283000,21932000,10933000
2599,33424000,22123000,11045000
2600,35437000,24024000,11069000
2601,33383000,21946000,11015000
2602,33425000,22042000,11068000
2603,33440000,22004000,11061000
2604,33363000,21933000,11006000
2605,33373000,22000000,10994000
2606,33424000,22062000,11067000
2607,33369000,21934000,10990000
2608,33420000,22062000,11063000
2609,36427000,24996000,11779000
2610,34143000,21996000,11055000
2611,33423000,21999000,11043000
2612,33411000,22000000,11054000
2613,33418000,21996000,11039000
2614,33411000,22004000,11054000
2615,33422000,22000000,11043000
2616,33406000,21995000,11049000
2617,33429000,22012000,11050000
2618,35574000,24156000,11194000
2619,33362000,21788000,10994000
2620,33362000,22000000,11005000
2621,33306000,21933000,10927000
2622,33296000,22000000,10938000
2623,33446000,22139000,11067000
2624,33421000,21987000,11065000
2625,33433000,22000000,11053000
2626,33366000,21945000,11009000
2627,35390000,24013000,11003000
2628,33429000,22062000,11084000
2629,33453000,22005000,11078000
2630,33370000,21927000,11016000
2631,33440000,22059000,11075000
2632,33376000,21937000,11012000
2633,33443000,22067000,11068000
2634,33367000,21934000,11013000
2635,33378000,22001000,11003000
2636,35380000,24013000,11016000
2637,33436000,22056000,11072000
2638,33444000,22008000,11091000
2639,33373000,21918000,10998000
2640,33362000,21999000,11008000
2641,33380000,22008000,11005000
2642,33427000,22058000,11074000
2643,33376000,21938000,11002000
2644,33365000,21999000,11011000
2645,35398000,24023000,11023000
2646,33380000,21992000,11026000
2647,33387000,21996000,11011000
2648,33376000,22000000,11022000
2649,33395000,22008000,11019000
2650,33380000,21996000,11026000
2651,33399000,22009000,11024000
2652,33384000,21995000,11030000
2653,33457000,22062000,11081000
2654,35402000,23956000,11037000
2655,33307000,21906000,10943000
2656,33391000,22083000,11037000
2657,33411000,22009000,11035000
2658,33387000,21987000,11033000
2659,33401000,22004000,11026000
2660,33310000,21920000,10962000
2661,33411000,22084000,11030000
2662,33387000,21992000,11033000
2663,35411000,24013000,11035000
2664,33403000,22004000,11050000
2665,33345000,21931000,10970000
2666,33403000,22069000,11050000
2667,33483000,22068000,11119000
2668,33410000,21927000,11038000
2669,33398000,21996000,11030000
2670,33394000,22000000,11041000
2671,33340000,21935000,10965000
2672,35476000,24147000,11112000
2673,33347000,21871000,10975000
2674,33339000,21999000,10993000
2675,33413000,22056000,11038000
2676,33405000,22003000,11052000
2677,33353000,21937000,10978000
2678,33405000,22063000,11052000
2679,33421000,22005000,11046000
2680,33340000,21929000,10986000
2681,35385000,24034000,11009000
2682,33366000,21993000,11013000
2683,33369000,21992000,10987000
2684,33347000,21996000,11001000
2685,33374000,22009000,10999000
2686,33350000,21987000,10997000
2687,33365000,22004000,10990000
2688,33420000,22066000,11067000
2689,33373000,21942000,10998000
2690,35366000,24004000,11002000
2691,33362000,21995000,10997000
2692,33358000,21996000,11004000
2693,33376000,22008000,11001000
2694,33215000,21850000,10862000
2695,33226000,22000000,10851000
2696,33219000,22003000,10865000
2697,33241000,22012000,10866000
2698,33218000,21988000,10865000
2699,35180000,23951000,10805000
2700,33306000,22137000,10953000
2701,33392000,22075000,11017000
2702,33434000,22053000,11081000
2703,33388000,21943000,11006000
2704,33374000,22004000,11028000
2705,33400000,22008000,11025000
2706,33385000,21996000,11032000
2707,33397000,22001000,11022000
2708,35389000,24003000,11025000
2709,33378000,21989000,11014000
2710,33378000,22000000,11025000
2711,33323000,21933000,10947000
2712,33441000,22129000,11087000
2713,33259000,21808000,10884000
2714,33240000,21992000,10887000
2715,33247000,21996000,10872000
2716,33244000,22008000,10891000
2717,35283000,24028000,10919000
2718,33265000,21981000,10900000
2719,33263000,21999000,10888000
2720,33265000,22012000,10911000
2721,33266000,21991000,10891000
2722,33252000,21997000,10899000
2723,33196000,21933000,10821000
2724,33255000,22070000,10902000
2725,33265000,21999000,10890000
2726,35280000,24025000,10915000
2727,33268000,21988000,10914000
2728,33283000,22005000,10919000
2729,33291000,22007000,10915000
2730,33336000,22057000,10983000
2731,33283000,21935000,10900000
2732,33180000,21917000,10835000
2733,33284000,22085000,10909000
2734,33268000,21995000,10915000
2735,36254000,24974000,11597000
2736,33964000,22003000,10892000
2737,33264000,22007000,10888000
2738,33264000,22012000,10911000
2739,33255000,21980000,10880000
2740,33252000,22008000,10899000
2741,33259000,21996000,10884000
2742,33243000,21995000,10890000
2743,33258000,22004000,10883000
2744,34302000,23055000,10938000
2745,33296000,21994000,10932000
2746,33360000,22064000,11003000
2747,33226000,21854000,10843000
2748,33207000,22000000,10861000
2749,33225000,22000000,10850000
2750,33210000,21996000,10857000
2751,33229000,22007000,10853000
2752,33221000,22004000,10868000
2753,36289000,25057000,11649000
2754,34010000,21997000,10922000
2755,33304000,22017000,10928000
2756,33205000,21912000,10851000
2757,33216000,22000000,10840000
2758,33284000,22079000,10930000
2759,33207000,21913000,10832000
2760,33279000,22083000,10926000
2761,33291000,22001000,10916000
2762,35224000,23944000,10860000
2763,33212000,21988000,10848000
2764,33208000,21996000,10855000
2765,33297000,22078000,10922000
2766,33213000,21926000,10859000
2767,33297000,22074000,10922000
2768,33282000,21996000,10929000
2769,33222000,21929000,10847000
2770,33203000,21991000,10849000
2771,35238000,24025000,10863000
2772,33362000,22134000,11008000
2773,33373000,22000000,10997000
2774,33292000,21931000,10939000
2775,33373000,22069000,10997000
2776,33362000,22000000,11008000
2777,33385000,22012000,11009000
2778,33226000,21852000,10872000
2779,33306000,22069000,10922000
2780,35233000,23947000,10877000
2781,33305000,22064000,10932000
2782,33296000,22000000,10952000
2783,33314000,21997000,10938000
2784,33301000,21999000,10948000
2785,33321000,22009000,10946000
2786,33305000,21995000,10952000
2787,33317000,22001000,10942000
2788,33313000,22007000,10960000
2789,35329000,24005000,10954000
2790,33314000,21996000,10948000
2791,33242000,21930000,10880000
2792,33244000,21999000,10891000
2793,33403000,22149000,11028000
2794,33253000,21861000,10900000
2795,33254000,21990000,10879000
2796,33243000,21999000,10890000
2797,33254000,22001000,10879000
2798,35264000,24021000,10900000
2799,33251000,21987000,10887000
2800,33252000,22001000,10899000
2801,33270000,22007000,10895000
2802,33251000,21992000,10898000
2803,33196000,21934000,10821000
2804,33250000,22065000,10897000
2805,33257000,21996000,10882000
2806,33247000,22000000,10893000
2807,35291000,24034000,10916000
2808,33280000,22000000,10927000
2809,33295000,22003000,10919000
2810,33196000,21913000,10843000
2811,33366000,22159000,10991000
2812,33348000,21993000,10995000
2813,33423000,22063000,11047000
2814,33411000,22000000,11058000
2815,33426000,22004000,11051000
2816,35362000,23947000,10998000
2817,33351000,21989000,10987000
2818,33355000,22004000,11002000
2819,33361000,21995000,10986000
2820,33419000,22068000,11066000
2821,33366000,21936000,10990000
2822,33367000,22013000,11014000
2823,33362000,21983000,10986000
2824,33418000,22068000,11061000
2825,35396000,23967000,11017000
2826,33377000,21992000,11020000
2827,33393000,22004000,11013000
2828,33381000,22000000,11024000
2829,33385000,21992000,11006000
2830,33377000,22004000,11020000
2831,33385000,21996000,11005000
2832,33377000,22004000,11020000
2833,33388000,22000000,11009000
2834,36350000,24973000,11705000
2835,34070000,21996000,10982000
2836,33344000,21997000,10995000
2837,33417000,22058000,11037000
2838,33474000,22072000,11116000
2839,33354000,21870000,10975000
2840,33343000,22000000,10986000
2841,33423000,22068000,11043000
2842,33412000,22000000,11054000
2843,34406000,22983000,11027000
2844,33316000,21922000,10959000
2845,33387000,22060000,11008000
2846,33324000,21947000,10967000
2847,33399000,22065000,11020000
2848,33320000,21932000,10963000
2849,33399000,22067000,11019000
2850,33388000,22001000,11031000
2851,33395000,21995000,11015000
2852,36294000,24911000,11660000
2853,33961000,21933000,10859000
2854,33222000,21995000,10865000
2855,33313000,22080000,10934000
2856,33222000,21920000,10865000
2857,33310000,22077000,10931000
2858,33217000,21918000,10860000
2859,33381000,22152000,11001000
2860,33225000,21855000,10867000
2861,35268000,24033000,10889000
2862,33245000,21988000,10888000
2863,33252000,21995000,10873000
2864,33245000,22004000,10887000
2865,33264000,22008000,10884000
2866,33248000,21996000,10891000
2867,33247000,21988000,10868000
2868,33236000,21999000,10879000
2869,33243000,21996000,10867000
2870,35248000,24017000,10884000
2871,33236000,21987000,10872000
2872,33306000,22071000,10953000
2873,33335000,22018000,10971000
2874,33388000,22053000,11020000
2875,33259000,21871000,10876000
2876,33231000,21991000,10886000
2877,33253000,22003000,10878000
2878,33248000,22005000,10894000
2879,35287000,24029000,10905000
2880,33260000,21991000,10914000
2881,33287000,22009000,10912000
2882,33259000,21983000,10906000
2883,33277000,22007000,10902000
2884,33262000,21996000,10909000
2885,33269000,21995000,10893000
2886,33262000,22005000,10909000
2887,33260000,21987000,10885000
2888,35279000,24030000,10915000
2889,33273000,21994000,10909000
2890,33272000,21999000,10919000
2891,33199000,21915000,10823000
2892,33264000,22076000,10910000
2893,33280000,22006000,10905000
2894,33264000,21994000,10910000
2895,33276000,22002000,10901000
2896,33187000,21921000,10833000
2897,35381000,24184000,11006000
2898,33286000,21916000,10925000
2899,33286000,21997000,10919000
2900,33202000,21919000,10854000
2901,33222000,22004000,10842000
2902,33198000,21991000,10844000
2903,33297000,22089000,10933000
2904,33362000,22064000,10993000
2905,33220000,21859000,10841000
2906,35301000,24091000,10932000
2907,33291000,21991000,10915000
2908,33209000,21926000,10860000
2909,33307000,22079000,10928000
2910,33213000,21917000,10856000
2911,33297000,22073000,10918000
2912,33286000,22000000,10929000
2913,33231000,21934000,10852000
2914,33286000,22066000,10934000
2915,35257000,23955000,10873000
2916,33228000,21987000,10871000
2917,33235000,21996000,10851000
2918,33219000,22004000,10875000
2919,33239000,22000000,10864000
2920,33232000,22003000,10878000
2921,33243000,22000000,10867000
2922,33302000,22071000,10949000
2923,33242000,21929000,10867000
2924,35236000,24004000,10871000
2925,33231000,21996000,10867000
2926,33235000,22004000,10882000
2927,33246000,22000000,10871000
2928,33379000,22144000,11022000
2929,33253000,21863000,10874000
2930,33238000,21996000,10881000
2931,33454000,22205000,11079000
2932,33376000,21932000,11014000
2933,36296000,24918000,11570000
2934,33937000,22003000,10943000
2935,33228000,21921000,10853000
2936,33152000,21934000,10798000
2937,33245000,22082000,10870000
2938,33217000,21983000,10863000
2939,33227000,22000000,10852000
2940,33217000,22000000,10863000
2941,33309000,22081000,10933000
2942,34271000,22974000,10907000
2943,33254000,21983000,10901000
2944,33202000,21937000,10838000
2945,33206000,22004000,10831000
2946,33265000,22070000,10912000
2947,33337000,22061000,10962000
2948,33264000,21938000,10911000
2949,33406000,22130000,11031000
2950,33322000,21927000,10968000
2951,36243000,24910000,11586000
2952,33962000,22012000,10890000
2953,33258000,22004000,10883000
2954,33239000,21991000,10885000
2955,33253000,22004000,10878000
2956,33242000,22000000,10889000
2957,33187000,21934000,10813000
2958,33169000,21992000,10816000
2959,33328000,22148000,10952000
2960,34217000,22901000,10865000
2961,33229000,21999000,10852000
2962,33278000,22062000,10926000
2963,33224000,21934000,10849000
2964,33209000,21996000,10856000
2965,33306000,22086000,10931000
2966,33279000,21984000,10926000
2967,33219000,21929000,10844000
2968,33417000,22209000,11060000
2969,36296000,24867000,11627000
2970,33907000,21912000,10838000
2971,33288000,22082000,10902000
2972,33272000,22002000,10922000
2973,33206000,21915000,10826000
2974,33275000,22081000,10918000
2975,33205000,21919000,10826000
2976,33202000,22008000,10845000
2977,33291000,22077000,10911000
2978,35279000,24000000,10915000
2979,33206000,21927000,10842000
2980,33278000,22072000,10930000
2981,33295000,22001000,10915000
2982,33343000,22063000,10989000
2983,33220000,21867000,10838000
2984,33198000,21996000,10852000
2985,33298000,22082000,10923000
2986,33355000,22067000,10998000
2987,35315000,23950000,10936000
2988,33221000,21917000,10864000
2989,33301000,22069000,10933000
2990,33297000,21996000,10929000
2991,33236000,21938000,10856000
2992,33224000,22000000,10867000
2993,33244000,22009000,10865000
2994,33301000,22068000,10944000
2995,33246000,21934000,10867000
2996,35253000,24018000,10885000
2997,33166000,21913000,10802000
2998,33235000,22069000,10882000
2999,33243000,21996000,10878000
3000,33238000,21996000,10874000
3001,33234000,21996000,10859000
3002,33440000,22217000,11088000
3003,33320000,21864000,10940000
3004,33218000,21914000,10865000
3005,35262000,24032000,10886000
3006,33242000,21992000,10889000
3007,33253000,22000000,10878000
3008,33242000,22000000,10889000
3009,33253000,22000000,10878000
3010,33241000,21999000,10893000
3011,33192000,21935000,10812000
3012,33241000,22065000,10888000
3013,33256000,22004000,10881000
3014,35255000,24009000,10890000
3015,33241000,21987000,10888000
3016,33252000,22000000,10888000
3017,33264000,22012000,10889000
3018,33249000,21995000,10895000
3019,33267000,22008000,10892000
3020,33167000,21911000,10814000
3021,33195000,22016000,10830000
3022,33255000,22061000,10891000
3023,35282000,24027000,10907000
3024,33275000,22004000,10927000
3025,33214000,21923000,10834000
3026,33272000,22074000,10919000
3027,33269000,21985000,10894000
3028,33266000,22007000,10911000
3029,33267000,21992000,10892000
3030,33265000,22008000,10911000
3031,33200000,21925000,10825000
3032,35278000,24089000,10925000
3033,33291000,22002000,10916000
3034,33193000,21913000,10840000
3035,33204000,22000000,10829000
3036,33343000,22149000,10989000
3037,33207000,21854000,10843000
3038,33204000,21996000,10839000
3039,33283000,22080000,10908000
3040,33343000,22071000,10990000
3041,36195000,24841000,11548000
3042,33978000,22066000,10897000
3043,33260000,21999000,10885000
3044,33249000,22000000,10896000
3045,33260000,21999000,10884000
3046,33264000,22015000,10910000
3047,33194000,21919000,10830000
3048,33264000,22070000,10899000
3049,33271000,22008000,10896000
3050,34158000,22897000,10793000
3051,33223000,22066000,10859000
3052,33224000,22001000,10871000
3053,33234000,21998000,10858000
3054,33214000,21992000,10861000
3055,33230000,22004000,10855000
3056,33215000,21996000,10861000
3057,33233000,22008000,10858000
3058,33214000,21992000,10861000
3059,36209000,24983000,11556000
3060,34003000,22082000,10926000
3061,33212000,21922000,10837000
3062,33205000,22004000,10852000
3063,33212000,21996000,10837000
3064,33205000,22003000,10851000
3065,33223000,22008000,10848000
3066,33200000,21988000,10847000
3067,33211000,22000000,10839000
3068,34388000,23184000,11021000
3069,33237000,21853000,10861000
3070,33221000,21995000,10884000
3071,33183000,21935000,10803000
3072,33167000,21999000,10814000
3073,33182000,22004000,10806000
3074,33236000,22066000,10888000
3075,33260000,22007000,10879000
3076,33318000,22075000,10961000
3077,36161000,24831000,11518000
3078,33963000,22078000,10870000
3079,33172000,21934000,10793000
3080,33239000,22078000,10882000
3081,33237000,21987000,10858000
3082,33226000,22000000,10873000
3083,33164000,21927000,10789000
3084,33222000,22069000,10869000
3085,33233000,21999000,10869000
3086,35180000,23948000,10805000
3087,33234000,22065000,10870000
3088,33160000,21926000,10807000
3089,33245000,22073000,10869000
3090,33164000,21930000,10810000
3091,33179000,22004000,10803000
3092,33164000,21996000,10810000
3093,33174000,22000000,10799000
3094,33236000,22073000,10883000
3095,35195000,23947000,10819000
3096,33248000,22065000,10895000
3097,33186000,21927000,10811000
3098,33244000,22069000,10891000
3099,33263000,22008000,10881000
3100,33237000,21992000,10891000
3101,33263000,22007000,10898000
3102,33194000,21932000,10830000
3103,33254000,22060000,10880000
3104,35269000,24025000,10915000
3105,33278000,21999000,10903000
3106,33260000,21993000,10912000
3107,33268000,21992000,10880000
3108,33191000,21946000,10845000
3109,33197000,21987000,10821000
3110,33181000,21996000,10828000
3111,33196000,22004000,10832000
3112,33192000,21996000,10828000
3113,35433000,24240000,11058000
3114,33276000,21854000,10914000
3115,33279000,22001000,10912000
3116,33347000,22070000,10993000
3117,33291000,21934000,10916000
3118,33280000,21999000,10926000
3119,33291000,22001000,10916000
3120,33279000,21999000,10926000
3121,33211000,21920000,10835000
3122,35212000,24013000,10848000
3123,33354000,22142000,10990000
3124,33286000,21932000,10933000
3125,33357000,22060000,10982000
3126,33142000,21795000,10793000
3127,33227000,22070000,10847000
3128,33203000,21992000,10850000
3129,33218000,22003000,10842000
3130,33434000,22228000,11082000
3131,35177000,23727000,10797000
3132,33226000,22065000,10873000
3133,33246000,22009000,10882000
3134,33237000,21991000,10873000
3135,33237000,22000000,10862000
3136,33234000,22008000,10881000
3137,33163000,21918000,10788000
3138,33156000,22003000,10808000
3139,33245000,22074000,10865000
3140,35311000,24082000,10948000
3141,33238000,21926000,10873000
3142,33233000,21996000,10862000
3143,33296000,22069000,10938000
3144,33225000,21922000,10871000
3145,33244000,22009000,10869000
3146,33232000,21999000,10879000
3147,33243000,22000000,10868000
3148,33232000,22000000,10879000
3149,35271000,24028000,10896000
3150,33248000,21988000,10900000
3151,33264000,22000000,10884000
3152,33244000,21995000,10895000
3153,33259000,22000000,10879000
3154,33243000,22000000,10890000
3155,33258000,22004000,10883000
3156,33243000,21996000,10890000
3157,33254000,21999000,10878000
3158,36211000,24969000,11564000
3159,33866000,21938000,10785000
3160,33081000,21932000,10728000
3161,33169000,22077000,10794000
3162,33222000,22064000,10869000
3163,33241000,22007000,10865000
3164,33218000,21988000,10864000
3165,33232000,22004000,10857000
3166,33221000,22000000,10873000
3167,34226000,22988000,10845000
3168,33188000,21979000,10835000
3169,33207000,22008000,10832000
3170,33192000,21996000,10839000
3171,33199000,21995000,10823000
3172,33192000,22004000,10838000
3173,33355000,22153000,10980000
3174,33191000,21847000,10830000
3175,33198000,22004000,10831000
3176,36167000,24972000,11525000
3177,33897000,22008000,10811000
3178,33240000,22065000,10887000
3179,33186000,21934000,10810000
3180,33170000,21996000,10817000
3181,33255000,22073000,10879000
3182,33174000,21930000,10826000
3183,33259000,22070000,10879000
3184,33239000,21995000,10886000
3185,35287000,24038000,10912000
3186,33269000,21992000,10915000
3187,33340000,22061000,10965000
3188,33264000,21935000,10911000
3189,33287000,22012000,10912000
3190,33268000,21991000,10915000
3191,33277000,21999000,10902000
3192,33268000,22002000,10915000
3193,33265000,21986000,10890000
3194,35200000,23946000,10836000
3195,33280000,22079000,10908000
3196,33264000,21992000,10918000
3197,33207000,21925000,10832000
3198,33192000,21996000,10844000
3199,33280000,22071000,10899000
3200,33195000,21932000,10842000
3201,33202000,21996000,10827000
3202,33191000,22000000,10838000
3203,35308000,24105000,10932000
3204,33207000,21911000,10854000
3205,33218000,22000000,10843000
3206,33207000,22000000,10854000
3207,33293000,22075000,10918000
3208,33282000,22000000,10929000
3209,33225000,21932000,10850000
3210,33206000,21991000,10853000
3211,33221000,22004000,10845000
3212,35309000,24100000,10933000
3213,33286000,21985000,10926000
3214,33300000,22006000,10948000
3215,33307000,21991000,10923000
3216,33218000,21926000,10860000
3217,33237000,22009000,10858000
3218,33217000,21991000,10860000
3219,33301000,22073000,10922000
3220,33221000,21930000,10864000
3221,35252000,24020000,10865000
3222,33301000,22069000,10952000
3223,33321000,22001000,10933000
3224,33300000,21999000,10952000
3225,33243000,21923000,10864000
3226,33236000,22004000,10879000
3227,33243000,21995000,10863000
3228,33310000,22078000,10952000
3229,33324000,22004000,10946000
3230,35318000,24004000,10950000
3231,33240000,21922000,10871000
3232,33310000,22071000,10958000
3233,33255000,21929000,10871000
3234,33239000,22000000,10882000
3235,33254000,22003000,10874000
3236,33238000,21996000,10886000
3237,33254000,22000000,10870000
3238,33238000,22000000,10886000
3239,35353000,24099000,10969000
3240,33251000,21913000,10886000
3241,33257000,22004000,10886000
3242,33255000,22000000,10897000
3243,33334000,22069000,10955000
3244,33327000,22003000,10970000
3245,33347000,22009000,10967000
3246,33326000,21991000,10969000
3247,33337000,22000000,10958000
3248,35351000,24025000,10983000
3249,33273000,21921000,10906000
3250,33273000,21999000,10914000
3251,33351000,22068000,10972000
3252,33339000,22000000,10982000
3253,33354000,22004000,10979000
3254,33395000,22052000,11042000
3255,33347000,21940000,10963000
3256,33332000,22004000,10986000
3257,36256000,24906000,11608000
3258,34188000,22216000,11104000
3259,33333000,21861000,10951000
3260,33306000,21991000,10960000
3261,33258000,21933000,10883000
3262,33247000,22000000,10893000
3263,33265000,22008000,10890000
3264,33254000,22000000,10901000
3265,33253000,21988000,10878000
3266,34218000,22975000,10853000
3267,33217000,22000000,10854000
3268,33222000,22004000,10868000
3269,33232000,22000000,10857000
3270,33217000,21995000,10863000
3271,33162000,21935000,10787000
3272,33216000,22065000,10863000
3273,33236000,22009000,10861000
3274,33147000,21921000,10793000
3275,36207000,25050000,11560000
3276,33937000,22012000,10855000
3277,33207000,21987000,10842000
3278,33141000,21935000,10777000
3279,33210000,22069000,10836000
3280,33196000,21995000,10841000
3281,33210000,22004000,10834000
3282,33199000,22000000,10845000
3283,33286000,22077000,10912000
3284,34175000,22899000,10802000
3285,33154000,21988000,10798000
3286,33165000,22003000,10812000
3287,33250000,22074000,10875000
3288,33227000,21987000,10873000
3289,33176000,21938000,10800000
3290,33230000,22066000,10877000
3291,33175000,21934000,10793000
3292,33161000,22004000,10815000
3293,36221000,25041000,11568000
3294,33944000,22012000,10868000
3295,33236000,22004000,10861000
3296,33148000,21922000,10794000
3297,33236000,22077000,10860000
3298,33221000,21996000,10867000
3299,33235000,22004000,10860000
3300,33228000,22004000,10875000
3301,33244000,22005000,10870000
3302,35168000,23934000,10814000
3303,33178000,22000000,10803000
3304,33183000,22016000,10830000
3305,33255000,22060000,10879000
3306,33243000,22000000,10890000
3307,33243000,21989000,10868000
3308,33227000,21995000,10874000
3309,33177000,21938000,10801000
3310,33166000,22000000,10812000
3311,35270000,24094000,10895000
3312,33177000,21918000,10824000
3313,33266000,22078000,10892000
3314,33255000,21999000,10901000
3315,33192000,21927000,10817000
3316,33250000,22069000,10897000
3317,33257000,21996000,10882000
3318,33254000,22007000,10900000
3319,33195000,21931000,10812000
3320,35188000,24012000,10832000
3321,33188000,21992000,10824000
3322,33188000,22000000,10835000
3323,33195000,21996000,10820000
3324,33176000,21991000,10822000
3325,33194000,22008000,10819000
3326,33179000,21996000,10826000
3327,33194000,22004000,10819000
3328,33179000,21996000,10826000
3329,35288000,24098000,10913000
3330,33191000,21914000,10838000
3331,33210000,22008000,10835000
3332,33203000,22004000,10850000
3333,33136000,21922000,10761000
3334,33121000,21996000,10768000
3335,33201000,22069000,10826000
3336,33280000,22090000,10923000
3337,33209000,21917000,10830000
3338,35210000,24013000,10842000
3339,33291000,22081000,10923000
3340,33351000,22059000,10994000
3341,33370000,22008000,11001000
3342,33290000,21921000,10922000
3343,33290000,22000000,10911000
3344,33347000,22068000,10999000
3345,33296000,21932000,10916000
3346,33287000,22007000,10939000
3347,36343000,25040000,11681000
3348,33983000,21938000,10911000
3349,33334000,22059000,10959000
3350,33396000,22073000,11043000
3351,33265000,21858000,10883000
3352,33244000,21996000,10897000
3353,33337000,22076000,10962000
3354,33276000,21950000,10928000
3355,33346000,22053000,10967000
3356,34306000,22976000,10942000
3357,33301000,21995000,10947000
3358,33312000,22001000,10948000
3359,33380000,22068000,11005000
3360,33375000,22005000,11021000
3361,33303000,21918000,10928000
3362,33298000,22005000,10944000
3363,33307000,21999000,10932000
3364,33364000,22068000,11011000
3365,36293000,24918000,11649000
3366,34085000,22072000,11001000
3367,33301000,21936000,10926000
3368,33358000,22068000,11005000
3369,33366000,21996000,10990000
3370,33286000,21932000,10938000
3371,33370000,22068000,10990000
3372,33355000,22000000,11001000
3373,33298000,21933000,10923000
3374,34260000,22973000,10896000
3375,33315000,22055000,10951000
3376,33241000,21926000,10888000
3377,33398000,22145000,11022000
3378,33318000,21932000,10965000
3379,33326000,21996000,10950000
3380,33314000,21999000,10961000
3381,33398000,22073000,11023000
3382,33315000,21927000,10960000
3383,36307000,24983000,11659000
3384,34037000,22013000,10956000
3385,33328000,22008000,10953000
3386,33440000,22123000,11083000
3387,33317000,21865000,10933000
3388,33374000,22077000,11029000
3389,33317000,21923000,10941000
3390,33309000,22004000,10956000
3391,33332000,22012000,10957000
3392,35262000,23941000,10898000
3393,33312000,22050000,10948000
3394,33319000,22006000,10965000
3395,33331000,22002000,10956000
3396,33246000,21926000,10893000
3397,33343000,22086000,10968000
3398,33315000,21983000,10962000
3399,33331000,22005000,10956000
3400,33233000,21913000,10880000
3401,35350000,24106000,10975000
3402,33327000,21987000,10973000
3403,33264000,21927000,10889000
3404,33318000,22065000,10965000
3405,33337000,22008000,10962000
3406,33253000,21927000,10900000
3407,33333000,22069000,10958000
3408,33256000,21934000,10903000
3409,33332000,22065000,10957000
3410,35343000,24022000,10979000
3411,33339000,21996000,10986000
3412,33354000,22004000,10990000
3413,33354000,22000000,10979000
3414,33336000,21993000,10983000
3415,33279000,21931000,10905000
3416,33340000,22072000,10986000
3417,33336000,21986000,10961000
3418,33325000,22000000,10972000
3419,35383000,24046000,11010000
3420,33286000,21912000,10930000
3421,33298000,22004000,10934000
3422,33290000,21992000,10926000
3423,33358000,22068000,10983000
3424,33279000,21932000,10926000
3425,33215000,21925000,10840000
3426,33279000,22075000,10926000
3427,33362000,22071000,10987000
3428,35297000,23945000,10931000
3429,33286000,21991000,10922000
3430,33359000,22073000,11011000
3431,33379000,22003000,10990000
3432,33273000,21919000,10928000
3433,33218000,21926000,10843000
3434,33207000,22000000,10854000
3435,33222000,22004000,10858000
3436,33222000,21999000,10857000
3437,36281000,25060000,11626000
3438,33992000,22002000,10919000
3439,33286000,22003000,10911000
3440,33272000,21997000,10919000
3441,33294000,22011000,10919000
3442,33276000,21993000,10923000
3443,33421000,22133000,11045000
3444,33492000,22082000,11138000
3445,33283000,21780000,10907000
3446,34308000,23037000,10944000
3447,33323000,22014000,10958000
3448,33372000,22049000,11019000
3449,33240000,21858000,10856000
3450,33371000,22150000,11009000
3451,33374000,22001000,11016000
3452,33376000,21996000,11010000
3453,33307000,21933000,10945000
3454,33163000,21854000,10797000
3455,36363000,25202000,11638000
3456,33934000,21931000,10943000
3457,33305000,21998000,10930000
3458,33298000,22003000,10944000
3459,33305000,21997000,10930000
3460,33294000,21999000,10940000
3461,33304000,22000000,10929000
3462,33298000,22004000,10944000
3463,33299000,21991000,10924000
3464,34335000,23047000,10971000
3465,33253000,21918000,10889000
3466,33268000,22015000,10915000
3467,33267000,21988000,10892000
3468,33261000,22004000,10907000
3469,33336000,22064000,10971000
3470,33327000,21992000,10963000
3471,33331000,22004000,10967000
3472,33331000,22000000,10967000
3473,36319000,24987000,11663000
3474,34098000,22071000,11025000
3475,33340000,21951000,10958000
3476,33308000,21986000,10962000
3477,33327000,22001000,10952000
3478,33311000,21995000,10958000
3479,33325000,22003000,10950000
3480,33315000,22001000,10962000
3481,33251000,21925000,10876000
3482,35265000,24025000,10901000
3483,33318000,22053000,10947000
3484,33311000,21999000,10965000
3485,33259000,21931000,10884000
3486,33318000,22069000,10964000
3487,33328000,22000000,10953000
3488,33321000,22004000,10968000
3489,33250000,21918000,10875000
3490,33243000,22004000,10890000
3491,35291000,24037000,10916000
3492,33268000,21988000,10915000
3493,33287000,22008000,10912000
3494,33268000,21991000,10914000
3495,33204000,21926000,10829000
3496,33276000,22082000,10922000
3497,33221000,21935000,10846000
3498,33197000,21986000,10843000
3499,33279000,22072000,10904000
3500,35293000,24024000,10928000
3501,33276000,21984000,10912000
3502,33347000,22071000,10994000
3503,33375000,22016000,11010000
3504,33294000,21920000,10930000
3505,33294000,22000000,10919000
3506,33288000,22005000,10935000
3507,33290000,21991000,10915000
3508,33283000,22004000,10930000
3509,35247000,23952000,10871000
3510,33293000,22058000,10940000
3511,33309000,22005000,10934000
3512,33301000,22002000,10947000
3513,33381000,22070000,11006000
3514,33441000,22071000,11084000
3515,33297000,21845000,10922000
3516,33288000,22001000,10934000
3517,33301000,22003000,10937000
3518,35317000,24016000,10942000
3519,33312000,22006000,10948000
3520,33306000,21993000,10952000
3521,33379000,22063000,11000000
3522,33364000,21995000,11006000
3523,33327000,21953000,10948000
3524,33304000,21988000,10947000
3525,33328000,22013000,10949000
3526,33308000,21990000,10955000
3527,35335000,24012000,10951000
3528,33320000,22000000,10963000
3529,33336000,22006000,10957000
3530,33248000,21923000,10891000
3531,33336000,22076000,10957000
3532,33313000,21989000,10956000
3533,33324000,22000000,10956000
3534,33324000,22000000,10956000
3535,33325000,22000000,10946000
3536,35325000,24012000,10968000
3537,33263000,21927000,10884000
3538,33244000,21991000,10891000
3539,33338000,22079000,10954000
3540,33174000,21852000,10817000
3541,33329000,22144000,10950000
3542,33313000,21994000,10955000
3543,33325000,22002000,10946000
3544,33308000,21994000,10951000
3545,36315000,24996000,11667000
3546,34040000,22005000,10956000
3547,33320000,22000000,10945000
3548,33313000,22004000,10960000
3549,33321000,21996000,10945000
3550,33307000,21997000,10953000
3551,33240000,21923000,10865000
3552,33303000,22074000,10950000
3553,33392000,22077000,11017000
3554,34351000,22970000,10986000
3555,33339000,21989000,10975000
3556,33282000,21943000,10929000
3557,33279000,21986000,10904000
3558,33275000,22007000,10922000
3559,33415000,22129000,11040000
3560,33273000,21868000,10911000
3561,33275000,21999000,10907000
3562,33343000,22072000,10990000
3563,36335000,24980000,11678000
3564,34178000,22136000,11098000
3565,33411000,21945000,11036000
3566,33329000,21924000,10967000
3567,33262000,21927000,10888000
3568,33245000,21992000,10890000
3569,33254000,22000000,10883000
3570,33320000,22073000,10967000
3571,33402000,22071000,11023000
3572,35279000,23888000,10907000
3573,33260000,21985000,10896000
3574,33392000,22132000,11031000
3575,33271000,21871000,10900000
3576,33329000,22062000,10976000
3577,33283000,21939000,10904000
3578,33272000,21999000,10915000
3579,33291000,22009000,10904000
3580,33324000,22052000,10975000
3581,35313000,23970000,10934000
3582,33212000,21910000,10855000
3583,33219000,21996000,10840000
3584,33290000,22082000,10933000
3585,33306000,22005000,10927000
3586,33359000,22063000,11002000
3587,33375000,22005000,11006000
3588,33306000,21932000,10938000
3589,33307000,22001000,10928000
3590,35232000,23936000,10864000
3591,33215000,21983000,10847000
3592,33215000,21999000,10858000
3593,33305000,22080000,10926000
3594,33292000,21997000,10934000
3595,33377000,22075000,10998000
3596,33287000,21921000,10930000
3597,33301000,22003000,10922000
3598,33283000,21993000,10926000
3599,35400000,24106000,11017000
3600,33313000,21924000,10952000
3601,33323000,21999000,10940000
3602,33309000,21996000,10947000
3603,33323000,22004000,10940000
3604,33308000,21995000,10946000
3605,33323000,22005000,10940000
3606,33304000,21991000,10925000
3607,33225000,21929000,10860000
3608,35245000,24012000,10873000
3609,33317000,22073000,10945000
3610,33318000,22000000,10943000
3611,33315000,22000000,10945000
3612,33321000,22004000,10947000
3613,33320000,22001000,10950000
3614,33317000,21995000,10956000
3615,33333000,22004000,10950000
3616,33318000,21996000,10961000
3617,35349000,24016000,10961000
3618,33334000,22001000,10973000
3619,33266000,21921000,10883000
3620,33324000,22069000,10963000
3621,33341000,22006000,10958000
3622,33254000,21924000,10893000
3623,33338000,22072000,10955000
3624,33328000,22002000,10967000
3625,33342000,22003000,10959000
3626,35348000,24017000,10976000
3627,33267000,21919000,10895000
3628,33272000,22005000,10911000
3629,33269000,21986000,10890000
3630,33272000,22014000,10915000
3631,33342000,22059000,10963000
3632,33327000,21995000,10975000
3633,33277000,21935000,10893000
3634,33330000,22069000,10973000
3635,35303000,23962000,10924000
3636,33283000,21991000,10926000
3637,33294000,22000000,10915000
3638,33355000,22072000,10998000
3639,33294000,21928000,10915000
3640,33416000,22133000,11059000
3641,33286000,21859000,10899000
3642,33465000,22202000,11121000
3643,33367000,21878000,10979000
3644,36320000,24976000,11709000
3645,34067000,21994000,10957000
3646,33269000,21947000,10920000
3647,33479000,22195000,11095000
3648,33255000,21791000,10897000
3649,33266000,22000000,10886000
3650,33395000,22140000,11043000
3651,33344000,21933000,10960000
3652,33327000,22000000,10970000
3653,34327000,22989000,10959000
3654,33323000,21996000,10955000
3655,33301000,21978000,10922000
3656,33304000,22014000,10947000
3657,33313000,21997000,10934000
3658,33306000,22005000,10949000
3659,33384000,22067000,11005000
3660,33306000,21933000,10949000
3661,33312000,21995000,10933000
3662,36273000,24972000,11643000
3663,34089000,22078000,10987000
3664,33355000,22004000,10999000
3665,33367000,22004000,10995000
3666,33287000,21928000,10934000
3667,33362000,22064000,10987000
3668,33360000,22008000,11006000
3669,33295000,21925000,10920000
3670,33279000,21995000,10931000
3671,35251000,23956000,10871000
3672,33292000,22056000,10938000
3673,33233000,21931000,10858000
3674,33300000,22078000,10947000
3675,33305000,21994000,10923000
3676,33214000,21927000,10868000
3677,33233000,22000000,10857000
3678,33225000,22004000,10872000
3679,33309000,22073000,10934000
3680,35234000,23935000,10869000
3681,33233000,22000000,10860000
3682,33216000,21992000,10872000
3683,33315000,22079000,10931000
3684,33208000,21912000,10863000
3685,33311000,22084000,10936000
3686,33292000,21991000,10944000
3687,33310000,22003000,10930000
3688,33296000,22002000,10943000
3689,35327000,24019000,10951000
3690,33309000,21994000,10956000
3691,33320000,22000000,10945000
3692,33309000,22000000,10956000
3693,33246000,21926000,10871000
3694,33313000,22078000,10965000
3695,33247000,21918000,10867000
3696,33240000,22009000,10887000
3697,33320000,22069000,10945000
3698,35256000,23946000,10891000
3699,33392000,22136000,11027000
3700,33447000,22056000,11094000
3701,33322000,21864000,10947000
3702,33321000,22010000,10968000
3703,33249000,21917000,10865000
3704,33299000,22069000,10954000
3705,33334000,22016000,10959000
3706,33237000,21914000,10884000
3707,35287000,24039000,10912000
3708,33184000,21908000,10831000
3709,33265000,22070000,10890000
3710,33255000,22001000,10902000
3711,33261000,21994000,10885000
3712,33318000,22069000,10965000
3713,33264000,21935000,10889000
3714,33254000,22000000,10900000
3715,33333000,22068000,10957000
3716,36368000,25047000,11746000
3717,34055000,21945000,10949000
3718,33312000,21998000,10959000
3719,33321000,21998000,10945000
3720,33304000,21995000,10951000
3721,33321000,22005000,10945000
3722,33316000,22007000,10963000
3723,33321000,21994000,10946000
3724,33317000,22007000,10946000
3725,34211000,22901000,10865000
3726,33293000,22064000,10929000
3727,33226000,21932000,10850000
3728,33282000,22068000,10934000
3729,33299000,22001000,10919000
3730,33282000,21999000,10934000
3731,33299000,22001000,10919000
3732,33286000,22003000,10938000
3733,33299000,21997000,10919000
3734,36259000,24976000,11621000
3735,34050000,22065000,10960000
3736,33324000,22000000,10971000
3737,33338000,22003000,10963000
3738,33265000,21938000,10912000
3739,33266000,21989000,10883000
3740,33254000,22007000,10908000
3741,33265000,21993000,10901000
3742,33276000,22010000,10911000
3743,34332000,23057000,10957000
3744,33309000,21988000,10961000
3745,33394000,22068000,11009000
3746,33309000,21932000,10952000
3747,33321000,22000000,10942000
3748,33309000,22000000,10952000
3749,33245000,21925000,10877000
3750,33328000,22083000,10960000
3751,33321000,21992000,10952000
3752,36301000,24980000,11647000
3753,33935000,21921000,10846000
3754,33283000,22073000,10930000
3755,33378000,22084000,11003000
3756,33283000,21915000,10929000
3757,33216000,21923000,10841000
3758,33282000,22077000,10929000
3759,33220000,21926000,10844000
3760,33204000,21996000,10851000
3761,35175000,23959000,10799000
3762,33224000,22061000,10871000
3763,33239000,22004000,10864000
3764,33220000,21992000,10867000
3765,33235000,22004000,10860000
3766,33296000,22071000,10943000
3767,33231000,21924000,10856000
3768,33300000,22081000,10947000
3769,33309000,21998000,10934000
3770,35380000,24082000,11012000
3771,33305000,21925000,10941000
3772,33235000,21930000,10882000
3773,33238000,21992000,10864000
3774,33311000,22083000,10957000
3775,33336000,22015000,10961000
3776,33322000,21996000,10968000
3777,33320000,21988000,10945000
3778,33226000,21917000,10873000
3779,35343000,24105000,10967000
3780,33328000,21997000,10975000
3781,33261000,21922000,10886000
3782,33403000,22152000,11050000
3783,33196000,21783000,10821000
3784,33114000,21929000,10761000
3785,33132000,22007000,10757000
3786,33180000,22058000,10826000
3787,33122000,21932000,10747000
3788,35120000,24009000,10756000
3789,33120000,21999000,10755000
3790,33121000,22002000,10768000
3791,33131000,21999000,10756000
3792,33120000,21999000,10767000
3793,33131000,22001000,10756000
3794,33121000,22001000,10768000
3795,33056000,21924000,10681000
3796,33120000,22075000,10767000
3797,35148000,24017000,10774000
3798,33062000,21924000,10708000
3799,33140000,22067000,10775000
3800,33135000,21996000,10771000
3801,33135000,22000000,10760000
3802,33128000,22004000,10780000
3803,33140000,21996000,10760000
3804,33128000,22003000,10774000
3805,33148000,22009000,10783000
3806,35155000,24008000,10780000
3807,33136000,21991000,10771000
3808,33132000,21996000,10778000
3809,33143000,22000000,10767000
3810,33143000,22012000,10790000
3811,33159000,22005000,10784000
3812,33131000,21982000,10777000
3813,33074000,21932000,10698000
3814,33131000,22068000,10777000
3815,35174000,24032000,10798000
3816,33150000,21988000,10797000
3817,33161000,22000000,10786000
3818,33146000,21996000,10793000
3819,33161000,22003000,10786000
3820,33082000,21933000,10729000
3821,33088000,21995000,10713000
3822,33077000,22000000,10729000
3823,33097000,22004000,10717000
3824,36119000,25038000,11501000
3825,33803000,21938000,10693000
3826,33057000,22000000,10704000
3827,33139000,22071000,10764000
3828,33064000,21936000,10711000
3829,33143000,22068000,10768000
3830,33124000,21992000,10771000
3831,33139000,22003000,10764000
3832,33129000,22000000,10774000
3833,34191000,23053000,10816000
3834,33172000,21992000,10819000
3835,33121000,21938000,10749000
3836,33184000,22070000,10827000
3837,33179000,21987000,10803000
3838,33175000,22008000,10822000
3839,33187000,22001000,10812000
3840,33167000,21991000,10814000
3841,33111000,21933000,10736000
3842,36152000,25052000,11526000
3843,33885000,21994000,10782000
3844,33078000,21932000,10725000
3845,33161000,22072000,10786000
3846,33150000,22000000,10797000
3847,33161000,22000000,10786000
3848,33223000,22073000,10870000
3849,33230000,21996000,10855000
3850,33226000,22007000,10873000
3851,34291000,23054000,10916000
3852,33194000,21914000,10841000
3853,33205000,21999000,10829000
3854,33276000,22082000,10922000
3855,33204000,21918000,10821000
3856,33181000,21996000,10836000
3857,33131000,21931000,10756000
3858,33196000,22076000,10843000
3859,33203000,21996000,10828000
3860,36244000,25052000,11610000
3861,33898000,21924000,10804000
3862,33237000,22069000,10884000
3863,33179000,21930000,10815000
3864,33179000,22000000,10815000
3865,33179000,22000000,10803000
3866,33236000,22069000,10883000
3867,33248000,22000000,10865000
3868,33163000,21934000,10822000
3869,35207000,24021000,10827000
3870,33192000,22000000,10839000
3871,33198000,21995000,10833000
3872,33201000,22004000,10837000
3873,33194000,21992000,10818000
3874,33186000,22004000,10833000
3875,33197000,21999000,10833000
3876,33197000,22001000,10833000
3877,33196000,21999000,10821000
3878,35198000,24013000,10834000
3879,33202000,22004000,10839000
3880,33191000,21987000,10836000
3881,33200000,22000000,10825000
3882,33189000,22000000,10836000
3883,33286000,22086000,10922000
3884,33212000,21925000,10847000
3885,33199000,21988000,10824000
3886,33264000,22076000,10911000
3887,35228000,23952000,10852000
3888,33208000,21992000,10855000
3889,33219000,22000000,10844000
3890,33286000,22078000,10933000
3891,33219000,21921000,10844000
3892,33147000,21940000,10794000
3893,33145000,21987000,10770000
3894,33070000,21936000,10717000
3895,33153000,22072000,10778000
3896,35154000,24012000,10790000
3897,33150000,21995000,10786000
3898,33295000,22145000,10938000
3899,33089000,21783000,10713000
3900,33077000,22000000,10724000
3901,33153000,22064000,10777000
3902,33145000,22004000,10792000
3903,33164000,22008000,10789000
3904,33081000,21928000,10728000
3905,35176000,24084000,10801000
3906,33157000,21991000,10803000
3907,33121000,21954000,10746000
3908,33110000,22000000,10757000
3909,33245000,22123000,10866000
3910,33114000,21881000,10757000
3911,33103000,21978000,10724000
3912,33096000,22003000,10738000
3913,33051000,21944000,10668000
3914,35187000,24148000,10819000
3915,33100000,21913000,10732000
3916,33307000,22207000,10942000
3917,33318000,22004000,10939000
3918,33122000,21811000,10757000
3919,33111000,21982000,10732000
3920,33114000,22014000,10757000
3921,33122000,21996000,10746000
3922,33099000,21984000,10741000
3923,36318000,25209000,11655000
3924,33878000,21851000,10793000
3925,33169000,22003000,10790000
3926,33296000,22138000,10930000
3927,33092000,21790000,10728000
3928,33164000,22064000,10800000
3929,33164000,21996000,10785000
3930,33089000,21935000,10732000
3931,33168000,22068000,10788000
3932,34140000,22984000,10783000
3933,33139000,21987000,10760000
3934,33128000,22000000,10776000
3935,33144000,22001000,10760000
3936,33128000,21999000,10771000
3937,33139000,22000000,10759000
3938,33128000,22001000,10776000
3939,33288000,22144000,10904000
3940,33127000,21855000,10775000
3941,36134000,24991000,11477000
3942,33847000,22001000,10762000
3943,33198000,22068000,10819000
3944,33119000,21932000,10762000
3945,33190000,22060000,10811000
3946,33179000,22000000,10822000
3947,33133000,21942000,10753000
3948,33178000,22057000,10826000
3949,33202000,22008000,10818000
3950,34223000,23037000,10855000
3951,33162000,21939000,10794000
3952,33081000,21919000,10724000
3953,33233000,22141000,10854000
3954,33158000,21935000,10801000
3955,33233000,22065000,10854000
3956,33218000,21995000,10861000
3957,33159000,21931000,10780000
3958,33144000,21996000,10787000
3959,36204000,25049000,11559000
3960,33939000,22012000,10848000
3961,33142000,21926000,10763000
3962,33135000,22004000,10778000
3963,33139000,21993000,10752000
3964,33063000,21943000,10714000
3965,33150000,22067000,10770000
3966,33135000,21996000,10777000
3967,33145000,22000000,10766000
3968,35083000,23949000,10715000
3969,33139000,22056000,10771000
3970,33078000,21939000,10721000
3971,33085000,21996000,10706000
3972,33138000,22064000,10781000
3973,33153000,22004000,10774000
3974,33134000,21991000,10776000
3975,33156000,22012000,10777000
3976,33082000,21937000,10725000
3977,35105000,24011000,10726000
3978,33085000,21992000,10728000
3979,33105000,22009000,10726000
3980,33153000,22059000,10796000
3981,33168000,22003000,10789000
3982,33094000,21937000,10736000
3983,33163000,22059000,10784000
3984,33084000,21932000,10727000
3985,33095000,22000000,10716000
3986,35172000,24088000,10804000
3987,33160000,21988000,10792000
3988,33160000,22000000,10808000
3989,33108000,21932000,10725000
3990,33161000,22067000,10802000
3991,33103000,21933000,10724000
3992,33095000,22003000,10738000
3993,33170000,22064000,10791000
3994,33159000,21999000,10802000
3995,35140000,23971000,10761000
3996,33248000,22119000,10891000
3997,33129000,21869000,10742000
3998,33092000,21987000,10747000
3999,33111000,21999000,10736000
4000,33114000,22014000,10761000
4001,33126000,22001000,10751000
4002,33100000,21986000,10747000
4003,33121000,22010000,10746000
4004,35122000,24012000,10758000
4005,33118000,21996000,10754000
4006,33114000,21996000,10761000
4007,33130000,22005000,10766000
4008,33132000,22002000,10768000
4009,33130000,21998000,10755000
4010,33121000,22002000,10768000
4011,33130000,21997000,10754000
4012,33118000,22000000,10765000
4013,35148000,24018000,10772000
4014,33120000,21983000,10767000
4015,33215000,22085000,10840000
4016,33131000,21926000,10778000
4017,33142000,22000000,10766000
4018,33131000,22000000,10777000
4019,33141000,22000000,10766000
4020,33130000,22000000,10777000
4021,33141000,22000000,10766000
4022,36171000,25041000,11541000
4023,33848000,21943000,10750000
4024,33114000,21999000,10761000
4025,33129000,22005000,10754000
4026,33252000,22134000,10895000
4027,33111000,21848000,10729000
4028,33093000,22000000,10747000
4029,33185000,22073000,10809000
4030,33110000,21937000,10757000
4031,34104000,22983000,10722000
4032,33150000,22063000,10803000
4033,33156000,21988000,10780000
4034,33144000,22000000,10791000
4035,33159000,22004000,10784000
4036,33148000,22000000,10795000
4037,33095000,21936000,10721000
4038,33145000,22059000,10790000
4039,33154000,22000000,10780000
4040,36121000,24977000,11490000
4041,33870000,22016000,10772000
4042,33200000,22064000,10843000
4043,33134000,21923000,10755000
4044,33126000,22003000,10769000
4045,33137000,22000000,10758000
4046,33134000,22008000,10777000
4047,33137000,21992000,10758000
4048,33123000,21997000,10771000
4049,34194000,23055000,10810000
4050,33104000,21926000,10747000
4051,33115000,22000000,10736000
4052,33098000,21994000,10741000
4053,33114000,22004000,10734000
4054,33098000,21995000,10740000
4055,33109000,22000000,10729000
4056,33102000,22004000,10744000
4057,33245000,22133000,10866000
4058,36149000,24915000,11507000
4059,33875000,22000000,10781000
4060,33149000,21999000,10792000
4061,33088000,21928000,10701000
4062,33137000,22068000,10787000
4063,33095000,21940000,10716000
4064,33080000,21995000,10723000
4065,33087000,21996000,10708000
4066,33148000,22072000,10790000
4067,35125000,23967000,10746000
4068,33096000,21981000,10738000
4069,33191000,22085000,10812000
4070,33167000,21987000,10810000
4071,33240000,22061000,10864000
4072,33163000,21934000,10809000
4073,33173000,22000000,10798000
4074,33090000,21928000,10737000
4075,33097000,21996000,10722000
4076,35114000,24028000,10750000
4077,33095000,21980000,10730000
4078,33111000,22017000,10758000
4079,33121000,21999000,10746000
4080,33094000,21984000,10741000
4081,33110000,22004000,10734000
4082,33093000,21995000,10740000
4083,33104000,22000000,10729000
4084,33093000,22000000,10740000
4085,35200000,24096000,10825000
4086,33185000,21996000,10832000
4087,33335000,22139000,10956000
4088,33250000,21926000,10893000
4089,33265000,22004000,10886000
4090,33258000,22003000,10900000
4091,33208000,21940000,10829000
4092,33253000,22056000,10896000
4093,33260000,21996000,10881000
4094,35286000,24037000,10918000
4095,33268000,21982000,10900000
4096,33269000,22001000,10912000
4097,33299000,22019000,10920000
4098,33327000,22039000,10970000
4099,33135000,21797000,10767000
4100,33206000,22071000,10838000
4101,33202000,21996000,10823000
4102,33276000,22085000,10919000
4103,35309000,24021000,10930000
4104,33351000,22054000,10994000
4105,33222000,21859000,10842000
4106,33284000,22073000,10926000
4107,33221000,21927000,10842000
4108,33202000,21992000,10850000
4109,33304000,22086000,10920000
4110,33201000,21913000,10844000
4111,33424000,22212000,11045000
4112,35300000,23887000,10925000
4113,33215000,21921000,10853000
4114,33283000,22061000,10930000
4115,33306000,22008000,10922000
4116,33209000,21919000,10852000
4117,33224000,22004000,10845000
4118,33213000,21999000,10855000
4119,33306000,22083000,10927000
4120,33139000,21844000,10782000
4121,35186000,24036000,10807000
4122,33304000,22128000,10946000
4123,33235000,21921000,10859000
4124,33239000,22011000,10878000
4125,33173000,21927000,10805000
4126,33165000,21992000,10797000
4127,33165000,22000000,10797000
4128,33234000,22069000,10866000
4129,33250000,22015000,10871000
4130,36282000,25044000,11640000
4131,33860000,21851000,10761000
4132,33194000,22069000,10849000
4133,33290000,22077000,10915000
4134,33198000,21919000,10845000
4135,33209000,22000000,10834000
4136,33198000,21999000,10844000
4137,33220000,22012000,10856000
4138,33208000,21988000,10844000
4139,34196000,22988000,10832000
4140,33257000,22061000,10893000
4141,33187000,21930000,10823000
4142,33187000,22000000,10823000
4143,33183000,21996000,10808000
4144,33249000,22077000,10896000
4145,33191000,21930000,10815000
4146,33171000,21992000,10818000
4147,33191000,22009000,10816000
4148,36147000,24967000,11521000
4149,33897000,22012000,10795000
4150,33164000,22005000,10811000
4151,33162000,21986000,10797000
4152,33239000,22077000,10874000
4153,33177000,21939000,10813000
4154,33384000,22206000,11016000
4155,33173000,21789000,10797000
4156,33158000,21996000,10805000
4157,34221000,23053000,10857000
4158,33291000,22070000,10927000
4159,33217000,21926000,10842000
4160,33206000,21999000,10852000
4161,33441000,22224000,11062000
4162,33205000,21776000,10848000
4163,33216000,22000000,10848000
4164,33146000,21930000,10778000
4165,33216000,22069000,10836000
4166,36123000,24919000,11485000
4167,33910000,22057000,10812000
4168,33176000,21996000,10819000
4169,33199000,22012000,10820000
4170,33184000,21996000,10827000
4171,33199000,22003000,10819000
4172,33183000,21996000,10831000
4173,33199000,22000000,10815000
4174,33187000,22004000,10830000
4175,34169000,22971000,10790000
4176,33220000,22061000,10862000
4177,33316000,22086000,10937000
4178,33228000,21923000,10871000
4179,33161000,21922000,10793000
4180,33160000,21999000,10792000
4181,33164000,22004000,10785000
4182,33149000,21996000,10792000
4183,33160000,22000000,10781000
4184,36203000,25054000,11569000
4185,33867000,21929000,10780000
4186,33209000,22066000,10845000
4187,33350000,22141000,10975000
4188,33194000,21854000,10840000
4189,33143000,21939000,10768000
4190,33124000,21992000,10771000
4191,33135000,21999000,10770000
4192,33212000,22077000,10847000
4193,35240000,24029000,10865000
4194,33147000,21918000,10799000
4195,33163000,22000000,10783000
4196,33139000,21992000,10786000
4197,33158000,22008000,10794000
4198,33150000,21991000,10785000
4199,33150000,22000000,10785000
4200,33227000,22077000,10862000
4201,33093000,21867000,10729000
4202,35166000,24072000,10790000
4203,33150000,21996000,10786000
4204,33296000,22146000,10943000
4205,33097000,21790000,10733000
4206,33166000,22068000,10801000
4207,33301000,22136000,10926000
4208,33153000,21863000,10792000
4209,33305000,22148000,10937000
4210,33145000,21844000,10792000
4211,35250000,24094000,10875000
4212,33231000,21992000,10878000
4213,33180000,21938000,10805000
4214,33161000,21991000,10807000
4215,33172000,22000000,10807000
4216,33183000,22012000,10819000
4217,33121000,21938000,10746000
4218,33160000,22050000,10807000
4219,33171000,21999000,10806000
4220,35191000,24021000,10812000
4221,33122000,21942000,10754000
4222,33037000,21914000,10683000
4223,33122000,22075000,10747000
4224,33036000,21925000,10683000
4225,33125000,22078000,10750000
4226,33111000,21997000,10758000
4227,33047000,21925000,10672000
4228,33111000,22075000,10758000
4229,35135000,24013000,10760000
4230,33049000,21925000,10696000
4231,33056000,21996000,10681000
4232,33186000,22141000,10833000
4233,33072000,21875000,10689000
4234,33046000,21992000,10700000
4235,33056000,21991000,10680000
4236,33120000,22075000,10767000
4237,33063000,21933000,10688000
4238,35064000,24012000,10700000
4239,33053000,21988000,10688000
4240,33056000,22004000,10703000
4241,33079000,22012000,10704000
4242,33052000,21984000,10698000
4243,33063000,22000000,10688000
4244,33055000,22003000,10702000
4245,33062000,21996000,10687000
4246,33055000,22004000,10702000
4247,35977000,24910000,11309000
4248,33684000,22010000,10623000
4249,33003000,22017000,10628000
4250,32979000,21987000,10626000
4251,32991000,22000000,10615000
4252,32978000,21999000,10625000
4253,32993000,22004000,10618000
4254,32975000,21992000,10621000
4255,32985000,22000000,10610000
4256,34225000,23251000,10853000
4257,33298000,22077000,10934000
4258,33079000,21775000,10721000
4259,33086000,21996000,10705000
4260,33073000,22004000,10720000
4261,33080000,21996000,10709000
4262,33086000,22013000,10733000
4263,33231000,22133000,10852000
4264,33076000,21857000,10715000
4265,36080000,24997000,11421000
4266,33911000,22126000,10838000
4267,33143000,21936000,10768000
4268,33077000,21942000,10724000
4269,33083000,21990000,10703000
4270,33071000,22000000,10714000
4271,33290000,22208000,10911000
4272,33071000,21792000,10706000
4273,33086000,22011000,10715000
4274,34048000,22966000,10680000
4275,33109000,22061000,10741000
4276,33108000,21999000,10751000
4277,33115000,21996000,10736000
4278,33044000,21940000,10687000
4279,33119000,22063000,10740000
4280,33103000,21995000,10746000
4281,33130000,22016000,10750000
4282,33257000,22139000,10896000
4283,36093000,24825000,11422000
4284,33798000,22007000,10732000
4285,33045000,21945000,10656000
4286,33093000,22059000,10736000
4287,33112000,22008000,10733000
4288,33169000,22068000,10812000
4289,33051000,21871000,10668000
4290,33097000,22057000,10740000
4291,33116000,22007000,10737000
4292,34071000,22967000,10703000
4293,33076000,22005000,10708000
4294,33143000,22067000,10786000
4295,33066000,21912000,10687000
4296,33064000,22009000,10707000
4297,33012000,21937000,10633000
4298,33130000,22129000,10773000
4299,33138000,21997000,10759000
4300,33191000,22064000,10834000
4301,36187000,24984000,11530000
4302,33902000,22004000,10822000
4303,33330000,22140000,10951000
4304,33187000,21867000,10827000
4305,33136000,21942000,10760000
4306,33248000,22119000,10891000
4307,33193000,21935000,10814000
4308,33178000,21996000,10821000
4309,33189000,22000000,10810000
4310,35198000,24020000,10830000
4311,33186000,21988000,10818000
4312,33186000,22000000,10829000
4313,33205000,22008000,10826000
4314,33186000,21991000,10829000
4315,33270000,22074000,10891000
4316,33185000,21926000,10833000
4317,33205000,22004000,10821000
4318,33194000,22004000,10837000
4319,35220000,24016000,10852000
4320,33216000,21996000,10848000
4321,33233000,22016000,10846000
4322,33205000,21991000,10855000
4323,33215000,21992000,10847000
4324,33215000,22000000,10847000
4325,33141000,21926000,10762000
4326,33204000,22073000,10846000
4327,33215000,22000000,10835000
4328,35216000,24012000,10848000
4329,33216000,22000000,10848000
4330,33138000,21923000,10781000
4331,33153000,22004000,10774000
4332,33211000,22069000,10854000
4333,33222000,22000000,10843000
4334,33212000,21999000,10853000
4335,33221000,22000000,10842000
4336,33137000,21926000,10780000
4337,35249000,24102000,10870000
4338,33222000,21984000,10865000
4339,33233000,22000000,10854000
4340,33230000,22008000,10873000
4341,33164000,21922000,10784000
4342,33160000,22008000,10803000
4343,33388000,22217000,11009000
4344,33298000,21921000,10933000
4345,33163000,21865000,10795000
4346,36193000,25034000,11562000
4347,33858000,21930000,10759000
4348,33123000,22000000,10775000
4349,33218000,22078000,10837000
4350,33123000,21922000,10770000
4351,33138000,22004000,10763000
4352,33200000,22073000,10847000
4353,33141000,21930000,10766000
4354,33275000,22145000,10927000
4355,34140000,22849000,10752000
4356,33160000,22043000,10814000
4357,33178000,21999000,10802000
4358,33114000,21948000,10761000
4359,33111000,21986000,10736000
4360,33110000,22010000,10757000
4361,33193000,22072000,10818000
4362,33166000,21983000,10812000
4363,33329000,22153000,10954000
4364,36142000,24824000,11516000
4365,33883000,22003000,10792000
4366,33156000,22000000,10792000
4367,33160000,22004000,10796000
4368,33164000,22003000,10799000
4369,33317000,22153000,10941000
4370,33144000,21839000,10796000
4371,33160000,22000000,10780000
4372,33144000,22000000,10791000
4373,34142000,22987000,10767000
4374,33192000,22061000,10839000
4375,33062000,21859000,10679000
4376,33116000,22071000,10774000
4377,33083000,21945000,10703000
4378,33054000,21987000,10706000
4379,33066000,21996000,10686000
4380,33119000,22069000,10771000
4381,33142000,22006000,10761000
4382,36096000,24970000,11462000
4383,33831000,22005000,10737000
4384,33112000,22011000,10763000
4385,33067000,21940000,10687000
4386,33039000,21988000,10686000
4387,33177000,22127000,10802000
4388,33239000,22073000,10882000
4389,33181000,21930000,10802000
4390,33169000,22000000,10812000
4391,35208000,24028000,10829000
4392,33198000,22000000,10840000
4393,33208000,22000000,10840000
4394,33200000,21992000,10832000
4395,33204000,22003000,10824000
4396,33188000,21996000,10831000
4397,33203000,22004000,10824000
4398,33188000,21996000,10831000
4399,33335000,22136000,10956000
4400,35208000,23884000,10832000
4401,33193000,21992000,10832000
4402,33192000,21992000,10835000
4403,33138000,21934000,10758000
4404,33276000,22149000,10919000
4405,33212000,21926000,10829000
4406,33184000,21990000,10839000
4407,33207000,22004000,10831000
4408,33191000,21996000,10838000
4409,35230000,24028000,10855000
4410,33353000,22133000,10995000
4411,33214000,21851000,10839000
4412,33133000,21930000,10780000
4413,33144000,22000000,10769000
4414,33133000,22000000,10780000
4415,33152000,22008000,10777000
4416,33148000,22007000,10795000
4417,33229000,22070000,10854000
4418,35226000,24008000,10862000
4419,33218000,21992000,10854000
4420,33152000,21934000,10799000
4421,33236000,22073000,10861000
4422,33291000,22065000,10937000
4423,33232000,21931000,10857000
4424,33209000,21988000,10856000
4425,33162000,21942000,10798000
4426,33227000,22065000,10863000
4427,35174000,23947000,10810000
4428,33166000,21992000,10802000
4429,33239000,22073000,10864000
4430,33155000,21926000,10802000
4431,33309000,22144000,10934000
4432,33158000,21860000,10797000
4433,33174000,22013000,10807000
4434,33154000,21983000,10801000
4435,33165000,22000000,10790000
4436,35183000,24029000,10819000
4437,33170000,21987000,10806000
4438,33162000,21992000,10809000
4439,33177000,22004000,10802000
4440,33161000,21995000,10808000
4441,33630000,22458000,11250000
4442,34202000,22583000,10852000
4443,33139000,21930000,10779000
4444,33147000,22004000,10783000
4445,34192000,23045000,10817000
4446,33181000,22000000,10817000
4447,33119000,21937000,10766000
4448,33196000,22066000,10831000
4449,33195000,22000000,10831000
4450,33191000,21996000,10816000
4451,33176000,21996000,10823000
4452,33191000,22003000,10815000
4453,33175000,21996000,10822000
4454,36166000,24980000,11522000
4455,33882000,21996000,10798000
4456,33170000,22008000,10795000
4457,33167000,22007000,10814000
4458,33627000,22449000,11244000
4459,34880000,23265000,11525000
4460,35145000,23258000,10772000
4461,33746000,22614000,11388000
4462,34190000,22427000,10825000
4463,33189000,22004000,10815000
4464,33137000,21954000,10769000
4465,33187000,22049000,10829000
4466,33135000,21937000,10756000
4467,33178000,22055000,10825000
4468,33264000,22074000,10888000
4469,33178000,21925000,10824000
4470,33193000,22004000,10817000
4471,33177000,21996000,10824000
4472,33589000,22401000,11212000
4473,34619000,23037000,11253000
4474,34593000,22971000,11219000
4475,34618000,23029000,11256000
4476,34284000,22663000,10920000
4477,33003000,21723000,10648000
4478,33694000,22681000,11306000
4479,35603000,23921000,11239000
4480,34588000,22979000,11211000
4481,34605000,23021000,11236000
4482,34596000,22987000,11219000
4483,34634000,23042000,11268000
4484,34676000,23038000,11297000
4485,34118000,22445000,10762000
4486,33588000,22467000,11220000
4487,34622000,23029000,11247000
4488,34605000,22987000,11227000
4489,34646000,23046000,11281000
4490,34685000,23034000,11304000
4491,34706000,23026000,11337000
4492,34626000,22915000,11249000
4493,34651000,23030000,11284000
4494,34646000,22991000,11267000
4495,34899000,23256000,11537000
4496,35634000,23732000,11251000
4497,34585000,22958000,11218000
4498,34630000,23042000,11255000
4499,34672000,23042000,11304000
4500,34650000,22974000,11272000
4501,34617000,22971000,11251000
4502,34666000,23045000,11288000
4503,34158000,22496000,10802000
4504,33629000,22467000,11260000
4505,34614000,22980000,11239000
4506,34178000,22569000,10814000
4507,33626000,22452000,11264000
4508,34163000,22528000,10802000
4509,33218000,22060000,10859000
4510,33686000,22462000,11305000
4511,34641000,22966000,11280000
4512,34681000,23034000,11308000
4513,34584000,22908000,11222000
4514,34651000,23063000,11275000
4515,36018000,24371000,12664000
4516,35691000,22666000,11309000
4517,34594000,22912000,11230000
4518,34713000,23112000,11331000
4519,34210000,22501000,10853000
4520,33148000,21935000,10785000
4521,33747000,22594000,11371000
4522,34190000,22442000,10824000
4523,33629000,22445000,11259000
4524,34610000,22975000,11233000
4525,34130000,22525000,10761000
4526,33642000,22517000,11278000
4527,34631000,22979000,11254000
4528,34600000,22975000,11220000
4529,34119000,22522000,10762000
4530,33124000,22001000,10761000
4531,33189000,22060000,10810000
4532,33182000,22004000,10829000
4533,33656000,22459000,11263000
4534,34611000,22971000,11248000
4535,34191000,22574000,10823000
4536,33651000,22464000,11286000
4537,34626000,22966000,11252000
4538,34814000,23193000,11441000
4539,35609000,23799000,11244000
4540,34588000,22975000,11209000
4541,34613000,23029000,11248000
4542,34593000,22975000,11215000
4543,34638000,23050000,11271000
4544,34611000,22967000,11232000
4545,34580000,22975000,11213000
4546,34634000,23050000,11253000
4547,34580000,22950000,11211000
4548,34549000,22965000,11176000
4549,34592000,23047000,11225000
4550,34642000,23046000,11264000
4551,34592000,22954000,11224000
4552,34667000,23070000,11286000
4553,34689000,23026000,11321000
4554,34666000,22974000,11289000
4555,34163000,22501000,10807000
4556,33634000,22467000,11265000
4557,34681000,23042000,11305000
4558,34183000,22507000,10815000
4559,35522000,24343000,13167000
4560,36627000,23091000,11248000
4561,34609000,22992000,11228000
4562,34557000,22952000,11196000
4563,34605000,23043000,11228000
4564,34183000,22583000,10827000
4565,33130000,21942000,10767000
4566,33589000,22455000,11205000
4567,34620000,23041000,11255000
4568,34605000,22979000,11228000
4569,34634000,23034000,11267000
4570,34621000,22983000,11243000
4571,34580000,22963000,11213000
4572,34609000,23025000,11231000
4573,34118000,22513000,10762000
4574,33133000,22011000,10770000
4575,33581000,22443000,11196000
4576,34620000,23049000,11255000
4577,34141000,22516000,10773000
4578,33141000,22004000,10782000
4579,33142000,21991000,10763000
4580,33138000,22008000,10781000
4581,33145000,21996000,10766000
4582,33590000,22456000,11226000
4583,34643000,23042000,11266000
4584,34629000,22991000,11250000
4585,34193000,22568000,10837000
4586,33138000,21940000,10764000
4587,33195000,22063000,10826000
4588,33186000,21992000,10829000
4589,33139000,21941000,10771000
4590,33205000,22067000,10837000
4591,33936000,22731000,11556000
4592,35125000,23199000,10766000
4593,33138000,22012000,10775000
4594,33139000,21996000,10764000
4595,33132000,22000000,10764000
4596,33132000,22000000,10764000
4597,33124000,21991000,10767000
4598,33212000,22078000,10833000
4599,33578000,22377000,11213000
4600,34647000,23058000,11271000
4601,34153000,22511000,10785000
4602,33133000,21984000,10778000
4603,33142000,22000000,10778000
4604,34058000,22915000,10682000
4605,33512000,22465000,11146000
4606,34013000,22501000,10662000
4607,33019000,22001000,10659000
4608,33233000,22208000,10849000
4609,33662000,22445000,11306000
4610,34058000,22380000,10692000
4611,33048000,21999000,10684000
4612,33065000,22017000,10698000
4613,33045000,21983000,10681000
4614,33503000,22458000,11138000
4615,34166000,22662000,10811000
4616,33044000,21873000,10677000
4617,33046000,22000000,10670000
4618,33708000,22673000,11341000
4619,33993000,22278000,10635000
4620,33066000,22075000,10707000
4621,33068000,21996000,10696000
4622,33056000,21996000,10692000
4623,33068000,22011000,10704000
4624,33056000,21989000,10703000
4625,33082000,22015000,10707000
4626,33055000,21984000,10702000
4627,33526000,22459000,11149000
4628,33964000,22450000,10614000
4629,33042000,22071000,10680000
4630,33056000,22009000,10680000
4631,34075000,23031000,10711000
4632,33467000,22391000,11102000
4633,34039000,22573000,10688000
4634,32985000,21940000,10626000
4635,33053000,22063000,10678000
4636,33042000,21999000,10688000
4637,33052000,22000000,10677000
4638,33038000,21996000,10684000
4639,33052000,22004000,10677000
4640,34090000,23048000,10725000
4641,33037000,21948000,10664000
4642,33017000,21980000,10663000
4643,33048000,22020000,10663000
4644,33028000,21990000,10667000
4645,33041000,22003000,10656000
4646,33035000,22004000,10671000
4647,33024000,21978000,10648000
4648,33027000,22014000,10663000
4649,35130000,24093000,10755000
4650,33088000,21969000,10735000
4651,33103000,22004000,10728000
4652,33084000,21992000,10731000
4653,33099000,22003000,10723000
4654,33087000,22000000,10734000
4655,33237000,22139000,10862000
4656,33096000,21870000,10740000
4657,33175000,22071000,10803000
4658,35120000,23952000,10756000
4659,33114000,21995000,10750000
4660,33111000,21997000,10763000
4661,33130000,22003000,10750000
4662,33175000,22060000,10817000
4663,33126000,21941000,10758000
4664,33185000,22059000,10817000
4665,33133000,21948000,10746000
4666,33302000,22187000,10952000
4667,36093000,24773000,11441000
4668,33881000,22075000,10804000
4669,33169000,22000000,10793000
4670,33089000,21932000,10736000
4671,33177000,22077000,10802000
4672,33089000,21923000,10736000
4673,33164000,22063000,10788000
4674,33165000,22013000,10812000
4675,33099000,21923000,10724000
4676,34136000,23047000,10771000
4677,33144000,22009000,10791000
4678,33142000,21987000,10778000
4679,33134000,21992000,10759000
4680,33123000,22000000,10770000
4681,33215000,22081000,10840000
4682,33130000,21926000,10777000
4683,33219000,22078000,10844000
4684,33130000,21922000,10777000
4685,36183000,25041000,11538000
4686,33851000,21949000,10767000
4687,33322000,22191000,10947000
4688,33111000,21800000,10750000
4689,33123000,22009000,10756000
4690,33111000,21990000,10757000
4691,33122000,22000000,10747000
4692,33170000,22060000,10817000
4693,33121000,21940000,10746000
4694,34157000,23047000,10793000
4695,33218000,22061000,10854000
4696,33145000,21927000,10792000
4697,33172000,22015000,10796000
4698,33152000,21992000,10799000
4699,33159000,21996000,10785000
4700,33081000,21932000,10727000
4701,33159000,22068000,10784000
4702,33148000,22000000,10795000
4703,36131000,24972000,11472000
4704,33843000,22007000,10774000
4705,33155000,22017000,10780000
4706,33120000,21975000,10767000
4707,33134000,22004000,10759000
4708,33188000,22065000,10835000
4709,33130000,21931000,10755000
4710,33192000,22073000,10839000
4711,33203000,22000000,10828000
4712,35146000,23954000,10782000
4713,33146000,22000000,10782000
4714,33146000,22000000,10793000
4715,33149000,21992000,10774000
4716,33139000,21999000,10784000
4717,33218000,22070000,10843000
4718,33207000,21999000,10853000
4719,33148000,21931000,10773000
4720,33210000,22073000,10857000
4721,35176000,23955000,10801000
4722,33149000,21984000,10796000
4723,33229000,22069000,10854000
4724,33214000,21996000,10861000
4725,33229000,22004000,10854000
4726,33214000,21995000,10860000
4727,33164000,21940000,10789000
4728,33077000,21922000,10723000
4729,33166000,22080000,10791000
4730,35177000,24022000,10813000
4731,33168000,21990000,10803000
4732,33159000,21992000,10806000
4733,33179000,22009000,10804000
4734,33159000,21991000,10806000
4735,33106000,21936000,10731000
4736,33091000,21995000,10737000
4737,33177000,22076000,10802000
4738,33158000,21992000,10805000
4739,35255000,24086000,10880000
4740,33166000,21922000,10813000
4741,33181000,22004000,10806000
4742,33170000,22000000,10817000
4743,33177000,21996000,10802000
4744,33166000,22000000,10813000
4745,33188000,22011000,10813000
4746,33169000,21992000,10816000
4747,33109000,21929000,10734000
4748,35190000,24091000,10825000
4749,33185000,21996000,10821000
4750,33120000,21935000,10767000
4751,33328000,22197000,10964000
4752,33192000,21863000,10819000
4753,33127000,21944000,10760000
4754,33184000,22060000,10831000
4755,33200000,22005000,10825000
4756,33176000,21987000,10823000
4757,35207000,24020000,10832000
4758,33132000,21935000,10779000
4759,33134000,21992000,10759000
4760,33122000,21999000,10769000
4761,33134000,22000000,10758000
4762,33187000,22065000,10834000
4763,33137000,21938000,10772000
4764,33130000,21994000,10766000
4765,33133000,22002000,10757000
4766,36171000,25050000,11533000
4767,33905000,22008000,10815000
4768,33174000,21995000,10826000
4769,33136000,21946000,10756000
4770,33174000,22054000,10821000
4771,33189000,22004000,10814000
4772,33114000,21936000,10761000
4773,33129000,22004000,10754000
4774,33177000,22059000,10824000
4775,34096000,22908000,10721000
4776,33141000,22055000,10787000
4777,33159000,22008000,10784000
4778,33144000,21996000,10791000
4779,33155000,22000000,10780000
4780,33140000,21996000,10787000
4781,33158000,22007000,10783000
4782,33139000,21992000,10786000
4783,33167000,22017000,10803000
4784,36134000,24967000,11493000
4785,33881000,22023000,10782000
4786,33213000,22066000,10860000
4787,33141000,21918000,10766000
4788,33126000,21996000,10773000
4789,33141000,22004000,10766000
4790,33126000,21996000,10773000
4791,33137000,21999000,10761000
4792,33125000,22000000,10772000
4793,34193000,23057000,10818000
4794,33302000,22120000,10932000
4795,33160000,21860000,10798000
4796,33094000,21931000,10745000
4797,33177000,22068000,10797000
4798,33093000,21932000,10740000
4799,33180000,22076000,10805000
4800,33176000,22007000,10823000
4801,33187000,22000000,10812000
4802,36145000,24968000,11510000
4803,33894000,22020000,10800000
4804,33164000,21999000,10810000
4805,33167000,21993000,10792000
4806,33155000,21999000,10802000
4807,33159000,21992000,10794000
4808,33094000,21936000,10730000
4809,33174000,22080000,10799000
4810,33159000,21996000,10806000
4811,35174000,24004000,10799000
4812,33035000,21872000,10671000
4813,33107000,22060000,10731000
4814,33164000,22068000,10810000
4815,33098000,21923000,10733000
4816,33097000,22000000,10733000
4817,33181000,22084000,10806000
4818,33231000,22061000,10874000
4819,33177000,21934000,10797000
4820,35122000,23957000,10754000
4821,33114000,21992000,10746000
4822,33243000,22129000,10886000
4823,33125000,21871000,10749000
4824,33176000,22059000,10816000
4825,33200000,22016000,10821000
4826,33177000,21988000,10820000
4827,33192000,22003000,10812000
4828,33177000,21996000,10824000
4829,35144000,23952000,10760000
4830,33125000,21997000,10768000
4831,33054000,21918000,10675000
4832,33125000,22082000,10768000
4833,33134000,21998000,10766000
4834,33130000,21995000,10762000
4835,33130000,22000000,10762000
4836,33200000,22070000,10831000
4837,33198000,21999000,10819000
4838,35204000,24017000,10836000
4839,33126000,21922000,10758000
4840,33130000,22004000,10773000
4841,33149000,22008000,10770000
4842,33139000,22000000,10782000
4843,33140000,21991000,10761000
4844,33125000,21996000,10768000
4845,33206000,22069000,10827000
4846,33129000,21935000,10772000
4847,35368000,24227000,10988000
4848,33207000,21850000,10841000
4849,33148000,21939000,10777000
4850,33133000,21987000,10775000
4851,33072000,21929000,10697000
4852,33202000,22140000,10848000
4853,33143000,21931000,10768000
4854,33128000,21996000,10775000
4855,33139000,21999000,10763000
4856,36121000,24994000,11405000
4857,33772000,22003000,10760000
4858,33120000,21996000,10767000
4859,33135000,22004000,10771000
4860,33135000,21999000,10770000
4861,33143000,22008000,10767000
4862,33128000,21996000,10774000
4863,33202000,22064000,10827000
4864,33137000,21946000,10784000
4865,34178000,23029000,10802000
4866,33154000,21988000,10801000
4867,33169000,22004000,10794000
4868,33154000,21996000,10801000
4869,33169000,22003000,10794000
4870,33114000,21957000,10761000
4871,33164000,22039000,10789000
4872,33093000,21940000,10740000
4873,33046000,21941000,10663000
4874,36137000,25103000,11499000
4875,33879000,22015000,10788000
4876,33210000,22058000,10857000
4877,33083000,21862000,10708000
4878,33149000,22076000,10795000
4879,33375000,22216000,11000000
4880,33140000,21776000,10779000
4881,33155000,22011000,10787000
4882,33148000,21996000,10794000
4883,34132000,22974000,10757000
4884,33115000,21993000,10761000
4885,33129000,22004000,10754000
4886,33176000,22057000,10822000
4887,33187000,22000000,10811000
4888,33121000,21946000,10768000
4889,33131000,21999000,10756000
4890,33111000,21991000,10758000
4891,33131000,22009000,10756000
4892,36087000,24967000,11444000
4893,33812000,22003000,10726000
4894,33162000,22072000,10809000
4895,33112000,21938000,10747000
4896,33101000,21989000,10737000
4897,33110000,22010000,10746000
4898,33181000,22071000,10817000
4899,33105000,21923000,10729000
4900,33161000,22068000,10808000
4901,35133000,23961000,10758000
4902,33111000,21989000,10758000
4903,33122000,21999000,10746000
4904,33098000,21988000,10745000
4905,33132000,22023000,10757000
4906,33165000,22043000,10811000
4907,33053000,21877000,10677000
4908,33118000,22077000,10770000
4909,33130000,21996000,10750000
4910,35132000,24018000,10768000
4911,33126000,21993000,10761000
4912,33126000,22000000,10772000
4913,33137000,22001000,10762000
4914,33126000,21999000,10777000
4915,33136000,21995000,10756000
4916,33120000,22000000,10767000
4917,33194000,22063000,10819000
4918,33120000,21937000,10767000
4919,35141000,24009000,10765000
4920,33119000,21990000,10766000
4921,33210000,22079000,10834000
4922,33334000,22136000,10977000
4923,33130000,21785000,10755000
4924,33119000,22000000,10766000
4925,33130000,22000000,10766000
4926,33205000,22075000,10841000
4927,33135000,21930000,10760000
4928,35149000,24024000,10784000
4929,33149000,22001000,10785000
4930,33072000,21923000,10719000
4931,33151000,22068000,10776000
4932,33140000,22000000,10787000
4933,33079000,21927000,10703000
4934,33006000,21939000,10653000
4935,33075000,22057000,10699000
4936,33131000,22068000,10783000
4937,35171000,24024000,10791000
4938,33079000,21924000,10726000
4939,33086000,21996000,10711000
4940,33135000,22060000,10782000
4941,33086000,21940000,10711000
4942,33074000,21999000,10721000
4943,33219000,22133000,10844000
4944,33012000,21805000,10658000
4945,33097000,22073000,10722000
4946,36054000,24969000,11420000
4947,33788000,22003000,10693000
4948,33125000,22068000,10772000
4949,33523000,22387000,11147000
4950,34040000,22528000,10685000
4951,33488000,22442000,11133000
4952,34085000,22587000,10719000
4953,33079000,22004000,10720000
4954,33156000,22072000,10781000
4955,33529000,22383000,11155000
4956,34103000,22583000,10761000
4957,33493000,22376000,11133000
4958,34088000,22589000,10726000
4959,33014000,21932000,10655000
4960,33095000,22076000,10720000
4961,33080000,21996000,10727000
4962,33099000,22007000,10723000
4963,33295000,22207000,10941000
4964,33090000,21785000,10707000
4965,33063000,21992000,10718000
4966,33098000,22016000,10723000
4967,33075000,21987000,10721000
4968,33231000,22146000,10867000
4969,33097000,21866000,10733000
4970,33497000,22399000,11120000
4971,34516000,23031000,11161000
4972,34572000,23050000,11198000
4973,34056000,22487000,10703000
4974,33535000,22476000,11175000
4975,34246000,22705000,10884000
4976,33054000,21814000,10687000
4977,33121000,22070000,10754000
4978,33035000,21917000,10681000
4979,33121000,22075000,10746000
4980,33169000,22059000,10816000
4981,33125000,21945000,10750000
4982,33578000,22464000,11207000
4983,34543000,22965000,11188000
4984,34512000,22963000,11143000
4985,34104000,22596000,10752000
4986,33094000,21986000,10735000
4987,33167000,22068000,10803000
4988,33095000,21928000,10731000
4989,33163000,22067000,10787000
4990,33088000,21936000,10734000
4991,33103000,22004000,10727000
4992,33028000,21936000,10667000
4993,33098000,22060000,10723000
4994,33300000,22212000,10942000
4995,33097000,21787000,10729000
4996,33033000,21935000,10663000
4997,33551000,22519000,11171000
4998,34540000,23000000,11181000
4999,34555000,23008000,11182000
5000,34072000,22521000,10715000
5001,33089000,22013000,10725000
5002,33092000,21999000,10713000
5003,33069000,21988000,10712000
5004,33562000,22481000,11182000
5005,34578000,23028000,11213000
5006,34083000,22499000,10715000
5007,33552000,22473000,11192000
5008,34063000,22502000,10698000
5009,33062000,22004000,10688000
5010,33527000,22471000,11158000
5011,34085000,22558000,10731000
5012,33166000,22075000,10803000
5013,33103000,21932000,10724000
5014,33041000,21949000,10676000
5015,33051000,21998000,10680000
5016,33111000,22061000,10743000
5017,33051000,21939000,10669000
5018,33554000,22514000,11184000
5019,34526000,22973000,11167000
5020,34117000,22585000,10749000
5021,33042000,21928000,10679000
5022,33059000,22009000,10680000
5023,33053000,22005000,10696000
5024,33059000,21995000,10680000
5025,33051000,22003000,10694000
5026,33054000,21992000,10675000
5027,33040000,21997000,10667000
5028,33043000,22003000,10675000
5029,33104000,22060000,10747000
5030,33504000,22389000,11124000
5031,34077000,22585000,10723000
5032,33087000,22003000,10724000
5033,33095000,22004000,10716000
5034,33080000,21996000,10723000
5035,33083000,21992000,10704000
5036,33076000,22004000,10708000
5037,33068000,21991000,10700000
5038,33009000,21942000,10652000
5039,33304000,22284000,10925000
5040,33083000,21790000,10718000
5041,33082000,21996000,10715000
5042,33083000,22003000,10729000
5043,33086000,21993000,10711000
5044,33007000,21932000,10654000
5045,34511000,23493000,11131000
5046,34021000,22521000,10666000
5047,33530000,22503000,11166000
5048,34532000,22996000,11161000
5049,34485000,22958000,11111000
5050,34672000,23192000,11304000
5051,34047000,22371000,10682000
5052,33567000,22515000,11203000
5053,34690000,23122000,11316000
5054,34127000,22442000,10759000
5055,33126000,22004000,10756000
5056,33124000,22000000,10767000
5057,33139000,22004000,10760000
5058,33125000,21997000,10768000
5059,33143000,22006000,10764000
5060,33124000,21993000,10767000
5061,33135000,22000000,10756000
5062,33124000,22000000,10767000
5063,33136000,22001000,10757000
5064,33125000,22000000,10768000
5065,33135000,21999000,10756000
5066,33124000,22000000,10767000
5067,33133000,21998000,10754000
5068,33114000,21992000,10757000
5069,33136000,22010000,10756000
5070,33122000,21998000,10765000
5071,33268000,22134000,10888000
5072,33122000,21866000,10747000
5073,33043000,21927000,10681000
5074,33119000,22069000,10762000
5075,33135000,22006000,10756000
5076,33118000,21994000,10761000
5077,33189000,22060000,10810000
5078,33118000,21939000,10761000
5079,33198000,22070000,10819000
5080,33114000,21927000,10757000
5081,34113000,22987000,10733000
5082,33098000,21997000,10741000
5083,33168000,22058000,10789000
5084,33152000,21996000,10795000
5085,33167000,22004000,10788000
5086,33152000,21996000,10795000
5087,33163000,22000000,10784000
5088,33160000,22007000,10803000
5089,33166000,21996000,10787000
5090,36056000,24900000,11421000
5091,33869000,22080000,10767000
5092,33131000,21996000,10774000
5093,33146000,22004000,10767000
5094,33131000,21995000,10774000
5095,33145000,22004000,10766000
5096,33130000,21996000,10773000
5097,33149000,22008000,10770000
5098,33130000,21991000,10773000
5099,34134000,22994000,10755000
5100,33115000,21991000,10758000
5101,33126000,22000000,10746000
5102,33174000,22060000,10817000
5103,33189000,22003000,10810000
5104,33122000,21945000,10765000
5105,33133000,22000000,10754000
5106,33114000,21992000,10757000
5107,33062000,21937000,10683000
5108,36081000,25030000,11447000
5109,33819000,22004000,10721000
5110,33538000,22452000,11183000
5111,34127000,22579000,10766000
5112,33126000,22004000,10767000
5113,33071000,21940000,10696000
5114,33056000,21995000,10702000
5115,33134000,22068000,10759000
5116,33506000,22383000,11152000
5117,34095000,22578000,10734000
5118,33094000,22003000,10734000
5119,33107000,22009000,10743000
5120,33537000,22430000,11172000
5121,34134000,22597000,10773000
5122,33068000,21939000,10709000
5123,33073000,22000000,10698000
5124,33130000,22068000,10777000
5125,33141000,21999000,10766000
5126,34120000,22991000,10756000
5127,33565000,22437000,11192000
5128,34074000,22517000,10724000
5129,33089000,22008000,10729000
5130,33238000,22144000,10862000
5131,33149000,21923000,10796000
5132,33096000,21936000,10721000
5133,33073000,21988000,10720000
5134,33160000,22075000,10784000
5135,34190000,23041000,10836000
5136,33131000,21930000,10755000
5137,33118000,21999000,10765000
5138,33131000,22001000,10755000
5139,33121000,22002000,10768000
5140,33131000,21999000,10756000
5141,33121000,22001000,10768000
5142,33191000,22059000,10816000
5143,33039000,21858000,10685000
5144,35150000,24101000,10775000
5145,33127000,21987000,10773000
5146,33137000,22000000,10762000
5147,33122000,21996000,10769000
5148,33145000,22012000,10781000
5149,33133000,21988000,10769000
5150,33218000,22085000,10839000
5151,33288000,22080000,10931000
5152,33076000,21778000,10697000
5153,35142000,24076000,10773000
5154,33077000,21936000,10709000
5155,33504000,22426000,11146000
5156,34056000,22542000,10682000
5157,33490000,22439000,11126000
5158,34557000,23061000,11187000
5159,34509000,22958000,11136000
5160,34503000,22998000,11142000
5161,34593000,23085000,11212000
5162,34040000,22452000,10676000
5163,33124000,22080000,10750000
5164,33118000,22000000,10766000
5165,33130000,21996000,10746000
5166,33042000,21928000,10689000
5167,33191000,22133000,10807000
5168,33172000,21997000,10812000
5169,33053000,21873000,10669000
5170,33036000,21999000,10687000
5171,33129000,22074000,10761000
5172,33052000,21922000,10683000
5173,33051000,22000000,10676000
5174,33494000,22454000,11140000
5175,34540000,23035000,11174000
5176,34048000,22513000,10684000
5177,33651000,22607000,11283000
5178,34694000,23033000,11317000
5179,35046000,23358000,10682000
5180,33113000,22071000,10747000
5181,33039000,21928000,10675000
5182,33174000,22135000,10821000
5183,33125000,21940000,10761000
5184,33110000,21984000,10745000
5185,33131000,22022000,10756000
5186,33170000,22049000,10816000
5187,33125000,21945000,10750000
5188,33173000,22059000,10816000
5189,33126000,21941000,10746000
5190,33114000,22000000,10757000
5191,33108000,21983000,10729000
5192,33164000,22067000,10807000
5193,33187000,22012000,10808000
5194,33172000,21996000,10815000
5195,33129000,21946000,10761000
5196,33116000,21987000,10748000
5197,33183000,22066000,10807000
5198,33175000,22004000,10811000
5199,33299000,22124000,10935000
5200,33096000,21796000,10734000
5201,33094000,21996000,10727000
5202,33159000,22067000,10805000
5203,33101000,21932000,10726000
5204,33090000,22000000,10737000
5205,33238000,22137000,10863000
5206,33090000,21862000,10728000
5207,34144000,23052000,10788000
5208,33144000,21992000,10780000
5209,33144000,21999000,10779000
5210,33147000,22004000,10783000
5211,33079000,21932000,10704000
5212,33068000,22000000,10720000
5213,33161000,22077000,10781000
5214,33127000,21982000,10774000
5215,33142000,22004000,10767000
5216,36049000,24917000,11414000
5217,33851000,22073000,10757000
5218,33121000,22000000,10768000
5219,33131000,21999000,10756000
5220,33121000,22001000,10768000
5221,33191000,22059000,10816000
5222,33121000,21941000,10773000
5223,33137000,22000000,10757000
5224,33120000,21999000,10767000
5225,35145000,24014000,10770000
5226,33127000,21992000,10773000
5227,33206000,22069000,10842000
5228,33069000,21862000,10705000
5229,33069000,22000000,10693000
5230,33057000,22000000,10704000
5231,33593000,22525000,11210000
5232,34110000,22528000,10760000
5233,33479000,22363000,11119000
5234,34549000,23065000,11179000
5235,34791000,23247000,11418000
5236,35192000,23405000,10836000
5237,33501000,22305000,11137000
5238,34055000,22549000,10685000
5239,33486000,22436000,11127000
5240,34081000,22584000,10710000
5241,33534000,22464000,11170000
5242,34054000,22515000,10688000
5243,33514000,22464000,11139000
5244,34556000,23049000,11197000
5245,34520000,22958000,11147000
5246,34576000,23059000,11208000
5247,34559000,22980000,11186000
5248,34047000,22492000,10683000
5249,33502000,22450000,11138000
5250,34558000,23052000,11188000
5251,35793000,24240000,12425000
5252,34988000,22198000,10617000
5253,33128000,22143000,10760000
5254,33518000,22390000,11160000
5255,34509000,22980000,11139000
5256,34554000,23050000,11181000
5257,34507000,22957000,11146000
5258,34562000,23051000,11189000
5259,34046000,22488000,10689000
5260,33066000,22016000,10708000
5261,33525000,22449000,11140000
5262,34495000,22986000,11136000
5263,34689000,23187000,11310000
5264,34509000,22825000,11144000
5265,34536000,23027000,11163000
5266,34663000,23131000,11302000
5267,34044000,22373000,10658000
5268,33081000,22049000,10730000
5269,36577000,25479000,11918000
5270,35241000,22946000,11154000
5271,34089000,22571000,10721000
5272,33089000,22004000,10730000
5273,33564000,22466000,11184000
5274,34525000,22971000,11166000
5275,34500000,22969000,11126000
5276,34009000,22514000,10653000
5277,33140000,22127000,10777000
5278,33552000,22406000,11172000
5279,34566000,23026000,11203000
5280,34476000,22904000,11103000
5281,33988000,22515000,10631000
5282,33060000,22068000,10701000
5283,33005000,21936000,10621000
5284,33511000,22522000,11158000
5285,34558000,23030000,11183000
5286,34547000,23000000,11174000
5287,34543000,23000000,11182000
5288,34571000,23016000,11190000
5289,34498000,22938000,11136000
5290,34554000,23053000,11181000
5291,34060000,22509000,10703000
5292,33205000,22141000,10841000
5293,33514000,22305000,11126000
5294,34515000,23019000,11163000
5295,36272000,24744000,12899000
5296,36048000,22779000,10691000
5297,33063000,22012000,10689000
5298,33053000,21996000,10695000
5299,33522000,22458000,11142000
5300,34489000,22978000,11130000
5301,33996000,22501000,10632000
5302,33509000,22517000,11153000
5303,34052000,22534000,10684000
5304,33048000,22000000,10688000
5305,33121000,22069000,10746000
5306,33705000,22595000,11339000
5307,35060000,23343000,10698000
5308,33508000,22453000,11147000
5309,34487000,22975000,11121000
5310,34538000,23055000,11169000
5311,34041000,22508000,10687000
5312,33124000,22079000,10765000
5313,33121000,21992000,10746000
5314,33101000,21991000,10748000
5315,33125000,22013000,10750000
5316,33041000,21926000,10687000
5317,33125000,22074000,10750000
5318,33111000,21997000,10763000
5319,33130000,22003000,10750000
5320,33167000,22052000,10813000
5321,33125000,21948000,10750000
5322,33118000,22004000,10765000
5323,33129000,22000000,10754000
5324,33099000,21980000,10745000
5325,33105000,21995000,10729000
5326,33118000,22025000,10765000
5327,33109000,21980000,10745000
5328,33104000,21995000,10740000
5329,33104000,22000000,10729000
5330,33097000,22004000,10744000
5331,33108000,22000000,10733000
5332,33092000,21995000,10739000
5333,33103000,22000000,10728000
5334,33092000,21999000,10739000
5335,33103000,22000000,10727000
5336,33091000,22000000,10738000
5337,33102000,22000000,10727000
5338,33111000,22020000,10758000
5339,33122000,22000000,10747000
5340,34834000,23723000,12481000
5341,35059000,22213000,10683000
5342,33039000,21992000,10691000
5343,33059000,22004000,10679000
5344,33421000,22378000,11072000
5345,34487000,23050000,11116000
5346,34509000,23032000,11140000
5347,34475000,22970000,11118000
5348,34476000,22996000,11103000
5349,34495000,23024000,11134000
5350,34557000,23058000,11184000
5351,34518000,22965000,11157000
5352,34507000,22985000,11134000
5353,34510000,23007000,11149000
5354,34499000,22985000,11126000
5355,34463000,22968000,11102000
5356,34059000,22591000,10690000
5357,33489000,22435000,11129000
5358,34501000,23003000,11131000
5359,34201000,22705000,10833000
5360,33505000,22308000,11137000
5361,34497000,22990000,11134000
5362,34459000,22960000,11086000
5363,34427000,22971000,11065000
5364,34488000,23058000,11115000
5365,34501000,23016000,11140000
5366,34049000,22545000,10680000
5367,33487000,22442000,11127000
5368,34475000,22979000,11105000
5369,34495000,23024000,11122000
5370,34021000,22530000,10664000
5371,33016000,21992000,10653000
5372,33030000,22008000,10650000
