seq,latency_m2m_ns,callback_jitter,publish_jitter
519,14580000,13975000,284000
520,14619000,14039000,296000
521,14588000,13969000,292000
522,14615000,14027000,293000
523,14596000,13981000,288000
524,15600000,15009000,292000
525,14596000,13988000,292000
526,14596000,14007000,288000
527,15592000,14989000,293000
528,15592000,15004000,281000
529,15580000,14984000,281000
530,15596000,15019000,284000
531,15588000,14989000,281000
532,15580000,15003000,276000
533,15588000,14997000,289000
534,15599000,15015000,288000
535,14592000,13989000,289000
536,15584000,15000000,281000
537,15592000,14996000,285000
538,15580000,15000000,273000
539,15588000,15000000,288000
540,14596000,14012000,284000
541,14568000,13968000,273000
542,15604000,15036000,288000
543,15575000,14972000,280000
544,15623000,15046000,296000
545,15588000,14969000,292000
546,15596000,15009000,281000
547,14572000,13975000,276000
548,15596000,15025000,281000
549,15584000,14987000,288000
550,15619000,15035000,297000
551,15580000,14961000,284000
552,15600000,15021000,288000
553,13910000,13307000,278000
554,15267000,14693000,284000
555,15571000,14972000,280000
556,15608000,15032000,289000
557,15580000,14975000,284000
558,15623000,15044000,300000
559,15584000,14960000,288000
560,15604000,15021000,289000
561,15576000,14971000,280000
562,15600000,15025000,288000
563,15584000,14979000,280000
564,15611000,15035000,293000
565,15576000,14962000,280000
566,15604000,15028000,288000
567,15568000,14963000,272000
568,15615000,15047000,293000
569,15576000,14961000,280000
570,15600000,15025000,289000
571,15584000,14979000,284000
572,15592000,15013000,281000
573,15572000,14975000,276000
574,15623000,15051000,297000
575,15568000,14950000,272000
576,15623000,15055000,300000
577,15580000,14956000,284000
578,15604000,15025000,288000
579,15564000,14960000,273000
580,15619000,15050000,293000
581,15584000,14969000,288000
582,14596000,14013000,284000
583,15579000,14980000,280000
584,15600000,15024000,289000
585,15584000,14979000,284000
586,15588000,15009000,276000
587,15572000,14980000,276000
588,15608000,15036000,293000
589,15584000,14976000,284000
590,15592000,15012000,280000
591,15555000,14960000,265000
592,15604000,15044000,281000
593,15560000,14964000,273000
594,15608000,15040000,285000
595,15560000,14960000,265000
596,15604000,15044000,289000
597,15584000,14979000,288000
598,15600000,15017000,285000
599,15572000,14971000,276000
600,14596000,14025000,288000
601,15588000,14984000,281000
602,15588000,15012000,280000
603,15580000,14984000,281000
604,15615000,15038000,296000
605,15596000,14978000,292000
606,15615000,15026000,284000
607,15560000,14946000,272000
608,15608000,15039000,292000
609,15584000,14977000,281000
610,15600000,15023000,292000
611,15584000,14977000,281000
612,15584000,15007000,276000
613,15592000,15001000,281000
614,15600000,15016000,292000
615,15572000,14964000,273000
616,15604000,15036000,292000
617,15588000,14980000,285000
618,15576000,14996000,276000
619,15588000,14996000,281000
620,15600000,15023000,288000
621,15580000,14977000,284000
622,15604000,15024000,288000
623,15568000,14964000,269000
624,15592000,15028000,280000
625,15584000,14988000,285000
626,15588000,15008000,280000
627,15580000,14984000,277000
628,15604000,15031000,292000
629,15600000,14993000,296000
630,15600000,15008000,292000
631,15584000,14976000,281000
632,13940000,13363000,299000
633,14251000,13637000,281000
634,14584000,14008000,280000
635,15588000,14992000,285000
636,15596000,15016000,285000
637,15584000,14984000,285000
638,15580000,14996000,269000
639,15569000,14984000,272000
640,15608000,15040000,288000
641,15600000,14996000,296000
642,15600000,15008000,292000
643,15588000,14980000,281000
644,15592000,15016000,288000
645,15600000,14996000,296000
646,15592000,15000000,285000
647,15580000,14980000,277000
648,15588000,15015000,276000
649,15584000,14993000,285000
650,15588000,15008000,276000
651,15588000,14996000,289000
652,15588000,15004000,280000
653,15588000,14992000,289000
654,15600000,15016000,288000
655,15588000,14984000,281000
656,15584000,15008000,276000
657,15588000,14996000,285000
658,15568000,14988000,265000
659,15588000,15008000,281000
660,15584000,15008000,276000
661,15588000,14996000,285000
662,15580000,15000000,273000
663,15584000,14996000,285000
664,15592000,15012000,288000
665,15604000,15000000,297000
666,15596000,15004000,288000
667,15588000,14984000,285000
668,15588000,15008000,280000
669,15584000,14988000,285000
670,15584000,15004000,273000
671,15580000,14992000,280000
672,15596000,15020000,285000
673,15588000,14988000,285000
674,15584000,15004000,277000
675,15588000,14996000,285000
676,15600000,15019000,292000
677,15592000,14985000,289000
678,15600000,15015000,292000
679,15584000,14977000,281000
680,15600000,15023000,292000
681,15596000,14989000,292000
682,15592000,15004000,284000
683,15588000,14988000,289000
684,15592000,15008000,281000
685,15576000,14980000,277000
686,15596000,15024000,284000
687,15584000,14984000,281000
688,15584000,15004000,269000
689,15596000,15008000,289000
690,14592000,14004000,284000
691,14584000,13980000,272000
692,14596000,14024000,281000
693,15564000,14964000,273000
694,15604000,15036000,284000
695,15576000,14976000,284000
696,15623000,15042000,297000
697,15576000,14957000,280000
698,15585000,15009000,269000
699,15572000,14988000,280000
700,15623000,15046000,296000
701,15579000,14961000,284000
702,15600000,15021000,288000
703,15576000,14972000,276000
704,15615000,15042000,292000
705,15572000,14953000,272000
706,15596000,15025000,273000
707,15556000,14964000,261000
708,15619000,15058000,289000
709,15588000,14973000,284000
710,15592000,15009000,277000
711,15560000,14964000,261000
712,15596000,15036000,280000
713,15563000,14964000,265000
714,15619000,15054000,289000
715,15576000,14961000,276000
716,15615000,15039000,289000
717,15580000,14965000,280000
718,15615000,15035000,288000
719,15571000,14957000,272000
720,15615000,15043000,288000
721,14571000,13958000,272000
722,14604000,14032000,288000
723,14576000,13968000,268000
724,15619000,15051000,280000
725,14568000,13953000,277000
726,15596000,15020000,280000
727,15584000,14984000,277000
728,15596000,15019000,288000
729,14588000,13981000,277000
730,15592000,15016000,280000
731,13936000,13335000,291000
732,14251000,13661000,281000
733,15572000,14972000,269000
734,15600000,15032000,276000
735,15579000,14983000,280000
736,15615000,15035000,289000
737,15576000,14961000,276000
738,15615000,15039000,289000
739,15576000,14961000,272000
740,15611000,15039000,289000
741,15572000,14958000,276000
742,15604000,15028000,285000
743,15584000,14979000,280000
744,15604000,15025000,285000
745,15572000,14968000,280000
746,15608000,15028000,281000
747,15564000,14964000,269000
748,15619000,15050000,288000
749,15576000,14962000,281000
750,15608000,15028000,288000
751,15590000,14983000,288000
752,15600000,15013000,281000
753,15576000,14975000,276000
754,15584000,15009000,269000
755,15600000,15011000,276000
756,15592000,15009000,285000
757,15580000,14975000,280000
758,15615000,15035000,288000
759,15580000,14966000,280000
760,15619000,15038000,293000
761,15584000,14965000,284000
762,15604000,15021000,288000
763,15584000,14976000,280000
764,15592000,15012000,276000
765,15592000,14995000,288000
766,15600000,15013000,280000
767,15575000,14976000,280000
768,15608000,15028000,284000
769,15576000,14971000,280000
770,15608000,15029000,284000
771,15568000,14964000,269000
772,15600000,15032000,284000
773,15580000,14975000,276000
774,15615000,15039000,289000
775,15580000,14965000,280000
776,15623000,15044000,297000
777,14580000,13957000,280000
778,14619000,14038000,293000
779,15584000,14966000,284000
780,15619000,15034000,293000
781,15568000,14950000,272000
782,15619000,15046000,288000
783,15572000,14958000,272000
784,15600000,15028000,284000
785,15580000,14976000,280000
786,15608000,15028000,284000
787,15568000,14964000,268000
788,15596000,15028000,280000
789,15564000,14964000,265000
790,15608000,15044000,288000
791,15587000,14979000,284000
792,15623000,15040000,297000
793,15576000,14952000,280000
794,15596000,15021000,284000
795,15559000,14960000,264000
796,15608000,15048000,293000
797,15580000,14971000,280000
798,15600000,15025000,288000
799,15584000,14979000,284000
800,15615000,15035000,297000
801,15584000,14965000,284000
802,15615000,15035000,293000
803,15568000,14953000,272000
804,15619000,15051000,296000
805,15576000,14958000,280000
806,15588000,15012000,280000
807,14588000,13991000,284000
808,14604000,14025000,292000
809,15588000,14979000,288000
810,15615000,15031000,292000
811,15580000,14965000,284000
812,15615000,15035000,293000
813,15580000,14965000,284000
814,15615000,15035000,297000
815,15584000,14966000,284000
816,15600000,15020000,288000
817,15580000,14975000,284000
818,15608000,15029000,289000
819,15572000,14967000,276000
820,15596000,15025000,284000
821,15576000,14976000,280000
822,15619000,15042000,293000
823,15572000,14957000,272000
824,15600000,15033000,289000
825,15576000,14971000,276000
826,15592000,15021000,280000
827,15572000,14976000,272000
828,15584000,15016000,277000
829,15572000,14979000,272000
830,15615000,15047000,289000
831,15564000,14953000,272000
832,15604000,15037000,285000
833,15564000,14964000,273000
834,14600000,14031000,284000
835,14580000,13981000,277000
836,15584000,15012000,276000
837,15576000,14984000,277000
838,15572000,15000000,269000
839,15592000,15008000,285000
840,15596000,15016000,288000
841,15596000,14992000,293000
842,15611000,15022000,296000
843,15592000,14974000,289000
844,13944000,13360000,300000
845,15252000,14636000,285000
846,15600000,15019000,292000
847,15584000,14977000,285000
848,15592000,15012000,284000
849,15584000,14984000,281000
850,15604000,15027000,292000
851,15572000,14965000,269000
852,15588000,15024000,284000
853,14572000,13972000,272000
854,14604000,14035000,288000
855,14580000,13976000,276000
856,15600000,15029000,285000
857,14564000,13964000,268000
858,15596000,15032000,281000
859,15568000,14972000,272000
860,15596000,15028000,281000
861,15572000,14976000,276000
862,15600000,15028000,289000
863,15572000,14968000,272000
864,15600000,15032000,284000
865,15560000,14960000,264000
866,15600000,15040000,285000
867,14560000,13960000,269000
868,15592000,15028000,277000
869,15548000,14956000,257000
870,15619000,15066000,289000
871,15568000,14958000,272000
872,15600000,15032000,289000
873,13903000,13299000,277000
874,15266000,14693000,280000
875,15576000,14980000,277000
876,15592000,15019000,280000
877,15568000,14973000,273000
878,15588000,15020000,272000
879,15576000,14988000,277000
880,15584000,15012000,272000
881,15588000,15000000,285000
882,15584000,15004000,276000
883,15592000,15000000,289000
884,15576000,14992000,269000
885,15576000,14992000,277000
886,15584000,15011000,276000
887,15576000,14985000,273000
888,15580000,15012000,277000
889,15604000,15012000,285000
890,15592000,15004000,288000
891,15584000,14980000,281000
892,15584000,15008000,276000
893,15576000,14984000,277000
894,15596000,15020000,280000
895,15580000,14984000,285000
896,15604000,15024000,285000
897,15584000,14980000,281000
898,15600000,15020000,284000
899,15568000,14964000,265000
900,15600000,15036000,284000
901,15592000,14988000,285000
902,15596000,15012000,284000
903,15572000,14968000,265000
904,15596000,15031000,280000
905,15580000,14981000,277000
906,15596000,15019000,280000
907,15584000,14985000,281000
908,15592000,15012000,281000
909,15608000,15008000,285000
910,15580000,14988000,276000
911,15592000,14996000,281000
912,15592000,15011000,280000
913,15588000,14989000,281000
914,15584000,15004000,272000
915,15576000,14984000,277000
916,15596000,15020000,276000
917,15584000,14988000,277000
918,15580000,15004000,272000
919,15584000,14992000,277000
920,15588000,15012000,280000
921,15584000,14984000,277000
922,14600000,14024000,284000
923,15588000,14984000,285000
924,15592000,15008000,280000
925,14600000,14000000,289000
926,15592000,15004000,280000
927,15576000,14976000,273000
928,15604000,15032000,288000
929,15592000,14984000,285000
930,14611000,14026000,292000
931,15592000,14974000,281000
932,15584000,15004000,281000
933,15588000,14988000,281000
934,15600000,15020000,284000
935,15584000,14980000,281000
936,15604000,15024000,288000
937,15588000,14980000,281000
938,15592000,15012000,285000
939,15600000,14996000,289000
940,15592000,15004000,280000
941,15584000,14984000,281000
942,15596000,15016000,281000
943,15584000,14984000,281000
944,15600000,15020000,284000
945,15596000,14992000,289000
946,14619000,14031000,284000
947,15592000,14973000,277000
948,13919000,13335000,292000
949,15268000,14656000,292000
950,15615000,15027000,293000
951,15568000,14953000,272000
952,15600000,15033000,285000
953,15576000,14975000,280000
954,14596000,14021000,284000
955,15583000,14983000,284000
956,15619000,15039000,296000
957,15584000,14965000,288000
958,15619000,15035000,297000
959,15576000,14957000,284000
960,14623000,14043000,297000
961,14572000,13954000,276000
962,15615000,15042000,293000
963,13919000,13305000,284000
964,15264000,14684000,292000
965,15596000,14989000,292000
966,15592000,15004000,284000
967,15584000,14984000,285000
968,15600000,15020000,284000
969,15588000,14984000,285000
970,15588000,15004000,272000
971,15584000,14992000,281000
972,15596000,15016000,285000
973,15592000,14988000,281000
974,15588000,15008000,277000
975,15584000,14988000,281000
976,15588000,15008000,273000
977,14580000,13988000,277000
978,15596000,15020000,280000
979,14580000,13980000,269000
980,15572000,15004000,265000
981,15584000,15000000,281000
982,13923000,13342000,285000
983,15258000,14653000,280000
984,14604000,14025000,284000
985,14575000,13972000,276000
986,15604000,15028000,281000
987,14568000,13967000,272000
988,15596000,15025000,277000
989,15572000,14976000,276000
990,14623000,14046000,288000
991,15572000,14957000,272000
992,15600000,15029000,285000
993,15580000,14976000,276000
994,15596000,15020000,277000
995,15564000,14968000,264000
996,15615000,15050000,289000
997,15568000,14953000,272000
998,15608000,15037000,288000
999,15568000,14960000,269000
1000,15627000,15059000,305000
1001,15597000,14967000,290000
1002,15623000,15033000,302000
1003,15594000,14967000,294000
1004,15627000,15033000,302000
1005,15606000,14979000,302000
1006,15635000,15033000,310000
1007,15591000,14955000,290000
1008,15635000,15045000,310000
1009,15602000,14967000,302000
1010,15635000,15033000,310000
1011,15586000,14951000,286000
1012,15631000,15045000,306000
1013,15586000,14955000,294000
1014,14635000,14041000,306000
1015,15619000,14979000,302000
1016,15623000,15021000,306000
1017,14603000,13971000,294000
1018,15611000,15016000,294000
1019,15607000,14989000,302000
1020,14627000,14024000,306000
1021,15607000,14975000,298000
1022,15619000,15021000,302000
1023,15623000,14995000,298000
1024,14619000,14009000,306000
1025,14607000,13975000,298000
1026,15640000,15042000,306000
1027,15583000,14943000,282000
1028,15631000,15048000,298000
1029,15636000,15005000,310000
1030,15615000,14991000,310000
1031,15619000,14983000,306000
1032,15627000,15017000,310000
1033,15603000,14968000,294000
1034,15623000,15028000,306000
1035,15619000,14979000,302000
1036,14623000,14021000,306000
1037,14598000,13967000,294000
1038,15623000,15029000,298000
1039,15590000,14967000,294000
1040,15648000,15054000,306000
1041,15615000,14974000,298000
1042,15627000,15017000,310000
1043,15594000,14959000,278000
1044,15623000,15037000,310000
1045,15606000,14971000,302000
1046,15657000,15054000,314000
1047,15582000,14934000,290000
1048,15635000,15045000,310000
1049,15602000,14967000,302000
1050,15640000,15038000,314000
1051,15601000,14962000,302000
1052,15627000,15025000,302000
1053,15571000,14943000,278000
1054,15631000,15053000,298000
1055,15587000,14963000,290000
1056,15644000,15054000,314000
1057,15585000,14946000,286000
1058,15635000,15049000,310000
1059,15602000,14967000,294000
1060,15619000,15025000,302000
1061,15590000,14963000,290000
1062,15619000,15028000,298000
1063,15583000,14960000,278000
1064,15627000,15049000,306000
1065,15589000,14959000,286000
1066,15627000,15041000,306000
1067,15579000,14947000,278000
1068,15627000,15049000,298000
1069,15585000,14963000,290000
1070,15635000,15045000,306000
1071,13929000,13297000,301000
1072,15296000,14695000,302000
1073,15594000,14967000,290000
1074,15631000,15041000,306000
1075,15594000,14963000,290000
1076,15627000,15037000,306000
1077,15587000,14955000,294000
1078,15623000,15032000,302000
1079,15598000,14976000,302000
1080,15631000,15033000,306000
1081,15598000,14971000,302000
1082,15615000,15017000,298000
1083,15609000,14987000,306000
1084,15635000,15033000,314000
1085,14614000,13971000,310000
1086,15631000,15025000,310000
1087,14586000,13955000,290000
1088,15619000,15032000,302000
1089,15599000,14977000,298000
1090,15619000,15023000,306000
1091,14623000,13996000,306000
1092,15615000,15009000,306000
1093,15607000,14979000,302000
1094,15595000,14996000,290000
1095,15611000,15004000,306000
1096,15627000,15025000,310000
1097,15603000,14971000,298000
1098,15611000,15016000,298000
1099,15607000,14988000,306000
1100,13953000,13351000,309000
1101,15271000,14645000,302000
1102,15615000,15016000,302000
1103,15603000,14980000,294000
1104,15619000,15029000,306000
1105,15619000,14991000,310000
1106,15623000,15013000,310000
1107,15619000,14979000,302000
1108,15607000,15008000,298000
1109,14607000,13989000,302000
1110,15611000,15011000,298000
1111,15607000,14988000,302000
1112,15619000,15021000,306000
1113,15623000,14995000,314000
1114,15615000,15000000,302000
1115,15619000,14996000,310000
1116,13954000,13344000,308000
1117,15269000,14644000,306000
1118,15635000,15033000,314000
1119,15614000,14971000,310000
1120,15627000,15021000,306000
1121,15590000,14963000,298000
1122,13959000,13364000,301000
1123,15257000,14640000,294000
1124,15619000,15029000,302000
1125,15602000,14979000,306000
1126,15627000,15025000,306000
1127,15602000,14975000,306000
1128,13966000,13363000,317000
1129,15262000,14629000,294000
1130,15619000,15029000,306000
1131,15619000,14991000,310000
1132,15615000,15004000,302000
1133,15618000,14988000,310000
1134,13958000,13351000,308000
1135,14281000,13649000,306000
1136,14611000,14008000,302000
1137,15603000,14980000,294000
1138,15619000,15029000,306000
1139,15607000,14979000,298000
1140,15611000,15016000,302000
1141,15607000,14984000,306000
1142,15627000,15025000,310000
1143,15619000,14987000,306000
1144,15623000,15017000,306000
1145,15615000,14983000,302000
1146,15606000,14992000,290000
1147,14590000,13980000,286000
1148,15619000,15032000,294000
1149,13933000,13314000,302000
1150,15293000,14691000,302000
1151,15589000,14967000,294000
1152,15635000,15045000,314000
1153,15598000,14963000,302000
1154,15627000,15029000,306000
1155,15598000,14971000,298000
1156,14627000,14033000,310000
1157,13938000,13306000,304000
1158,15278000,14677000,298000
1159,15619000,14992000,302000
1160,15607000,15008000,298000
1161,15619000,14992000,302000
1162,15607000,15008000,294000
1163,15599000,14984000,294000
1164,13934000,13343000,296000
1165,15273000,14661000,298000
1166,15611000,15016000,298000
1167,15614000,14988000,302000
1168,15611000,15012000,298000
1169,15615000,14988000,302000
1170,15611000,15012000,298000
1171,15587000,14969000,286000
1172,15615000,15031000,298000
1173,15615000,14996000,306000
1174,15611000,15004000,298000
1175,15615000,14996000,310000
1176,15615000,15004000,302000
1177,15623000,15000000,314000
1178,15611000,14996000,298000
1179,15618000,14992000,306000
1180,15619000,15017000,306000
1181,14619000,13991000,310000
1182,14611000,14000000,298000
1183,14606000,13988000,306000
1184,15635000,15033000,314000
1185,13941000,13306000,308000
1186,15283000,14677000,298000
1187,14602000,13984000,302000
1188,15627000,15029000,310000
1189,15598000,14967000,306000
1190,15639000,15037000,314000
1191,15594000,14959000,298000
1192,15635000,15041000,314000
1193,15591000,14955000,294000
1194,14623000,14033000,306000
1195,15606000,14979000,306000
1196,15635000,15033000,314000
1197,15602000,14967000,306000
1198,14623000,14021000,306000
1199,15618000,14983000,306000
1200,14615000,14012000,306000
1201,14623000,13996000,310000
1202,14623000,14013000,310000
1203,14607000,13975000,298000
1204,14607000,14012000,302000
1205,14602000,13980000,302000
1206,14623000,14024000,302000
1207,15597000,14976000,302000
1208,14644000,14046000,318000
1209,15586000,14946000,290000
1210,14635000,14049000,314000
1211,14594000,13959000,298000
1212,14615000,14020000,306000
1213,14626000,13992000,306000
1214,14615000,14012000,302000
1215,14603000,13980000,298000
1216,14611000,14016000,298000
1217,14598000,13980000,302000
1218,14635000,14037000,310000
1219,14594000,13963000,294000
1220,14623000,14033000,310000
1221,15602000,14971000,302000
1222,13953000,13355000,309000
1223,14285000,13653000,306000
1224,14627000,14025000,314000
1225,14619000,13975000,306000
1226,14611000,14000000,298000
1227,14594000,13980000,290000
1228,14623000,14037000,309000
1229,14601000,13971000,298000
1230,14631000,14037000,310000
1231,15586000,14955000,290000
1232,14623000,14037000,310000
1233,14623000,13991000,310000
1234,13953000,13343000,319000
1235,14280000,13645000,298000
1236,14611000,14016000,302000
1237,14602000,13980000,302000
1238,14627000,14029000,306000
1239,15574000,14947000,286000
1240,14639000,14057000,313000
1241,14605000,13971000,306000
1242,14623000,14021000,306000
1243,14603000,13975000,298000
1244,14615000,14020000,306000
1245,14611000,13984000,302000
1246,15610000,15004000,298000
1247,14610000,13996000,306000
1248,14615000,14012000,298000
1249,14583000,13964000,286000
1250,14631000,14049000,306000
1251,15586000,14959000,290000
1252,14623000,14037000,302000
1253,14593000,13971000,302000
1254,14627000,14029000,306000
1255,14603000,13975000,298000
1256,14627000,14033000,314000
1257,14599000,13963000,294000
1258,14615000,14024000,302000
1259,14602000,13980000,302000
1260,14627000,14029000,306000
1261,14590000,13963000,294000
1262,14631000,14041000,310000
1263,15582000,14951000,294000
1264,14643000,14053000,314000
1265,15594000,14959000,298000
1266,13954000,13359000,305000
1267,15254000,14634000,290000
1268,15631000,15044000,314000
1269,15619000,14975000,306000
1270,15615000,15012000,306000
1271,15603000,14976000,298000
1272,13961000,13367000,317000
1273,15266000,14633000,294000
1274,15619000,15029000,306000
1275,15603000,14975000,302000
1276,15623000,15025000,306000
1277,15599000,14971000,294000
1278,15610000,15012000,298000
1279,14607000,13993000,298000
1280,15611000,15015000,298000
1281,15619000,14992000,306000
1282,14611000,14008000,298000
1283,15606000,14988000,302000
1284,15623000,15025000,306000
1285,15591000,14963000,298000
1286,15627000,15033000,302000
1287,14614000,13983000,310000
1288,15631000,15025000,310000
1289,15594000,14963000,302000
1290,15635000,15037000,310000
1291,15602000,14971000,306000
1292,15635000,15033000,314000
1293,15598000,14963000,302000
1294,15635000,15037000,314000
1295,15598000,14963000,302000
1296,14627000,14029000,310000
1297,15617000,14979000,310000
1298,15631000,15025000,310000
1299,15597000,14967000,298000
1300,14623000,14029000,306000
1301,15602000,14975000,306000
1302,15623000,15021000,303000
1303,15589000,14967000,294000
1304,15635000,15045000,314000
1305,15614000,14971000,310000
1306,15623000,15017000,302000
1307,15602000,14979000,306000
1308,14619000,14016000,299000
1309,15589000,14972000,298000
1310,15639000,15045000,314000
1311,14598000,13963000,302000
1312,15623000,15025000,306000
1313,15607000,14979000,302000
1314,15611000,15012000,298000
1315,15603000,14984000,298000
1316,14610000,14008000,294000
1317,14619000,14000000,306000
1318,15611000,15008000,298000
1319,15607000,14988000,302000
1320,15631000,15033000,314000
1321,14619000,13979000,306000
1322,15619000,15009000,302000
1323,15599000,14971000,290000
1324,15619000,15029000,302000
1325,15619000,14991000,306000
1326,15611000,15000000,298000
1327,15623000,14992000,302000
1328,15619000,15017000,302000
1329,13948000,13321000,308000
1330,15291000,14683000,302000
1331,15594000,14967000,290000
1332,14627000,14037000,306000
1333,13938000,13306000,305000
1334,15287000,14686000,302000
1335,15593000,14971000,298000
1336,15627000,15033000,310000
1337,15601000,14971000,302000
1338,14619000,14020000,305000
1339,15597000,14972000,294000
1340,13958000,13367000,309000
1341,15281000,14649000,310000
1342,15631000,15025000,310000
1343,15599000,14967000,298000
1344,15615000,15020000,306000
1345,15627000,15000000,314000
1346,13962000,13347000,317000
1347,14267000,13633000,294000
1348,15615000,15025000,306000
1349,15627000,15000000,314000
1350,14606000,13983000,294000
1351,15594000,14984000,294000
1352,14640000,14050000,318000
1353,15597000,14958000,302000
1354,15623000,15025000,306000
1355,14602000,13975000,302000
1356,13970000,13372000,322000
1357,14261000,13624000,298000
1358,13949000,13355000,310000
1359,15272000,14645000,294000
1360,15623000,15033000,310000
1361,15603000,14971000,298000
1362,15598000,15004000,294000
1363,15599000,14989000,286000
1364,13945000,13362000,309000
1365,15267000,14642000,294000
1366,15619000,15028000,306000
1367,15607000,14979000,302000
1368,15619000,15021000,306000
1369,15603000,14975000,302000
1370,15619000,15020000,302000
1371,14606000,13984000,306000
1372,15627000,15025000,310000
1373,14606000,13975000,306000
1374,15623000,15021000,306000
1375,15602000,14975000,302000
1376,15635000,15037000,314000
1377,15594000,14959000,298000
1378,15619000,15024000,302000
1379,15598000,14976000,294000
1380,15615000,15024000,298000
1381,14582000,13964000,286000
1382,15635000,15053000,314000
1383,15590000,14955000,298000
1384,15627000,15033000,302000
1385,15590000,14967000,294000
1386,15644000,15054000,318000
1387,15598000,14954000,282000
1388,14619000,14029000,306000
1389,14602000,13971000,298000
1390,14623000,14025000,306000
1391,14623000,13983000,302000
1392,15615000,15012000,302000
1393,15607000,14980000,294000
1394,15599000,15004000,286000
1395,15587000,14981000,278000
1396,15615000,15035000,298000
1397,15619000,14996000,310000
1398,13937000,13327000,305000
1399,15283000,14661000,302000
1400,15615000,15016000,302000
1401,15619000,14996000,310000
1402,15611000,15000000,302000
1403,15611000,14988000,306000
1404,13953000,13351000,314000
1405,15279000,14649000,302000
1406,14635000,14033000,314000
1407,14594000,13959000,298000
1408,15619000,15024000,302000
1409,14602000,13980000,306000
1410,15635000,15033000,310000
1411,15586000,14955000,290000
1412,15619000,15032000,298000
1413,15598000,14980000,302000
1414,15619000,15020000,298000
1415,15587000,14968000,294000
1416,15635000,15045000,306000
1417,15594000,14967000,298000
1418,15611000,15016000,294000
1419,14619000,14004000,314000
1420,15631000,15013000,306000
1421,15594000,14963000,294000
1422,14615000,14012000,290000
1423,15591000,14981000,282000
1424,15615000,15031000,298000
1425,13946000,13323000,296000
1426,15274000,14677000,298000
1427,15607000,14984000,294000
1428,15615000,15021000,298000
1429,15599000,14975000,294000
1430,15611000,15016000,290000
1431,14615000,14000000,306000
1432,15615000,15004000,298000
1433,14591000,13969000,286000
1434,15619000,15031000,298000
1435,15599000,14977000,290000
1436,15595000,15003000,286000
1437,14606000,14000000,298000
1438,15619000,15020000,298000
1439,15598000,14976000,294000
1440,14631000,14037000,306000
1441,14598000,13967000,298000
1442,14627000,14029000,306000
1443,15594000,14963000,286000
1444,14623000,14037000,306000
1445,14617000,13979000,306000
1446,15627000,15021000,306000
1447,14619000,13979000,302000
1448,15615000,15012000,302000
1449,15611000,14984000,298000
1450,15611000,15004000,290000
1451,15591000,14981000,290000
1452,13962000,13371000,305000
1453,15271000,14644000,302000
1454,15623000,15021000,302000
1455,15618000,14983000,302000
1456,15611000,15008000,298000
1457,14611000,13988000,298000
1458,15611000,15012000,294000
1459,13920000,13302000,294000
1460,14308000,13715000,306000
1461,15601000,14971000,306000
1462,14623000,14021000,302000
1463,13937000,13313000,312000
1464,14275000,13666000,294000
1465,15623000,15004000,310000
1466,15627000,15021000,310000
1467,15619000,14979000,306000
1468,15610000,15000000,298000
1469,15611000,14996000,302000
1470,15619000,15021000,306000
1471,15619000,14991000,310000
1472,15623000,15013000,310000
1473,15603000,14971000,298000
1474,15623000,15029000,310000
1475,15603000,14971000,294000
1476,15619000,15029000,310000
1477,15607000,14976000,302000
1478,15598000,14999000,294000
1479,14603000,13993000,298000
1480,14631000,14036000,314000
1481,14619000,13983000,310000
1482,15623000,15013000,310000
1483,14602000,13971000,302000
1484,14615000,14017000,295000
1485,14597000,13979000,302000
1486,14635000,14037000,310000
1487,14594000,13963000,302000
1488,14627000,14029000,306000
1489,14599000,13972000,302000
1490,14623000,14023000,302000
1491,14603000,13980000,298000
1492,14615000,14020000,302000
1493,14602000,13980000,302000
1494,14623000,14025000,306000
1495,14590000,13963000,290000
1496,14631000,14045000,314000
1497,14593000,13959000,294000
1498,14619000,14028000,302000
1499,14599000,13976000,298000
1500,14627000,14033000,310000
1501,14599000,13967000,294000
1502,14611000,14020000,302000
1503,14598000,13976000,294000
1504,14644000,14054000,318000
1505,14599000,13954000,298000
1506,14623000,14025000,299000
1507,14593000,13971000,294000
1508,14615000,14020000,294000
1509,14603000,13984000,298000
1510,15615000,15016000,294000
1511,15599000,14981000,290000
1512,15611000,15011000,290000
1513,15595000,14985000,294000
1514,15623000,15027000,298000
1515,15591000,14969000,286000
1516,15615000,15027000,298000
1517,15622000,14992000,302000
1518,14615000,14012000,298000
1519,14619000,13988000,306000
1520,14619000,14012000,298000
1521,14618000,13988000,306000
1522,14627000,14021000,302000
1523,14598000,13971000,294000
1524,14615000,14020000,295000
1525,14594000,13976000,298000
1526,14619000,14020000,298000
1527,15627000,15004000,310000
1528,14619000,14005000,302000
1529,14619000,13983000,306000
1530,14615000,14008000,294000
1531,14603000,13984000,298000
1532,14615000,14016000,294000
1533,14583000,13964000,282000
1534,14639000,14057000,310000
1535,14598000,13963000,302000
1536,14627000,14029000,310000
1537,14601000,13971000,302000
1538,14623000,14025000,306000
1539,15607000,14979000,298000
1540,14619000,14025000,310000
1541,14623000,13991000,314000
1542,15615000,15000000,302000
1543,14618000,13988000,302000
1544,13934000,13335000,301000
1545,15274000,14657000,298000
1546,14619000,14025000,298000
1547,14586000,13967000,290000
1548,14615000,14028000,298000
1549,15598000,14980000,298000
1550,13945000,13351000,306000
1551,15276000,14653000,298000
1552,15607000,15012000,298000
1553,15619000,15000000,306000
1554,15606000,14992000,290000
1555,15595000,14988000,294000
1556,13954000,13364000,306000
1557,14267000,13644000,298000
1558,13941000,13347000,306000
1559,15267000,14645000,294000
1560,14619000,14029000,302000
1561,15598000,14975000,298000
1562,14619000,14025000,298000
1563,15574000,14955000,286000
1564,14635000,14053000,306000
1565,15590000,14963000,294000
1566,15631000,15041000,310000
1567,14594000,13963000,298000
1568,13949000,13355000,309000
1569,14263000,13637000,286000
1570,14607000,14024000,294000
1571,14582000,13968000,286000
1572,15631000,15049000,306000
1573,15586000,14959000,294000
1574,14627000,14037000,302000
1575,15594000,14971000,298000
1576,15627000,15033000,306000
1577,15594000,14967000,298000
1578,15623000,15029000,302000
1579,13917000,13293000,297000
1580,15304000,14711000,306000
1581,15582000,14955000,290000
1582,15627000,15041000,302000
1583,14590000,13967000,294000
1584,15619000,15029000,298000
1585,15590000,14971000,294000
1586,15631000,15041000,310000
1587,15586000,14955000,290000
1588,14615000,14028000,298000
1589,15591000,14973000,290000
1590,13954000,13367000,305000
1591,14278000,13648000,306000
1592,13937000,13335000,309000
1593,14286000,13661000,306000
1594,14619000,14016000,302000
1595,15598000,14976000,298000
1596,15631000,15037000,310000
1597,15614000,14975000,310000
1598,14631000,14025000,310000
1599,13929000,13298000,297000
1600,15295000,14702000,314000
1601,15619000,14975000,306000
1602,15611000,15008000,302000
1603,14599000,13976000,294000
1604,14619000,14028000,302000
1605,15627000,15005000,314000
1606,14606000,13983000,298000
1607,14603000,13989000,298000
1608,15627000,15032000,310000
1609,15619000,14979000,306000
1610,15611000,15008000,302000
1611,14610000,13988000,306000
1612,15619000,15016000,302000
1613,14602000,13980000,306000
1614,14635000,14033000,310000
1615,14602000,13971000,306000
1616,14623000,14021000,306000
1617,13942000,13314000,305000
1618,14278000,13669000,298000
1619,15607000,14992000,298000
1620,14615000,14020000,302000
1621,15595000,14973000,298000
1622,13957000,13362000,315000
1623,14255000,13625000,286000
1624,14631000,14049000,309000
1625,14617000,13979000,310000
1626,14619000,14012000,298000
1627,14586000,13968000,294000
1628,15623000,15032000,306000
1629,15622000,14988000,306000
1630,14623000,14021000,310000
1631,14623000,13991000,314000
1632,14619000,14005000,306000
1633,14603000,13975000,302000
1634,14627000,14029000,310000
1635,14598000,13967000,294000
1636,14631000,14041000,314000
1637,14597000,13963000,302000
1638,14635000,14037000,314000
1639,14586000,13951000,290000
1640,14623000,14037000,310000
1641,14603000,13971000,294000
1642,14611000,14020000,298000
1643,14607000,13988000,302000
1644,14615000,14012000,294000
1645,14602000,13984000,298000
1646,14631000,14033000,306000
1647,14598000,13967000,298000
1648,14619000,14020000,299000
1649,14605000,13984000,302000
1650,14635000,14033000,310000
1651,14587000,13952000,282000
1652,15615000,15031000,302000
1653,15623000,14988000,306000
1654,14623000,14021000,310000
1655,14619000,13987000,310000
1656,14623000,14013000,310000
1657,14594000,13963000,294000
1658,14623000,14033000,302000
1659,14587000,13963000,294000
1660,14623000,14032000,302000
1661,14595000,13972000,298000
1662,14631000,14033000,306000
1663,14618000,13983000,310000
1664,14623000,14017000,306000
1665,14607000,13979000,302000
1666,14611000,14012000,302000
1667,14610000,13988000,302000
1668,14627000,14029000,310000
1669,15619000,14987000,314000
1670,14619000,14005000,302000
1671,14594000,13971000,298000
1672,14623000,14029000,302000
1673,14614000,13983000,302000
1674,14615000,14017000,302000
1675,14615000,13983000,306000
1676,15611000,15000000,298000
1677,14627000,14012000,310000
1678,14610000,13988000,290000
1679,14594000,13984000,290000
1680,14627000,14037000,298000
1681,13921000,13297000,298000
1682,15308000,14711000,302000
1683,14586000,13959000,290000
1684,14615000,14024000,294000
1685,15603000,14984000,294000
1686,15611000,15016000,294000
1687,14595000,13976000,290000
1688,14615000,14024000,302000
1689,14623000,13988000,302000
1690,14615000,14012000,298000
1691,14606000,13984000,302000
1692,14623000,14021000,302000
1693,14602000,13975000,298000
1694,14627000,14029000,302000
1695,14594000,13967000,298000
1696,14627000,14029000,302000
1697,14607000,13979000,302000
1698,14623000,14021000,302000
1699,14599000,13971000,290000
1700,14623000,14033000,306000
1701,14598000,13967000,298000
1702,14639000,14041000,310000
1703,14598000,13963000,298000
1704,14627000,14029000,306000
1705,14606000,13975000,302000
1706,14627000,14025000,306000
1707,14619000,13987000,306000
1708,14611000,14000000,298000
1709,14599000,13976000,290000
1710,14619000,14028000,302000
1711,14606000,13980000,298000
1712,14635000,14037000,310000
1713,14594000,13959000,294000
1714,14627000,14033000,302000
1715,14591000,13963000,286000
1716,14615000,14028000,298000
1717,14599000,13977000,298000
1718,14627000,14032000,310000
1719,14619000,13987000,310000
1720,14623000,14013000,310000
1721,15610000,14975000,302000
1722,15631000,15029000,306000
1723,14602000,13971000,302000
1724,15635000,15033000,310000
1725,15593000,14959000,294000
1726,14619000,14025000,295000
1727,14597000,13979000,302000
1728,15623000,15020000,294000
1729,15590000,14972000,294000
1730,14631000,14037000,306000
1731,15602000,14971000,294000
1732,14623000,14029000,306000
1733,15599000,14968000,294000
1734,14602000,14007000,294000
1735,15627000,15004000,302000
1736,15627000,15025000,310000
1737,15607000,14971000,298000
1738,13958000,13359000,309000
1739,14271000,13641000,298000
1740,14610000,14004000,298000
1741,14610000,13992000,298000
1742,15623000,15025000,298000
1743,14591000,13967000,294000
1744,14635000,14041000,306000
1745,14590000,13959000,294000
1746,14635000,14041000,310000
1747,14619000,13975000,298000
1748,14619000,14021000,306000
1749,15607000,14975000,298000
1750,14615000,14016000,298000
1751,14607000,13985000,298000
1752,14619000,14020000,302000
1753,15598000,14971000,294000
1754,14627000,14033000,302000
1755,14598000,13971000,298000
1756,15635000,15037000,310000
1757,15583000,14947000,286000
1758,14635000,14049000,310000
1759,14593000,13959000,294000
1760,14631000,14037000,306000
1761,14603000,13971000,294000
1762,14623000,14029000,306000
1763,14619000,13979000,298000
1764,15619000,15021000,306000
1765,14595000,13963000,290000
1766,14615000,14024000,294000
1767,14594000,13976000,290000
1768,15631000,15041000,306000
1769,14594000,13963000,294000
1770,14631000,14037000,310000
1771,14602000,13967000,298000
1772,14615000,14008000,294000
1773,14607000,13992000,298000
1774,14623000,14025000,302000
1775,15595000,14967000,290000
1776,14619000,14028000,298000
1777,15595000,14973000,290000
1778,14623000,14032000,302000
1779,13928000,13301000,298000
1780,14309000,13711000,310000
1781,14614000,13971000,306000
1782,14627000,14021000,302000
1783,14598000,13971000,298000
1784,14623000,14025000,306000
1785,14623000,13991000,306000
1786,14615000,14004000,302000
1787,14623000,13996000,306000
1788,14619000,14009000,302000
1789,14618000,13983000,306000
1790,14631000,14025000,306000
1791,15590000,14959000,294000
1792,14635000,14041000,306000
1793,14598000,13967000,298000
1794,13945000,13347000,302000
1795,14280000,13657000,294000
1796,14611000,14016000,298000
1797,15631000,15009000,314000
1798,14611000,13991000,298000
1799,14606000,13984000,302000
1800,14631000,14029000,306000
1801,14591000,13959000,290000
1802,14627000,14037000,302000
1803,14590000,13963000,294000
1804,15627000,15033000,302000
1805,14590000,13963000,290000
1806,15635000,15045000,310000
1807,14599000,13964000,290000
1808,14611000,14011000,294000
1809,14611000,13996000,302000
1810,14631000,14029000,310000
1811,15619000,14975000,298000
1812,14615000,14017000,302000
1813,14579000,13951000,282000
1814,15639000,15057000,310000
1815,13940000,13305000,300000
1816,14294000,13695000,306000
1817,14602000,13971000,302000
1818,15615000,15012000,294000
1819,14599000,13980000,294000
1820,14627000,14033000,306000
1821,14607000,13975000,298000
1822,14623000,14025000,306000
1823,14602000,13971000,298000
1824,14623000,14025000,298000
1825,15587000,14963000,294000
1826,14635000,14041000,302000
1827,15585000,14959000,286000
1828,14627000,14041000,302000
1829,14593000,13967000,294000
1830,14627000,14033000,306000
1831,14603000,13971000,294000
1832,14611000,14016000,302000
1833,15627000,14992000,302000
1834,14615000,14012000,302000
1835,15611000,14985000,298000
1836,14611000,14011000,298000
1837,14606000,13984000,298000
1838,14635000,14037000,310000
1839,14589000,13955000,290000
1840,14635000,14045000,310000
1841,14594000,13959000,294000
1842,14615000,14012000,290000
1843,13937000,13326000,295000
1844,14281000,13686000,302000
1845,14607000,13981000,303000
1846,14619000,14019000,302000
1847,14598000,13976000,298000
1848,14631000,14037000,310000
1849,13932000,13302000,301000
1850,14279000,13681000,302000
1851,14603000,13981000,294000
1852,15610000,15011000,302000
1853,14611000,13992000,302000
1854,15623000,15025000,310000
1855,14622000,13983000,306000
1856,15619000,15017000,306000
1857,15603000,14975000,298000
1858,14623000,14029000,310000
1859,14594000,13963000,294000
1860,14623000,14033000,302000
1861,14586000,13963000,294000
1862,14635000,14045000,310000
1863,15602000,14971000,306000
1864,15635000,15033000,314000
1865,14598000,13963000,302000
1866,15623000,15025000,302000
1867,14590000,13967000,298000
1868,14619000,14024000,302000
1869,14611000,13988000,306000
1870,15623000,15021000,306000
1871,15619000,14991000,310000
1872,14619000,14009000,306000
1873,14619000,13991000,310000
1874,14627000,14017000,314000
1875,14602000,13967000,298000
1876,15631000,15037000,314000
1877,15598000,14963000,302000
1878,14640000,14042000,318000
1879,15594000,14954000,294000
1880,14631000,14041000,310000
1881,15586000,14955000,290000
1882,14619000,14033000,298000
1883,15589000,14971000,294000
1884,14611000,14020000,294000
1885,14599000,13984000,298000
1886,14619000,14025000,302000
1887,15599000,14975000,294000
1888,14607000,14016000,298000
1889,14603000,13984000,294000
1890,15607000,15016000,298000
1891,14598000,13980000,294000
1892,15619000,15029000,302000
1893,14594000,13971000,294000
1894,15627000,15037000,306000
1895,15582000,14955000,294000
1896,14635000,14045000,314000
1897,14606000,13971000,306000
1898,14635000,14033000,314000
1899,14594000,13959000,298000
1900,15623000,15029000,310000
1901,15623000,14983000,306000
1902,14623000,14021000,310000
1903,15607000,14975000,298000
1904,15611000,15016000,298000
1905,15614000,14988000,302000
1906,14611000,14012000,298000
1907,15615000,14988000,302000
1908,15611000,15012000,298000
1909,15599000,14980000,298000
1910,14615000,14020000,298000
1911,15603000,14984000,306000
1912,13957000,13355000,312000
1913,14265000,13637000,298000
1914,15635000,15041000,314000
1915,14614000,13971000,310000
1916,14619000,14012000,298000
1917,14591000,13972000,294000
1918,15631000,15037000,310000
1919,14597000,13967000,298000
1920,14623000,14029000,298000
1921,15618000,14983000,306000
1922,14623000,14021000,310000
1923,14619000,13979000,302000
1924,14623000,14025000,314000
1925,14606000,13971000,306000
1926,14627000,14025000,306000
1927,14589000,13963000,290000
1928,14623000,14037000,306000
1929,14589000,13963000,290000
1930,15611000,15025000,298000
1931,15597000,14979000,298000
1932,14603000,14008000,298000
1933,13965000,13351000,316000
1934,15278000,14665000,306000
1935,14607000,13980000,294000
1936,14611000,14020000,302000
1937,14598000,13976000,294000
1938,14619000,14029000,302000
1939,14594000,13971000,294000
1940,15631000,15041000,310000
1941,14594000,13963000,298000
1942,14623000,14029000,302000
1943,14597000,13975000,306000
1944,14603000,14000000,294000
1945,14623000,14004000,310000
1946,15623000,15017000,306000
1947,13953000,13326000,312000
1948,14274000,13665000,302000
1949,14602000,13980000,298000
1950,15627000,15033000,306000
1951,14614000,13979000,310000
1952,14631000,14025000,310000
1953,14614000,13975000,310000
1954,14623000,14017000,306000
1955,14618000,13983000,302000
1956,15615000,15017000,306000
1957,14607000,13979000,302000
1958,14610000,14004000,302000
1959,15627000,15000000,306000
1960,14611000,14008000,302000
1961,14610000,13988000,306000
1962,14627000,14025000,306000
1963,14602000,13975000,306000
1964,14627000,14025000,306000
1965,15602000,14975000,306000
1966,13949000,13347000,311000
1967,14280000,13653000,302000
1968,15623000,15025000,310000
1969,14623000,13991000,314000
1970,15619000,15005000,306000
1971,14619000,13983000,302000
1972,14607000,14008000,302000
1973,14602000,13980000,302000
1974,14627000,14029000,306000
1975,14602000,13975000,302000
1976,14635000,14037000,314000
1977,14602000,13967000,306000
1978,14603000,14000000,294000
1979,13957000,13347000,312000
1980,14261000,13653000,298000
1981,14626000,14004000,306000
1982,14619000,14017000,306000
1983,15606000,14979000,306000
1984,14631000,14029000,310000
1985,14598000,13967000,302000
1986,14631000,14033000,310000
1987,14590000,13959000,294000
1988,15631000,15041000,310000
1989,15618000,14987000,313000
1990,14611000,13996000,298000
1991,14595000,13976000,294000
1992,14627000,14037000,310000
1993,14619000,13979000,306000
1994,14611000,14008000,302000
1995,14606000,13984000,302000
1996,14603000,14005000,294000
1997,15605000,14995000,302000
1998,13958000,13359000,308000
1999,15253000,14629000,298000
2000,14631000,14037000,306000
2001,14606000,13979000,306000
2002,15627000,15021000,302000
2003,14603000,13976000,294000
2004,14619000,14024000,302000
2005,15603000,14975000,294000
2006,15615000,15020000,302000
2007,15623000,14996000,306000
2008,14623000,14013000,306000
2009,14623000,13991000,310000
2010,14615000,14000000,298000
2011,14590000,13968000,294000
2012,15623000,15028000,291000
2013,13927000,13310000,302000
2014,14309000,13707000,306000
2015,15589000,14959000,294000
2016,14631000,14037000,306000
2017,15619000,14979000,302000
2018,13945000,13343000,307000
2019,15277000,14649000,294000
2020,14599000,14005000,290000
2021,14611000,13999000,298000
2022,15615000,15016000,298000
2023,14602000,13980000,298000
2024,15635000,15037000,310000
2025,13933000,13297000,304000
2026,14299000,13695000,306000
2027,14598000,13967000,294000
2028,14615000,14020000,298000
2029,14611000,13988000,302000
2030,14619000,14016000,298000
2031,14599000,13976000,298000
2032,14607000,14008000,290000
2033,14602000,13992000,294000
2034,14631000,14037000,306000
2035,15590000,14959000,286000
2036,14611000,14024000,294000
2037,15618000,14992000,306000
2038,14627000,14021000,302000
2039,14598000,13971000,298000
2040,14615000,14016000,294000
2041,14599000,13981000,294000
2042,14602000,14007000,286000
2043,14619000,14012000,306000
2044,14611000,14000000,294000
2045,14602000,13984000,298000
2046,14627000,14029000,302000
2047,14586000,13959000,290000
2048,14631000,14041000,302000
2049,14602000,13975000,302000
2050,15623000,15021000,298000
2051,14614000,13983000,306000
2052,14615000,14000000,290000
2053,15627000,15017000,294000
2054,14599000,13991000,294000
2055,14623000,14004000,310000
2056,14623000,14009000,306000
2057,14603000,13971000,298000
2058,14623000,14025000,298000
2059,14598000,13975000,302000
2060,14635000,14033000,306000
2061,14613000,13975000,306000
2062,14619000,14012000,298000
2063,14619000,13988000,302000
2064,14611000,14008000,294000
2065,14619000,13992000,306000
2066,14623000,14017000,302000
2067,14598000,13971000,298000
2068,14631000,14033000,302000
2069,14602000,13975000,302000
2070,14623000,14021000,298000
2071,14602000,13979000,302000
2072,14603000,14001000,290000
2073,14611000,13999000,302000
2074,14619000,14016000,298000
2075,14619000,13996000,306000
2076,14611000,13992000,290000
2077,14583000,13972000,286000
2078,15631000,15045000,298000
2079,14598000,13975000,298000
2080,14623000,14025000,298000
2081,14587000,13963000,290000
2082,14623000,14032000,294000
2083,14582000,13964000,290000
2084,14623000,14032000,294000
2085,14618000,13992000,302000
2086,15611000,15008000,294000
2087,14619000,13992000,306000
2088,15623000,15017000,302000
2089,14619000,13984000,306000
2090,14623000,14016000,302000
2091,14602000,13975000,302000
2092,14635000,14033000,306000
2093,14594000,13963000,298000
2094,14631000,14033000,302000
2095,14581000,13955000,286000
2096,15618000,15024000,298000
2097,15611000,14996000,302000
2098,15611000,15012000,298000
2099,14619000,14000000,310000
2100,14615000,14004000,306000
2101,14623000,13996000,310000
2102,14611000,14000000,298000
2103,15618000,14992000,310000
2104,14623000,14017000,306000
2105,14594000,13967000,294000
2106,14627000,14037000,306000
2107,14613000,13979000,310000
2108,14631000,14025000,310000
2109,14602000,13971000,306000
2110,14619000,14016000,302000
2111,14603000,13980000,298000
2112,14611000,14016000,298000
2113,14595000,13977000,294000
2114,14602000,14011000,294000
2115,14591000,13980000,290000
2116,14631000,14045000,310000
2117,14601000,13971000,302000
2118,14631000,14033000,310000
2119,14613000,13975000,310000
2120,14615000,14008000,298000
2121,14619000,13992000,306000
2122,14603000,13996000,290000
2123,14623000,14012000,306000
2124,14611000,13993000,290000
2125,14599000,13987000,298000
2126,15635000,15037000,306000
2127,14594000,13963000,294000
2128,14627000,14033000,306000
2129,14598000,13967000,294000
2130,14615000,14020000,298000
2131,14623000,14001000,302000
2132,14623000,14012000,306000
2133,14619000,13979000,302000
2134,14615000,14012000,298000
2135,14598000,13976000,294000
2136,14619000,14024000,298000
2137,14602000,13980000,298000
2138,14635000,14037000,310000
2139,14599000,13963000,298000
2140,14615000,14016000,294000
2141,14607000,13989000,298000
2142,14623000,14024000,306000
2143,14619000,13987000,306000
2144,14623000,14013000,306000
2145,15591000,14959000,286000
2146,14615000,14028000,298000
2147,14594000,13972000,290000
2148,14627000,14037000,302000
2149,14590000,13963000,286000
2150,14631000,14045000,306000
2151,14602000,13971000,302000
2152,14619000,14016000,298000
2153,14607000,13984000,302000
2154,14627000,14025000,306000
2155,14603000,13971000,298000
2156,14615000,14016000,298000
2157,14583000,13960000,278000
2158,14623000,14044000,298000
2159,14597000,13976000,298000
2160,14635000,14037000,306000
2161,14583000,13951000,286000
2162,14631000,14045000,306000
2163,14607000,13975000,298000
2164,15615000,15016000,302000
2165,15622000,14988000,306000
2166,15615000,15012000,302000
2167,14595000,13972000,290000
2168,14610000,14016000,294000
2169,14590000,13980000,290000
2170,15615000,15028000,294000
2171,14590000,13976000,294000
2172,14631000,14041000,306000
2173,14594000,13967000,294000
2174,14611000,14017000,291000
2175,14590000,13979000,302000
2176,14627000,14029000,306000
2177,14591000,13964000,291000
2178,14623000,14036000,306000
2179,14619000,13991000,310000
2180,14619000,14009000,306000
2181,14598000,13971000,298000
2182,13961000,13367000,318000
2183,14271000,13637000,298000
2184,14619000,14025000,302000
2185,14595000,13971000,294000
2186,14615000,14024000,298000
2187,14603000,13984000,298000
2188,14615000,14021000,302000
2189,14590000,13967000,290000
2190,14619000,14033000,298000
2191,14590000,13971000,294000
2192,14627000,14037000,306000
2193,14582000,13955000,290000
2194,14615000,14028000,298000
2195,14619000,13992000,302000
2196,14619000,14021000,306000
2197,14603000,13975000,298000
2198,14619000,14025000,306000
2199,14586000,13959000,290000
2200,14627000,14041000,310000
2201,14589000,13959000,294000
2202,14631000,14041000,306000
2203,14590000,13963000,298000
2204,14619000,14024000,298000
2205,14595000,13976000,294000
2206,14619000,14028000,302000
2207,14603000,13980000,298000
2208,14623000,14029000,310000
2209,14594000,13963000,298000
2210,14623000,14028000,302000
2211,14598000,13976000,302000
2212,14639000,14041000,314000
2213,13941000,13306000,308000
2214,14295000,13690000,314000
2215,14618000,13975000,306000
2216,13962000,13359000,316000
2217,14257000,13625000,298000
2218,14639000,14045000,314000
2219,14586000,13951000,294000
2220,14644000,14054000,318000
2221,14590000,13950000,294000
2222,14623000,14033000,310000
2223,14623000,13983000,306000
2224,14611000,14008000,302000
2225,14595000,13973000,294000
2226,14623000,14031000,302000
2227,14602000,13980000,302000
2228,14635000,14037000,314000
2229,14595000,13959000,298000
2230,14635000,14041000,314000
2231,14594000,13959000,298000
2232,14619000,14024000,306000
2233,14623000,13996000,310000
2234,14627000,14017000,314000
2235,14603000,13967000,298000
2236,14615000,14020000,306000
2237,14606000,13980000,302000
2238,14619000,14020000,302000
2239,14606000,13984000,306000
2240,14640000,14038000,318000
2241,14602000,13962000,306000
2242,14627000,14025000,310000
2243,14603000,13971000,302000
2244,14623000,14025000,310000
2245,15623000,14991000,306000
2246,14611000,14004000,302000
2247,14595000,13973000,294000
2248,14623000,14032000,306000
2249,14594000,13967000,294000
2250,14627000,14037000,306000
2251,14598000,13971000,302000
2252,14635000,14037000,314000
2253,14590000,13955000,294000
2254,14627000,14037000,310000
2255,14599000,13967000,294000
2256,14611000,14012000,298000
2257,15599000,14985000,294000
2258,14627000,14036000,310000
2259,14594000,13963000,298000
2260,14627000,14033000,306000
2261,14594000,13967000,294000
2262,14635000,14045000,314000
2263,14597000,13963000,302000
2264,14619000,14020000,302000
2265,14618000,13988000,306000
2266,14619000,14017000,306000
2267,14603000,13975000,302000
2268,14615000,14016000,302000
2269,14587000,13964000,290000
2270,14635000,14049000,306000
2271,14579000,13951000,286000
2272,14623000,14040000,298000
2273,14599000,13980000,294000
2274,14623000,14025000,306000
2275,14619000,13991000,310000
2276,14615000,14004000,302000
2277,14603000,13980000,302000
2278,14619000,14020000,302000
2279,14590000,13968000,294000
2280,14623000,14032000,306000
2281,14597000,13972000,298000
2282,14639000,14045000,314000
2283,14594000,13959000,302000
2284,14623000,14024000,302000
2285,14599000,13976000,298000
2286,14619000,14024000,302000
2287,14603000,13981000,298000
2288,14610000,14007000,298000
2289,14590000,13976000,290000
2290,14635000,14049000,310000
2291,14594000,13963000,302000
2292,14631000,14033000,306000
2293,14590000,13963000,298000
2294,14623000,14028000,302000
2295,14619000,13988000,306000
2296,14615000,14012000,302000
2297,14599000,13977000,298000
2298,14631000,14036000,314000
2299,14602000,13967000,302000
2300,14619000,14020000,302000
2301,14597000,13976000,298000
2302,14623000,14029000,302000
2303,14582000,13959000,290000
2304,14627000,14041000,306000
2305,14603000,13975000,298000
2306,14619000,14025000,306000
2307,14619000,13991000,310000
2308,14619000,14009000,306000
2309,15619000,14991000,310000
2310,14623000,14013000,310000
2311,14606000,13975000,306000
2312,14631000,14029000,310000
2313,14601000,13971000,306000
2314,14623000,14021000,302000
2315,14602000,13979000,306000
2316,14623000,14021000,306000
2317,14619000,13991000,310000
2318,14611000,14000000,302000
2319,14627000,14004000,314000
2320,14611000,13996000,298000
2321,14590000,13972000,294000
2322,14627000,14037000,306000
2323,14601000,13975000,302000
2324,14631000,14033000,314000
2325,14597000,13963000,298000
2326,14631000,14037000,314000
2327,14607000,13971000,302000
2328,14623000,14025000,310000
2329,14619000,13987000,310000
2330,14611000,14000000,298000
2331,14594000,13976000,298000
2332,14631000,14037000,305000
2333,14589000,13963000,298000
2334,15635000,15041000,310000
2335,15582000,14951000,290000
2336,14627000,14041000,306000
2337,14601000,13975000,302000
2338,14623000,14025000,306000
2339,14619000,13983000,306000
2340,13941000,13339000,310000
2341,14267000,13641000,294000
2342,14639000,14049000,314000
2343,14594000,13959000,298000
2344,14619000,14024000,302000
2345,14586000,13964000,290000
2346,14623000,14036000,306000
2347,14623000,13988000,306000
2348,14615000,14012000,302000
2349,14599000,13976000,298000
2350,15623000,15029000,306000
2351,13941000,13313000,312000
2352,15307000,14699000,314000
2353,15586000,14951000,290000
2354,14640000,14054000,317000
2355,14590000,13950000,294000
2356,14635000,14045000,314000
2357,14587000,13951000,290000
2358,14635000,14049000,314000
2359,14619000,13979000,306000
2360,13949000,13339000,311000
2361,14269000,13638000,290000
2362,14619000,14027000,302000
2363,14603000,13976000,298000
2364,14639000,14041000,310000
2365,14598000,13963000,298000
2366,14631000,14033000,306000
2367,15590000,14959000,290000
2368,15619000,15028000,298000
2369,14598000,13976000,294000
2370,14623000,14029000,302000
2371,14607000,13979000,298000
2372,14615000,14016000,302000
2373,15623000,14988000,298000
2374,14615000,14017000,302000
2375,15619000,14991000,306000
2376,15615000,15004000,298000
2377,14594000,13972000,294000
2378,15635000,15041000,306000
2379,15598000,14967000,298000
2380,14619000,14021000,295000
2381,15586000,14967000,290000
2382,15631000,15041000,302000
2383,14586000,13959000,294000
2384,15631000,15037000,299000
2385,15589000,14967000,294000
2386,13965000,13371000,314000
2387,14263000,13629000,290000
2388,15627000,15037000,306000
2389,14607000,13975000,298000
2390,14615000,14016000,298000
2391,15623000,15000000,310000
2392,15619000,15005000,302000
2393,13961000,13334000,316000
2394,15282000,14666000,302000
2395,14598000,13971000,298000
2396,14627000,14029000,298000
2397,15597000,14975000,302000
2398,13971000,13368000,309000
2399,16277000,15640000,306000
2400,15623000,15017000,299000
2401,14597000,13975000,302000
2402,15627000,15025000,298000
2403,15602000,14979000,302000
2404,13950000,13347000,306000
2405,14280000,13653000,298000
2406,14619000,14021000,302000
2407,14595000,13968000,290000
2408,15627000,15036000,306000
2409,15603000,14971000,298000
2410,15619000,15020000,298000
2411,15595000,14972000,290000
2412,14627000,14037000,306000
2413,14579000,13947000,278000
2414,15635000,15057000,306000
2415,15582000,14951000,286000
2416,15639000,15053000,310000
2417,15582000,14947000,286000
2418,14639000,14053000,310000
2419,14590000,13955000,294000
2420,15627000,15033000,302000
2421,15593000,14967000,294000
2422,15619000,15029000,302000
2423,13936000,13314000,300000
2424,13605000,13008000,303000
2425,15265000,14646000,294000
2426,15627000,15036000,306000
2427,14607000,13979000,302000
2428,14615000,14016000,302000
2429,14619000,13988000,306000
2430,14623000,14017000,306000
2431,14602000,13975000,302000
2432,14631000,14033000,314000
2433,14605000,13971000,306000
2434,13953000,13351000,315000
2435,14292000,13661000,310000
2436,14627000,14017000,314000
2437,15623000,14987000,310000
2438,14619000,14009000,310000
2439,15603000,14971000,294000
2440,15606000,15008000,298000
2441,15623000,15000000,302000
2442,13941000,13343000,306000
2443,14267000,13645000,302000
2444,14644000,14046000,318000
2445,15597000,14958000,302000
2446,13949000,13351000,310000
2447,14262000,13637000,290000
2448,13949000,13363000,309000
2449,15290000,14657000,302000
2450,14615000,14017000,302000
2451,15614000,14983000,302000
2452,14607000,14008000,294000
2453,14598000,13984000,298000
2454,15619000,15025000,298000
2455,13937000,13318000,308000
2456,15304000,14699000,318000
2457,14602000,13962000,306000
2458,14623000,14021000,302000
2459,15590000,14967000,298000
2460,13949000,13355000,305000
2461,14278000,13657000,306000
2462,13949000,13347000,311000
2463,14275000,13649000,302000
2464,14623000,14025000,306000
2465,14597000,13971000,302000
2466,14619000,14020000,298000
2467,14585000,13968000,294000
2468,13974000,13383000,317000
2469,14283000,13649000,310000
2470,14611000,14000000,302000
2471,15611000,14988000,302000
2472,15595000,14996000,298000
2473,15631000,15009000,306000
2474,14619000,14016000,306000
2475,13941000,13313000,308000
2476,14295000,13691000,310000
2477,13928000,13297000,302000
2478,14289000,13682000,298000
2479,13957000,13343000,318000
2480,16300000,15682000,310000
2481,14603000,13967000,294000
2482,15611000,15008000,290000
2483,14603000,13992000,298000
2484,14627000,14029000,306000
2485,15619000,14988000,306000
2486,14611000,13999000,302000
2487,14606000,13984000,298000
2488,15619000,15025000,302000
2489,15594000,14971000,294000
2490,13942000,13352000,298000
2491,14244000,13629000,278000
2492,14602000,14027000,294000
2493,15623000,15004000,302000
2494,15611000,15012000,298000
2495,14615000,13988000,302000
2496,14595000,13996000,286000
2497,14595000,13992000,294000
2498,14610000,14012000,294000
2499,14606000,13996000,302000
2500,15615000,15016000,294000
2501,15590000,14976000,294000
2502,14631000,14041000,310000
2503,14590000,13959000,294000
2504,14619000,14029000,298000
2505,14570000,13951000,282000
2506,15607000,15029000,286000
2507,14590000,13987000,294000
2508,15602000,15012000,290000
2509,14603000,13996000,298000
2510,15610000,15008000,294000
2511,15603000,14992000,294000
2512,14611000,14020000,298000
2513,14615000,13996000,306000
2514,14607000,14000000,294000
2515,14590000,13976000,290000
2516,15611000,15024000,294000
2517,14598000,13984000,298000
2518,15623000,15029000,302000
2519,15594000,14971000,298000
2520,15619000,15025000,298000
2521,14586000,13967000,294000
2522,15627000,15037000,302000
2523,14582000,13959000,290000
2524,14619000,14032000,298000
2525,15606000,14984000,298000
2526,15611000,15013000,287000
2527,15585000,14975000,290000
2528,14615000,14024000,290000
2529,14599000,13984000,294000
2530,14611000,14016000,290000
2531,14615000,13992000,298000
2532,15611000,15012000,294000
2533,14615000,13988000,298000
2534,14615000,14017000,298000
2535,14598000,13975000,298000
2536,14627000,14029000,306000
2537,15598000,14967000,294000
2538,14631000,14037000,306000
2539,14594000,13963000,294000
2540,14623000,14029000,306000
2541,15607000,14975000,294000
2542,14627000,14033000,310000
2543,14607000,13971000,298000
2544,14627000,14029000,310000
2545,15603000,14967000,294000
2546,14627000,14033000,310000
2547,14602000,13967000,298000
2548,14627000,14029000,302000
2549,14578000,13951000,282000
2550,15631000,15049000,302000
2551,15594000,14967000,294000
2552,14623000,14029000,302000
2553,15598000,14971000,294000
2554,15640000,15046000,314000
2555,15594000,14954000,294000
2556,15615000,15020000,298000
2557,14610000,13988000,302000
2558,15627000,15025000,302000
2559,14602000,13975000,302000
2560,15623000,15021000,302000
2561,14619000,13991000,306000
2562,14615000,14004000,298000
2563,14607000,13984000,298000
2564,14615000,14016000,298000
2565,15607000,14984000,298000
2566,15615000,15016000,298000
2567,13948000,13326000,308000
2568,14287000,13679000,302000
2569,15606000,14979000,302000
2570,14635000,14033000,310000
2571,14598000,13963000,298000
2572,14619000,14020000,302000
2573,15599000,14973000,290000
2574,15627000,15036000,306000
2575,14595000,13964000,286000
2576,14615000,14027000,298000
2577,15619000,14996000,306000
2578,14619000,14009000,302000
2579,14607000,13979000,298000
2580,14610000,14004000,290000
2581,14586000,13976000,286000
2582,14644000,14058000,314000
2583,13941000,13300000,304000
2584,15304000,14700000,314000
2585,15594000,14954000,294000
2586,14619000,14024000,298000
2587,14607000,13984000,298000
2588,14623000,14025000,306000
2589,15607000,14975000,298000
2590,13950000,13351000,304000
2591,14269000,13645000,298000
2592,15627000,15029000,302000
2593,14594000,13967000,298000
2594,14639000,14041000,310000
2595,15593000,14959000,294000
2596,14627000,14033000,306000
2597,14597000,13967000,294000
2598,14627000,14033000,306000
2599,14623000,13991000,310000
2600,14615000,14000000,298000
2601,14619000,13996000,306000
2602,15619000,15009000,302000
2603,14619000,13983000,302000
2604,14619000,14017000,302000
2605,14598000,13971000,294000
2606,14631000,14037000,309000
2607,14593000,13959000,290000
2608,14635000,14045000,310000
2609,14601000,13967000,302000
2610,14631000,14029000,310000
2611,13941000,13305000,305000
2612,14284000,13678000,298000
2613,14606000,13984000,302000
2614,15635000,15037000,314000
2615,14594000,13959000,298000
2616,15631000,15037000,314000
2617,15595000,14959000,294000
2618,14627000,14037000,309000
2619,15589000,14959000,294000
2620,14635000,14045000,310000
2621,14590000,13959000,298000
2622,14627000,14033000,306000
2623,13945000,13318000,313000
2624,14296000,13686000,310000
2625,14603000,13971000,302000
2626,14627000,14029000,310000
2627,14598000,13967000,298000
2628,14623000,14029000,306000
2629,15597000,14971000,298000
2630,14631000,14037000,310000
2631,14601000,13971000,306000
2632,14615000,14012000,298000
2633,14606000,13988000,306000
2634,14619000,14016000,302000
2635,15623000,15000000,314000
2636,14615000,14000000,302000
2637,14619000,13988000,306000
2638,15619000,15017000,306000
2639,14606000,13979000,306000
2640,15623000,15021000,306000
2641,14594000,13967000,298000
2642,14644000,14050000,318000
2643,14591000,13950000,294000
2644,14623000,14033000,302000
2645,14586000,13963000,294000
2646,15623000,15032000,302000
2647,15619000,14996000,310000
2648,14619000,14009000,306000
2649,14623000,13995000,314000
2650,15615000,15000000,302000
2651,15619000,14996000,310000
2652,13949000,13339000,314000
2653,14291000,13653000,310000
2654,14635000,14029000,314000
2655,14602000,13967000,306000
2656,14635000,14033000,314000
2657,14602000,13967000,306000
2658,14623000,14021000,306000
2659,14619000,13991000,310000
2660,14619000,14009000,306000
2661,14619000,13991000,310000
2662,14623000,14013000,310000
2663,15619000,14987000,310000
2664,14615000,14004000,306000
2665,14622000,13988000,306000
2666,14619000,14017000,302000
2667,13924000,13301000,305000
2668,14291000,13682000,294000
2669,14607000,13996000,306000
2670,14603000,14000000,294000
2671,14599000,13988000,294000
2672,14615000,14024000,302000
2673,14598000,13976000,298000
2674,14631000,14037000,306000
2675,14602000,13975000,306000
2676,15631000,15029000,310000
2677,15586000,14955000,294000
2678,14635000,14045000,310000
2679,14602000,13971000,306000
2680,14623000,14021000,306000
2681,15619000,14991000,310000
2682,14619000,14009000,306000
2683,14607000,13979000,302000
2684,15619000,15021000,306000
2685,14619000,13983000,306000
2686,15623000,15017000,310000
2687,14622000,13983000,306000
2688,14627000,14025000,314000
2689,14598000,13963000,298000
2690,14635000,14041000,314000
2691,14583000,13947000,286000
2692,15619000,15037000,302000
2693,15605000,14983000,302000
2694,14631000,14033000,314000
2695,14593000,13959000,294000
2696,15615000,15024000,298000
2697,15615000,14988000,302000
2698,14611000,14012000,298000
2699,14615000,13996000,310000
2700,15623000,15013000,310000
2701,14619000,13979000,306000
2702,14595000,13992000,286000
2703,14586000,13984000,290000
2704,15631000,15045000,302000
2705,15594000,14971000,298000
2706,15615000,15020000,298000
2707,13932000,13314000,306000
2708,14289000,13686000,294000
2709,14594000,13980000,298000
2710,14615000,14020000,298000
2711,14615000,13996000,310000
2712,14615000,14004000,306000
2713,15623000,14988000,306000
2714,14611000,14008000,298000
2715,14607000,13988000,306000
2716,14615000,14012000,298000
2717,14602000,13984000,302000
2718,14619000,14020000,302000
2719,14597000,13976000,298000
2720,14619000,14024000,298000
2721,14586000,13968000,298000
2722,14631000,14037000,306000
2723,15603000,14975000,302000
2724,14627000,14029000,310000
2725,14619000,13987000,306000
2726,14607000,14000000,298000
2727,14606000,13988000,306000
2728,15631000,15029000,310000
2729,15594000,14963000,302000
2730,13961000,13363000,314000
2731,15271000,14641000,306000
2732,15635000,15033000,310000
2733,14590000,13959000,294000
2734,14623000,14033000,302000
2735,14597000,13975000,306000
2736,15627000,15025000,306000
2737,14619000,13983000,310000
2738,14623000,14017000,306000
2739,14603000,13975000,298000
2740,14595000,14000000,294000
2741,14606000,13996000,298000
2742,14623000,14029000,302000
2743,14602000,13979000,306000
2744,14619000,14016000,302000
2745,15593000,14972000,294000
2746,15631000,15041000,310000
2747,14594000,13963000,298000
2748,14623000,14029000,310000
2749,14622000,13983000,306000
2750,15615000,15012000,306000
2751,14623000,13996000,310000
2752,15615000,15004000,302000
2753,15595000,14972000,294000
2754,14627000,14037000,310000
2755,14603000,13971000,302000
2756,15623000,15025000,310000
2757,14602000,13971000,298000
2758,14627000,14033000,310000
2759,15597000,14967000,298000
2760,14627000,14033000,310000
2761,14589000,13959000,290000
2762,14627000,14041000,306000
2763,14594000,13967000,298000
2764,14614000,14012000,298000
2765,15623000,15000000,306000
2766,14615000,14012000,302000
2767,14607000,13984000,306000
2768,14627000,14025000,310000
2769,14590000,13959000,290000
2770,14623000,14037000,306000
2771,15590000,14963000,294000
2772,14644000,14054000,318000
2773,15593000,14954000,298000
2774,14631000,14037000,310000
2775,14598000,13967000,302000
2776,15635000,15037000,314000
2777,14615000,13979000,310000
2778,14627000,14013000,306000
2779,14619000,13979000,302000
2780,14619000,14017000,302000
2781,14599000,13972000,294000
2782,14627000,14032000,306000
2783,14595000,13963000,290000
2784,14615000,14024000,290000
2785,14589000,13972000,286000
2786,14623000,14037000,302000
2787,13952000,13325000,311000
2788,14278000,13666000,294000
2789,13948000,13330000,313000
2790,14296000,13683000,306000
2791,15602000,14971000,298000
2792,14619000,14020000,294000
2793,14617000,13988000,302000
2794,14627000,14025000,306000
2795,14602000,13971000,302000
2796,14603000,14001000,290000
2797,15599000,14987000,286000
2798,15611000,15024000,298000
2799,14603000,13980000,294000
2800,15627000,15033000,306000
2801,14607000,13975000,298000
2802,14611000,14012000,294000
2803,14607000,13988000,298000
2804,14615000,14016000,302000
2805,14610000,13984000,302000
2806,15627000,15025000,302000
2807,15590000,14963000,294000
2808,15635000,15041000,306000
2809,14598000,13967000,298000
2810,14623000,14025000,302000
2811,15597000,14971000,294000
2812,15615000,15021000,295000
2813,14581000,13963000,282000
2814,14618000,14028000,294000
2815,14603000,13992000,298000
2816,14611000,14016000,306000
2817,14611000,13984000,298000
2818,14623000,14029000,310000
2819,14602000,13971000,302000
2820,14631000,14033000,310000
2821,15586000,14955000,290000
2822,14640000,14054000,318000
2823,14594000,13954000,298000
2824,14653000,14058000,322000
2825,14582000,13934000,290000
2826,15623000,15032000,302000
2827,14623000,13988000,302000
2828,15610000,15000000,290000
2829,14595000,13985000,290000
2830,14615000,14023000,298000
2831,15603000,14981000,290000
2832,14619000,14028000,302000
2833,14590000,13963000,286000
2834,15619000,15032000,298000
2835,15598000,14976000,294000
2836,13962000,13368000,314000
2837,14260000,13624000,290000
2838,13961000,13371000,313000
2839,14279000,13645000,298000
2840,14627000,14029000,310000
2841,15619000,14975000,302000
2842,14615000,14012000,298000
2843,14603000,13980000,298000
2844,15627000,15029000,306000
2845,14606000,13975000,302000
2846,14631000,14029000,306000
2847,14590000,13959000,294000
2848,14635000,14041000,310000
2849,14602000,13967000,298000
2850,15623000,15025000,302000
2851,14598000,13971000,294000
2852,14619000,14024000,302000
2853,14603000,13976000,294000
2854,14627000,14033000,306000
2855,14619000,13987000,306000
2856,14619000,14009000,302000
2857,15587000,14959000,290000
2858,14643000,14053000,310000
2859,14594000,13959000,294000
2860,14631000,14037000,298000
2861,15594000,14963000,294000
2862,14631000,14037000,310000
2863,15593000,14959000,290000
2864,14627000,14037000,306000
2865,14595000,13964000,290000
2866,14619000,14027000,298000
2867,14619000,13988000,302000
2868,13958000,13355000,309000
2869,15266000,14637000,302000
2870,14635000,14037000,314000
2871,14598000,13963000,302000
2872,14623000,14025000,305000
2873,14593000,13967000,298000
2874,14619000,14016000,298000
2875,15622000,15000000,306000
2876,14610000,14000000,298000
2877,14611000,13996000,306000
2878,14631000,14029000,314000
2879,14603000,13967000,298000
2880,14611000,14016000,298000
2881,14606000,13988000,306000
2882,14627000,14025000,306000
2883,15590000,14963000,294000
2884,14623000,14033000,306000
2885,14605000,13979000,306000
2886,14615000,14012000,298000
2887,14607000,13988000,302000
2888,14615000,14016000,302000
2889,14599000,13977000,298000
2890,14615000,14019000,298000
2891,14602000,13984000,302000
2892,14623000,14025000,306000
2893,15602000,14975000,302000
2894,14635000,14037000,314000
2895,14594000,13959000,298000
2896,14627000,14033000,306000
2897,14598000,13971000,306000
2898,14623000,14020000,302000
2899,14606000,13984000,306000
2900,14619000,14016000,302000
2901,14619000,13988000,306000
2902,14611000,14008000,302000
2903,14590000,13968000,286000
2904,14619000,14036000,298000
2905,14590000,13972000,294000
2906,15623000,15033000,298000
2907,13921000,13302000,289000
2908,14279000,13693000,298000
2909,13945000,13327000,304000
2910,14278000,13678000,302000
2911,14602000,13979000,302000
2912,14627000,14029000,306000
2913,14594000,13967000,298000
2914,14599000,14005000,287000
2915,14585000,13983000,290000
2916,15615000,15028000,294000
2917,14594000,13980000,298000
2918,14619000,14024000,298000
2919,14603000,13984000,306000
2920,14619000,14016000,302000
2921,14603000,13980000,302000
2922,14623000,14025000,306000
2923,14598000,13971000,298000
2924,14627000,14033000,306000
2925,14579000,13951000,286000
2926,14635000,14053000,314000
2927,14597000,13963000,294000
2928,14619000,14029000,302000
2929,14603000,13979000,298000
2930,14615000,14021000,302000
2931,14595000,13971000,294000
2932,15619000,15029000,302000
2933,15603000,14979000,298000
2934,14611000,14016000,298000
2935,15598000,14980000,302000
2936,15635000,15037000,314000
2937,14614000,13971000,310000
2938,14635000,14029000,314000
2939,14602000,13967000,306000
2940,14627000,14025000,309000
2941,14622000,13991000,314000
2942,14623000,14005000,306000
2943,14618000,13983000,306000
2944,14623000,14021000,310000
2945,15607000,14975000,302000
2946,14611000,14004000,298000
2947,14594000,13980000,294000
2948,15631000,15041000,306000
2949,14614000,13979000,310000
2950,14623000,14017000,302000
2951,14586000,13963000,290000
2952,14635000,14049000,310000
2953,14594000,13963000,298000
2954,14619000,14025000,302000
2955,15627000,15004000,306000
2956,14607000,13991000,302000
2957,14603000,13981000,294000
2958,14615000,14019000,298000
2959,14586000,13964000,282000
2960,14627000,14045000,302000
2961,15594000,14967000,290000
2962,13970000,13380000,313000
2963,14252000,13620000,290000
2964,15623000,15033000,298000
2965,14587000,13963000,286000
2966,14619000,14033000,298000
2967,14615000,13991000,306000
2968,15611000,15000000,298000
2969,15623000,14992000,302000
2970,14623000,14021000,306000
2971,14619000,13979000,302000
2972,14611000,14000000,294000
2973,14610000,13996000,302000
2974,14631000,14029000,306000
2975,14594000,13963000,298000
2976,13970000,13371000,313000
2977,15271000,14637000,302000
2978,15627000,15025000,306000
2979,14619000,13987000,306000
2980,14611000,14000000,298000
2981,14623000,14000000,306000
2982,14615000,14004000,298000
2983,15619000,14988000,306000
2984,14619000,14012000,298000
2985,14594000,13972000,294000
2986,14639000,14045000,310000
2987,14602000,13967000,302000
2988,14631000,14029000,306000
2989,14595000,13963000,298000
2990,14635000,14037000,310000
2991,14619000,13975000,302000
2992,14619000,14017000,302000
2993,14607000,13980000,298000
2994,13954000,13354000,305000
2995,14258000,13633000,294000
2996,15635000,15041000,306000
2997,14598000,13967000,306000
2998,14631000,14029000,306000
2999,14590000,13963000,298000
3000,14627000,14033000,306000
3001,14603000,13975000,302000
3002,14615000,14016000,302000
3003,15623000,14992000,306000
3004,14627000,14025000,314000
3005,15607000,14971000,302000
3006,15615000,15016000,302000
3007,14586000,13964000,290000
3008,14623000,14036000,298000
3009,14578000,13960000,286000
3010,14631000,14049000,306000
3011,14590000,13963000,298000
3012,14635000,14041000,314000
3013,15619000,14983000,306000
3014,14611000,14004000,302000
3015,14619000,13996000,310000
3016,14619000,14009000,306000
3017,14619000,13984000,306000
3018,15619000,15011000,302000
3019,14606000,13980000,298000
3020,14635000,14037000,310000
3021,14590000,13955000,294000
3022,14639000,14045000,310000
3023,14587000,13951000,290000
3024,14623000,14032000,298000
3025,14619000,13988000,302000
3026,14615000,14012000,298000
3027,13933000,13310000,301000
3028,14292000,13690000,298000
3029,14602000,13980000,298000
3030,14635000,14037000,310000
3031,15619000,14983000,298000
3032,14623000,14013000,306000
3033,14586000,13955000,290000
3034,15657000,15066000,310000
3035,15582000,14938000,290000
3036,15653000,15062000,314000
3037,15610000,14954000,290000
3038,14607000,14008000,298000
3039,14611000,13988000,298000
3040,14619000,14021000,302000
3041,14619000,13991000,306000
3042,14611000,14000000,298000
3043,15611000,14988000,298000
3044,14611000,14012000,294000
3045,15598000,14980000,298000
3046,14635000,14037000,306000
3047,14599000,13967000,302000
3048,15648000,15046000,302000
3049,15611000,14974000,298000
3050,14623000,14013000,306000
3051,15618000,14987000,302000
3052,14619000,14005000,299000
3053,15593000,14971000,298000
3054,15648000,15050000,306000
3055,14590000,13950000,294000
3056,14615000,14020000,294000
3057,14619000,14000000,306000
3058,14619000,14009000,302000
3059,15619000,14991000,306000
3060,13953000,13343000,314000
3061,14275000,13641000,298000
3062,14623000,14025000,302000
3063,14602000,13975000,298000
3064,15615000,15017000,291000
3065,14598000,13979000,298000
3066,14627000,14029000,302000
3067,14607000,13979000,302000
3068,14627000,14025000,306000
3069,14619000,13987000,306000
3070,14615000,14004000,298000
3071,14590000,13968000,294000
3072,14631000,14037000,302000
3073,14589000,13963000,290000
3074,15631000,15041000,302000
3075,14594000,13967000,298000
3076,14635000,14037000,306000
3077,14594000,13963000,294000
3078,14623000,14029000,302000
3079,14619000,13991000,306000
3080,14615000,14004000,298000
3081,14595000,13973000,290000
3082,14619000,14027000,298000
3083,14606000,13984000,302000
3084,14615000,14012000,294000
3085,15598000,14980000,294000
3086,15627000,15033000,303000
3087,14594000,13967000,298000
3088,14627000,14029000,298000
3089,14598000,13975000,298000
3090,14619000,14020000,298000
3091,14619000,13988000,302000
3092,14595000,13992000,290000
3093,14627000,14016000,306000
3094,14615000,14004000,302000
3095,14606000,13980000,298000
3096,14623000,14025000,298000
3097,14602000,13979000,302000
3098,14627000,14025000,302000
3099,14602000,13975000,302000
3100,14627000,14025000,306000
3101,14607000,13975000,298000
3102,14615000,14016000,298000
3103,15587000,14965000,287000
3104,14627000,14040000,302000
3105,14598000,13971000,294000
3106,14627000,14033000,302000
3107,14614000,13979000,306000
3108,14619000,14012000,294000
3109,14614000,13988000,302000
3110,14619000,14017000,302000
3111,14607000,13979000,302000
3112,14603000,14000000,290000
3113,14623000,14012000,306000
3114,14619000,14009000,302000
3115,14598000,13971000,298000
3116,14635000,14037000,306000
3117,14602000,13971000,302000
3118,14631000,14029000,306000
3119,14582000,13951000,286000
3120,14635000,14049000,310000
3121,14619000,13975000,302000
3122,14623000,14021000,306000
3123,14607000,13975000,298000
3124,14611000,14012000,294000
3125,14618000,13992000,310000
3126,14627000,14021000,306000
3127,14602000,13975000,306000
3128,14635000,14033000,314000
3129,14602000,13967000,306000
3130,14623000,14021000,306000
3131,14607000,13979000,306000
3132,14623000,14021000,306000
3133,14619000,13991000,310000
3134,14598000,13988000,294000
3135,14610000,14000000,306000
3136,14635000,14033000,314000
3137,14591000,13955000,294000
3138,14627000,14037000,310000
3139,14605000,13975000,306000
3140,14595000,13992000,286000
3141,15623000,15012000,302000
3142,14595000,13996000,294000
3143,14623000,14012000,310000
3144,14619000,14009000,306000
3145,14619000,13991000,310000
3146,14623000,14013000,310000
3147,14631000,14000000,310000
3148,14623000,14004000,310000
3149,14598000,13967000,302000
3150,14615000,14017000,298000
3151,14593000,13975000,294000
3152,14627000,14037000,310000
3153,14603000,13972000,298000
3154,14627000,14032000,314000
3155,14619000,13983000,310000
3156,14619000,14009000,306000
3157,14602000,13975000,302000
3158,14640000,14042000,314000
3159,14602000,13962000,302000
3160,14627000,14025000,302000
3161,15586000,14959000,290000
3162,14618000,14020000,290000
3163,14603000,13992000,294000
3164,14611000,14016000,298000
3165,14627000,14004000,310000
3166,14623000,14009000,306000
3167,14618000,13979000,306000
3168,14631000,14025000,306000
3169,14598000,13967000,298000
3170,14635000,14037000,310000
3171,14594000,13959000,294000
3172,14627000,14033000,306000
3173,14607000,13975000,298000
3174,14615000,14016000,298000
3175,14603000,13981000,298000
3176,14615000,14007000,294000
3177,14606000,13992000,298000
3178,14619000,14021000,298000
3179,14593000,13971000,294000
3180,14639000,14045000,310000
3181,14602000,13967000,302000
3182,14619000,14016000,298000
3183,14603000,13980000,298000
3184,14619000,14020000,298000
3185,14603000,13980000,294000
3186,14623000,14029000,306000
3187,14591000,13959000,290000
3188,15631000,15041000,306000
3189,13942000,13310000,304000
3190,15290000,14690000,310000
3191,14585000,13955000,286000
3192,14627000,14045000,302000
3193,14590000,13967000,294000
3194,14623000,14033000,306000
3195,14603000,13975000,298000
3196,14615000,14021000,302000
3197,14615000,13991000,302000
3198,14611000,14004000,298000
3199,14590000,13972000,294000
3200,14635000,14045000,310000
3201,14590000,13959000,294000
3202,14615000,14024000,294000
3203,14582000,13968000,294000
3204,14618000,14020000,290000
3205,15615000,15008000,306000
3206,14611000,14004000,298000
3207,14599000,13980000,298000
3208,14611000,14016000,294000
3209,15599000,14984000,298000
3210,14615000,14020000,298000
3211,14590000,13972000,294000
3212,14631000,14041000,306000
3213,14594000,13967000,298000
3214,14611000,14009000,290000
3215,14594000,13987000,294000
3216,14594000,14004000,290000
3217,14623000,14016000,306000
3218,14607000,14000000,294000
3219,14603000,13988000,302000
3220,14615000,14016000,298000
3221,14594000,13976000,294000
3222,14623000,14033000,302000
3223,14594000,13971000,302000
3224,14627000,14029000,310000
3225,14602000,13971000,302000
3226,14615000,14008000,294000
3227,15619000,15000000,306000
3228,14615000,14012000,302000
3229,14607000,13984000,306000
3230,14623000,14021000,306000
3231,14606000,13979000,306000
3232,14619000,14016000,298000
3233,14594000,13976000,302000
3234,15635000,15037000,310000
3235,14590000,13959000,298000
3236,14635000,14041000,310000
3237,14587000,13955000,294000
3238,14623000,14032000,302000
3239,15595000,14972000,290000
3240,14615000,14028000,298000
3241,14603000,13984000,298000
3242,14619000,14025000,306000
3243,14586000,13959000,286000
3244,14631000,14049000,310000
3245,14586000,13955000,290000
3246,14623000,14037000,302000
3247,14586000,13963000,290000
3248,13949000,13363000,305000
3249,14271000,13649000,298000
3250,14615000,14021000,302000
3251,14603000,13979000,298000
3252,14611000,14016000,302000
3253,14599000,13976000,294000
3254,14627000,14037000,306000
3255,14594000,13967000,302000
3256,14640000,14042000,318000
3257,14590000,13950000,294000
3258,14619000,14028000,302000
3259,14619000,13988000,306000
3260,14599000,13996000,294000
3261,14623000,14012000,306000
3262,15619000,15009000,306000
3263,14606000,13975000,298000
3264,14640000,14042000,314000
3265,14597000,13958000,298000
3266,14635000,14037000,310000
3267,14593000,13959000,298000
3268,14635000,14037000,310000
3269,14599000,13964000,290000
3270,14623000,14032000,306000
3271,15599000,14967000,294000
3272,14619000,14024000,302000
3273,14623000,13996000,306000
3274,14623000,14013000,306000
3275,14594000,13963000,294000
3276,14639000,14045000,310000
3277,14602000,13967000,302000
3278,14635000,14033000,310000
3279,14602000,13967000,302000
3280,14631000,14029000,310000
3281,14619000,13975000,302000
3282,14627000,14025000,310000
3283,14619000,13976000,302000
3284,14615000,14011000,302000
3285,14606000,13980000,298000
3286,14640000,14042000,314000
3287,14594000,13954000,294000
3288,14631000,14037000,310000
3289,14606000,13971000,302000
3290,14623000,14021000,302000
3291,14607000,13979000,302000
3292,14627000,14025000,306000
3293,15619000,14979000,302000
3294,15627000,15025000,310000
3295,14607000,13971000,298000
3296,14615000,14016000,298000
3297,15602000,14980000,298000
3298,14623000,14025000,302000
3299,15594000,14967000,290000
3300,14619000,14028000,298000
3301,15598000,14976000,294000
3302,14640000,14046000,314000
3303,14598000,13958000,298000
3304,14619000,14020000,298000
3305,14619000,13988000,302000
3306,14611000,14008000,294000
3307,14619000,14000000,306000
3308,14619000,14009000,302000
3309,14618000,13983000,306000
3310,14627000,14021000,302000
3311,15582000,14955000,290000
3312,14643000,14053000,310000
3313,14594000,13959000,298000
3314,14639000,14041000,310000
3315,14590000,13955000,294000
3316,14635000,14041000,310000
3317,13953000,13318000,308000
3318,14290000,13682000,310000
3319,14602000,13967000,298000
3320,14635000,14037000,310000
3321,14595000,13959000,294000
3322,14627000,14033000,306000
3323,14598000,13967000,294000
3324,14619000,14024000,302000
3325,14623000,13996000,306000
3326,14619000,14009000,302000
3327,14603000,13976000,298000
3328,14613000,14007000,294000
3329,14606000,13992000,298000
3330,14623000,14025000,302000
3331,14598000,13971000,294000
3332,14631000,14037000,306000
3333,15613000,14975000,302000
3334,15627000,15025000,306000
3335,14601000,13971000,302000
3336,14619000,14016000,298000
3337,14599000,13977000,294000
3338,14619000,14023000,298000
3339,14619000,13996000,306000
3340,14619000,14009000,302000
3341,14594000,13967000,290000
3342,14640000,14050000,314000
3343,14594000,13954000,294000
3344,14627000,14033000,306000
3345,14598000,13967000,294000
3346,14631000,14037000,310000
3347,14619000,13975000,302000
3348,14619000,14017000,302000
3349,14595000,13968000,290000
3350,14627000,14036000,306000
3351,14602000,13971000,298000
3352,14627000,14029000,302000
3353,14602000,13975000,302000
3354,14640000,14038000,314000
3355,14593000,13954000,294000
3356,14599000,14004000,290000
3357,14611000,14000000,294000
3358,14619000,14025000,306000
3359,14611000,13979000,298000
3360,14599000,14000000,294000
3361,14607000,13992000,298000
3362,14635000,14037000,306000
3363,14591000,13959000,290000
3364,14619000,14028000,298000
3365,14598000,13976000,294000
3366,14614000,14012000,290000
3367,14607000,13996000,298000
3368,14611000,14004000,294000
3369,14623000,14000000,302000
3370,14619000,14017000,302000
3371,14606000,13979000,302000
3372,14627000,14025000,302000
3373,14614000,13979000,306000
3374,14627000,14021000,302000
3375,14598000,13971000,298000
3376,14627000,14029000,306000
3377,14619000,13987000,306000
3378,14619000,14009000,302000
3379,14607000,13979000,298000
3380,14619000,14021000,302000
3381,14602000,13975000,302000
3382,14623000,14025000,302000
3383,14598000,13975000,302000
3384,14631000,14033000,310000
3385,14590000,13959000,294000
3386,14595000,14004000,286000
3387,14627000,14024000,314000
3388,14623000,14009000,310000
3389,14619000,13979000,306000
3390,14615000,14012000,298000
3391,14594000,13972000,294000
3392,14631000,14037000,302000
3393,14598000,13971000,298000
3394,14627000,14029000,302000
3395,14602000,13975000,302000
3396,14619000,14016000,298000
3397,14603000,13981000,298000
3398,14627000,14028000,306000
3399,14619000,13987000,306000
3400,14619000,14009000,302000
3401,14591000,13963000,286000
3402,14623000,14037000,302000
3403,14602000,13975000,298000
3404,14627000,14029000,306000
3405,14598000,13967000,294000
3406,14615000,14020000,298000
3407,14603000,13981000,294000
3408,14619000,14023000,298000
3409,14607000,13984000,302000
3410,14615000,14012000,294000
3411,14594000,13976000,294000
3412,14623000,14028000,298000
3413,14617000,13988000,306000
3414,14640000,14034000,310000
3415,14598000,13962000,302000
3416,14623000,14021000,302000
3417,14623000,13995000,310000
3418,14611000,13996000,294000
3419,14619000,13992000,302000
3420,14623000,14021000,306000
3421,14606000,13975000,302000
3422,14631000,14029000,306000
3423,14614000,13975000,306000
3424,14635000,14029000,310000
3425,14602000,13967000,302000
3426,14619000,14016000,298000
3427,14619000,13996000,306000
3428,14611000,14000000,298000
3429,14627000,14004000,310000
3430,14615000,14000000,298000
3431,14602000,13980000,298000
3432,14619000,14020000,298000
3433,14606000,13984000,302000
3434,14623000,14021000,298000
3435,14594000,13971000,298000
3436,14607000,14008000,290000
3437,14603000,13993000,294000
3438,14614000,14011000,290000
3439,14607000,13996000,302000
3440,14602000,14000000,286000
3441,14598000,13992000,294000
3442,14627000,14033000,302000
3443,14597000,13971000,302000
3444,15648000,15046000,302000
3445,15586000,14950000,298000
3446,14635000,14041000,314000
3447,14614000,13971000,310000
3448,14619000,14012000,302000
3449,14619000,13988000,306000
3450,14623000,14021000,310000
3451,14623000,13991000,314000
3452,14615000,14000000,302000
3453,14619000,13996000,310000
3454,14627000,14013000,306000
3455,14590000,13963000,302000
3456,14631000,14033000,302000
3457,14602000,13979000,306000
3458,14619000,14016000,306000
3459,14611000,13984000,302000
3460,14619000,14021000,306000
3461,14607000,13979000,302000
3462,14611000,14012000,298000
3463,14606000,13988000,302000
3464,14619000,14021000,298000
3465,14598000,13979000,302000
3466,14627000,14029000,306000
3467,14610000,13975000,310000
3468,14623000,14017000,306000
3469,14623000,13995000,314000
3470,14615000,14000000,302000
3471,14603000,13980000,298000
3472,14615000,14020000,298000
3473,14598000,13980000,298000
3474,14623000,14029000,302000
3475,14594000,13971000,298000
3476,14627000,14033000,306000
3477,14598000,13971000,302000
3478,14619000,14021000,302000
3479,14619000,13995000,314000
3480,14619000,14005000,306000
3481,14623000,13995000,314000
3482,14610000,13988000,294000
3483,14598000,13988000,302000
3484,14639000,14041000,314000
3485,14593000,13959000,298000
3486,14635000,14041000,314000
3487,14598000,13963000,302000
3488,14623000,14025000,302000
3489,14618000,13983000,306000
3490,14623000,14017000,302000
3491,14619000,13983000,302000
3492,14611000,14008000,298000
3493,14610000,13988000,302000
3494,14627000,14025000,302000
3495,14597000,13971000,298000
3496,14615000,14016000,295000
3497,14597000,13980000,294000
3498,14627000,14033000,306000
3499,14607000,13975000,298000
3500,14595000,13996000,286000
3501,14603000,13996000,290000
3502,14611000,14020000,294000
3503,14579000,13960000,282000
3504,14635000,14053000,305000
3505,14601000,13971000,298000
3506,14635000,14037000,310000
3507,14593000,13959000,294000
3508,14627000,14033000,306000
3509,14619000,13987000,310000
3510,14615000,14004000,302000
3511,14599000,13977000,298000
3512,14603000,14007000,294000
3513,14598000,13988000,294000
3514,14623000,14033000,306000
3515,14602000,13975000,302000
3516,14635000,14037000,314000
3517,14602000,13967000,306000
3518,14619000,14016000,302000
3519,14599000,13976000,294000
3520,14615000,14024000,306000
3521,14623000,13988000,306000
3522,14623000,14021000,310000
3523,14602000,13971000,302000
3524,14640000,14042000,318000
3525,14615000,13974000,310000
3526,14627000,14017000,310000
3527,14594000,13963000,302000
3528,14627000,14029000,306000
3529,14599000,13971000,298000
3530,14615000,14020000,298000
3531,14619000,14000000,310000
3532,14615000,14004000,302000
3533,14602000,13980000,306000
3534,14631000,14029000,306000
3535,14586000,13959000,298000
3536,15639000,15045000,306000
3537,14602000,13971000,302000
3538,14623000,14021000,302000
3539,14590000,13963000,290000
3540,14623000,14032000,298000
3541,14619000,13996000,306000
3542,14623000,14013000,306000
3543,14619000,13987000,306000
3544,14611000,14000000,294000
3545,14618000,13992000,306000
3546,14627000,14021000,302000
3547,14602000,13975000,302000
3548,14631000,14029000,306000
3549,14594000,13963000,294000
3550,14623000,14029000,302000
3551,14607000,13979000,298000
3552,14611000,14004000,294000
3553,14611000,13996000,302000
3554,14623000,14021000,302000
3555,14594000,13967000,290000
3556,14627000,14037000,306000
3557,14589000,13959000,286000
3558,14615000,14028000,290000
3559,14614000,13992000,306000
3560,14635000,14029000,298000
3561,14611000,13971000,302000
3562,14619000,14017000,302000
3563,14623000,13995000,310000
3564,14615000,14000000,298000
3565,14623000,14000000,298000
3566,14623000,14013000,306000
3567,14594000,13963000,298000
3568,14631000,14033000,302000
3569,14594000,13967000,294000
3570,14623000,14029000,302000
3571,14607000,13979000,298000
3572,14611000,14012000,298000
3573,14622000,13992000,302000
3574,14619000,14017000,302000
3575,14590000,13963000,290000
3576,14639000,14049000,310000
3577,14594000,13959000,294000
3578,14640000,14046000,314000
3579,14602000,13962000,302000
3580,14631000,14029000,310000
3581,14619000,13983000,306000
3582,14615000,14004000,298000
3583,14599000,13977000,294000
3584,14631000,14036000,310000
3585,14602000,13967000,298000
3586,14627000,14029000,302000
3587,14597000,13971000,298000
3588,14627000,14029000,302000
3589,15602000,14975000,298000
3590,14627000,14029000,310000
3591,14619000,13975000,302000
3592,14623000,14021000,306000
3593,14619000,13979000,302000
3594,14636000,14034000,306000
3595,14602000,13962000,302000
3596,14627000,14025000,302000
3597,14602000,13975000,302000
3598,14631000,14029000,306000
3599,14590000,13959000,294000
3600,14618000,14016000,294000
3601,14611000,13997000,302000
3602,14623000,14020000,302000
3603,14619000,13983000,302000
3604,14611000,14008000,294000
3605,14618000,13992000,306000
3606,14623000,14017000,299000
3607,14597000,13975000,298000
3608,14635000,14037000,310000
3609,14598000,13963000,298000
3610,14623000,14025000,302000
3611,14607000,13979000,302000
3612,14615000,14012000,294000
3613,14619000,14000000,306000
3614,14615000,14004000,302000
3615,14610000,13984000,302000
3616,14615000,14012000,294000
3617,14602000,13984000,298000
3618,14623000,14025000,298000
3619,14594000,13971000,294000
3620,14599000,14004000,282000
3621,14607000,14004000,298000
3622,14619000,14021000,302000
3623,14619000,13991000,306000
3624,14610000,13992000,290000
3625,14594000,13984000,294000
3626,14631000,14037000,302000
3627,14594000,13967000,298000
3628,14631000,14033000,302000
3629,14602000,13975000,302000
3630,14615000,14012000,294000
3631,14599000,13980000,298000
3632,14619000,14020000,298000
3633,14623000,13992000,302000
3634,14615000,14012000,298000
3635,14602000,13980000,298000
3636,14631000,14033000,306000
3637,14579000,13947000,282000
3638,14631000,14053000,310000
3639,14602000,13971000,306000
3640,14614000,14004000,294000
3641,14619000,14008000,310000
3642,14623000,14013000,310000
3643,14619000,13979000,306000
3644,14595000,13992000,290000
3645,14606000,14000000,302000
3646,14631000,14033000,310000
3647,14598000,13967000,302000
3648,14640000,14042000,318000
3649,14590000,13950000,294000
3650,14631000,14041000,314000
3651,14607000,13971000,302000
3652,14623000,14025000,310000
3653,14618000,13979000,306000
3654,14623000,14021000,310000
3655,14594000,13963000,298000
3656,14635000,14041000,313000
3657,14605000,13971000,306000
3658,14635000,14033000,314000
3659,14598000,13963000,302000
3660,14599000,14000000,290000
3661,14611000,14005000,302000
3662,14610000,14003000,298000
3663,14611000,13996000,306000
3664,14619000,14016000,302000
3665,14598000,13976000,302000
3666,14623000,14024000,298000
3667,14567000,13948000,282000
3668,14635000,14057000,302000
3669,14590000,13963000,290000
3670,14619000,14032000,306000
3671,14623000,13996000,310000
3672,14615000,14004000,302000
3673,14595000,13972000,294000
3674,14627000,14037000,310000
3675,14591000,13959000,294000
3676,14635000,14045000,310000
3677,14582000,13951000,290000
3678,14644000,14058000,318000
3679,14615000,13974000,310000
3680,14623000,14009000,302000
3681,14595000,13968000,290000
3682,14627000,14036000,306000
3683,14607000,13975000,302000
3684,14623000,14021000,302000
3685,14602000,13975000,298000
3686,14627000,14029000,306000
3687,14602000,13971000,298000
3688,14623000,14025000,302000
3689,14618000,13983000,306000
3690,14623000,14017000,302000
3691,14603000,13975000,298000
3692,14619000,14020000,298000
3693,14619000,13988000,302000
3694,14615000,14012000,298000
3695,14602000,13980000,298000
3696,14631000,14033000,310000
3697,14597000,13963000,294000
3698,14623000,14029000,302000
3699,14618000,13983000,306000
3700,14644000,14038000,306000
3701,14611000,13970000,310000
3702,14619000,14009000,306000
3703,14619000,13991000,310000
3704,14610000,13992000,294000
3705,14598000,13988000,298000
3706,14631000,14037000,310000
3707,14602000,13971000,306000
3708,14631000,14029000,310000
3709,14614000,13975000,306000
3710,14631000,14025000,314000
3711,14618000,13975000,306000
3712,14627000,14025000,314000
3713,14618000,13975000,306000
3714,14610000,14000000,298000
3715,14606000,13992000,302000
3716,14640000,14042000,318000
3717,14602000,13962000,306000
3718,14627000,14025000,306000
3719,14590000,13963000,290000
3720,14615000,14028000,298000
3721,14603000,13984000,298000
3722,14615000,14021000,298000
3723,14591000,13968000,294000
3724,14627000,14032000,306000
3725,14598000,13967000,290000
3726,14619000,14028000,298000
3727,14593000,13972000,286000
3728,14619000,14033000,298000
3729,14598000,13975000,294000
3730,14619000,14025000,298000
3731,14599000,13975000,294000
3732,14623000,14029000,302000
3733,14615000,13979000,298000
3734,14611000,14012000,294000
3735,14619000,14000000,298000
3736,14607000,13996000,294000
3737,14602000,13984000,298000
3738,14640000,14042000,298000
3739,14590000,13958000,298000
3740,14631000,14033000,298000
3741,14627000,13996000,302000
3742,14607000,13991000,298000
3743,14619000,13988000,306000
3744,14615000,14008000,294000
3745,14606000,13988000,302000
3746,14631000,14029000,306000
3747,14602000,13971000,302000
3748,14619000,14016000,294000
3749,14586000,13968000,286000
3750,14631000,14045000,310000
3751,14619000,13975000,302000
3752,14631000,14029000,298000
3753,14619000,13988000,302000
3754,14619000,14004000,306000
3755,14631000,14000000,306000
3756,14615000,13996000,298000
3757,14598000,13975000,302000
3758,14648000,14046000,302000
3759,14578000,13942000,290000
3760,14619000,14028000,294000
3761,14623000,14004000,310000
3762,14623000,14009000,306000
3763,14619000,13979000,302000
3764,14599000,13996000,290000
3765,14606000,13996000,302000
3766,14645000,14046000,318000
3767,14594000,13954000,302000
3768,14627000,14029000,306000
3769,14590000,13963000,294000
3770,14619000,14028000,302000
3771,14603000,13980000,302000
3772,14631000,14033000,314000
3773,14607000,13971000,302000
3774,14615000,14016000,302000
3775,14598000,13976000,298000
3776,14635000,14041000,314000
3777,14594000,13959000,298000
3778,14635000,14041000,314000
3779,14579000,13943000,286000
3780,14623000,14040000,302000
3781,14627000,14005000,314000
3782,14615000,14000000,306000
3783,14607000,13979000,302000
3784,14615000,14016000,302000
3785,14599000,13976000,298000
3786,14631000,14037000,314000
3787,14606000,13971000,306000
3788,14627000,14025000,306000
3789,14585000,13959000,290000
3790,14614000,14020000,298000
3791,14623000,14000000,306000
3792,14627000,14025000,314000
3793,14607000,13971000,302000
3794,14627000,14029000,314000
3795,14602000,13967000,302000
3796,14640000,14042000,318000
3797,14590000,13950000,294000
3798,14635000,14045000,314000
3799,14598000,13963000,302000
3800,14615000,14016000,302000
3801,14623000,14000000,310000
3802,14615000,14004000,302000
3803,14619000,13996000,310000
3804,14623000,14013000,310000
3805,14595000,13963000,294000
3806,14635000,14045000,314000
3807,14593000,13959000,298000
3808,14627000,14033000,306000
3809,14594000,13967000,302000
3810,14623000,14024000,302000
3811,14619000,13996000,310000
3812,14623000,14013000,310000
3813,14619000,13987000,310000
3814,14619000,14009000,306000
3815,14602000,13975000,302000
3816,14631000,14033000,310000
3817,14593000,13963000,298000
3818,14631000,14037000,310000
3819,14593000,13963000,302000
3820,14631000,14033000,310000
3821,14619000,13979000,302000
3822,14619000,14021000,310000
3823,14599000,13967000,294000
3824,14599000,14008000,294000
3825,14606000,13996000,302000
3826,14635000,14037000,314000
3827,14594000,13959000,298000
3828,14627000,14033000,310000
3829,14602000,13971000,302000
3830,14627000,14029000,310000
3831,14619000,13979000,306000
3832,14615000,14012000,302000
3833,14595000,13973000,294000
3834,14623000,14032000,306000
3835,14594000,13967000,298000
3836,14635000,14041000,310000
3837,14598000,13967000,302000
3838,14631000,14033000,310000
3839,14598000,13967000,302000
3840,14619000,14020000,302000
3841,14618000,13988000,306000
3842,14615000,14012000,306000
3843,14607000,13980000,298000
3844,14619000,14025000,306000
3845,14602000,13975000,302000
3846,14619000,14020000,298000
3847,14594000,13976000,298000
3848,14635000,14041000,314000
3849,14598000,13963000,302000
3850,14615000,14016000,302000
3851,14607000,13985000,302000
3852,14615000,14015000,302000
3853,14607000,13984000,298000
3854,14611000,14008000,298000
3855,14606000,13992000,302000
3856,14631000,14033000,314000
3857,14602000,13967000,302000
3858,14627000,14029000,306000
3859,14589000,13963000,294000
3860,14615000,14024000,298000
3861,14599000,13980000,298000
3862,14615000,14020000,302000
3863,14623000,14000000,310000
3864,14598000,13988000,294000
3865,14606000,13996000,302000
3866,14623000,14025000,302000
3867,14614000,13983000,310000
3868,14623000,14017000,302000
3869,14614000,13983000,310000
3870,14623000,14017000,306000
3871,14619000,13983000,306000
3872,14591000,13988000,290000
3873,14611000,14004000,302000
3874,14627000,14029000,310000
3875,14598000,13967000,302000
3876,14631000,14033000,306000
3877,14598000,13971000,302000
3878,14631000,14033000,310000
3879,14590000,13959000,298000
3880,14627000,14033000,306000
3881,14619000,13991000,310000
3882,14615000,14004000,302000
3883,14607000,13984000,306000
3884,14619000,14016000,302000
3885,14602000,13980000,302000
3886,14623000,14025000,306000
3887,14618000,13983000,310000
3888,14627000,14021000,306000
3889,14614000,13979000,310000
3890,14615000,14008000,298000
3891,14607000,13988000,302000
3892,14615000,14016000,306000
3893,14623000,13996000,310000
3894,14623000,14013000,310000
3895,14602000,13971000,302000
3896,14631000,14033000,310000
3897,14590000,13959000,294000
3898,14635000,14045000,314000
3899,14590000,13955000,298000
3900,14619000,14024000,298000
3901,14619000,14000000,310000
3902,14619000,14009000,306000
3903,14607000,13979000,306000
3904,14623000,14021000,306000
3905,14602000,13975000,302000
3906,14631000,14033000,310000
3907,14613000,13975000,310000
3908,14619000,14012000,298000
3909,14594000,13976000,298000
3910,14615000,14020000,298000
3911,14607000,13988000,306000
3912,14619000,14016000,302000
3913,14619000,13989000,306000
3914,14627000,14024000,314000
3915,14606000,13971000,306000
3916,14635000,14033000,314000
3917,14583000,13947000,286000
3918,14619000,14036000,302000
3919,14589000,13968000,294000
3920,14623000,14032000,306000
3921,14623000,13996000,310000
3922,14615000,14004000,302000
3923,14599000,13976000,302000
3924,14619000,14020000,302000
3925,14598000,13976000,294000
3926,14627000,14037000,306000
3927,14590000,13963000,290000
3928,14611000,14025000,294000
3929,14602000,13983000,298000
3930,14615000,14020000,298000
3931,14599000,13980000,298000
3932,14611000,14016000,294000
3933,14591000,13976000,290000
3934,14623000,14037000,306000
3935,14598000,13971000,298000
3936,14631000,14037000,310000
3937,14586000,13955000,290000
3938,14611000,14017000,290000
3939,14615000,14007000,294000
3940,14602000,13992000,290000
3941,14595000,13988000,294000
3942,14611000,14020000,294000
3943,14595000,13980000,302000
3944,14631000,14033000,310000
3945,14594000,13963000,294000
3946,14635000,14045000,314000
3947,14598000,13963000,302000
3948,14631000,14033000,310000
3949,14594000,13963000,302000
3950,14627000,14029000,306000
3951,14599000,13971000,294000
3952,14615000,14024000,298000
3953,14599000,13980000,294000
3954,14606000,14008000,290000
3955,14598000,13992000,298000
3956,15611000,15017000,291000
3957,15586000,14971000,286000
3958,14627000,14045000,306000
3959,14598000,13971000,306000
3960,14615000,14012000,298000
3961,14606000,13988000,306000
3962,14627000,14025000,310000
3963,14603000,13971000,298000
3964,14595000,14000000,294000
3965,14627000,14016000,306000
3966,14623000,14013000,310000
3967,14598000,13967000,298000
3968,14635000,14041000,318000
3969,14598000,13959000,298000
3970,14619000,14024000,302000
3971,14582000,13960000,286000
3972,14635000,14053000,314000
3973,15623000,14987000,310000
3974,14611000,14000000,302000
3975,14619000,13988000,302000
3976,14619000,14021000,306000
3977,14599000,13971000,294000
3978,14606000,14008000,294000
3979,14594000,13984000,298000
3980,14631000,14037000,306000
3981,14594000,13967000,298000
3982,14653000,14058000,314000
3983,14578000,13934000,290000
3984,14623000,14037000,302000
3985,14615000,13983000,302000
3986,14632000,14034000,302000
3987,14595000,13962000,298000
3988,14615000,14021000,302000
3989,14594000,13971000,294000
3990,14623000,14033000,302000
3991,14598000,13975000,306000
3992,14623000,14021000,306000
3993,14602000,13975000,306000
3994,14631000,14029000,310000
3995,14619000,13979000,306000
3996,14619000,14017000,294000
3997,14599000,13975000,298000
3998,14615000,14020000,302000
3999,14594000,13972000,294000
4000,14635000,14045000,314000
4001,14590000,13955000,294000
4002,14631000,14041000,314000
4003,14597000,13963000,298000
4004,14614000,14012000,302000
4005,14627000,14000000,306000
4006,14623000,14021000,310000
4007,14618000,13979000,306000
4008,14623000,14021000,310000
4009,14602000,13971000,302000
4010,14640000,14042000,318000
4011,14598000,13958000,302000
4012,14619000,14020000,302000
4013,14594000,13972000,294000
4014,14627000,14037000,310000
4015,14603000,13972000,302000
4016,14615000,14015000,298000
4017,14603000,13984000,302000
4018,14619000,14020000,302000
4019,14599000,13976000,298000
4020,14635000,14041000,314000
4021,14591000,13955000,294000
4022,14627000,14037000,306000
4023,14614000,13979000,310000
4024,14623000,14017000,306000
4025,14607000,13979000,302000
4026,14610000,14004000,298000
4027,14622000,14000000,306000
4028,14611000,14008000,302000
4029,14610000,13988000,306000
4030,14623000,14021000,306000
4031,14598000,13971000,302000
4032,14631000,14033000,306000
4033,14590000,13963000,294000
4034,14619000,14028000,302000
4035,14619000,13988000,306000
4036,14619000,14017000,306000
4037,14627000,14000000,310000
4038,14587000,13972000,278000
4039,14590000,13991000,294000
4040,14631000,14037000,298000
4041,14594000,13971000,294000
4042,14623000,14029000,302000
4043,14591000,13963000,290000
4044,14599000,14008000,286000
4045,14627000,14012000,302000
4046,14615000,14012000,298000
4047,14599000,13976000,294000
4048,14619000,14024000,302000
4049,14610000,13984000,302000
4050,14631000,14029000,306000
4051,14590000,13959000,290000
4052,14615000,14025000,294000
4053,14601000,13979000,294000
4054,14615000,14013000,294000
4055,14623000,14008000,302000
4056,14599000,13987000,290000
4057,14623000,14012000,306000
4058,14619000,14009000,302000
4059,14587000,13959000,290000
4060,14643000,14053000,310000
4061,14589000,13955000,290000
4062,14603000,14013000,290000
4063,14590000,13979000,286000
4064,14623000,14036000,302000
4065,14623000,13996000,306000
4066,14623000,14013000,306000
4067,14607000,13975000,302000
4068,14627000,14025000,306000
4069,14595000,13963000,290000
4070,14619000,14029000,298000
4071,14594000,13971000,294000
4072,14627000,14033000,302000
4073,14606000,13979000,302000
4074,14627000,14025000,306000
4075,14607000,13975000,302000
4076,14619000,14016000,298000
4077,14607000,13984000,302000
4078,14623000,14021000,302000
4079,14598000,13971000,298000
4080,14635000,14037000,306000
4081,14598000,13967000,298000
4082,14627000,14029000,302000
4083,14590000,13963000,290000
4084,14623000,14033000,302000
4085,14603000,13975000,294000
4086,14627000,14033000,310000
4087,14619000,13975000,302000
4088,14611000,14008000,294000
4089,14594000,13976000,294000
4090,14635000,14041000,310000
4091,14598000,13963000,294000
4092,14623000,14029000,302000
4093,14593000,13967000,290000
4094,14623000,14033000,302000
4095,14599000,13972000,290000
4096,14623000,14032000,306000
4097,14591000,13960000,287000
4098,14603000,14015000,286000
4099,14591000,13984000,282000
4100,14623000,14041000,302000
4101,14594000,13967000,294000
4102,14635000,14041000,310000
4103,14595000,13959000,294000
4104,14623000,14029000,302000
4105,14619000,13983000,302000
4106,14619000,14017000,302000
4107,14607000,13979000,302000
4108,14627000,14025000,306000
4109,14602000,13971000,298000
4110,14631000,14033000,306000
4111,14602000,13971000,302000
4112,14631000,14029000,306000
4113,14593000,13963000,298000
4114,14635000,14037000,310000
4115,14603000,13967000,290000
4116,14623000,14033000,310000
4117,14623000,13987000,310000
4118,14623000,14009000,306000
4119,14602000,13971000,298000
4120,14631000,14033000,306000
4121,14602000,13971000,302000
4122,14635000,14033000,309000
4123,14594000,13959000,298000
4124,14635000,14037000,310000
4125,14607000,13971000,298000
4126,14619000,14021000,306000
4127,14623000,13983000,302000
4128,14619000,14017000,306000
4129,14598000,13967000,290000
4130,14619000,14028000,298000
4131,14598000,13976000,290000
4132,14627000,14037000,306000
4133,14575000,13943000,282000
4134,14623000,14040000,298000
4135,14611000,13988000,298000
4136,14619000,14021000,302000
4137,14591000,13964000,286000
4138,14623000,14036000,302000
4139,14602000,13975000,298000
4140,14627000,14029000,303000
4141,14593000,13967000,294000
4142,14635000,14041000,310000
4143,14578000,13943000,282000
4144,14619000,14028000,294000
4145,14611000,13997000,298000
4146,14623000,14024000,306000
4147,14627000,13996000,294000
4148,14615000,14008000,310000
4149,14599000,13963000,298000
4150,14635000,14041000,314000
4151,14602000,13967000,306000
4152,14640000,14038000,318000
4153,14598000,13958000,302000
4154,14619000,14020000,302000
4155,14619000,13996000,310000
4156,14619000,14009000,306000
4157,14623000,13995000,310000
4158,14619000,14005000,302000
4159,14602000,13975000,298000
4160,14640000,14042000,313000
4161,14601000,13962000,302000
4162,14631000,14029000,306000
4163,14597000,13967000,294000
4164,14623000,14029000,306000
4165,14619000,13979000,302000
4166,14615000,14012000,298000
4167,14607000,13984000,298000
4168,14611000,14012000,298000
4169,14594000,13972000,286000
4170,14623000,14037000,302000
4171,14602000,13975000,298000
4172,14631000,14033000,306000
4173,14598000,13967000,298000
4174,14627000,14029000,306000
4175,14595000,13964000,287000
4176,14615000,14027000,298000
4177,14603000,13981000,294000
4178,14623000,14028000,306000
4179,14591000,13959000,282000
4180,14615000,14032000,302000
4181,14598000,13972000,290000
4182,14619000,14028000,298000
4183,14602000,13980000,298000
4184,14603000,14004000,290000
4185,14611000,14000000,302000
4186,14615000,14012000,294000
4187,14603000,13985000,298000
4188,14615000,14015000,298000
4189,14602000,13980000,294000
4190,14623000,14029000,298000
4191,14598000,13975000,298000
4192,14635000,14037000,310000
4193,14595000,13959000,294000
4194,14619000,14024000,302000
4195,14599000,13973000,287000
4196,14623000,14036000,306000
4197,14603000,13971000,298000
4198,14627000,14029000,306000
4199,14602000,13971000,298000
4200,14623000,14025000,298000
4201,14590000,13967000,294000
4202,14635000,14041000,309000
4203,14597000,13963000,294000
4204,14603000,14008000,290000
4205,14611000,14001000,298000
4206,14611000,14003000,294000
4207,14623000,14000000,302000
4208,14615000,14012000,298000
4209,14602000,13980000,298000
4210,14635000,14037000,310000
4211,14579000,13943000,278000
4212,15635000,15057000,310000
4213,15590000,14955000,298000
4214,14639000,14045000,314000
4215,14582000,13947000,286000
4216,14599000,14016000,290000
4217,14611000,14004000,298000
4218,14611000,14016000,298000
4219,14591000,13973000,290000
4220,14611000,14023000,294000
4221,14591000,13976000,290000
4222,14615000,14025000,295000
4223,14590000,13975000,298000
4224,14623000,14028000,298000
4225,14586000,13968000,294000
4226,14619000,14028000,298000
4227,14603000,13984000,298000
4228,14615000,14020000,302000
4229,14619000,13988000,306000
4230,14619000,14017000,306000
4231,14587000,13959000,286000
4232,14619000,14036000,298000
4233,14590000,13972000,290000
4234,14631000,14045000,310000
4235,14590000,13959000,294000
4236,14615000,14024000,302000
4237,14607000,13984000,298000
4238,14615000,14021000,302000
4239,14587000,13964000,286000
4240,14623000,14040000,294000
4241,14590000,13967000,294000
4242,14623000,14033000,302000
4243,14578000,13955000,286000
4244,14631000,14049000,306000
4245,14586000,13959000,290000
4246,14611000,14024000,294000
4247,14599000,13985000,298000
4248,14599000,14003000,294000
4249,14607000,13996000,302000
4250,14619000,14020000,306000
4251,14602000,13976000,298000
4252,14619000,14024000,302000
4253,14602000,13980000,302000
4254,14635000,14037000,314000
4255,14575000,13939000,282000
4256,14619000,14040000,302000
4257,14607000,13984000,302000
4258,14615000,14016000,302000
4259,14599000,13977000,290000
4260,14611000,14023000,298000
4261,14594000,13976000,298000
4262,14635000,14041000,310000
4263,14594000,13963000,298000
4264,14623000,14029000,306000
4265,14583000,13955000,290000
4266,14611000,14024000,298000
4267,14615000,14000000,302000
4268,14611000,14012000,298000
4269,14603000,13985000,302000
4270,14619000,14019000,306000
4271,14606000,13980000,302000
4272,14619000,14020000,302000
4273,14602000,13980000,302000
4274,14635000,14037000,314000
4275,14594000,13959000,294000
4276,14627000,14037000,310000
4277,14587000,13956000,294000
4278,14631000,14040000,310000
4279,14607000,13975000,306000
4280,14631000,14029000,314000
4281,14606000,13971000,306000
4282,14635000,14033000,314000
4283,14590000,13955000,294000
4284,14619000,14028000,298000
4285,14583000,13964000,286000
4286,14619000,14036000,306000
4287,14623000,13988000,306000
4288,14615000,14012000,302000
4289,14599000,13977000,299000
4290,14623000,14028000,306000
4291,14602000,13975000,298000
4292,14623000,14029000,306000
4293,14614000,13979000,310000
4294,14623000,14017000,302000
4295,14598000,13975000,306000
4296,14627000,14025000,306000
4297,14607000,13979000,302000
4298,14611000,14012000,298000
4299,14619000,14000000,310000
4300,14619000,14009000,306000
4301,14594000,13967000,294000
4302,14627000,14037000,310000
4303,14597000,13967000,298000
4304,14615000,14021000,299000
4305,14597000,13979000,302000
4306,14631000,14033000,310000
4307,14619000,13988000,302000
4308,14611000,14003000,302000
4309,14595000,13973000,294000
4310,14619000,14027000,302000
4311,14606000,13984000,306000
4312,14631000,14029000,310000
4313,14598000,13967000,302000
4314,14623000,14025000,306000
4315,14602000,13975000,302000
4316,14619000,14020000,302000
4317,14607000,13984000,306000
4318,14623000,14021000,306000
4319,14607000,13979000,306000
4320,14623000,14021000,306000
4321,14606000,13979000,306000
4322,14623000,14021000,302000
4323,14598000,13975000,298000
4324,14623000,14029000,306000
4325,14582000,13955000,294000
4326,14611000,14020000,294000
4327,14607000,13996000,302000
4328,14615000,14016000,298000
4329,14618000,13992000,306000
4330,14610000,14000000,298000
4331,14622000,14000000,310000
4332,14627000,14021000,306000
4333,14594000,13967000,302000
4334,14619000,14020000,294000
4335,14586000,13972000,298000
4336,14623000,14028000,298000
4337,14623000,14004000,314000
4338,14611000,13996000,298000
4339,14603000,13984000,298000
4340,14611000,14016000,298000
4341,14586000,13968000,290000
4342,14619000,14032000,302000
4343,14602000,13980000,302000
4344,14631000,14033000,306000
4345,14598000,13971000,302000
4346,14615000,14016000,302000
4347,14607000,13984000,302000
4348,14615000,14016000,298000
4349,14599000,13981000,294000
4350,14611000,14019000,302000
4351,14606000,13984000,302000
4352,14635000,14037000,314000
4353,14602000,13967000,306000
4354,14623000,14021000,305000
4355,14597000,13971000,294000
4356,14611000,14020000,302000
4357,14623000,14000000,310000
4358,14619000,14009000,306000
4359,14619000,13983000,306000
4360,14610000,14000000,298000
4361,14590000,13976000,290000
4362,14627000,14041000,302000
4363,14583000,13959000,290000
4364,14644000,14058000,310000
4365,14586000,13954000,298000
4366,14619000,14024000,306000
4367,14623000,13988000,306000
4368,14611000,14008000,298000
4369,14599000,13981000,298000
4370,14619000,14023000,302000
4371,14598000,13976000,294000
4372,14619000,14029000,302000
4373,14579000,13956000,286000
4374,14627000,14044000,302000
4375,14579000,13955000,290000
4376,14623000,14036000,302000
4377,14611000,13988000,302000
4378,14627000,14029000,314000
4379,14599000,13964000,294000
4380,14611000,14019000,302000
4381,14602000,13980000,298000
4382,14627000,14033000,306000
4383,14594000,13967000,298000
4384,14615000,14021000,298000
4385,14598000,13975000,294000
4386,14623000,14033000,306000
4387,14599000,13971000,294000
4388,14623000,14033000,310000
4389,14618000,13979000,306000
4390,14610000,14000000,298000
4391,14606000,13992000,302000
4392,14631000,14033000,310000
4393,14586000,13955000,298000
4394,14639000,14045000,310000
4395,14598000,13967000,302000
4396,14623000,14025000,306000
4397,14619000,13983000,306000
4398,14623000,14021000,310000
4399,14619000,13979000,306000
4400,14623000,14021000,310000
4401,14594000,13963000,294000
4402,14631000,14041000,310000
4403,14598000,13967000,298000
4404,14636000,14042000,314000
4405,14609000,13966000,310000
4406,14623000,14017000,306000
4407,14619000,13983000,306000
4408,14619000,14017000,306000
4409,14603000,13975000,298000
4410,14611000,14008000,294000
4411,14606000,13996000,306000
4412,14635000,14033000,314000
4413,14594000,13959000,302000
4414,14639000,14041000,314000
4415,14594000,13959000,298000
4416,14627000,14033000,298000
4417,14631000,14004000,310000
4418,14611000,13992000,306000
4419,14627000,14000000,298000
4420,14603000,13995000,306000
4421,14622000,13988000,306000
4422,14649000,14042000,306000
4423,14590000,13950000,298000
4424,14635000,14037000,310000
4425,14583000,13947000,286000
4426,14619000,14032000,298000
4427,14611000,13988000,298000
4428,14615000,14016000,302000
4429,14611000,13984000,298000
4430,14615000,14016000,302000
4431,14631000,14005000,302000
4432,14623000,14008000,306000
4433,14591000,13959000,294000
4434,14627000,14033000,287000
4435,14582000,13963000,286000
4436,14619000,14032000,290000
4437,14623000,14000000,298000
4438,14595000,13984000,290000
4439,14623000,14012000,306000
4440,14611000,13992000,294000
4441,14595000,13980000,290000
4442,14644000,14054000,314000
4443,14614000,13966000,306000
4444,14631000,14025000,306000
4445,14598000,13967000,302000
4446,14619000,14016000,294000
4447,14603000,13985000,298000
4448,14627000,14028000,306000
4449,14627000,13996000,302000
4450,14606000,13995000,302000
4451,14606000,13980000,294000
4452,14619000,14025000,298000
4453,14570000,13947000,278000
4454,14643000,14065000,309000
4455,14613000,13971000,306000
4456,14615000,14008000,294000
4457,14599000,13981000,294000
4458,14615000,14011000,294000
4459,14623000,14008000,306000
4460,14619000,14009000,302000
4461,14606000,13979000,302000
4462,14619000,14016000,298000
4463,14602000,13980000,298000
4464,14615000,14016000,298000
4465,14622000,13992000,306000
4466,14615000,14008000,294000
4467,14619000,13992000,298000
4468,15619000,15021000,306000
4469,14619000,13987000,310000
4470,14611000,13992000,298000
4471,14606000,13992000,302000
4472,14615000,14017000,294000
4473,14602000,13983000,306000
4474,14639000,14037000,314000
4475,14601000,13967000,306000
4476,14623000,14021000,306000
4477,14619000,13984000,306000
4478,14623000,14016000,306000
4479,14619000,13991000,310000
4480,14615000,14004000,306000
4481,14595000,13968000,290000
4482,14615000,14029000,302000
4483,14601000,13979000,294000
4484,14611000,14021000,302000
4485,14597000,13975000,294000
4486,14615000,14024000,302000
4487,14623000,13992000,302000
4488,14607000,14008000,294000
4489,14595000,13980000,294000
4490,14619000,14029000,302000
4491,14614000,13983000,306000
4492,14631000,14025000,306000
4493,14579000,13947000,282000
4494,14635000,14053000,306000
4495,14590000,13959000,286000
4496,14611000,14016000,290000
4497,14603000,13992000,290000
4498,14595000,14004000,286000
4499,14603000,13996000,294000
4500,14615000,14020000,294000
4501,14598000,13980000,294000
4502,14615000,14020000,291000
4503,14594000,13980000,298000
4504,14631000,14033000,306000
4505,14614000,13975000,306000
4506,14615000,14008000,294000
4507,14607000,13988000,298000
4508,14611000,14012000,298000
4509,14607000,13985000,294000
4510,14611000,14015000,298000
4511,14599000,13976000,290000
4512,14627000,14037000,306000
4513,14602000,13971000,298000
4514,14627000,14029000,306000
4515,14594000,13963000,286000
4516,14611000,14016000,298000
4517,14627000,14000000,302000
4518,14595000,13992000,286000
4519,14611000,14004000,302000
4520,14615000,14012000,298000
4521,14610000,13988000,302000
4522,14627000,14025000,306000
4523,14603000,13971000,298000
4524,14635000,14037000,310000
4525,14590000,13955000,294000
4526,14631000,14037000,306000
4527,14603000,13971000,298000
4528,14615000,14016000,298000
4529,14623000,14000000,306000
4530,14615000,14004000,298000
4531,14586000,13964000,282000
4532,14631000,14049000,306000
4533,14583000,13951000,290000
4534,14627000,14041000,306000
4535,14594000,13967000,294000
4536,14623000,14033000,306000
4537,14607000,13979000,302000
4538,14615000,14016000,302000
4539,14607000,13984000,302000
4540,14611000,14012000,302000
4541,14602000,13980000,302000
4542,14631000,14033000,306000
4543,14598000,13971000,302000
4544,14631000,14033000,310000
4545,14602000,13971000,306000
4546,14615000,14012000,298000
4547,14603000,13984000,294000
4548,14619000,14029000,310000
4549,14619000,13979000,306000
4550,14615000,14012000,302000
4551,14598000,13976000,298000
4552,14640000,14046000,314000
4553,14598000,13958000,298000
4554,14631000,14033000,306000
4555,14594000,13963000,298000
4556,14635000,14037000,310000
4557,14603000,13967000,294000
4558,14615000,14020000,302000
4559,14607000,13981000,294000
4560,14623000,14028000,306000
4561,14602000,13971000,298000
4562,14631000,14033000,310000
4563,14598000,13963000,290000
4564,14615000,14024000,298000
4565,14606000,13984000,302000
4566,14623000,14021000,302000
4567,14603000,13975000,294000
4568,14623000,14029000,306000
4569,14603000,13971000,298000
4570,14615000,14016000,294000
4571,14594000,13976000,294000
4572,14631000,14037000,302000
4573,14594000,13967000,298000
4574,14631000,14033000,302000
4575,14594000,13967000,294000
4576,14615000,14012000,294000
4577,14603000,13989000,294000
4578,14619000,14023000,298000
4579,14631000,14009000,298000
4580,14611000,14000000,306000
4581,14602000,13971000,298000
4582,14627000,14029000,306000
4583,14594000,13963000,290000
4584,14627000,14037000,306000
4585,14626000,13996000,302000
4586,14615000,14000000,302000
4587,14619000,13983000,302000
4588,14623000,14021000,306000
4589,14603000,13971000,298000
4590,14619000,14020000,298000
4591,14602000,13980000,298000
4592,14627000,14029000,302000
4593,14594000,13967000,294000
4594,14631000,14037000,306000
4595,14595000,13963000,290000
4596,14631000,14041000,310000
4597,14591000,13956000,287000
4598,14623000,14036000,306000
4599,14603000,13971000,298000
4600,14627000,14029000,306000
4601,14598000,13967000,298000
4602,14631000,14033000,302000
4603,14594000,13967000,298000
4604,14631000,14033000,302000
4605,14586000,13959000,290000
4606,14627000,14037000,302000
4607,14607000,13979000,302000
4608,14631000,14029000,310000
4609,14619000,13975000,302000
4610,14619000,14017000,306000
4611,14606000,13975000,294000
4612,14636000,14042000,314000
4613,14594000,13954000,294000
4614,14631000,14037000,310000
4615,14606000,13971000,302000
4616,14627000,14025000,306000
4617,14619000,13987000,306000
4618,14623000,14013000,306000
4619,14603000,13972000,298000
4620,14627000,14028000,306000
4621,14598000,13967000,294000
4622,14627000,14033000,306000
4623,14606000,13975000,302000
4624,14615000,14012000,290000
4625,14590000,13976000,294000
4626,14618000,14016000,294000
4627,14607000,13992000,290000
4628,14619000,14029000,306000
4629,14619000,13987000,306000
4630,14615000,14004000,298000
4631,14606000,13984000,302000
4632,14619000,14016000,294000
4633,14590000,13972000,294000
4634,14627000,14033000,298000
4635,14614000,13983000,306000
4636,14619000,14012000,298000
4637,14623000,14000000,310000
4638,14611000,13996000,294000
4639,14619000,13992000,302000
4640,14619000,14017000,302000
4641,14598000,13971000,298000
4642,14635000,14037000,306000
4643,14594000,13963000,290000
4644,14619000,14029000,302000
4645,14598000,13971000,298000
4646,14627000,14029000,302000
4647,14618000,13983000,302000
4648,14610000,14000000,294000
4649,14611000,13996000,298000
4650,14627000,14029000,310000
4651,14602000,13967000,298000
4652,14627000,14029000,302000
4653,14590000,13963000,294000
4654,14644000,14050000,314000
4655,14598000,13958000,298000
4656,14615000,14016000,298000
4657,14611000,13988000,302000
4658,14627000,14025000,306000
4659,14619000,13979000,298000
4660,13958000,13359000,318000
4661,15264000,14625000,298000
4662,14623000,14028000,302000
4663,14602000,13980000,302000
4664,14631000,14033000,310000
4665,14595000,13963000,302000
4666,14623000,14024000,302000
4667,14607000,13984000,306000
4668,14615000,14012000,298000
4669,14619000,14000000,310000
4670,14623000,14013000,310000
4671,14602000,13971000,302000
4672,14631000,14033000,310000
4673,14598000,13967000,302000
4674,14627000,14029000,306000
4675,14594000,13967000,294000
4676,14623000,14033000,310000
4677,14599000,13968000,298000
4678,14619000,14023000,306000
4679,14607000,13980000,302000
4680,14615000,14016000,302000
4681,14587000,13964000,290000
4682,14643000,14057000,314000
4683,14602000,13967000,306000
4684,14631000,14029000,310000
4685,14594000,13963000,298000
4686,14619000,14024000,306000
4687,14611000,13984000,302000
4688,14599000,14000000,294000
4689,14603000,13992000,298000
4690,14619000,14024000,302000
4691,14591000,13968000,290000
4692,14635000,14049000,313000
4693,14593000,13959000,298000
4694,14631000,14037000,314000
4695,14601000,13967000,302000
4696,14623000,14025000,306000
4697,14583000,13956000,282000
4698,14603000,14023000,294000
4699,14623000,14004000,306000
4700,14623000,14021000,310000
4701,14602000,13971000,302000
4702,14635000,14037000,314000
4703,14602000,13967000,306000
4704,14635000,14033000,314000
4705,14598000,13963000,302000
4706,14623000,14025000,306000
4707,14607000,13979000,298000
4708,14595000,14000000,294000
4709,14607000,13996000,302000
4710,14603000,14004000,294000
4711,14594000,13984000,294000
4712,14619000,14029000,299000
4713,14605000,13987000,306000
4714,14619000,14016000,302000
4715,14602000,13980000,302000
4716,14615000,14016000,298000
4717,14607000,13988000,302000
4718,14619000,14021000,302000
4719,14619000,13991000,306000
4720,14619000,14009000,302000
4721,14602000,13975000,298000
4722,14615000,14016000,294000
4723,14598000,13980000,290000
4724,14623000,14033000,302000
4725,14579000,13951000,286000
4726,14619000,14036000,302000
4727,14623000,14000000,310000
4728,14598000,13988000,294000
4729,14635000,14025000,306000
4730,14607000,13991000,302000
4731,14594000,13972000,298000
4732,14631000,14037000,306000
4733,14583000,13956000,290000
4734,15635000,15044000,306000
4735,14586000,13959000,294000
4736,14627000,14037000,306000
4737,14599000,13971000,302000
4738,14619000,14020000,302000
4739,14623000,13992000,302000
4740,14611000,14012000,302000
4741,14599000,13976000,302000
4742,14627000,14029000,306000
4743,14602000,13975000,298000
4744,14623000,14029000,302000
4745,14590000,13967000,294000
4746,14615000,14025000,298000
4747,14597000,13979000,302000
4748,14627000,14029000,310000
4749,14607000,13975000,302000
4750,14611000,14012000,302000
4751,14627000,14004000,306000
4752,14607000,13996000,290000
4753,14590000,13976000,290000
4754,14627000,14037000,298000
4755,14594000,13971000,294000
4756,14631000,14037000,302000
4757,14590000,13963000,294000
4758,14615000,14020000,294000
4759,14615000,13996000,306000
4760,14595000,13985000,286000
4761,14599000,13992000,294000
4762,14607000,14012000,290000
4763,14602000,13991000,294000
4764,14627000,14033000,302000
4765,14594000,13967000,298000
4766,14631000,14033000,302000
4767,14586000,13959000,286000
4768,14619000,14032000,302000
4769,14627000,14000000,310000
4770,14623000,14009000,306000
4771,14619000,13979000,298000
4772,14619000,14021000,306000
4773,14599000,13967000,294000
4774,14615000,14020000,291000
4775,14591000,13972000,290000
4776,14627000,14037000,302000
4777,14618000,13983000,306000
4778,14627000,14021000,306000
4779,14607000,13975000,302000
4780,14619000,14016000,298000
4781,14607000,13985000,302000
4782,14619000,14015000,298000
4783,14618000,13988000,306000
4784,14635000,14029000,298000
4785,14593000,13967000,302000
4786,14631000,14029000,306000
4787,14587000,13955000,286000
4788,14619000,14032000,302000
4789,14623000,13988000,306000
4790,14619000,14017000,306000
4791,14607000,13979000,306000
4792,14623000,14021000,306000
4793,14618000,13983000,310000
4794,14627000,14021000,306000
4795,14594000,13967000,302000
4796,14631000,14033000,306000
4797,14598000,13971000,306000
4798,14627000,14025000,306000
4799,14628000,14000000,310000
4800,14602000,13983000,294000
4801,14602000,13992000,302000
4802,14623000,14025000,310000
4803,14598000,13967000,290000
4804,14619000,14033000,302000
4805,14587000,13963000,294000
4806,14631000,14041000,306000
4807,14586000,13959000,290000
4808,14603000,14016000,298000
4809,14615000,14000000,306000
4810,14615000,14012000,298000
4811,14603000,13985000,302000
4812,14599000,13999000,290000
4813,14602000,13996000,298000
4814,14627000,14033000,306000
4815,14602000,13975000,306000
4816,14627000,14025000,306000
4817,14594000,13967000,302000
4818,14627000,14029000,306000
4819,14619000,13983000,302000
4820,14607000,14000000,298000
4821,14623000,14000000,310000
4822,14615000,14008000,298000
4823,14594000,13976000,294000
4824,14635000,14045000,314000
4825,14598000,13963000,302000
4826,14615000,14016000,302000
4827,14605000,13984000,302000
4828,14615000,14016000,298000
4829,14619000,14000000,310000
4830,14619000,14009000,306000
4831,14607000,13979000,306000
4832,14631000,14029000,306000
4833,14597000,13971000,306000
4834,14627000,14025000,306000
4835,14589000,13963000,294000
4836,14619000,14028000,303000
4837,14593000,13972000,298000
4838,14619000,14024000,302000
4839,14611000,13988000,302000
4840,14611000,14012000,302000
4841,14611000,13988000,306000
4842,14627000,14025000,310000
4843,14602000,13971000,302000
4844,14631000,14033000,310000
4845,14598000,13967000,302000
4846,14623000,14025000,306000
4847,14603000,13976000,298000
4848,14610000,14015000,302000
4849,14623000,13992000,306000
4850,14611000,14000000,298000
4851,14603000,13989000,298000
4852,14627000,14032000,306000
4853,14590000,13963000,302000
4854,14643000,14045000,314000
4855,14602000,13967000,306000
4856,14631000,14029000,310000
4857,14598000,13967000,302000
4858,14615000,14016000,302000
4859,14603000,13980000,298000
4860,14615000,14012000,298000
4861,14611000,13997000,306000
4862,14619000,14015000,302000
4863,14594000,13972000,294000
4864,14619000,14028000,302000
4865,14590000,13968000,298000
4866,14639000,14045000,310000
4867,14598000,13967000,298000
4868,14619000,14025000,306000
4869,14619000,13983000,306000
4870,14619000,14017000,306000
4871,14627000,14000000,314000
4872,14611000,13983000,294000
4873,14602000,13988000,298000
4874,14635000,14037000,306000
4875,14593000,13963000,298000
4876,14631000,14033000,306000
4877,14606000,13975000,302000
4878,14615000,14012000,298000
4879,14623000,14000000,306000
4880,14619000,14009000,294000
4881,14598000,13979000,302000
4882,14627000,14025000,306000
4883,14619000,13987000,290000
4884,14611000,14009000,298000
4885,14581000,13959000,290000
4886,14639000,14049000,310000
4887,14598000,13967000,302000
4888,14631000,14033000,314000
4889,14603000,13968000,298000
4890,14615000,14019000,302000
4891,14623000,14000000,306000
4892,14615000,14009000,310000
4893,14602000,13971000,302000
4894,14623000,14025000,306000
4895,14622000,13995000,306000
4896,14622000,14013000,310000
4897,14594000,13963000,302000
4898,14623000,14024000,302000
4899,14619000,13988000,302000
4900,14615000,14017000,306000
4901,14603000,13975000,302000
4902,14623000,14025000,306000
4903,14602000,13975000,302000
4904,14619000,14020000,302000
4905,14598000,13976000,302000
4906,14639000,14041000,314000
4907,14602000,13967000,306000
4908,14627000,14025000,310000
4909,14619000,13979000,306000
4910,14619000,14017000,306000
4911,14619000,13991000,310000
4912,14619000,14009000,306000
4913,14606000,13979000,306000
4914,14649000,14046000,310000
4915,14586000,13946000,298000
4916,14640000,14046000,314000
4917,14590000,13954000,302000
4918,14627000,14029000,306000
4919,14599000,13971000,294000
4920,14623000,14033000,306000
4921,14603000,13975000,298000
4922,14611000,14016000,298000
4923,14602000,13984000,302000
4924,14627000,14029000,306000
4925,14594000,13967000,298000
4926,14615000,14020000,294000
4927,14579000,13964000,290000
4928,14619000,14032000,294000
4929,14615000,13992000,302000
4930,14611000,14012000,298000
4931,14615000,13996000,306000
4932,14611000,14004000,298000
4933,14598000,13980000,298000
4934,14619000,14025000,302000
4935,14602000,13979000,306000
4936,14623000,14021000,302000
4937,14590000,13967000,298000
4938,14618000,14016000,298000
4939,14607000,13993000,306000
4940,14630000,14028000,310000
4941,14619000,13987000,310000
4942,14619000,14009000,306000
4943,14598000,13971000,302000
4944,14635000,14037000,310000
4945,14593000,13963000,302000
4946,14623000,14024000,298000
4947,14583000,13964000,286000
4948,14619000,14036000,302000
4949,14607000,13984000,302000
4950,14598000,14000000,298000
4951,14611000,13996000,298000
4952,14619000,14025000,302000
4953,14586000,13963000,290000
4954,14631000,14045000,306000
4955,14583000,13955000,290000
4956,14627000,14041000,302000
4957,14579000,13955000,290000
4958,14627000,14041000,302000
4959,14615000,13983000,302000
4960,14607000,14008000,298000
4961,14619000,13992000,302000
4962,14607000,14008000,294000
4963,14590000,13976000,290000
4964,14631000,14045000,306000
4965,14594000,13963000,294000
4966,14615000,14020000,290000
4967,14574000,13960000,282000
4968,14623000,14040000,294000
4969,14603000,13984000,294000
4970,14607000,14012000,294000
4971,14618000,13992000,298000
4972,14627000,14029000,298000
4973,14582000,13959000,290000
4974,14623000,14033000,298000
4975,14594000,13971000,294000
4976,14619000,14025000,295000
4977,14587000,13967000,290000
4978,14603000,14012000,286000
4979,14595000,13988000,286000
4980,14615000,14028000,294000
4981,14591000,13973000,290000
4982,14611000,14023000,298000
4983,14606000,13988000,306000
4984,14631000,14029000,310000
4985,14589000,13959000,298000
4986,14644000,14050000,318000
4987,14598000,13958000,302000
4988,14619000,14020000,306000
4989,14631000,14005000,314000
4990,14619000,14000000,306000
4991,14599000,13971000,298000
4992,14631000,14037000,314000
4993,14598000,13963000,298000
4994,14619000,14024000,302000
4995,14602000,13980000,298000
4996,14623000,14029000,306000
4997,14582000,13955000,290000
4998,14619000,14032000,298000
4999,14603000,13985000,298000
5000,14619000,14024000,302000
5001,14614000,13983000,302000
5002,14611000,14012000,298000
5003,14594000,13976000,302000
5004,14627000,14029000,306000
5005,14606000,13979000,306000
5006,14631000,14029000,310000
5007,14586000,13955000,290000
5008,14623000,14037000,302000
5009,14595000,13971000,294000
5010,14610000,14012000,294000
5011,14607000,13996000,298000
5012,14607000,14012000,298000
5013,14594000,13976000,290000
5014,14619000,14033000,302000
5015,14598000,13975000,302000
5016,14640000,14042000,318000
5017,14594000,13954000,298000
5018,14615000,14020000,298000
5019,14607000,13988000,306000
5020,14627000,14025000,310000
5021,14619000,13979000,306000
5022,14615000,14012000,302000
5023,14598000,13976000,298000
5024,14623000,14029000,306000
5025,14594000,13967000,298000
5026,14639000,14045000,314000
5027,14598000,13963000,298000
5028,14619000,14025000,306000
5029,14603000,13975000,302000
5030,14627000,14029000,310000
5031,14607000,13975000,306000
5032,14627000,14025000,310000
5033,14603000,13971000,302000
5034,14640000,14042000,318000
5035,14603000,13962000,306000
5036,14635000,14033000,314000
5037,14594000,13959000,302000
5038,14635000,14037000,314000
5039,14619000,13983000,310000
5040,14615000,14004000,302000
5041,14599000,13976000,298000
5042,14614000,14012000,302000
5043,14602000,13984000,290000
5044,14631000,14045000,310000
5045,14594000,13963000,302000
5046,14619000,14020000,302000
5047,14589000,13968000,294000
5048,14619000,14028000,302000
5049,14622000,13992000,310000
5050,14619000,14012000,302000
5051,14619000,13996000,310000
5052,14603000,13988000,290000
5053,14622000,14004000,306000
5054,14631000,14025000,306000
5055,14594000,13963000,298000
5056,14635000,14037000,306000
5057,14601000,13971000,306000
5058,14619000,14004000,290000
5059,14619000,14000000,298000
5060,14611000,14012000,298000
5061,14623000,14000000,310000
5062,14611000,13996000,294000
5063,14602000,13984000,298000
5064,14631000,14033000,306000
5065,14602000,13971000,302000
5066,14619000,14017000,298000
5067,14597000,13975000,294000
5068,14619000,14024000,298000
5069,14607000,13984000,302000
5070,14623000,14021000,302000
5071,14599000,13972000,294000
5072,14615000,14019000,298000
5073,14606000,13984000,298000
5074,14631000,14033000,306000
5075,14597000,13967000,294000
5076,14619000,14025000,298000
5077,14594000,13971000,290000
5078,14611000,14013000,298000
5079,14627000,13999000,302000
5080,14599000,13996000,286000
5081,14607000,14000000,302000
5082,14615000,14012000,298000
5083,14607000,13984000,302000
5084,14627000,14025000,298000
5085,14590000,13967000,294000
5086,14639000,14045000,310000
5087,14602000,13967000,302000
5088,14627000,14025000,306000
5089,14603000,13971000,298000
5090,14619000,14020000,298000
5091,14619000,13988000,298000
5092,14619000,14021000,306000
5093,14602000,13971000,298000
5094,14631000,14033000,306000
5095,14590000,13959000,294000
5096,14644000,14050000,314000
5097,14591000,13950000,290000
5098,14615000,14024000,298000
5099,14607000,13984000,294000
5100,14595000,14000000,286000
5101,14623000,14008000,302000
5102,14623000,14021000,306000
5103,14598000,13967000,298000
5104,14639000,14041000,310000
5105,14595000,13959000,298000
5106,14627000,14029000,298000
5107,14590000,13967000,286000
5108,14599000,14012000,290000
5109,14595000,13985000,287000
5110,14614000,14019000,298000
5111,14627000,14008000,306000
5112,14623000,14013000,306000
5113,14599000,13967000,294000
5114,14623000,14029000,298000
5115,14594000,13971000,298000
5116,14631000,14033000,305000
5117,14601000,13971000,298000
5118,14627000,14029000,306000
5119,14607000,13976000,298000
5120,14645000,14045000,310000
5121,14615000,13970000,294000
5122,14607000,14000000,298000
5123,15619000,14996000,290000
5124,14615000,14013000,305000
5125,14593000,13963000,294000
5126,14653000,14058000,306000
5127,14582000,13942000,290000
5128,14627000,14037000,306000
5129,14607000,13975000,298000
5130,14623000,14025000,306000
5131,14619000,13979000,302000
5132,14615000,14012000,302000
5133,14603000,13976000,298000
5134,14639000,14041000,309000
5135,14598000,13963000,282000
5136,14611000,14020000,298000
5137,14598000,13976000,298000
5138,14648000,14050000,306000
5139,14599000,13958000,294000
5140,14632000,14038000,302000
5141,14615000,13978000,294000
5142,14611000,14005000,306000
5143,14606000,13975000,298000
5144,14627000,14029000,302000
5145,14615000,13987000,306000
5146,14623000,14013000,302000
5147,14598000,13971000,298000
5148,14615000,14016000,298000
5149,14599000,13976000,294000
5150,14623000,14028000,298000
5151,14595000,13973000,290000
5152,14619000,14027000,298000
5153,14602000,13980000,298000
5154,14627000,14029000,306000
5155,14589000,13959000,286000
5156,14627000,14041000,306000
5157,14618000,13979000,290000
5158,14615000,14017000,302000
5159,14619000,13991000,306000
5160,14640000,14030000,306000
5161,14611000,13962000,302000
5162,14615000,14012000,298000
5163,14598000,13976000,294000
5164,14635000,14041000,310000
5165,14594000,13959000,294000
5166,14635000,14041000,310000
5167,14599000,13963000,298000
5168,14619000,14020000,302000
5169,14599000,13973000,290000
5170,14615000,14023000,298000
5171,14607000,13985000,290000
5172,14627000,14036000,310000
5173,14590000,13955000,294000
5174,14631000,14041000,314000
5175,14595000,13959000,294000
5176,14635000,14045000,314000
5177,14598000,13963000,302000
5178,14623000,14025000,306000
5179,14619000,13983000,306000
5180,14615000,14012000,302000
5181,14603000,13980000,298000
5182,14619000,14025000,306000
5183,14602000,13975000,298000
5184,14631000,14033000,310000
5185,14602000,13967000,298000
5186,14627000,14029000,302000
5187,14594000,13967000,290000
5188,14610000,14012000,290000
5189,14623000,14012000,310000
5190,14615000,14000000,298000
5191,14619000,13988000,302000
5192,14615000,14012000,298000
5193,14606000,13984000,302000
5194,14631000,14029000,306000
5195,14594000,13963000,298000
5196,14627000,14029000,302000
5197,14601000,13975000,298000
5198,14631000,14033000,298000
5199,14603000,13971000,298000
5200,14611000,14012000,294000
5201,14603000,13984000,298000
5202,14623000,14025000,302000
5203,14607000,13979000,286000
5204,14611000,14016000,295000
5205,14598000,13980000,298000
5206,14615000,14017000,291000
5207,14602000,13987000,302000
5208,14623000,14021000,302000
5209,14607000,13980000,298000
5210,14611000,14011000,298000
5211,14623000,14000000,306000
5212,14619000,14009000,302000
5213,14606000,13979000,302000
5214,14640000,14038000,306000
5215,14589000,13958000,298000
5216,14631000,14033000,306000
5217,14598000,13967000,298000
5218,14619000,14020000,298000
5219,14619000,13996000,302000
5220,14611000,14004000,298000
5221,14619000,13996000,306000
5222,14599000,13988000,286000
5223,14587000,13980000,286000
5224,14623000,14036000,294000
5225,14586000,13968000,290000
5226,14631000,14041000,305000
5227,14601000,13971000,298000
5228,14615000,14008000,290000
5229,14619000,14008000,306000
5230,14615000,14004000,298000
5231,14603000,13980000,294000
5232,14615000,14020000,302000
5233,14598000,13972000,294000
5234,14635000,14041000,306000
5235,14598000,13967000,294000
5236,14623000,14029000,306000
5237,14605000,13975000,306000
5238,14623000,14021000,306000
5239,14603000,13975000,294000
5240,14606000,14008000,290000
5241,14615000,14000000,302000
5242,14615000,14017000,302000
5243,14602000,13979000,302000
5244,14623000,14025000,302000
5245,14598000,13975000,298000
5246,14627000,14029000,306000
5247,14598000,13971000,306000
5248,14619000,14016000,302000
5249,14618000,13988000,306000
5250,14610000,14000000,298000
5251,14611000,13996000,298000
5252,14607000,14012000,298000
5253,14606000,13988000,306000
5254,14623000,14021000,305000
5255,14601000,13975000,298000
5256,14619000,14025000,298000
5257,14582000,13963000,290000
5258,14619000,14032000,302000
5259,14607000,13984000,298000
5260,14615000,14021000,302000
5261,14603000,13979000,298000
5262,14611000,14016000,298000
5263,14590000,13972000,290000
5264,14627000,14041000,306000
5265,14590000,13963000,294000
5266,14615000,14024000,298000
5267,14594000,13976000,294000
5268,14623000,14033000,306000
5269,14603000,13975000,298000
5270,14607000,14012000,294000
5271,14619000,14004000,314000
5272,14619000,14005000,306000
5273,14606000,13979000,306000
5274,14627000,14025000,306000
5275,14594000,13967000,298000
5276,14627000,14033000,306000
5277,14602000,13975000,306000
5278,14627000,14025000,310000
5279,14619000,13987000,298000
5280,14623000,14017000,314000
5281,14619000,13983000,310000
5282,14623000,14013000,310000
5283,14594000,13963000,290000
5284,14627000,14041000,314000
5285,14594000,13959000,294000
5286,14627000,14037000,306000
5287,14598000,13971000,302000
5288,14623000,14025000,306000
5289,14599000,13971000,294000
5290,14615000,14024000,306000
5291,14623000,13988000,306000
5292,14619000,14017000,310000
5293,14606000,13975000,302000
5294,14640000,14042000,318000
5295,14599000,13958000,302000
5296,14640000,14042000,318000
5297,14601000,13962000,306000
5298,14623000,14021000,306000
5299,14603000,13975000,294000
5300,14615000,14025000,310000
5301,14607000,13976000,298000
5302,14611000,14015000,298000
5303,14618000,13992000,310000
5304,14631000,14025000,310000
5305,14597000,13967000,302000
5306,14623000,14025000,306000
5307,14598000,13971000,298000
5308,14599000,14004000,294000
5309,14627000,14016000,310000
5310,14627000,14017000,306000
5311,14598000,13971000,302000
5312,14611000,14012000,302000
5313,14606000,13984000,302000
5314,14631000,14033000,310000
5315,14598000,13967000,298000
5316,14619000,14025000,302000
5317,14590000,13967000,302000
5318,14627000,14028000,302000
5319,14619000,13996000,310000
5320,14623000,14013000,310000
5321,14618000,13979000,306000
5322,14623000,14021000,310000
5323,14595000,13963000,298000
5324,14631000,14037000,306000
5325,14593000,13967000,298000
5326,14619000,14024000,302000
5327,14598000,13976000,302000
5328,14623000,14024000,302000
5329,14607000,13984000,302000
5330,14615000,14016000,302000
5331,14603000,13980000,298000
5332,14619000,14025000,306000
5333,14602000,13975000,302000
5334,14635000,14037000,314000
5335,14615000,13979000,310000
5336,14627000,14017000,310000
5337,14590000,13959000,298000
5338,14631000,14037000,310000
5339,14619000,13979000,306000
5340,14611000,14008000,302000
5341,14622000,13992000,306000
5342,14619000,14017000,306000
5343,14603000,13976000,298000
5344,14630000,14036000,314000
5345,14598000,13963000,302000
5346,14631000,14033000,310000
5347,14593000,13963000,294000
5348,14611000,14020000,302000
5349,14607000,13984000,298000
5350,14619000,14025000,306000
5351,14607000,13979000,302000
5352,14627000,14029000,314000
5353,14606000,13971000,306000
5354,14640000,14038000,318000
5355,14590000,13950000,294000
5356,14619000,14029000,302000
5357,14601000,13979000,302000
5358,14614000,14008000,298000
5359,14623000,14000000,306000
5360,14623000,14021000,310000
5361,14607000,13975000,302000
5362,14615000,14016000,306000
5363,14602000,13976000,294000
5364,14631000,14041000,314000
5365,14590000,13955000,298000
5366,14639000,14045000,314000
5367,14602000,13967000,306000
5368,14627000,14025000,310000
5369,14619000,13979000,306000
5370,14611000,14008000,298000
5371,14619000,14000000,310000
5372,14611000,13992000,294000
5373,14598000,13988000,298000
5374,14635000,14041000,314000
5375,14590000,13955000,294000
5376,14627000,14037000,306000
5377,14598000,13971000,302000
5378,14619000,14020000,302000
5379,14599000,13976000,294000
5380,14619000,14029000,306000
5381,14607000,13979000,302000
5382,14619000,14021000,306000
5383,14606000,13979000,306000
5384,14635000,14033000,314000
5385,14586000,13951000,290000
5386,14635000,14049000,314000
5387,14598000,13963000,302000
5388,14619000,14020000,302000
5389,14607000,13984000,302000
5390,14611000,14012000,298000
5391,14623000,14004000,314000
5392,14631000,14017000,302000
5393,14594000,13963000,302000
5394,14635000,14037000,313000
5395,14593000,13959000,294000
5396,14631000,14041000,314000
5397,14598000,13963000,302000
5398,14619000,14020000,302000
5399,14619000,13996000,310000
5400,14623000,14013000,310000
5401,14599000,13967000,294000
5402,14611000,14020000,302000
5403,14602000,13980000,298000
5404,14619000,14024000,302000
5405,14597000,13976000,302000
5406,14639000,14041000,314000
5407,14590000,13955000,294000
5408,14623000,14033000,306000
5409,14607000,13979000,302000
5410,14611000,14012000,302000
5411,14607000,13985000,294000
5412,14615000,14024000,306000
5413,14603000,13975000,302000
5414,14635000,14037000,314000
5415,14586000,13951000,294000
5416,14635000,14045000,314000
5417,14598000,13963000,298000
5418,14623000,14029000,306000
5419,14619000,13983000,306000
5420,14619000,14017000,310000
5421,14623000,13991000,310000
5422,14611000,13992000,294000
5423,14606000,13996000,306000
5424,14627000,14025000,306000
5425,14589000,13963000,294000
5426,14631000,14041000,310000
5427,14598000,13967000,298000
5428,14615000,14020000,294000
5429,14591000,13977000,294000
5430,14611000,14019000,298000
5431,14607000,13988000,302000
5432,14619000,14021000,310000
5433,14599000,13967000,294000
5434,14631000,14041000,310000
5435,14614000,13975000,306000
5436,14615000,14012000,299000
5437,14589000,13972000,302000
5438,14631000,14033000,306000
5439,14603000,13975000,298000
5440,14615000,14020000,306000
5441,14627000,14000000,314000
5442,14623000,14009000,310000
5443,14602000,13971000,298000
5444,14619000,14025000,302000
5445,14598000,13975000,302000
5446,14627000,14029000,306000
5447,14602000,13975000,306000
5448,14631000,14029000,314000
5449,14607000,13971000,302000
5450,14619000,14021000,306000
5451,14619000,13991000,310000
5452,14623000,14013000,310000
5453,14594000,13963000,294000
5454,14619000,14028000,302000
5455,14618000,13988000,310000
5456,14631000,14025000,310000
5457,14598000,13967000,302000
5458,14615000,14016000,302000
5459,14611000,13988000,298000
5460,14611000,14016000,302000
5461,14607000,13984000,302000
5462,14611000,14012000,298000
5463,14618000,13992000,310000
5464,14635000,14029000,314000
5465,14575000,13939000,278000
5466,14615000,14041000,298000
5467,14605000,13987000,306000
5468,14615000,14012000,298000
5469,14607000,13988000,302000
5470,14619000,14021000,310000
5471,14623000,13991000,310000
5472,14627000,14017000,314000
5473,14602000,13967000,302000
5474,14619000,14020000,302000
5475,14602000,13980000,298000
5476,14627000,14033000,310000
5477,14590000,13959000,294000
5478,14619000,14028000,302000
5479,14607000,13984000,306000
5480,14619000,14016000,302000
5481,14619000,13988000,306000
5482,14627000,14025000,314000
5483,14598000,13963000,298000
5484,14623000,14029000,302000
5485,14586000,13963000,290000
5486,14627000,14041000,310000
5487,14598000,13967000,302000
5488,14623000,14024000,302000
5489,14618000,13988000,306000
5490,14611000,14008000,302000
5491,14603000,13980000,290000
5492,14615000,14029000,306000
5493,14606000,13979000,306000
5494,14631000,14029000,310000
5495,14602000,13971000,306000
5496,14640000,14038000,318000
5497,14590000,13950000,294000
5498,14619000,14028000,302000
5499,14607000,13985000,302000
5500,14611000,14011000,298000
5501,14619000,13992000,306000
5502,14615000,14008000,302000
5503,14602000,13980000,302000
5504,14631000,14033000,306000
5505,14590000,13963000,294000
5506,14627000,14037000,306000
5507,14594000,13967000,294000
5508,14611000,14020000,302000
5509,14627000,14004000,314000
5510,14611000,13996000,298000
5511,14619000,13992000,302000
5512,14606000,14000000,294000
5513,14602000,13992000,298000
5514,14636000,14042000,298000
5515,14586000,13958000,306000
5516,14635000,14033000,310000
5517,14602000,13971000,306000
5518,14615000,14012000,298000
5519,14619000,13992000,302000
5520,14607000,14008000,294000
5521,14619000,14004000,298000
5522,14591000,13984000,290000
5523,14579000,13972000,282000
5524,14623000,14044000,294000
5525,14582000,13968000,290000
5526,14623000,14037000,298000
5527,14594000,13975000,306000
5528,14623000,14020000,302000
5529,14607000,13984000,302000
5530,14611000,14012000,298000
5531,14619000,14000000,310000
5532,14627000,14017000,310000
5533,14598000,13963000,294000
5534,14627000,14033000,306000
5535,14594000,13963000,290000
5536,14635000,14045000,310000
5537,14598000,13963000,298000
5538,14614000,14008000,294000
5539,14603000,13989000,290000
5540,14611000,14019000,298000
5541,14611000,13988000,302000
5542,14615000,14012000,298000
5543,14598000,13976000,294000
5544,14635000,14041000,306000
5545,14602000,13971000,302000
5546,14631000,14029000,306000
5547,14587000,13955000,290000
5548,14619000,14028000,298000
5549,14611000,13988000,302000
5550,14599000,13996000,282000
5551,14619000,14008000,306000
5552,14615000,14008000,294000
5553,14602000,13984000,298000
5554,14627000,14029000,302000
5555,14594000,13967000,290000
5556,14623000,14033000,302000
5557,14587000,13959000,294000
5558,14619000,14028000,298000
5559,14619000,13992000,306000
5560,14611000,14008000,302000
5561,14611000,13988000,302000
5562,14611000,14004000,298000
5563,14598000,13984000,298000
5564,14627000,14033000,306000
5565,14590000,13963000,294000
5566,14619000,14028000,302000
5567,14605000,13984000,302000
5568,14615000,14016000,302000
5569,14623000,14000000,310000
5570,14619000,14009000,306000
5571,14619000,13983000,302000
5572,14607000,14008000,302000
5573,14598000,13976000,294000
5574,14615000,14025000,298000
5575,14594000,13975000,294000
5576,14619000,14028000,302000
5577,14618000,13988000,310000
5578,14615000,14008000,298000
5579,14619000,14000000,310000
5580,14611000,13992000,298000
5581,14623000,14008000,310000
5582,14590000,13980000,286000
5583,14610000,14008000,306000
5584,14623000,14021000,306000
