seq,latency_m2m_ns,callback_jitter,publish_jitter
38,8206000,199651000,257000
39,8631000,200426000,277000
40,8714000,200082000,269000
41,9443000,200730000,269000
42,9301000,199858000,253000
43,8819000,199518000,272000
44,8826000,200007000,268000
45,9001000,200174000,261000
46,8638000,199638000,269000
47,8785000,200147000,273000
48,8734000,199949000,257000
49,9223000,200489000,265000
50,9334000,200111000,249000
51,9189000,199854000,269000
52,9277000,200088000,257000
53,8437000,199161000,273000
54,8751000,200313000,260000
55,8806000,200056000,273000
56,9039000,200233000,264000
57,9189000,200149000,265000
58,9121000,199933000,265000
59,9131000,200009000,261000
60,9425000,200294000,253000
61,8732000,199308000,261000
62,9311000,200579000,257000
63,8995000,199683000,261000
64,9121000,200127000,264000
65,9348000,200227000,257000
66,9353000,200005000,261000
67,9353000,200000000,269000
68,9093000,199740000,272000
69,9308000,200215000,273000
70,8910000,199602000,265000
71,8915000,200004000,265000
72,9285000,200371000,261000
73,8788000,199503000,269000
74,9103000,200315000,261000
75,9307000,200204000,273000
76,9121000,199814000,257000
77,9117000,199995000,265000
78,9333000,200216000,261000
79,8926000,199594000,261000
80,8939000,200013000,257000
81,9238000,200298000,253000
82,9180000,199943000,261000
83,8998000,199817000,253000
84,8985000,199988000,261000
85,8675000,199689000,257000
86,9083000,200409000,253000
87,9298000,200215000,261000
88,9099000,199801000,261000
89,9247000,200147000,273000
90,9398000,200152000,261000
91,9202000,199804000,269000
92,9360000,200158000,257000
93,9139000,199779000,273000
94,8701000,199561000,253000
95,8906000,200206000,257000
96,8836000,199930000,264000
97,8770000,199933000,265000
98,8732000,199963000,261000
99,9212000,200480000,277000
100,8665000,199453000,256000
101,9323000,200658000,264000
102,9184000,199861000,252000
103,9117000,199933000,265000
104,9139000,200022000,260000
105,9281000,200142000,268000
106,8802000,199521000,252000
107,8697000,199895000,268000
108,8754000,200057000,264000
109,9333000,200578000,272000
110,9346000,200014000,252000
111,9378000,200031000,261000
112,9429000,200051000,252000
113,9164000,199735000,256000
114,8959000,199796000,260000
115,8693000,199734000,272000
116,9338000,200645000,260000
117,9345000,200006000,260000
118,9152000,199807000,252000
119,9090000,199939000,257000
120,9193000,200102000,252000
121,8688000,199495000,268000
122,9346000,200658000,256000
123,9194000,199848000,256000
124,9364000,200170000,256000
125,10125000,200762000,257000
126,10478000,200353000,256000
127,9323000,198845000,264000
128,9189000,199865000,264000
129,9332000,200144000,272000
130,8710000,199378000,264000
131,9293000,200583000,268000
132,9160000,199867000,264000
133,9108000,199947000,264000
134,8977000,199870000,252000
135,10027000,201049000,264000
136,9687000,199661000,256000
137,9294000,199607000,264000
138,9082000,199788000,264000
139,9095000,200013000,264000
140,9247000,200151000,252000
141,9334000,200087000,264000
142,9269000,199935000,256000
143,10327000,201058000,272000
144,9094000,198767000,260000
145,8947000,199854000,264000
146,10160000,201213000,256000
147,10217000,200056000,272000
148,10103000,199887000,268000
149,9333000,199230000,276000
150,9240000,199907000,252000
151,10056000,200815000,264000
152,10278000,200222000,260000
153,10354000,200076000,272000
154,9810000,199457000,256000
155,9277000,199467000,264000
156,10252000,200975000,256000
157,10263000,200011000,264000
158,10273000,200010000,256000
159,9808000,199534000,264000
160,9809000,200002000,260000
161,10311000,200502000,276000
162,9352000,199041000,260000
163,10064000,200712000,272000
164,9305000,199241000,256000
165,10345000,201040000,276000
166,9660000,199315000,264000
167,8840000,199179000,264000
168,10103000,201264000,264000
169,10041000,199938000,269000
170,10277000,200235000,260000
171,10135000,199858000,268000
172,9801000,199667000,260000
173,10228000,200427000,268000
174,9609000,199381000,264000
175,9474000,199864000,268000
176,10281000,200808000,264000
177,10199000,199917000,268000
178,10004000,199806000,260000
179,10148000,200143000,272000
180,10246000,200099000,264000
181,9616000,199369000,268000
182,10184000,200569000,260000
183,9996000,199812000,268000
184,9999000,200003000,260000
185,10160000,200160000,260000
186,10229000,200069000,256000
187,10256000,200028000,260000
188,10255000,199999000,252000
189,10208000,199953000,260000
190,9778000,199570000,264000
191,9858000,200080000,260000
192,10226000,200368000,256000
193,10305000,200078000,260000
194,10389000,200085000,260000
195,10188000,199799000,264000
196,10002000,199814000,248000
197,10201000,200198000,264000
198,10233000,200033000,268000
199,9943000,199710000,272000
200,10249000,200306000,256000
201,10180000,199931000,268000
202,10210000,200030000,252000
203,9985000,199775000,264000
204,9935000,199950000,264000
205,9877000,199942000,264000
206,10023000,200145000,268000
207,9893000,199871000,272000
208,9701000,199808000,264000
209,10203000,200502000,268000
210,10143000,199940000,264000
211,9608000,199465000,272000
212,10094000,200486000,256000
213,9897000,199803000,264000
214,9697000,199799000,248000
215,10207000,200510000,268000
216,10068000,199861000,260000
217,9935000,199868000,272000
218,9811000,199876000,248000
219,9810000,199999000,268000
220,9621000,199810000,260000
221,9977000,200357000,272000
222,10143000,200166000,264000
223,10135000,199991000,260000
224,9959000,199825000,260000
225,10160000,200200000,264000
226,9559000,199400000,264000
227,10112000,200553000,272000
228,9712000,199600000,252000
229,9576000,199864000,268000
230,9721000,200144000,264000
231,10160000,200439000,264000
232,10168000,200009000,264000
233,9685000,199517000,260000
234,9700000,200014000,256000
235,9786000,200087000,268000
236,10079000,200292000,260000
237,10168000,200089000,264000
238,9742000,199575000,260000
239,9897000,200155000,264000
240,9560000,199671000,256000
241,9509000,199941000,264000
242,9716000,200206000,268000
243,9718000,200003000,272000
244,9806000,200088000,256000
245,9684000,199878000,272000
246,9763000,200078000,260000
247,9697000,199934000,268000
248,9858000,200161000,264000
249,9795000,199938000,264000
250,9685000,199890000,256000
251,10090000,200405000,264000
252,10117000,200027000,256000
253,10184000,200067000,260000
254,9660000,199475000,260000
255,10002000,200343000,272000
256,9595000,199593000,256000
257,10015000,200419000,264000
258,10035000,200020000,256000
259,10117000,200083000,264000
260,10269000,200152000,264000
261,10139000,199870000,264000
262,9727000,199588000,260000
263,9679000,199952000,264000
264,9814000,200135000,248000
265,9621000,199807000,268000
266,9840000,200218000,252000
267,9659000,199820000,276000
268,9659000,199999000,248000
269,9521000,199863000,268000
270,9736000,200215000,244000
271,9547000,199811000,264000
272,9710000,200162000,256000
273,9639000,199930000,264000
274,9376000,199737000,264000
275,9665000,200289000,268000
276,9822000,200157000,260000
277,9680000,199858000,264000
278,9694000,200014000,264000
279,9416000,199722000,260000
280,9671000,200255000,260000
281,9646000,199975000,264000
282,9800000,200154000,256000
283,9534000,199734000,260000
284,9622000,200088000,244000
285,9759000,200137000,268000
286,9493000,199733000,256000
287,9793000,200301000,268000
288,9881000,200088000,256000
289,10040000,200158000,272000
290,9756000,199717000,256000
291,10121000,200365000,260000
292,9847000,199726000,260000
293,9650000,199803000,264000
294,9380000,199730000,252000
295,9520000,200140000,268000
296,10099000,200579000,260000
297,10323000,200224000,268000
298,9985000,199662000,252000
299,10135000,200149000,257000
300,10080000,199946000,264000
301,9454000,199374000,264000
302,10039000,200585000,256000
303,9603000,199563000,264000
304,10054000,200452000,252000
305,9833000,199778000,264000
306,9654000,199822000,268000
307,9507000,199853000,272000
308,9449000,199942000,264000
309,10095000,200646000,272000
310,9345000,199249000,256000
311,9572000,200228000,256000
312,10056000,200483000,256000
313,9590000,199543000,268000
314,9729000,200131000,268000
315,10104000,200383000,264000
316,9478000,199365000,256000
317,10197000,200719000,261000
318,9563000,199374000,264000
319,10217000,200647000,265000
320,10084000,199867000,252000
321,10079000,200002000,264000
322,10172000,200086000,264000
323,9907000,199742000,249000
324,9907000,200000000,264000
325,9497000,199583000,260000
326,9943000,200446000,264000
327,9595000,199652000,268000
328,9628000,200033000,248000
329,10103000,200475000,272000
330,10193000,200089000,256000
331,9571000,199378000,268000
332,10087000,200517000,264000
333,9510000,199423000,276000
334,9599000,200088000,260000
335,9744000,200154000,256000
336,10168000,200424000,268000
337,9835000,199659000,268000
338,9703000,199876000,268000
339,9726000,200015000,272000
340,9387000,199661000,252000
341,9614000,200234000,260000
342,9616000,199994000,260000
343,9427000,199812000,264000
344,9433000,200006000,260000
345,9176000,199743000,272000
346,9383000,200206000,264000
347,9600000,200218000,268000
348,9412000,199812000,264000
349,9614000,200202000,264000
350,9425000,199810000,264000
351,9646000,200222000,268000
352,9603000,199957000,252000
353,9393000,199790000,268000
354,9422000,200029000,264000
355,9554000,200132000,260000
356,9493000,199939000,256000
357,9362000,199869000,268000
358,9732000,200370000,264000
359,9600000,199868000,268000
360,9741000,200140000,264000
361,9478000,199737000,264000
362,9493000,200015000,256000
363,9495000,200003000,272000
364,9587000,200092000,252000
365,9733000,200146000,268000
366,9597000,199864000,268000
367,9625000,200028000,260000
368,9424000,199799000,248000
369,9430000,200006000,257000
370,9376000,199946000,252000
371,9529000,200153000,272000
372,9589000,200060000,252000
373,9523000,199933000,256000
374,9344000,199822000,249000
375,9570000,200226000,260000
376,9297000,199726000,268000
377,9591000,200294000,253000
378,9393000,199803000,248000
379,9525000,200132000,268000
380,9578000,200053000,256000
381,9692000,200113000,257000
382,9649000,199957000,260000
383,9307000,199659000,249000
384,9809000,200501000,256000
385,9529000,199720000,268000
386,9412000,199884000,264000
387,9893000,200481000,264000
388,9568000,199675000,264000
389,9919000,200350000,264000
390,9787000,199869000,264000
391,9391000,199604000,257000
392,9797000,200413000,264000
393,9767000,199962000,260000
394,9557000,199791000,252000
395,9845000,200288000,268000
396,10126000,200281000,256000
397,10031000,199904000,257000
398,9881000,199851000,252000
399,10027000,200145000,268000
400,9562000,199535000,252000
401,9763000,200202000,265000
402,9923000,200159000,260000
403,9789000,199866000,268000
404,9807000,200019000,264000
405,10095000,200288000,272000
406,9294000,199199000,260000
407,9562000,200268000,264000
408,9777000,200215000,264000
409,9361000,199584000,264000
410,10031000,200669000,245000
411,9732000,199702000,272000
412,9816000,200084000,268000
413,9694000,199878000,256000
414,9700000,200006000,260000
415,9437000,199736000,261000
416,9860000,200423000,268000
417,9885000,200026000,268000
418,9820000,199935000,256000
419,10051000,200231000,272000
420,9915000,199863000,264000
421,9368000,199454000,268000
422,9797000,200429000,256000
423,9332000,199535000,272000
424,9670000,200337000,264000
425,10035000,200366000,264000
426,9981000,199946000,260000
427,9981000,200000000,272000
428,9366000,199385000,256000
429,9930000,200564000,268000
430,9673000,199743000,264000
431,9821000,200148000,257000
432,9772000,199951000,256000
433,9765000,199993000,264000
434,9430000,199664000,264000
435,9923000,200493000,268000
436,9276000,199354000,260000
437,9736000,200459000,276000
438,9696000,199960000,252000
439,9830000,200135000,257000
440,9711000,199880000,252000
441,9658000,199948000,257000
442,9375000,199716000,264000
443,9683000,200308000,264000
444,9885000,200203000,268000
445,9361000,199476000,272000
446,9497000,200136000,260000
447,9304000,199807000,272000
448,9378000,200074000,264000
449,9466000,200087000,276000
450,9541000,200076000,249000
451,9276000,199735000,264000
452,9493000,200217000,245000
453,9423000,199929000,268000
454,9369000,199947000,252000
455,9444000,200075000,264000
456,9336000,199892000,260000
457,9333000,199997000,272000
458,9434000,200100000,249000
459,9285000,199852000,276000
460,9452000,200167000,249000
461,9582000,200130000,276000
462,9753000,200171000,248000
463,9394000,199641000,268000
464,9611000,200216000,256000
465,9561000,199951000,268000
466,9372000,199811000,241000
467,9586000,200214000,252000
468,9660000,200074000,256000
469,9464000,199804000,268000
470,9471000,200007000,256000
471,9499000,200028000,268000
472,9420000,199921000,268000
473,9442000,200022000,260000
474,9377000,199935000,264000
475,9465000,200087000,261000
476,9395000,199931000,268000
477,9416000,200020000,268000
478,9420000,200005000,260000
479,9430000,200009000,269000
480,9456000,200027000,252000
481,9323000,199867000,276000
482,9415000,200092000,256000
483,9417000,200002000,253000
484,9373000,199956000,260000
485,9353000,199980000,268000
486,9440000,200087000,256000
487,9447000,200006000,268000
488,9422000,199975000,252000
489,9334000,199913000,256000
490,9422000,200087000,256000
491,9572000,200151000,268000
492,9367000,199795000,260000
493,9378000,200011000,268000
494,9189000,199810000,260000
495,9283000,200095000,253000
496,9281000,199998000,260000
497,9367000,200086000,276000
498,9296000,199928000,256000
499,9449000,200154000,268000
500,9444000,199995000,260000
501,9415000,199971000,264000
502,9343000,199928000,256000
503,9277000,199934000,272000
504,9354000,200077000,260000
505,9437000,200083000,268000
506,9305000,199868000,264000
507,9250000,199944000,272000
508,9269000,200020000,264000
509,9683000,200413000,272000
510,9653000,199970000,268000
511,9010000,199358000,272000
512,9666000,200655000,264000
513,9652000,199987000,272000
514,9561000,199909000,260000
515,9554000,199993000,268000
516,9692000,200138000,264000
517,9906000,200214000,276000
518,9367000,199460000,268000
519,9519000,200152000,261000
520,9877000,200359000,260000
521,9407000,199530000,264000
522,9482000,200074000,260000
523,9380000,199899000,256000
524,9362000,199982000,256000
525,9373000,200010000,272000
526,9039000,199667000,260000
527,9279000,200239000,272000
528,9344000,200066000,260000
529,9143000,199799000,272000
530,9507000,200363000,256000
531,9576000,200070000,264000
532,9720000,200144000,260000
533,9593000,199873000,268000
534,9623000,200030000,256000
535,9555000,199932000,276000
536,9588000,200033000,260000
537,9721000,200133000,245000
538,9597000,199875000,256000
539,9596000,200000000,256000
540,9815000,200218000,256000
541,9269000,199454000,276000
542,9625000,200357000,268000
543,9355000,199730000,272000
544,9654000,200299000,260000
545,9514000,199859000,276000
546,9334000,199821000,260000
547,9621000,200286000,268000
548,9632000,200012000,256000
549,9729000,200096000,253000
550,9369000,199641000,264000
551,9606000,200237000,257000
552,9881000,200274000,264000
553,9600000,199720000,268000
554,9139000,199539000,264000
555,9636000,200496000,272000
556,8959000,199324000,249000
557,9379000,200420000,264000
558,9415000,200036000,260000
559,9338000,199922000,261000
560,9348000,200011000,260000
561,9273000,199925000,264000
562,9327000,200053000,256000
563,9712000,200386000,272000
564,9607000,199895000,261000
565,9456000,199849000,272000
566,9753000,200297000,260000
567,9210000,199456000,264000
568,9353000,200144000,260000
569,9354000,200001000,276000
570,9453000,200098000,252000
571,9197000,199744000,272000
572,9676000,200480000,264000
573,9558000,199881000,272000
574,9143000,199586000,268000
575,9508000,200365000,264000
576,9787000,200279000,264000
577,9180000,199392000,264000
578,9597000,200417000,264000
579,9607000,200011000,268000
580,9483000,199876000,260000
581,9353000,199869000,264000
582,9360000,200007000,260000
583,9308000,199949000,268000
584,9335000,200027000,260000
585,9460000,200125000,260000
586,9090000,199630000,244000
587,9346000,200256000,272000
588,9240000,199894000,264000
589,9370000,200130000,260000
590,9461000,200090000,260000
591,9334000,199873000,260000
592,9343000,200010000,248000
593,9285000,199941000,253000
594,9222000,199937000,264000
595,9229000,200007000,272000
596,9327000,200098000,248000
597,9336000,200010000,268000
598,9273000,199936000,256000
599,9353000,200081000,264000
600,9281000,199928000,268000
601,9031000,199749000,268000
602,9384000,200353000,252000
603,9193000,199809000,261000
604,9460000,200267000,256000
605,9269000,199809000,272000
606,9147000,199879000,264000
607,9289000,200142000,264000
608,9164000,199874000,256000
609,9326000,200163000,257000
610,9207000,199881000,256000
611,9271000,200064000,253000
612,9433000,200162000,249000
613,9147000,199714000,268000
614,9176000,200028000,260000
615,9323000,200148000,260000
616,9189000,199865000,268000
617,9333000,200145000,268000
618,9281000,199948000,256000
619,9281000,200000000,260000
620,9226000,199944000,252000
621,9380000,200155000,269000
622,9595000,200215000,256000
623,9481000,199886000,269000
624,9472000,199990000,252000
625,9559000,200087000,272000
626,9425000,199867000,260000
627,9447000,200022000,265000
628,9375000,199927000,257000
629,9456000,200082000,265000
630,9467000,200011000,264000
631,9159000,199692000,260000
632,9217000,200057000,248000
633,9308000,200092000,257000
634,9103000,199795000,260000
635,9337000,200234000,257000
636,9268000,199930000,260000
637,9473000,200206000,268000
638,9425000,199951000,260000
639,9143000,199719000,268000
640,9250000,200107000,260000
641,9306000,200055000,264000
642,9262000,199957000,264000
643,9411000,200149000,264000
644,9143000,199740000,260000
645,9147000,199996000,272000
646,8959000,199812000,260000
647,9310000,200351000,272000
648,9180000,199870000,268000
649,9389000,200209000,269000
650,9412000,200023000,264000
651,9208000,199795000,264000
652,9148000,199940000,252000
653,9108000,199960000,268000
654,9249000,200142000,260000
655,9334000,200084000,272000
656,9198000,199864000,260000
657,9286000,200089000,261000
658,9228000,199941000,256000
659,9350000,200123000,269000
660,9323000,199973000,264000
661,9035000,199712000,264000
662,9121000,200086000,264000
663,9060000,199938000,276000
664,9361000,200302000,268000
665,9019000,199657000,253000
666,9112000,200093000,260000
667,9255000,200144000,257000
668,9189000,199933000,260000
669,9265000,200077000,268000
670,9227000,199962000,260000
671,9151000,199924000,261000
672,9647000,200496000,264000
673,9443000,199796000,272000
674,9523000,200080000,264000
675,9671000,200148000,268000
676,9005000,199334000,260000
677,9490000,200485000,264000
678,9497000,200007000,268000
679,9383000,199886000,264000
680,9253000,199869000,260000
681,9193000,199940000,272000
682,9273000,200080000,264000
683,9225000,199952000,272000
684,9222000,199998000,248000
685,9438000,200215000,256000
686,9518000,200081000,260000
687,9247000,199729000,265000
688,9060000,199812000,264000
689,9546000,200487000,272000
690,9358000,199812000,256000
691,9151000,199793000,260000
692,9679000,200527000,264000
693,9528000,199850000,253000
694,9540000,200012000,264000
695,9333000,199793000,265000
696,9574000,200240000,260000
697,9490000,199917000,272000
698,9435000,199945000,268000
699,9661000,200226000,272000
700,9461000,199800000,256000
701,9534000,200073000,261000
702,9562000,200027000,260000
703,9224000,199662000,264000
704,9022000,199799000,252000
705,9333000,200311000,268000
706,9112000,199778000,256000
707,9126000,200015000,272000
708,9554000,200427000,256000
709,9430000,199884000,264000
710,9087000,199650000,252000
711,9027000,199939000,268000
712,9448000,200421000,264000
713,9332000,199884000,272000
714,8919000,199587000,268000
715,9143000,200225000,256000
716,9435000,200291000,264000
717,9498000,200063000,272000
718,9392000,199895000,264000
719,9103000,199711000,268000
720,9203000,200099000,260000
721,9204000,200002000,268000
722,9507000,200303000,256000
723,9424000,199917000,276000
724,9027000,199602000,252000
725,8959000,199933000,272000
726,9460000,200501000,256000
727,9060000,199599000,257000
728,9351000,200291000,268000
729,9014000,199664000,265000
730,8890000,199875000,252000
731,9394000,200505000,261000
732,9396000,200002000,252000
733,9416000,200020000,272000
734,8775000,199359000,256000
735,8956000,200180000,257000
736,8890000,199934000,260000
737,9027000,200137000,276000
738,8977000,199951000,260000
739,8977000,200000000,257000
740,8923000,199945000,252000
741,8997000,200075000,261000
742,8952000,199955000,268000
743,9019000,200066000,272000
744,9197000,200178000,264000
745,9334000,200137000,257000
746,9281000,199947000,256000
747,9348000,200068000,269000
748,9369000,200021000,260000
749,9574000,200205000,257000
750,9587000,200012000,256000
751,8959000,199373000,272000
752,9275000,200316000,241000
753,9539000,200272000,272000
754,9563000,200015000,248000
755,9006000,199452000,272000
756,9164000,200149000,244000
757,8994000,199831000,265000
758,9054000,200060000,260000
759,9273000,200218000,260000
760,8713000,199441000,260000
761,9103000,200390000,257000
762,9093000,199990000,256000
763,9180000,200087000,257000
764,9045000,199865000,260000
765,9193000,200147000,256000
766,8943000,199751000,249000
767,9082000,200139000,264000
768,9099000,200017000,264000
769,9303000,200204000,272000
770,9399000,200096000,256000
771,8977000,199578000,272000
772,9205000,200228000,268000
773,9068000,199863000,268000
774,8959000,199891000,260000
775,8952000,199993000,276000
776,9099000,200147000,264000
777,9116000,200017000,265000
778,9395000,200278000,268000
779,9554000,200160000,268000
780,9484000,199930000,256000
781,9027000,199542000,264000
782,9506000,200479000,256000
783,9052000,199546000,264000
784,9540000,200489000,256000
785,9080000,199540000,261000
786,9364000,200284000,256000
787,9515000,200151000,264000
788,9235000,199720000,252000
789,9112000,199877000,257000
790,9126000,200014000,256000
791,9121000,199995000,272000
792,9068000,199946000,268000
793,9285000,200218000,264000
794,9103000,199818000,256000
795,9582000,200479000,268000
796,8996000,199414000,260000
797,9392000,200396000,276000
798,9422000,200029000,264000
799,9277000,199856000,272000
800,9375000,200098000,268000
801,9307000,199931000,268000
802,9327000,200020000,260000
803,9332000,200005000,272000
804,9470000,200138000,264000
805,9273000,199804000,272000
806,9425000,200152000,268000
807,9369000,199943000,272000
808,9375000,200007000,268000
809,9541000,200166000,272000
810,9544000,200002000,260000
811,9083000,199539000,261000
812,9494000,200412000,256000
813,9311000,199817000,260000
814,9168000,199856000,264000
815,9527000,200360000,261000
816,9402000,199875000,260000
817,9606000,200204000,272000
818,9282000,199675000,256000
819,9289000,200008000,265000
820,9515000,200226000,264000
821,9323000,199808000,264000
822,9551000,200228000,260000
823,9121000,199570000,276000
824,9489000,200368000,264000
825,9430000,199941000,256000
826,9035000,199604000,260000
827,9506000,200472000,272000
828,9331000,199825000,260000
829,8919000,199587000,260000
830,9473000,200555000,260000
831,9212000,199738000,264000
832,9429000,200218000,260000
833,9243000,199814000,260000
834,9323000,200080000,268000
835,8997000,199674000,260000
836,9468000,200471000,268000
837,9356000,199887000,265000
838,9282000,199926000,248000
839,9039000,199758000,261000
840,9035000,199995000,264000
841,9180000,200146000,268000
842,9264000,200083000,264000
843,9273000,200010000,272000
844,8795000,199522000,260000
845,9427000,200631000,268000
846,9445000,200019000,264000
847,8893000,199448000,264000
848,9476000,200583000,264000
849,9411000,199935000,264000
850,9433000,200021000,249000
851,9484000,200051000,276000
852,9332000,199849000,252000
853,9323000,199991000,268000
854,9193000,199869000,253000
855,8845000,199652000,264000
856,9068000,200224000,264000
857,9285000,200217000,264000
858,9305000,200020000,260000
859,9516000,200211000,265000
860,9253000,199737000,260000
861,9478000,200224000,272000
862,9619000,200141000,260000
863,9010000,199392000,272000
864,9428000,200418000,264000
865,9447000,200019000,272000
866,9511000,200063000,249000
867,9452000,199942000,260000
868,9344000,199892000,248000
869,9134000,199790000,264000
870,9293000,200159000,260000
871,8667000,199374000,261000
872,9039000,200372000,268000
873,9031000,199991000,272000
874,9072000,200042000,245000
875,8995000,199922000,268000
876,9151000,200157000,256000
877,9576000,200425000,261000
878,9376000,199800000,268000
879,9323000,199947000,260000
880,9470000,200146000,252000
881,9603000,200134000,268000
882,9557000,199954000,256000
883,9281000,199724000,269000
884,9160000,199878000,248000
885,9108000,199948000,260000
886,8759000,199652000,260000
887,9068000,200309000,265000
888,8993000,199925000,256000
889,9085000,200092000,256000
890,9080000,199995000,260000
891,9108000,200027000,264000
892,8968000,199861000,260000
893,9608000,200639000,261000
894,9420000,199813000,260000
895,9418000,199998000,265000
896,9423000,200005000,264000
897,9433000,200010000,268000
898,8977000,199544000,248000
899,9383000,200405000,272000
900,9422000,200039000,264000
901,8990000,199569000,268000
902,9019000,200028000,260000
903,8943000,199925000,272000
904,9260000,200317000,256000
905,8902000,199642000,272000
906,9265000,200363000,252000
907,9340000,200075000,264000
908,9278000,199937000,260000
909,9077000,199800000,265000
910,9431000,200354000,268000
911,9041000,199610000,268000
912,9392000,200351000,264000
913,9277000,199885000,265000
914,9281000,200004000,264000
915,9223000,199942000,272000
916,8664000,199440000,268000
917,9389000,200726000,265000
918,9521000,200132000,264000
919,9462000,199941000,260000
920,9337000,199874000,268000
921,9285000,199949000,257000
922,9422000,200137000,256000
923,9302000,199879000,268000
924,9455000,200154000,256000
925,9331000,199876000,268000
926,9349000,200018000,256000
927,9475000,200126000,272000
928,9369000,199893000,261000
929,9424000,200055000,272000
930,9121000,199698000,256000
931,8906000,199785000,264000
932,9468000,200562000,256000
933,9202000,199734000,261000
934,9289000,200087000,256000
935,9359000,200070000,268000
936,9370000,200011000,268000
937,9398000,200027000,265000
938,9193000,199795000,260000
939,9353000,200161000,264000
940,9354000,200001000,249000
941,9164000,199809000,253000
942,9164000,200000000,252000
943,9121000,199958000,268000
944,9391000,200270000,256000
945,9338000,199947000,260000
946,9135000,199796000,268000
947,9002000,199867000,268000
948,9244000,200243000,257000
949,9371000,200127000,269000
950,9121000,199750000,260000
951,9052000,199930000,261000
952,9422000,200370000,268000
953,9351000,199930000,264000
954,9236000,199885000,264000
955,9023000,199786000,256000
956,9450000,200427000,264000
957,9260000,199811000,257000
958,9269000,200009000,264000
959,9474000,200205000,272000
960,9427000,199952000,264000
961,9226000,199800000,268000
962,9103000,199877000,252000
963,9045000,199942000,268000
964,8910000,199865000,256000
965,9297000,200387000,253000
966,9286000,199988000,260000
967,9362000,200076000,257000
968,9094000,199733000,260000
969,9323000,200229000,261000
970,8977000,199654000,249000
971,9193000,200215000,268000
972,9278000,200085000,256000
973,9005000,199728000,268000
974,9039000,200034000,253000
975,8753000,199713000,269000
976,9333000,200580000,256000
977,9398000,200065000,257000
978,9151000,199754000,256000
979,9147000,199995000,261000
980,9363000,200217000,264000
981,9303000,199940000,264000
982,9381000,200078000,264000
983,9388000,200006000,268000
984,9056000,199668000,268000
985,9207000,200152000,268000
986,9014000,199807000,260000
987,9323000,200309000,272000
988,9099000,199776000,260000
989,9267000,200168000,268000
990,9335000,200068000,256000
991,8663000,199327000,264000
992,9364000,200702000,248000
993,9086000,199722000,257000
994,9107000,200021000,248000
995,9180000,200073000,265000
996,8695000,199515000,260000
997,9265000,200570000,253000
998,9078000,199812000,256000
999,8952000,199875000,260000
1000,10224000,201272000,282000
1001,10143000,199919000,286000
1002,10236000,200093000,274000
1003,10383000,200147000,278000
1004,9843000,199459000,274000
1005,9691000,199849000,290000
1006,9587000,199896000,274000
1007,10278000,200690000,286000
1008,10103000,199826000,278000
1009,10359000,200255000,294000
1010,10374000,200015000,274000
1011,10041000,199668000,294000
1012,10056000,200014000,282000
1013,10068000,200013000,286000
1014,10081000,200013000,282000
1015,10087000,200006000,282000
1016,10099000,200012000,278000
1017,10193000,200093000,286000
1018,10064000,199872000,266000
1019,9791000,199727000,282000
1020,10278000,200486000,282000
1021,9684000,199407000,286000
1022,10360000,200684000,286000
1023,10108000,199739000,282000
1024,10334000,200227000,278000
1025,10274000,199947000,290000
1026,10131000,199849000,278000
1027,10278000,200155000,286000
1028,10015000,199737000,286000
1029,10099000,200077000,290000
1030,10112000,200013000,274000
1031,10117000,200005000,294000
1032,10341000,200223000,286000
1033,10354000,200014000,282000
1034,10239000,199885000,274000
1035,10303000,200064000,278000
1036,9836000,199533000,266000
1037,10327000,200490000,290000
1038,10286000,199960000,270000
1039,10265000,199987000,286000
1040,10358000,200093000,278000
1041,10298000,199932000,294000
1042,9973000,199683000,278000
1043,10112000,200131000,290000
1044,10339000,200227000,282000
1045,10341000,200009000,274000
1046,10286000,199938000,274000
1047,10294000,200007000,290000
1048,10164000,199870000,274000
1049,10242000,200079000,294000
1050,10332000,200090000,282000
1051,9994000,199662000,282000
1052,10294000,200299000,266000
1053,10160000,199866000,286000
1054,9814000,199655000,278000
1055,9838000,200024000,282000
1056,9836000,199998000,278000
1057,10060000,200223000,290000
1058,10068000,200009000,274000
1059,10299000,200230000,278000
1060,10294000,199996000,274000
1061,10035000,199741000,286000
1062,10334000,200299000,270000
1063,10050000,199716000,290000
1064,10131000,200081000,278000
1065,10282000,200150000,286000
1066,10103000,199822000,266000
1067,10365000,200261000,286000
1068,10125000,199761000,274000
1069,10332000,200206000,286000
1070,10135000,199803000,282000
1071,10064000,199930000,282000
1072,9688000,199624000,262000
1073,10095000,200407000,274000
1074,10039000,199944000,282000
1075,10027000,199987000,282000
1076,10277000,200250000,282000
1077,10201000,199925000,290000
1078,10015000,199813000,270000
1079,10089000,200074000,290000
1080,10312000,200224000,278000
1081,9763000,199451000,278000
1082,10393000,200629000,266000
1083,10056000,199671000,290000
1084,10077000,200013000,262000
1085,10304000,200228000,290000
1086,10168000,199864000,270000
1087,10244000,200076000,282000
1088,9973000,199729000,286000
1089,10274000,200300000,278000
1090,9583000,199310000,262000
1091,10010000,200427000,286000
1092,10233000,200223000,270000
1093,9956000,199722000,286000
1094,10117000,200162000,274000
1095,9906000,199789000,278000
1096,10126000,200220000,286000
1097,10074000,199948000,278000
1098,10019000,199944000,270000
1099,10019000,200000000,294000
1100,10257000,200239000,274000
1101,10253000,199995000,286000
1102,10212000,199960000,278000
1103,9997000,199784000,282000
1104,10019000,200022000,278000
1105,10088000,200070000,290000
1106,9981000,199893000,278000
1107,9973000,199992000,282000
1108,10135000,200161000,282000
1109,10205000,200071000,282000
1110,10215000,200010000,286000
1111,9659000,199444000,290000
1112,9808000,200149000,278000
1113,10176000,200368000,290000
1114,9636000,199460000,282000
1115,10010000,200374000,286000
1116,9998000,199988000,278000
1117,10221000,200223000,282000
1118,9952000,199731000,286000
1119,10260000,200307000,282000
1120,10266000,200006000,274000
1121,10060000,199795000,286000
1122,10002000,199942000,278000
1123,10019000,200016000,294000
1124,10015000,199996000,274000
1125,10238000,200224000,290000
1126,9687000,199449000,282000
1127,10268000,200581000,282000
1128,9985000,199717000,278000
1129,9506000,199520000,294000
1130,10151000,200646000,286000
1131,10233000,200082000,290000
1132,10261000,200027000,274000
1133,9973000,199713000,286000
1134,9503000,199529000,286000
1135,9577000,200074000,290000
1136,9890000,200313000,274000
1137,10155000,200266000,286000
1138,9968000,199813000,282000
1139,10247000,200278000,294000
1140,10209000,199962000,278000
1141,10121000,199913000,290000
1142,10213000,200092000,286000
1143,9939000,199726000,286000
1144,9956000,200016000,286000
1145,9906000,199951000,282000
1146,9981000,200075000,270000
1147,10131000,200149000,294000
1148,10135000,200004000,270000
1149,10091000,199956000,282000
1150,10372000,200282000,266000
1151,9897000,199525000,294000
1152,9981000,200084000,274000
1153,9847000,199866000,290000
1154,9849000,200002000,270000
1155,9665000,199816000,282000
1156,9732000,200067000,286000
1157,9897000,200165000,290000
1158,9968000,200071000,282000
1159,10112000,200144000,282000
1160,10126000,200014000,282000
1161,9848000,199721000,290000
1162,10015000,200167000,274000
1163,9943000,199929000,290000
1164,9968000,200025000,274000
1165,10108000,200139000,290000
1166,9926000,199819000,286000
1167,10131000,200204000,290000
1168,9947000,199817000,270000
1169,9873000,199917000,294000
1170,10116000,200252000,282000
1171,9612000,199496000,282000
1172,10139000,200527000,262000
1173,10060000,199921000,278000
1174,9373000,199313000,282000
1175,9589000,200215000,278000
1176,9813000,200225000,270000
1177,9897000,200084000,286000
1178,9977000,200080000,282000
1179,9842000,199864000,290000
1180,10139000,200298000,274000
1181,9601000,199461000,286000
1182,10094000,200494000,278000
1183,9416000,199322000,290000
1184,9902000,200486000,286000
1185,10126000,200224000,282000
1186,9581000,199454000,274000
1187,9947000,200367000,286000
1188,9943000,199996000,282000
1189,10176000,200233000,278000
1190,10107000,199930000,282000
1191,9902000,199796000,282000
1192,10131000,200228000,282000
1193,9926000,199796000,278000
1194,9522000,199596000,262000
1195,10088000,200566000,290000
1196,9630000,199542000,278000
1197,9751000,200120000,286000
1198,9997000,200247000,274000
1199,10131000,200133000,294000
1200,10094000,199964000,282000
1201,9798000,199704000,294000
1202,9973000,200175000,278000
1203,9968000,199995000,290000
1204,10002000,200034000,290000
1205,10127000,200124000,290000
1206,10006000,199880000,278000
1207,9450000,199444000,286000
1208,10156000,200706000,282000
1209,9815000,199659000,278000
1210,10180000,200365000,282000
1211,10121000,199941000,286000
1212,9998000,199877000,282000
1213,9952000,199954000,282000
1214,9952000,200000000,274000
1215,10176000,200224000,282000
1216,10180000,200004000,282000
1217,10131000,199950000,290000
1218,9847000,199716000,282000
1219,9861000,200015000,278000
1220,9952000,200091000,266000
1221,10035000,200083000,282000
1222,10107000,200072000,282000
1223,9698000,199591000,286000
1224,10121000,200423000,282000
1225,10131000,200009000,290000
1226,9729000,199599000,278000
1227,10010000,200281000,290000
1228,9828000,199817000,278000
1229,10108000,200280000,290000
1230,10064000,199957000,274000
1231,9432000,199368000,286000
1232,9728000,200296000,278000
1233,9796000,200068000,278000
1234,9828000,200032000,274000
1235,10031000,200202000,282000
1236,9919000,199888000,274000
1237,9762000,199844000,278000
1238,9858000,200096000,278000
1239,10143000,200285000,290000
1240,10014000,199871000,286000
1241,10031000,200016000,286000
1242,10112000,200082000,270000
1243,9843000,199731000,278000
1244,9926000,200083000,278000
1245,10077000,200151000,290000
1246,9802000,199725000,278000
1247,10108000,200305000,282000
1248,9762000,199655000,278000
1249,10045000,200283000,286000
1250,9992000,199947000,274000
1251,10082000,200089000,290000
1252,10006000,199925000,282000
1253,9751000,199744000,286000
1254,9897000,200147000,278000
1255,9760000,199863000,282000
1256,9639000,199879000,286000
1257,9717000,200077000,286000
1258,9789000,200073000,274000
1259,9873000,200084000,282000
1260,10056000,200182000,270000
1261,9960000,199904000,290000
1262,10060000,200100000,278000
1263,9704000,199645000,286000
1264,10023000,200318000,278000
1265,9872000,199842000,290000
1266,9822000,199957000,270000
1267,10027000,200205000,294000
1268,10004000,199977000,274000
1269,10052000,200048000,286000
1270,10064000,200013000,282000
1271,9590000,199526000,290000
1272,10091000,200501000,278000
1273,10035000,199944000,282000
1274,9421000,199385000,266000
1275,9700000,200279000,290000
1276,10003000,200304000,278000
1277,10015000,200011000,294000
1278,9943000,199929000,282000
1279,10116000,200173000,278000
1280,9822000,199706000,282000
1281,9846000,200024000,286000
1282,10126000,200280000,282000
1283,9930000,199804000,294000
1284,9514000,199584000,274000
1285,9959000,200445000,290000
1286,9968000,200009000,266000
1287,10041000,200073000,290000
1288,9839000,199798000,286000
1289,9777000,199937000,290000
1290,9873000,200088000,266000
1291,10010000,200146000,294000
1292,9968000,199958000,282000
1293,9902000,199934000,286000
1294,9848000,199945000,270000
1295,9845000,199998000,278000
1296,10010000,200165000,278000
1297,10006000,199996000,282000
1298,9973000,199967000,274000
1299,10031000,200057000,282000
1300,9768000,199738000,278000
1301,9981000,200213000,290000
1302,9926000,199945000,282000
1303,9854000,199928000,294000
1304,10015000,200160000,286000
1305,9893000,199879000,274000
1306,9902000,200009000,282000
1307,10041000,200139000,290000
1308,9926000,199885000,274000
1309,9858000,199931000,290000
1310,9873000,200016000,266000
1311,9893000,200020000,290000
1312,9973000,200080000,278000
1313,9762000,199789000,286000
1314,9842000,200080000,274000
1315,9667000,199825000,290000
1316,10007000,200339000,278000
1317,10019000,200012000,290000
1318,9897000,199879000,270000
1319,9819000,199922000,290000
1320,9838000,200018000,278000
1321,9919000,200081000,282000
1322,9786000,199868000,286000
1323,9877000,200091000,278000
1324,10035000,200157000,278000
1325,9562000,199528000,282000
1326,9985000,200423000,282000
1327,9840000,199855000,290000
1328,9815000,199974000,270000
1329,9661000,199846000,290000
1330,10031000,200370000,282000
1331,9952000,199922000,290000
1332,9838000,199894000,282000
1333,9762000,199916000,282000
1334,9434000,199672000,282000
1335,9787000,200353000,282000
1336,9802000,200015000,278000
1337,9809000,200007000,290000
1338,9893000,200084000,286000
1339,9773000,199880000,278000
1340,9854000,200081000,270000
1341,9857000,200003000,282000
1342,9952000,200095000,278000
1343,9744000,199791000,290000
1344,9959000,200216000,278000
1345,9770000,199811000,294000
1346,9841000,200071000,282000
1347,9783000,199941000,282000
1348,9724000,199942000,282000
1349,9968000,200244000,286000
1350,9750000,199781000,282000
1351,9897000,200148000,294000
1352,9703000,199806000,282000
1353,9701000,199997000,286000
1354,9801000,200100000,270000
1355,9726000,199926000,286000
1356,9814000,200088000,282000
1357,9748000,199933000,282000
1358,9779000,200032000,278000
1359,9700000,199921000,282000
1360,9796000,200096000,274000
1361,9594000,199798000,290000
1362,9562000,199968000,278000
1363,9207000,199645000,274000
1364,9421000,200214000,278000
1365,9346000,199925000,286000
1366,9172000,199826000,282000
1367,9440000,200267000,290000
1368,9254000,199815000,274000
1369,9265000,200010000,274000
1370,9413000,200148000,278000
1371,9363000,199951000,282000
1372,9297000,199934000,274000
1373,9176000,199879000,282000
1374,9257000,200081000,278000
1375,9418000,200161000,282000
1376,9753000,200335000,278000
1377,9763000,200010000,286000
1378,9223000,199460000,270000
1379,9443000,200220000,286000
1380,9323000,199880000,270000
1381,9334000,200010000,282000
1382,9415000,200082000,274000
1383,9135000,199719000,286000
1384,9148000,200013000,282000
1385,9639000,200492000,294000
1386,9172000,199533000,278000
1387,9323000,200151000,290000
1388,9189000,199865000,286000
1389,9341000,200153000,282000
1390,9360000,200019000,286000
1391,9635000,200275000,294000
1392,9117000,199482000,282000
1393,9375000,200257000,294000
1394,9262000,199887000,274000
1395,9746000,200485000,286000
1396,9632000,199886000,282000
1397,9569000,199937000,286000
1398,9655000,200086000,278000
1399,9855000,200199000,282000
1400,9731000,199876000,282000
1401,9408000,199678000,278000
1402,9614000,200205000,282000
1403,9698000,200085000,290000
1404,9705000,200006000,274000
1405,9733000,200029000,294000
1406,9862000,200129000,286000
1407,9336000,199474000,282000
1408,9612000,200276000,282000
1409,9771000,200159000,290000
1410,9701000,199929000,282000
1411,9853000,200153000,290000
1412,9943000,200090000,274000
1413,9399000,199455000,286000
1414,9193000,199794000,286000
1415,9417000,200225000,290000
1416,9282000,199865000,278000
1417,9833000,200551000,282000
1418,9324000,199491000,278000
1419,9862000,200538000,282000
1420,9743000,199880000,278000
1421,9543000,199800000,294000
1422,9368000,199826000,282000
1423,9220000,199852000,278000
1424,9103000,199883000,278000
1425,9099000,199996000,290000
1426,9273000,200174000,282000
1427,9333000,200060000,274000
1428,9574000,200240000,270000
1429,9068000,199495000,282000
1430,9790000,200722000,286000
1431,9580000,199790000,290000
1432,9729000,200149000,266000
1433,9597000,199868000,294000
1434,9612000,200015000,270000
1435,9294000,199681000,274000
1436,9919000,200625000,278000
1437,9779000,199869000,286000
1438,9597000,199810000,282000
1439,9121000,199524000,286000
1440,9827000,200706000,274000
1441,9631000,199803000,286000
1442,9776000,200146000,278000
1443,9590000,199814000,290000
1444,9793000,200203000,282000
1445,9184000,199391000,286000
1446,9603000,200419000,278000
1447,9642000,200039000,270000
1448,9354000,199712000,286000
1449,9713000,200358000,278000
1450,9785000,200073000,286000
1451,9661000,199876000,290000
1452,9598000,199937000,274000
1453,9470000,199872000,286000
1454,9569000,200099000,286000
1455,9636000,200067000,290000
1456,9672000,200035000,270000
1457,9310000,199639000,282000
1458,9609000,200299000,274000
1459,9458000,199848000,286000
1460,9577000,200119000,278000
1461,9761000,200185000,290000
1462,9784000,200022000,278000
1463,9509000,199725000,286000
1464,9588000,200080000,274000
1465,9600000,200011000,270000
1466,9611000,200011000,282000
1467,9479000,199868000,278000
1468,9571000,200093000,270000
1469,9569000,199998000,278000
1470,9660000,200091000,282000
1471,9746000,200085000,278000
1472,9674000,199929000,286000
1473,9630000,199956000,290000
1474,9577000,199947000,270000
1475,9585000,200008000,278000
1476,9586000,200001000,274000
1477,9538000,199952000,290000
1478,9536000,199998000,270000
1479,9477000,199941000,290000
1480,9623000,200146000,282000
1481,9565000,199941000,286000
1482,9783000,200219000,274000
1483,9524000,199741000,266000
1484,9735000,200211000,286000
1485,9060000,199325000,278000
1486,9484000,200423000,270000
1487,9078000,199595000,282000
1488,9247000,200169000,270000
1489,9650000,200403000,282000
1490,9474000,199824000,278000
1491,9738000,200264000,286000
1492,9764000,200026000,282000
1493,9485000,199721000,286000
1494,8963000,199478000,274000
1495,9434000,200471000,294000
1496,9881000,200446000,274000
1497,9591000,199710000,290000
1498,9471000,199880000,282000
1499,9473000,200003000,286000
1500,9640000,200167000,278000
1501,9711000,200070000,274000
1502,9514000,199803000,274000
1503,9606000,200093000,290000
1504,9616000,200010000,270000
1505,9139000,199523000,278000
1506,9483000,200344000,270000
1507,9242000,199759000,286000
1508,9721000,200479000,278000
1509,9528000,199806000,290000
1510,9465000,199938000,282000
1511,9489000,200024000,286000
1512,9422000,199932000,278000
1513,9493000,200072000,282000
1514,9027000,199533000,274000
1515,9108000,200082000,278000
1516,9461000,200352000,266000
1517,9671000,200210000,286000
1518,9482000,199812000,278000
1519,9015000,199532000,271000
1520,9528000,200514000,266000
1521,9719000,200191000,286000
1522,9460000,199740000,286000
1523,9050000,199591000,278000
1524,9637000,200587000,278000
1525,9488000,199851000,286000
1526,9237000,199748000,266000
1527,9364000,200128000,282000
1528,9397000,200033000,286000
1529,9528000,200130000,290000
1530,9751000,200223000,270000
1531,9563000,199813000,282000
1532,9768000,200205000,282000
1533,9579000,199811000,290000
1534,9107000,199528000,270000
1535,9597000,200489000,282000
1536,9535000,199938000,286000
1537,9566000,200032000,290000
1538,9565000,199999000,282000
1539,9583000,200018000,290000
1540,9591000,200007000,282000
1541,9747000,200157000,282000
1542,9610000,199863000,270000
1543,9482000,199872000,286000
1544,9421000,199939000,278000
1545,9010000,199589000,286000
1546,9094000,200084000,282000
1547,9586000,200492000,290000
1548,9532000,199946000,278000
1549,9524000,199992000,286000
1550,9624000,200099000,274000
1551,9769000,200146000,286000
1552,10554000,200785000,278000
1553,9726000,199171000,286000
1554,10364000,200646000,278000
1555,9523000,199151000,282000
1556,9143000,199621000,278000
1557,9143000,200000000,290000
1558,9515000,200372000,282000
1559,9509000,199993000,282000
1560,10434000,200925000,278000
1561,9522000,199089000,290000
1562,10717000,201195000,282000
1563,10593000,199876000,290000
1564,10531000,199937000,282000
1565,10606000,200076000,294000
1566,10575000,199968000,270000
1567,9538000,198964000,286000
1568,10595000,201056000,274000
1569,10519000,199924000,294000
1570,9553000,199035000,274000
1571,10210000,200657000,286000
1572,10620000,200410000,282000
1573,10298000,199678000,282000
1574,10508000,200209000,278000
1575,10523000,200016000,294000
1576,10666000,200142000,282000
1577,10605000,199940000,286000
1578,10477000,199872000,282000
1579,10566000,200089000,286000
1580,10640000,200073000,282000
1581,10506000,199866000,290000
1582,10516000,200011000,282000
1583,10411000,199895000,278000
1584,10571000,200159000,270000
1585,10152000,199581000,278000
1586,10229000,200078000,278000
1587,10228000,199998000,286000
1588,10541000,200314000,282000
1589,10449000,199908000,282000
1590,10273000,199824000,278000
1591,10407000,200134000,290000
1592,10580000,200173000,278000
1593,10570000,199989000,290000
1594,10507000,199938000,282000
1595,10445000,199937000,294000
1596,10193000,199748000,274000
1597,10474000,200282000,282000
1598,10624000,200150000,278000
1599,10156000,199531000,294000
1600,10506000,200351000,282000
1601,10678000,200172000,282000
1602,10528000,199850000,274000
1603,10473000,199945000,282000
1604,10477000,200003000,290000
1605,10508000,200032000,282000
1606,10233000,199725000,278000
1607,10108000,199874000,282000
1608,10458000,200351000,270000
1609,10519000,200060000,290000
1610,10472000,199954000,278000
1611,10490000,200018000,278000
1612,10152000,199661000,282000
1613,10313000,200161000,282000
1614,10168000,199856000,278000
1615,10388000,200220000,278000
1616,10352000,199964000,274000
1617,10139000,199787000,286000
1618,10449000,200309000,274000
1619,10090000,199642000,282000
1620,10602000,200511000,282000
1621,10331000,199730000,286000
1622,10349000,200018000,286000
1623,10337000,199988000,294000
1624,10573000,200236000,278000
1625,10565000,199992000,294000
1626,10587000,200022000,278000
1627,10184000,199597000,282000
1628,10332000,200148000,282000
1629,10398000,200066000,294000
1630,10559000,200161000,286000
1631,10648000,200089000,290000
1632,10436000,199787000,278000
1633,10446000,200011000,294000
1634,10044000,199598000,282000
1635,10139000,200095000,286000
1636,10479000,200340000,282000
1637,10421000,199942000,290000
1638,10431000,200010000,282000
1639,10387000,199955000,286000
1640,10453000,200066000,278000
1641,10139000,199687000,278000
1642,10135000,199996000,282000
1643,10421000,200286000,278000
1644,10424000,200002000,282000
1645,10585000,200162000,286000
1646,10172000,199587000,286000
1647,10455000,200283000,290000
1648,10482000,200027000,278000
1649,10341000,199858000,294000
1650,10362000,200021000,278000
1651,10151000,199790000,286000
1652,10603000,200452000,282000
1653,10246000,199642000,290000
1654,10473000,200228000,278000
1655,10408000,199935000,294000
1656,10428000,200020000,282000
1657,10085000,199657000,286000
1658,10164000,200079000,278000
1659,9964000,199799000,286000
1660,10261000,200297000,278000
1661,10268000,200007000,290000
1662,10348000,200081000,274000
1663,10148000,199799000,290000
1664,10019000,199872000,282000
1665,10189000,200169000,286000
1666,10184000,199996000,274000
1667,10126000,199942000,294000
1668,10135000,200008000,274000
1669,10434000,200299000,278000
1670,10160000,199727000,282000
1671,9956000,199795000,286000
1672,10107000,200152000,286000
1673,10618000,200510000,286000
1674,9985000,199368000,286000
1675,10278000,200292000,286000
1676,10152000,199874000,274000
1677,10232000,200081000,286000
1678,10588000,200355000,282000
1679,10450000,199862000,286000
1680,10121000,199672000,282000
1681,10135000,200013000,282000
1682,10434000,200300000,282000
1683,10156000,199721000,286000
1684,10591000,200436000,282000
1685,10594000,200002000,294000
1686,10003000,199410000,282000
1687,10533000,200530000,290000
1688,10422000,199889000,286000
1689,10080000,199658000,294000
1690,10600000,200519000,278000
1691,10112000,199513000,278000
1692,10536000,200424000,270000
1693,10411000,199875000,286000
1694,9999000,199587000,282000
1695,10562000,200564000,286000
1696,10365000,199803000,278000
1697,10376000,200010000,286000
1698,10250000,199874000,282000
1699,10278000,200029000,290000
1700,10554000,200276000,282000
1701,10570000,200015000,290000
1702,10019000,199450000,282000
1703,10249000,200229000,290000
1704,10324000,200076000,286000
1705,10052000,199727000,294000
1706,10341000,200289000,278000
1707,10274000,199933000,290000
1708,10428000,200154000,274000
1709,9952000,199525000,290000
1710,10595000,200642000,274000
1711,9968000,199374000,286000
1712,10131000,200163000,278000
1713,10470000,200338000,282000
1714,9943000,199474000,282000
1715,10483000,200540000,286000
1716,10258000,199775000,278000
1717,10376000,200117000,290000
1718,10202000,199827000,266000
1719,10408000,200205000,290000
1720,10228000,199820000,282000
1721,10634000,200406000,278000
1722,10240000,199606000,282000
1723,9952000,199713000,290000
1724,10045000,200093000,274000
1725,10334000,200288000,282000
1726,10471000,200138000,282000
1727,10486000,200015000,286000
1728,10236000,199749000,278000
1729,10184000,199949000,290000
1730,10449000,200265000,274000
1731,10460000,200011000,286000
1732,10471000,200010000,278000
1733,10299000,199828000,282000
1734,10223000,199925000,274000
1735,10438000,200214000,294000
1736,10176000,199739000,282000
1737,10472000,200296000,278000
1738,10273000,199801000,274000
1739,10477000,200203000,290000
1740,10492000,200015000,278000
1741,10225000,199734000,290000
1742,10448000,200222000,278000
1743,10251000,199803000,286000
1744,10469000,200219000,274000
1745,10468000,199999000,282000
1746,10369000,199900000,270000
1747,10421000,200052000,290000
1748,10247000,199827000,266000
1749,10446000,200199000,286000
1750,10474000,200028000,278000
1751,10193000,199718000,286000
1752,10486000,200294000,286000
1753,10282000,199796000,294000
1754,9963000,199681000,282000
1755,10438000,200474000,290000
1756,10389000,199951000,282000
1757,9981000,199593000,286000
1758,10274000,200292000,274000
1759,10212000,199939000,290000
1760,10430000,200218000,282000
1761,10176000,199746000,282000
1762,10252000,200076000,278000
1763,10466000,200214000,290000
1764,10200000,199733000,278000
1765,10417000,200218000,290000
1766,10491000,200074000,286000
1767,10445000,199954000,286000
1768,10309000,199863000,286000
1769,10189000,199880000,274000
1770,9991000,199802000,274000
1771,10139000,200149000,286000
1772,10147000,200008000,274000
1773,10019000,199871000,278000
1774,9968000,199950000,274000
1775,9968000,200000000,282000
1776,10049000,200081000,278000
1777,10340000,200291000,290000
1778,10286000,199946000,282000
1779,10420000,200133000,286000
1780,10259000,199840000,262000
1781,10377000,200117000,286000
1782,10396000,200020000,286000
1783,10270000,199874000,278000
1784,9873000,199603000,286000
1785,9790000,199917000,290000
1786,9956000,200165000,286000
1787,9893000,199938000,286000
1788,9827000,199933000,278000
1789,9837000,200011000,290000
1790,9856000,200019000,278000
1791,9998000,200141000,286000
1792,9812000,199815000,270000
1793,9816000,200004000,286000
1794,9826000,200009000,282000
1795,9848000,200023000,282000
1796,9847000,199999000,282000
1797,10006000,200159000,290000
1798,9803000,199797000,274000
1799,9810000,200007000,294000
1800,9813000,200003000,286000
1801,9771000,199958000,294000
1802,9839000,200067000,278000
1803,9719000,199880000,278000
1804,9791000,200073000,274000
1805,9798000,200006000,290000
1806,9816000,200019000,278000
1807,9679000,199863000,294000
1808,9773000,200093000,270000
1809,9698000,199926000,282000
1810,9952000,200254000,278000
1811,9877000,199925000,286000
1812,9751000,199873000,270000
1813,9815000,200064000,282000
1814,9842000,200028000,270000
1815,9910000,200068000,294000
1816,9859000,199949000,278000
1817,9930000,200071000,290000
1818,9828000,199898000,274000
1819,9959000,200131000,282000
1820,9973000,200014000,282000
1821,9985000,200012000,282000
1822,9926000,199941000,274000
1823,10004000,200078000,282000
1824,9881000,199876000,278000
1825,9809000,199929000,282000
1826,10323000,200514000,286000
1827,10193000,199869000,290000
1828,10193000,200000000,270000
1829,10418000,200226000,294000
1830,10353000,199934000,278000
1831,10450000,200098000,282000
1832,10440000,199990000,274000
1833,10255000,199814000,290000
1834,10189000,199934000,270000
1835,10417000,200229000,282000
1836,10286000,199869000,274000
1837,10152000,199865000,286000
1838,10168000,200017000,278000
1839,10313000,200144000,294000
1840,10185000,199872000,282000
1841,10540000,200355000,290000
1842,10152000,199612000,274000
1843,10152000,200000000,278000
1844,10248000,200097000,278000
1845,10172000,199924000,278000
1846,10257000,200085000,278000
1847,10263000,200006000,278000
1848,9943000,199680000,282000
1849,10208000,200265000,278000
1850,10242000,200034000,278000
1851,10313000,200070000,282000
1852,10327000,200014000,282000
1853,9838000,199512000,286000
1854,10068000,200230000,274000
1855,10273000,200205000,290000
1856,10094000,199821000,274000
1857,9816000,199722000,278000
1858,10172000,200356000,278000
1859,10332000,200160000,274000
1860,10342000,200010000,270000
1861,10354000,200012000,290000
1862,10294000,199940000,266000
1863,10164000,199869000,286000
1864,10324000,200161000,278000
1865,10463000,200138000,286000
1866,10189000,199726000,282000
1867,10277000,200089000,290000
1868,10143000,199866000,274000
1869,10355000,200212000,290000
1870,10303000,199948000,282000
1871,10184000,199881000,278000
1872,10121000,199937000,278000
1873,10193000,200071000,290000
1874,10160000,199968000,278000
1875,10080000,199920000,286000
1876,10031000,199950000,274000
1877,10241000,200210000,286000
1878,9923000,199682000,274000
1879,9764000,199842000,286000
1880,9718000,199953000,286000
1881,9855000,200138000,294000
1882,9893000,200038000,282000
1883,9738000,199845000,294000
1884,9618000,199880000,282000
1885,9837000,200218000,286000
1886,9848000,200011000,282000
1887,9854000,200007000,290000
1888,9727000,199872000,282000
1889,9877000,200151000,294000
1890,9893000,200016000,282000
1891,9841000,199948000,282000
1892,9985000,200144000,274000
1893,10001000,200016000,286000
1894,9787000,199786000,274000
1895,9885000,200098000,294000
1896,9825000,199940000,262000
1897,9828000,200002000,294000
1898,9831000,200003000,278000
1899,10005000,200175000,290000
1900,9783000,199777000,278000
1901,10008000,200225000,286000
1902,10019000,200011000,278000
1903,9960000,199941000,286000
1904,9972000,200013000,278000
1905,10056000,200083000,286000
1906,10143000,200088000,278000
1907,9873000,199730000,282000
1908,9963000,200090000,270000
1909,9881000,199917000,286000
1910,10039000,200159000,278000
1911,9832000,199793000,286000
1912,10006000,200174000,282000
1913,9715000,199709000,290000
1914,9803000,200088000,278000
1915,9881000,200077000,282000
1916,9919000,200038000,278000
1917,9972000,200054000,294000
1918,9998000,200026000,282000
1919,9788000,199789000,286000
1920,9795000,200007000,282000
1921,9809000,200015000,282000
1922,10373000,200564000,282000
1923,10331000,199958000,290000
1924,10193000,199861000,278000
1925,10282000,200090000,290000
1926,10286000,200004000,282000
1927,9947000,199661000,290000
1928,10094000,200147000,282000
1929,10193000,200098000,278000
1930,10189000,199996000,278000
1931,10277000,200089000,278000
1932,10282000,200005000,274000
1933,10023000,199740000,282000
1934,9603000,199581000,274000
1935,10327000,200724000,290000
1936,10109000,199790000,270000
1937,10189000,200071000,282000
1938,10135000,199947000,278000
1939,10278000,200142000,290000
1940,10156000,199878000,282000
1941,10090000,199935000,290000
1942,10262000,200171000,274000
1943,10108000,199847000,290000
1944,10135000,200027000,274000
1945,10273000,200138000,282000
1946,10304000,200031000,278000
1947,10155000,199851000,286000
1948,10039000,199884000,274000
1949,9902000,199863000,286000
1950,10274000,200372000,282000
1951,10277000,200003000,286000
1952,10015000,199737000,278000
1953,10228000,200214000,290000
1954,10103000,199875000,278000
1955,10246000,200142000,294000
1956,10056000,199810000,282000
1957,9923000,199867000,286000
1958,9515000,199593000,274000
1959,10035000,200520000,282000
1960,10313000,200277000,278000
1961,10381000,200069000,286000
1962,10332000,199951000,282000
1963,10211000,199879000,286000
1964,9926000,199715000,270000
1965,10223000,200296000,278000
1966,10302000,200079000,278000
1967,9816000,199515000,290000
1968,10252000,200436000,286000
1969,10052000,199799000,286000
1970,10064000,200013000,278000
1971,9855000,199791000,290000
1972,9877000,200022000,286000
1973,9746000,199869000,282000
1974,9757000,200011000,282000
1975,9902000,200145000,290000
1976,9718000,199816000,286000
1977,10202000,200483000,290000
1978,10023000,199821000,270000
1979,9947000,199925000,286000
1980,10333000,200386000,278000
1981,10180000,199847000,282000
1982,10337000,200157000,286000
1983,9935000,199598000,278000
1984,9730000,199795000,278000
1985,10015000,200284000,290000
1986,10238000,200224000,282000
1987,10245000,200007000,290000
1988,10198000,199952000,282000
1989,10056000,199858000,294000
1990,9930000,199875000,282000
1991,10155000,200225000,286000
1992,10094000,199939000,282000
1993,9833000,199738000,294000
1994,9910000,200078000,270000
1995,10127000,200216000,282000
1996,9717000,199591000,274000
1997,9737000,200020000,278000
1998,10027000,200289000,262000
1999,9692000,199666000,282000
2000,9689000,199996000,278000
2001,9833000,200144000,294000
2002,9709000,199876000,274000
2003,9720000,200011000,274000
2004,9734000,200015000,278000
2005,9666000,199931000,278000
2006,9573000,199908000,282000
2007,9694000,200121000,286000
2008,9581000,199887000,278000
2009,9643000,200062000,286000
2010,9743000,200100000,282000
2011,9732000,199989000,282000
2012,9692000,199960000,274000
2013,9690000,199998000,278000
2014,9661000,199971000,278000
2015,9640000,199978000,286000
2016,9877000,200238000,266000
2017,9943000,200066000,290000
2018,10035000,200091000,270000
2019,10176000,200142000,275000
2020,9906000,199730000,274000
2021,10056000,200149000,282000
2022,10143000,200088000,274000
2023,10095000,199951000,290000
2024,9890000,199795000,274000
2025,10103000,200214000,290000
2026,9981000,199878000,270000
2027,9999000,200018000,290000
2028,9923000,199923000,282000
2029,9873000,199951000,286000
2030,9877000,200004000,278000
2031,10251000,200374000,282000
2032,10189000,199937000,274000
2033,9977000,199789000,286000
2034,9644000,199666000,274000
2035,9926000,200283000,282000
2036,9873000,199947000,278000
2037,10160000,200287000,290000
2038,10044000,199883000,278000
2039,9973000,199930000,290000
2040,10078000,200105000,270000
2041,10269000,200191000,290000
2042,9873000,199604000,286000
2043,9877000,200004000,290000
2044,10045000,200168000,274000
2045,9822000,199777000,286000
2046,10060000,200237000,282000
2047,9639000,199580000,286000
2048,10006000,200367000,282000
2049,9873000,199867000,294000
2050,9956000,200082000,286000
2051,10176000,200221000,290000
2052,10184000,200008000,290000
2053,9985000,199801000,294000
2054,9588000,199603000,282000
2055,10156000,200567000,290000
2056,9885000,199730000,278000
2057,10112000,200227000,290000
2058,9828000,199715000,286000
2059,9777000,199950000,290000
2060,10131000,200354000,274000
2061,10086000,199954000,290000
2062,10087000,200002000,274000
2063,10045000,199958000,274000
2064,10107000,200062000,270000
2065,9968000,199861000,294000
2066,9702000,199734000,286000
2067,10068000,200366000,286000
2068,9939000,199871000,282000
2069,10085000,200146000,290000
2070,9902000,199817000,278000
2071,10108000,200206000,278000
2072,9999000,199890000,278000
2073,9843000,199845000,294000
2074,9893000,200050000,270000
2075,9877000,199984000,286000
2076,9618000,199740000,274000
2077,9897000,200280000,294000
2078,9849000,199951000,278000
2079,9919000,200070000,282000
2080,9930000,200012000,278000
2081,10080000,200150000,282000
2082,10023000,199942000,274000
2083,9893000,199871000,290000
2084,10117000,200224000,282000
2085,9993000,199875000,270000
2086,9783000,199791000,282000
2087,9873000,200090000,290000
2088,9805000,199931000,278000
2089,9893000,200089000,290000
2090,10035000,200141000,278000
2091,9997000,199963000,290000
2092,9923000,199925000,282000
2093,9805000,199883000,274000
2094,9788000,199983000,278000
2095,9910000,200122000,270000
2096,10031000,200120000,278000
2097,9977000,199947000,282000
2098,9930000,199953000,274000
2099,9997000,200067000,286000
2100,10081000,200084000,290000
2101,10010000,199929000,290000
2102,9829000,199819000,278000
2103,9824000,199995000,282000
2104,9856000,200031000,270000
2105,10131000,200276000,286000
2106,9873000,199742000,274000
2107,9943000,200070000,286000
2108,9834000,199890000,282000
2109,9897000,200064000,286000
2110,9569000,199672000,274000
2111,9498000,199928000,282000
2112,9513000,200015000,274000
2113,9515000,200003000,286000
2114,9596000,200080000,278000
2115,9547000,199951000,294000
2116,9566000,200020000,270000
2117,9493000,199927000,278000
2118,9504000,200011000,282000
2119,9598000,200093000,286000
2120,10019000,200421000,282000
2121,9839000,199821000,278000
2122,9821000,199982000,274000
2123,9855000,200034000,274000
2124,9781000,199926000,274000
2125,9947000,200166000,282000
2126,9592000,199644000,282000
2127,9605000,200014000,271000
2128,9820000,200215000,274000
2129,10108000,200288000,290000
2130,10001000,199893000,270000
2131,10072000,200071000,282000
2132,9873000,199801000,274000
2133,9801000,199927000,286000
2134,9767000,199967000,278000
2135,9471000,199704000,290000
2136,9428000,199956000,286000
2137,9579000,200152000,286000
2138,9541000,199961000,262000
2139,9385000,199845000,290000
2140,9547000,200162000,286000
2141,9554000,200007000,286000
2142,9507000,199952000,282000
2143,9359000,199853000,286000
2144,9511000,200152000,278000
2145,9510000,199999000,282000
2146,9463000,199953000,282000
2147,9407000,199944000,282000
2148,9420000,200012000,274000
2149,9484000,200065000,290000
2150,9515000,200030000,270000
2151,9521000,200007000,290000
2152,9455000,199934000,274000
2153,9544000,200089000,274000
2154,9823000,200279000,270000
2155,9923000,200099000,286000
2156,9776000,199853000,266000
2157,9794000,200019000,286000
2158,9793000,199999000,282000
2159,9418000,199625000,282000
2160,9890000,200471000,278000
2161,9830000,199940000,282000
2162,9926000,200097000,274000
2163,9778000,199851000,278000
2164,9719000,199942000,278000
2165,9734000,200015000,286000
2166,9674000,199940000,278000
2167,9821000,200147000,282000
2168,9510000,199688000,266000
2169,9504000,199994000,282000
2170,9530000,200027000,262000
2171,9597000,200067000,286000
2172,9483000,199886000,274000
2173,9687000,200204000,290000
2174,9707000,200020000,278000
2175,9487000,199780000,290000
2176,9519000,200031000,274000
2177,9790000,200272000,282000
2178,9386000,199596000,274000
2179,9743000,200356000,278000
2180,9615000,199872000,282000
2181,9696000,200082000,290000
2182,9779000,200083000,282000
2183,9790000,200010000,290000
2184,9731000,199942000,278000
2185,9693000,199962000,282000
2186,9688000,199994000,282000
2187,9837000,200149000,286000
2188,9844000,200007000,282000
2189,10006000,200163000,286000
2190,9727000,199720000,282000
2191,9885000,200159000,294000
2192,9609000,199724000,270000
2193,9616000,200007000,286000
2194,9713000,200097000,262000
2195,9930000,200217000,282000
2196,9311000,199380000,286000
2197,9660000,200350000,290000
2198,9744000,200083000,282000
2199,9353000,199609000,278000
2200,9846000,200494000,278000
2201,9640000,199794000,286000
2202,9461000,199820000,270000
2203,9605000,200145000,282000
2204,9959000,200354000,282000
2205,9893000,199934000,286000
2206,9778000,199884000,270000
2207,9833000,200055000,282000
2208,9860000,200027000,286000
2209,9793000,199933000,290000
2210,9808000,200015000,282000
2211,9741000,199934000,290000
2212,9760000,200018000,282000
2213,9699000,199940000,286000
2214,9577000,199878000,278000
2215,9670000,200092000,290000
2216,9600000,199930000,278000
2217,9748000,200149000,290000
2218,9902000,200154000,274000
2219,9926000,200024000,282000
2220,9700000,199773000,282000
2221,9718000,200019000,286000
2222,9872000,200145000,286000
2223,9610000,199747000,286000
2224,9416000,199805000,274000
2225,9480000,200064000,290000
2226,9298000,199819000,262000
2227,9787000,200489000,278000
2228,9596000,199808000,286000
2229,9731000,200136000,278000
2230,9823000,200092000,270000
2231,9475000,199652000,290000
2232,9430000,199954000,282000
2233,9782000,200353000,282000
2234,9378000,199596000,278000
2235,9742000,200364000,274000
2236,9554000,199812000,286000
2237,9744000,200190000,294000
2238,9706000,199962000,282000
2239,9770000,200064000,278000
2240,9728000,199958000,282000
2241,9861000,200132000,282000
2242,10015000,200154000,278000
2243,9668000,199662000,286000
2244,9754000,200078000,282000
2245,9636000,199882000,282000
2246,9306000,199669000,274000
2247,9651000,200345000,294000
2248,9728000,200078000,282000
2249,9674000,199945000,290000
2250,9692000,200019000,278000
2251,9915000,200222000,290000
2252,9910000,199996000,286000
2253,9664000,199753000,274000
2254,9658000,199995000,282000
2255,9522000,199864000,278000
2256,9555000,200032000,274000
2257,9423000,199869000,282000
2258,9703000,200280000,278000
2259,9708000,200005000,290000
2260,9659000,199951000,278000
2261,9935000,200276000,286000
2262,9745000,199809000,274000
2263,9688000,199943000,282000
2264,9843000,200156000,270000
2265,9773000,199929000,290000
2266,9254000,199482000,282000
2267,9790000,200536000,290000
2268,9672000,199882000,282000
2269,9812000,200140000,274000
2270,9844000,200032000,266000
2271,9704000,199859000,282000
2272,9930000,200227000,282000
2273,9650000,199720000,286000
2274,9671000,200021000,278000
2275,9890000,200218000,286000
2276,9202000,199312000,274000
2277,9351000,200149000,282000
2278,9493000,200143000,274000
2279,9655000,200162000,278000
2280,9593000,199937000,274000
2281,9674000,200082000,278000
2282,9689000,200014000,278000
2283,9849000,200161000,278000
2284,9705000,199856000,278000
2285,9238000,199533000,282000
2286,9249000,200010000,278000
2287,9335000,200087000,290000
2288,9265000,199930000,282000
2289,9354000,200089000,282000
2290,9286000,199932000,282000
2291,9225000,199939000,278000
2292,9240000,200014000,274000
2293,9254000,200015000,286000
2294,9332000,200078000,286000
2295,9269000,199937000,282000
2296,9230000,199961000,274000
2297,9352000,200122000,286000
2298,9375000,200023000,270000
2299,9313000,199937000,286000
2300,9274000,199962000,282000
2301,9193000,199918000,282000
2302,9224000,200032000,274000
2303,9282000,200058000,294000
2304,9323000,200041000,278000
2305,9168000,199845000,286000
2306,9184000,200016000,278000
2307,9333000,200149000,290000
2308,9206000,199873000,270000
2309,9418000,200212000,290000
2310,9303000,199884000,278000
2311,9245000,199942000,282000
2312,9176000,199932000,286000
2313,9338000,200162000,286000
2314,9195000,199864000,282000
2315,9282000,200080000,290000
2316,9221000,199939000,282000
2317,9445000,200224000,286000
2318,9172000,199727000,278000
2319,9180000,200008000,282000
2320,9197000,200017000,278000
2321,9219000,200022000,290000
2322,9152000,199932000,274000
2323,9297000,200145000,278000
2324,9242000,199946000,278000
2325,9598000,200355000,282000
2326,9595000,199998000,274000
2327,9547000,199951000,278000
2328,9569000,200023000,278000
2329,9227000,199657000,286000
2330,9729000,200503000,274000
2331,9587000,199857000,282000
2332,9533000,199947000,286000
2333,9462000,199929000,282000
2334,9434000,199972000,266000
2335,9694000,200260000,290000
2336,9242000,199547000,274000
2337,9164000,199922000,278000
2338,10230000,201067000,274000
2339,9604000,199374000,282000
2340,9551000,199947000,282000
2341,9208000,199657000,290000
2342,9568000,200359000,274000
2343,9505000,199938000,278000
2344,9797000,200292000,278000
2345,9739000,199941000,290000
2346,9750000,200011000,278000
2347,9569000,199819000,294000
2348,9565000,199997000,278000
2349,9585000,200020000,290000
2350,9654000,200069000,282000
2351,9189000,199534000,290000
2352,9598000,200410000,282000
2353,9554000,199956000,290000
2354,9421000,199867000,282000
2355,9492000,200071000,286000
2356,10424000,200932000,286000
2357,9513000,199089000,294000
2358,9255000,199741000,286000
2359,9198000,199943000,286000
2360,9294000,200097000,274000
2361,9424000,200129000,274000
2362,9311000,199888000,266000
2363,9239000,199928000,286000
2364,9271000,200032000,286000
2365,9539000,200268000,282000
2366,9566000,200027000,274000
2367,9355000,199789000,278000
2368,9586000,200231000,282000
2369,9782000,200195000,290000
2370,9519000,199738000,274000
2371,9599000,200080000,278000
2372,9551000,199951000,290000
2373,9559000,200009000,290000
2374,9644000,200085000,270000
2375,10068000,200424000,278000
2376,9518000,199450000,278000
2377,9456000,199938000,282000
2378,10591000,201134000,278000
2379,9207000,198617000,290000
2380,10396000,201189000,266000
2381,10492000,200095000,286000
2382,10570000,200079000,274000
2383,10367000,199796000,278000
2384,9532000,199166000,274000
2385,10608000,201075000,282000
2386,10529000,199921000,274000
2387,9569000,199040000,286000
2388,10481000,200912000,278000
2389,10418000,199938000,278000
2390,10582000,200163000,282000
2391,10440000,199859000,278000
2392,10614000,200173000,266000
2393,10527000,199913000,294000
2394,10489000,199963000,278000
2395,10344000,199855000,290000
2396,10510000,200165000,274000
2397,10505000,199995000,290000
2398,10463000,199959000,282000
2399,10457000,199993000,286000
2400,10554000,200098000,286000
2401,10206000,199652000,286000
2402,10156000,199949000,270000
2403,10362000,200207000,282000
2404,10168000,199806000,282000
2405,10332000,200164000,282000
2406,10189000,199856000,274000
2407,10193000,200004000,278000
2408,10485000,200293000,282000
2409,10503000,200018000,282000
2410,10027000,199523000,274000
2411,10197000,200170000,286000
2412,10676000,200479000,274000
2413,10273000,199598000,286000
2414,10484000,200211000,278000
2415,10027000,199542000,278000
2416,10639000,200613000,278000
2417,10451000,199812000,286000
2418,10394000,199943000,266000
2419,10333000,199938000,286000
2420,10472000,200139000,282000
2421,10216000,199745000,282000
2422,10089000,199873000,282000
2423,10434000,200345000,286000
2424,10453000,200019000,274000
2425,10673000,200220000,278000
2426,10361000,199688000,262000
2427,10152000,199790000,274000
2428,10517000,200366000,270000
2429,10235000,199718000,286000
2430,10589000,200354000,278000
2431,10108000,199519000,290000
2432,10491000,200383000,274000
2433,10473000,199982000,286000
2434,10430000,199956000,278000
2435,10640000,200210000,290000
2436,10168000,199529000,286000
2437,10601000,200433000,286000
2438,10465000,199864000,282000
2439,10202000,199736000,290000
2440,10420000,200219000,282000
2441,10286000,199866000,290000
2442,10094000,199808000,286000
2443,10519000,200425000,290000
2444,10469000,199949000,274000
2445,10764000,200296000,286000
2446,10609000,199853000,282000
2447,10152000,199534000,294000
2448,10160000,200009000,278000
2449,10185000,200024000,278000
2450,10117000,199933000,278000
2451,10197000,200079000,294000
2452,9718000,199522000,278000
2453,10143000,200425000,290000
2454,10430000,200287000,278000
2455,9952000,199522000,290000
2456,10451000,200499000,278000
2457,10323000,199880000,294000
2458,10143000,199812000,286000
2459,10143000,200000000,286000
2460,10094000,199951000,282000
2461,10160000,200066000,290000
2462,10117000,199957000,278000
2463,10450000,200333000,294000
2464,10422000,199972000,278000
2465,10135000,199712000,290000
2466,10655000,200520000,282000
2467,10428000,199774000,286000
2468,10439000,200011000,282000
2469,10327000,199887000,286000
2470,10392000,200066000,270000
2471,10201000,199808000,286000
2472,9947000,199747000,266000
2473,10148000,200200000,290000
2474,10164000,200017000,282000
2475,10333000,200169000,290000
2476,10388000,200055000,278000
2477,10269000,199881000,290000
2478,9930000,199661000,282000
2479,10103000,200173000,278000
2480,10233000,200130000,270000
2481,10244000,200010000,286000
2482,10117000,199874000,266000
2483,10475000,200357000,286000
2484,10135000,199661000,286000
2485,10068000,199933000,294000
2486,10229000,200161000,270000
2487,10239000,200010000,274000
2488,10324000,200085000,270000
2489,10332000,200008000,270000
2490,9943000,199611000,270000
2491,10005000,200062000,286000
2492,10584000,200579000,270000
2493,10496000,199912000,286000
2494,10382000,199886000,282000
2495,10327000,199944000,290000
2496,10002000,199676000,274000
2497,9993000,199991000,286000
2498,10224000,200231000,270000
2499,10291000,200067000,290000
2500,10442000,200150000,274000
2501,10248000,199807000,278000
2502,10049000,199801000,282000
2503,9849000,199799000,278000
2504,10068000,200220000,278000
2505,10087000,200018000,282000
2506,10236000,200150000,278000
2507,10247000,200011000,294000
2508,10390000,200143000,278000
2509,10135000,199745000,290000
2510,10420000,200284000,270000
2511,10353000,199934000,294000
2512,10428000,200075000,282000
2513,10452000,200024000,290000
2514,10386000,199933000,274000
2515,10417000,200032000,270000
2516,10412000,199994000,270000
2517,10064000,199653000,286000
2518,10298000,200234000,278000
2519,10095000,199797000,282000
2520,9902000,199807000,270000
2521,10035000,200133000,286000
2522,10083000,200047000,266000
2523,9853000,199770000,274000
2524,9885000,200033000,262000
2525,9885000,200000000,286000
2526,10269000,200384000,274000
2527,10327000,200058000,282000
2528,10202000,199874000,274000
2529,9848000,199647000,278000
2530,9807000,199959000,282000
2531,9796000,199989000,282000
2532,10019000,200222000,278000
2533,10251000,200233000,286000
2534,9985000,199734000,274000
2535,10408000,200423000,290000
2536,10475000,200067000,278000
2537,9939000,199464000,282000
2538,9814000,199875000,270000
2539,9756000,199942000,286000
2540,10117000,200361000,274000
2541,10467000,200350000,290000
2542,10281000,199814000,278000
2543,10229000,199948000,282000
2544,10427000,200197000,274000
2545,10241000,199815000,286000
2546,10518000,200276000,282000
2547,10210000,199692000,278000
2548,10265000,200056000,274000
2549,10207000,199941000,282000
2550,10294000,200088000,282000
2551,10232000,199938000,282000
2552,10451000,200219000,270000
2553,10254000,199802000,278000
2554,9849000,199595000,282000
2555,10269000,200421000,290000
2556,10431000,200161000,274000
2557,10228000,199798000,286000
2558,10451000,200223000,274000
2559,10457000,200006000,270000
2560,10010000,199553000,270000
2561,10121000,200111000,286000
2562,10148000,200026000,270000
2563,10286000,200139000,286000
2564,10366000,200080000,286000
2565,10307000,199941000,290000
2566,10392000,200085000,282000
2567,10197000,199804000,286000
2568,10208000,200011000,282000
2569,10282000,200075000,286000
2570,10434000,200152000,278000
2571,10384000,199950000,282000
2572,10383000,199999000,282000
2573,10352000,199969000,282000
2574,10205000,199853000,278000
2575,10428000,200222000,282000
2576,10090000,199663000,282000
2577,9963000,199873000,286000
2578,10451000,200488000,278000
2579,10394000,199943000,286000
2580,10413000,200018000,282000
2581,10415000,200003000,286000
2582,10424000,200008000,278000
2583,9893000,199470000,278000
2584,10374000,200481000,282000
2585,10248000,199874000,290000
2586,10422000,200174000,278000
2587,10416000,199993000,282000
2588,10290000,199875000,286000
2589,10359000,200069000,274000
2590,10255000,199896000,282000
2591,10372000,200117000,286000
2592,9565000,199193000,270000
2593,10203000,200638000,274000
2594,10229000,200025000,286000
2595,10420000,200191000,286000
2596,10365000,199946000,282000
2597,10251000,199886000,282000
2598,10455000,200203000,278000
2599,10189000,199734000,290000
2600,10202000,200014000,278000
2601,10356000,200153000,290000
2602,10086000,199731000,282000
2603,10451000,200365000,278000
2604,10253000,199802000,282000
2605,10389000,200135000,282000
2606,10401000,200013000,274000
2607,10087000,199686000,286000
2608,10424000,200337000,282000
2609,10371000,199946000,294000
2610,10103000,199733000,286000
2611,10417000,200314000,282000
2612,10405000,199988000,286000
2613,9792000,199386000,278000
2614,9861000,200070000,274000
2615,10302000,200440000,282000
2616,10373000,200072000,286000
2617,10189000,199815000,278000
2618,10412000,200223000,274000
2619,9848000,199437000,290000
2620,10164000,200316000,282000
2621,10160000,199995000,282000
2622,10103000,199944000,282000
2623,10172000,200069000,290000
2624,9926000,199754000,278000
2625,10468000,200542000,286000
2626,10420000,199952000,282000
2627,10427000,200007000,286000
2628,10176000,199749000,278000
2629,9818000,199641000,290000
2630,10331000,200514000,286000
2631,10121000,199790000,286000
2632,10345000,200224000,278000
2633,10077000,199732000,278000
2634,9741000,199664000,278000
2635,10374000,200632000,290000
2636,10324000,199951000,278000
2637,10131000,199807000,286000
2638,10347000,200216000,274000
2639,10152000,199804000,286000
2640,10015000,199863000,274000
2641,10099000,200085000,282000
2642,10256000,200157000,274000
2643,10056000,199799000,278000
2644,10394000,200338000,278000
2645,10273000,199880000,286000
2646,10156000,199882000,274000
2647,10293000,200138000,286000
2648,9893000,199600000,278000
2649,10027000,200133000,290000
2650,10538000,200512000,278000
2651,10408000,199870000,286000
2652,10423000,200015000,286000
2653,10148000,199724000,294000
2654,10039000,199892000,282000
2655,10238000,200199000,290000
2656,10264000,200026000,282000
2657,9915000,199650000,286000
2658,10091000,200176000,282000
2659,10077000,199986000,294000
2660,10238000,200162000,278000
2661,10233000,199995000,294000
2662,10112000,199879000,278000
2663,10121000,200009000,286000
2664,10068000,199947000,278000
2665,10274000,200206000,290000
2666,10010000,199736000,282000
2667,10117000,200107000,282000
2668,10112000,199995000,274000
2669,10332000,200220000,294000
2670,10203000,199870000,274000
2671,10083000,199881000,294000
2672,10152000,200068000,278000
2673,9890000,199738000,286000
2674,9753000,199863000,282000
2675,10056000,200303000,290000
2676,9851000,199796000,274000
2677,9846000,199995000,286000
2678,9792000,199946000,282000
2679,10015000,200222000,282000
2680,10023000,200008000,282000
2681,9824000,199802000,290000
2682,9977000,200153000,282000
2683,10395000,200418000,278000
2684,10089000,199694000,270000
2685,10429000,200340000,286000
2686,10246000,199817000,278000
2687,10103000,199857000,286000
2688,10131000,200028000,286000
2689,10394000,200263000,282000
2690,10357000,199963000,282000
2691,10344000,199987000,290000
2692,10378000,200034000,282000
2693,10099000,199721000,290000
2694,10324000,200225000,282000
2695,10261000,199937000,282000
2696,10337000,200076000,278000
2697,9716000,199378000,290000
2698,10160000,200445000,274000
2699,10292000,200132000,282000
2700,10327000,200034000,262000
2701,10339000,200012000,290000
2702,10265000,199927000,286000
2703,9792000,199527000,274000
2704,10148000,200355000,278000
2705,10103000,199956000,278000
2706,10103000,200000000,278000
2707,10126000,200023000,274000
2708,10121000,199995000,282000
2709,9793000,199671000,290000
2710,9721000,199929000,282000
2711,9805000,200084000,282000
2712,9816000,200011000,274000
2713,9757000,199941000,286000
2714,9768000,200011000,278000
2715,9779000,200011000,282000
2716,9952000,200173000,270000
2717,9665000,199713000,278000
2718,9824000,200159000,278000
2719,9814000,199990000,290000
2720,9841000,200027000,278000
2721,9778000,199937000,278000
2722,9806000,200028000,278000
2723,9727000,199920000,286000
2724,10306000,200580000,282000
2725,10027000,199720000,290000
2726,10327000,200300000,278000
2727,9702000,199376000,286000
2728,9788000,200086000,274000
2729,9930000,200142000,282000
2730,9737000,199806000,278000
2731,9956000,200220000,286000
2732,9755000,199798000,282000
2733,9702000,199948000,290000
2734,9772000,200070000,278000
2735,9804000,200031000,278000
2736,9798000,199994000,282000
2737,9675000,199877000,286000
2738,10103000,200429000,278000
2739,10263000,200160000,294000
2740,9914000,199651000,286000
2741,9786000,199872000,290000
2742,9777000,199991000,270000
2743,10086000,200308000,282000
2744,9885000,199800000,286000
2745,9968000,200083000,290000
2746,9910000,199942000,274000
2747,9700000,199790000,294000
2748,9736000,200035000,282000
2749,9599000,199863000,286000
2750,10172000,200574000,282000
2751,9968000,199796000,274000
2752,10127000,200158000,278000
2753,10051000,199924000,282000
2754,10077000,200026000,278000
2755,9721000,199645000,286000
2756,9757000,200036000,274000
2757,9743000,199986000,290000
2758,9973000,200230000,274000
2759,10189000,200215000,282000
2760,9775000,199587000,282000
2761,10000000,200225000,286000
2762,9653000,199661000,270000
2763,10089000,200428000,282000
2764,10039000,199950000,278000
2765,9630000,199591000,290000
2766,10131000,200501000,270000
2767,10005000,199874000,274000
2768,10010000,200005000,282000
2769,10241000,200231000,290000
2770,9682000,199441000,274000
2771,10117000,200435000,290000
2772,9915000,199797000,282000
2773,9935000,200021000,286000
2774,10072000,200137000,270000
2775,10152000,200079000,278000
2776,10094000,199943000,286000
2777,9547000,199452000,294000
2778,9627000,200081000,282000
2779,9703000,200076000,290000
2780,9594000,199891000,282000
2781,9724000,200130000,286000
2782,9621000,199897000,278000
2783,9607000,199986000,286000
2784,9697000,200090000,282000
2785,9910000,200213000,282000
2786,9738000,199828000,262000
2787,9590000,199852000,286000
2788,9600000,200010000,282000
2789,9730000,200129000,278000
2790,10035000,200305000,278000
2791,9968000,199934000,290000
2792,10265000,200297000,282000
2793,9846000,199581000,286000
2794,9943000,200097000,274000
2795,10164000,200221000,282000
2796,9968000,199804000,278000
2797,9570000,199602000,282000
2798,10002000,200431000,270000
2799,9877000,199876000,278000
2800,10215000,200338000,282000
2801,10234000,200018000,282000
2802,10156000,199923000,274000
2803,10060000,199904000,286000
2804,10189000,200128000,282000
2805,10064000,199876000,286000
2806,10002000,199938000,278000
2807,10015000,200012000,278000
2808,10094000,200080000,278000
2809,9956000,199861000,286000
2810,10049000,200094000,270000
2811,10121000,200072000,286000
2812,9947000,199826000,278000
2813,9947000,200000000,274000
2814,10023000,200075000,278000
2815,10023000,200000000,290000
2816,10267000,200244000,278000
2817,9629000,199362000,290000
2818,10002000,200373000,282000
2819,9658000,199657000,278000
2820,9977000,200319000,270000
2821,9877000,199900000,290000
2822,9691000,199814000,282000
2823,9897000,200206000,282000
2824,9923000,200025000,282000
2825,10064000,200142000,282000
2826,10006000,199941000,282000
2827,9952000,199947000,282000
2828,9963000,200011000,274000
2829,10193000,200229000,290000
2830,9981000,199789000,270000
2831,9930000,199949000,274000
2832,10213000,200283000,274000
2833,10164000,199951000,286000
2834,9603000,199439000,286000
2835,10189000,200585000,282000
2836,9841000,199652000,278000
2837,10006000,200166000,282000
2838,10005000,199999000,282000
2839,10006000,200001000,286000
2840,10164000,200158000,270000
2841,10035000,199871000,274000
2842,10180000,200145000,278000
2843,9977000,199797000,294000
2844,9930000,199953000,274000
2845,9930000,200000000,282000
2846,10103000,200173000,270000
2847,9952000,199849000,286000
2848,9766000,199814000,274000
2849,9761000,199994000,286000
2850,10086000,200326000,274000
2851,10079000,199993000,278000
2852,10156000,200076000,282000
2853,9877000,199722000,290000
2854,9981000,200104000,282000
2855,10180000,200199000,286000
2856,10126000,199946000,286000
2857,10202000,200075000,282000
2858,10005000,199804000,270000
2859,10147000,200142000,286000
2860,10107000,199960000,278000
2861,9973000,199866000,294000
2862,10189000,200215000,278000
2863,9939000,199751000,290000
2864,10143000,200204000,274000
2865,10160000,200017000,290000
2866,9959000,199799000,274000
2867,10049000,200090000,278000
2868,9985000,199936000,286000
2869,10131000,200145000,290000
2870,9999000,199869000,278000
2871,9935000,199936000,286000
2872,9805000,199870000,270000
2873,9959000,200154000,282000
2874,9977000,200018000,266000
2875,10049000,200072000,286000
2876,10131000,200082000,282000
2877,10002000,199871000,290000
2878,9956000,199953000,282000
2879,10307000,200352000,282000
2880,10131000,199824000,278000
2881,9829000,199697000,286000
2882,9926000,200098000,274000
2883,9711000,199785000,282000
2884,9968000,200257000,266000
2885,9877000,199909000,294000
2886,10180000,200303000,278000
2887,9824000,199644000,290000
2888,9919000,200094000,274000
2889,10139000,200220000,282000
2890,10076000,199938000,286000
2891,9952000,199876000,282000
2892,9890000,199937000,278000
2893,9910000,200021000,294000
2894,9981000,200071000,278000
2895,9849000,199868000,290000
2896,9999000,200149000,286000
2897,9741000,199743000,290000
2898,9739000,199998000,282000
2899,9754000,200014000,290000
2900,9697000,199944000,274000
2901,9719000,200022000,290000
2902,9587000,199868000,274000
2903,10006000,200419000,282000
2904,9869000,199871000,286000
2905,10095000,200218000,294000
2906,9821000,199726000,282000
2907,9640000,199819000,282000
2908,9847000,200207000,286000
2909,10001000,200153000,294000
2910,10031000,200030000,278000
2911,9885000,199855000,290000
2912,10044000,200159000,274000
2913,9823000,199779000,282000
2914,9717000,199893000,282000
2915,9714000,199998000,282000
2916,9529000,199814000,278000
2917,9524000,199995000,294000
2918,9562000,200039000,274000
2919,9823000,200260000,282000
2920,10126000,200304000,274000
2921,9156000,199029000,294000
2922,9728000,200573000,270000
2923,9659000,199931000,290000
2924,9963000,200304000,270000
2925,10041000,200078000,278000
2926,9776000,199734000,266000
2927,9787000,200012000,286000
2928,9724000,199937000,262000
2929,9331000,199607000,278000
2930,9956000,200624000,274000
2931,9830000,199875000,290000
2932,9687000,199857000,274000
2933,9843000,200156000,282000
2934,9777000,199933000,282000
2935,10027000,200250000,282000
2936,10088000,200061000,274000
2937,9394000,199307000,290000
2938,9824000,200429000,270000
2939,9906000,200083000,294000
2940,9714000,199808000,278000
2941,9854000,200139000,290000
2942,9881000,200027000,278000
2943,9731000,199851000,282000
2944,9763000,200032000,278000
2945,9973000,200210000,282000
2946,9996000,200022000,274000
2947,9782000,199787000,290000
2948,9890000,200107000,274000
2949,9800000,199910000,290000
2950,9823000,200023000,278000
2951,9752000,199930000,278000
2952,10049000,200297000,286000
2953,9989000,199940000,282000
2954,9374000,199384000,286000
2955,9791000,200418000,290000
2956,9818000,200027000,266000
2957,9959000,200141000,290000
2958,9699000,199739000,274000
2959,9923000,200224000,290000
2960,9923000,200000000,278000
2961,9742000,199820000,282000
2962,9744000,200002000,274000
2963,9751000,200006000,290000
2964,9902000,200152000,282000
2965,9923000,200020000,282000
2966,9714000,199791000,278000
2967,9721000,200007000,294000
2968,9663000,199943000,278000
2969,9671000,200008000,286000
2970,9830000,200159000,278000
2971,9760000,199929000,290000
2972,9919000,200159000,282000
2973,9863000,199944000,282000
2974,9744000,199881000,278000
2975,9665000,199922000,282000
2976,9483000,199817000,278000
2977,9688000,200206000,290000
2978,9935000,200247000,278000
2979,9711000,199776000,282000
2980,9873000,200162000,278000
2981,9881000,200007000,286000
2982,9702000,199822000,286000
2983,9824000,200122000,286000
2984,9919000,200094000,274000
2985,9842000,199923000,286000
2986,9930000,200089000,282000
2987,9794000,199863000,290000
2988,9600000,199807000,278000
2989,9469000,199868000,282000
2990,9769000,200300000,278000
2991,9845000,200077000,294000
2992,9717000,199872000,266000
2993,9797000,200080000,274000
2994,9257000,199460000,282000
2995,9906000,200649000,290000
2996,9688000,199782000,282000
2997,9148000,199459000,294000
2998,9712000,200565000,278000
2999,9408000,199695000,278000
3000,9449000,200041000,278000
3001,9598000,200150000,286000
3002,9415000,199817000,274000
3003,9624000,200209000,290000
3004,9648000,200024000,282000
3005,9373000,199725000,282000
3006,9603000,200230000,270000
3007,9391000,199787000,290000
3008,9354000,199964000,274000
3009,9472000,200118000,290000
3010,9362000,199889000,278000
3011,9428000,200067000,290000
3012,9396000,199968000,286000
3013,9519000,200123000,286000
3014,9273000,199754000,274000
3015,9411000,200138000,286000
3016,9494000,200083000,286000
3017,9356000,199861000,282000
3018,9439000,200083000,282000
3019,9441000,200003000,278000
3020,9333000,199892000,282000
3021,9818000,200484000,282000
3022,9613000,199795000,278000
3023,9709000,200096000,286000
3024,9647000,199939000,274000
3025,9885000,200238000,282000
3026,9881000,199995000,270000
3027,9609000,199728000,286000
3028,9683000,200075000,278000
3029,9926000,200243000,290000
3030,9699000,199781000,286000
3031,9860000,200153000,290000
3032,9939000,200079000,274000
3033,9589000,199657000,294000
3034,9746000,200150000,282000
3035,9898000,200160000,286000
3036,9627000,199729000,282000
3037,9019000,199384000,286000
3038,9601000,200582000,262000
3039,9873000,200272000,290000
3040,9897000,200024000,282000
3041,9822000,199924000,290000
3042,9792000,199970000,274000
3043,9648000,199857000,282000
3044,9594000,199945000,274000
3045,9803000,200210000,282000
3046,9623000,199820000,278000
3047,8989000,199373000,278000
3048,9565000,200577000,274000
3049,9492000,199919000,286000
3050,9776000,200292000,278000
3051,9791000,200007000,290000
3052,9672000,199880000,274000
3053,9665000,200002000,290000
3054,9615000,199942000,282000
3055,9834000,200219000,282000
3056,9581000,199746000,282000
3057,9598000,200018000,290000
3058,9590000,199991000,282000
3059,9825000,200235000,290000
3060,9559000,199735000,278000
3061,9841000,200282000,278000
3062,9775000,199934000,274000
3063,9452000,199676000,274000
3064,9592000,200141000,282000
3065,9811000,200219000,286000
3066,9822000,200011000,270000
3067,9139000,199317000,286000
3068,9570000,200431000,278000
3069,9577000,200007000,286000
3070,9662000,200085000,282000
3071,9669000,200006000,286000
3072,9605000,199937000,286000
3073,9554000,199949000,286000
3074,9569000,200015000,286000
3075,9357000,199788000,286000
3076,9604000,200246000,278000
3077,9383000,199780000,282000
3078,9755000,200372000,278000
3079,9135000,199379000,278000
3080,9649000,200515000,286000
3081,9699000,200050000,290000
3082,9790000,200091000,270000
3083,9724000,199934000,286000
3084,9956000,200231000,278000
3085,9746000,199791000,290000
3086,9622000,199875000,278000
3087,9977000,200356000,290000
3088,9782000,199805000,278000
3089,9520000,199738000,286000
3090,9667000,200146000,282000
3091,9549000,199883000,282000
3092,9818000,200268000,278000
3093,9653000,199836000,286000
3094,9168000,199515000,274000
3095,9651000,200483000,290000
3096,9674000,200022000,274000
3097,9060000,199387000,294000
3098,9609000,200548000,270000
3099,9615000,200007000,290000
3100,9569000,199954000,278000
3101,9710000,200141000,286000
3102,9451000,199741000,270000
3103,9584000,200133000,286000
3104,9604000,200020000,282000
3105,9750000,200145000,290000
3106,9504000,199754000,282000
3107,9360000,199857000,286000
3108,9451000,200091000,274000
3109,9593000,200142000,290000
3110,9605000,200011000,274000
3111,9689000,200084000,290000
3112,9638000,199950000,274000
3113,9698000,200060000,286000
3114,9525000,199826000,274000
3115,9587000,200062000,290000
3116,9665000,200079000,274000
3117,9262000,199597000,290000
3118,9353000,200091000,278000
3119,9570000,200217000,278000
3120,9574000,200003000,282000
3121,9666000,200093000,286000
3122,9447000,199781000,274000
3123,9558000,200111000,290000
3124,10453000,200894000,278000
3125,9694000,199242000,290000
3126,9225000,199531000,278000
3127,8897000,199672000,290000
3128,9263000,200365000,262000
3129,9258000,199995000,290000
3130,9139000,199882000,270000
3131,9064000,199925000,290000
3132,9148000,200083000,282000
3133,8952000,199805000,286000
3134,9099000,200147000,286000
3135,9176000,200077000,290000
3136,9392000,200216000,282000
3137,9265000,199873000,282000
3138,9093000,199828000,270000
3139,9152000,200058000,282000
3140,9112000,199961000,286000
3141,9172000,200060000,290000
3142,9197000,200024000,278000
3143,9052000,199855000,286000
3144,9438000,200387000,274000
3145,9424000,199985000,286000
3146,9168000,199745000,278000
3147,9436000,200268000,294000
3148,9532000,200096000,274000
3149,9262000,199729000,290000
3150,9143000,199882000,266000
3151,8935000,199792000,282000
3152,9237000,200301000,270000
3153,9256000,200019000,282000
3154,9382000,200127000,278000
3155,9126000,199744000,290000
3156,9060000,199933000,274000
3157,9230000,200171000,286000
3158,9152000,199921000,282000
3159,9172000,200021000,290000
3160,9176000,200004000,270000
3161,9197000,200020000,290000
3162,9893000,200697000,270000
3163,9558000,199665000,286000
3164,9489000,199930000,274000
3165,9087000,199599000,290000
3166,10139000,201052000,286000
3167,10282000,200143000,290000
3168,9533000,199250000,278000
3169,9337000,199805000,278000
3170,9156000,199818000,278000
3171,9221000,200066000,290000
3172,9248000,200027000,278000
3173,9041000,199793000,286000
3174,9143000,200102000,274000
3175,10099000,200956000,286000
3176,9143000,199044000,286000
3177,9217000,200074000,282000
3178,9445000,200227000,278000
3179,9793000,200349000,278000
3180,10498000,200705000,278000
3181,10718000,200219000,294000
3182,10672000,199955000,278000
3183,10585000,199913000,290000
3184,10621000,200035000,278000
3185,10624000,200004000,290000
3186,10357000,199732000,278000
3187,10665000,200308000,278000
3188,10576000,199912000,282000
3189,10740000,200164000,286000
3190,10673000,199933000,282000
3191,10428000,199754000,282000
3192,10501000,200074000,270000
3193,10508000,200006000,286000
3194,10659000,200152000,278000
3195,10539000,199879000,282000
3196,10193000,199654000,270000
3197,10340000,200148000,286000
3198,10216000,199876000,274000
3199,10420000,200203000,282000
3200,10502000,200083000,274000
3201,10371000,199869000,282000
3202,10524000,200152000,282000
3203,10185000,199661000,278000
3204,10560000,200375000,286000
3205,10483000,199923000,290000
3206,10501000,200019000,266000
3207,10435000,199934000,290000
3208,10193000,199757000,286000
3209,10184000,199992000,290000
3210,10345000,200161000,282000
3211,10418000,200073000,290000
3212,10172000,199754000,270000
3213,10500000,200327000,290000
3214,10449000,199950000,270000
3215,10384000,199934000,294000
3216,10400000,200016000,274000
3217,10341000,199942000,278000
3218,10488000,200147000,282000
3219,10156000,199667000,290000
3220,10441000,200285000,274000
3221,10416000,199975000,266000
3222,10597000,200182000,282000
3223,9930000,199333000,282000
3224,10562000,200632000,278000
3225,10434000,199872000,290000
3226,10368000,199934000,282000
3227,10383000,200014000,294000
3228,10180000,199798000,282000
3229,10282000,200102000,286000
3230,10068000,199786000,274000
3231,10006000,199938000,286000
3232,10160000,200154000,286000
3233,9893000,199733000,290000
3234,10112000,200219000,286000
3235,10121000,200009000,286000
3236,9935000,199814000,274000
3237,9857000,199921000,290000
3238,9893000,200037000,282000
3239,10095000,200202000,286000
3240,9990000,199895000,274000
3241,10052000,200061000,286000
3242,10148000,200096000,282000
3243,9926000,199779000,286000
3244,10019000,200092000,282000
3245,10015000,199996000,294000
3246,10056000,200041000,274000
3247,9968000,199913000,290000
3248,9985000,200017000,282000
3249,9852000,199866000,286000
3250,9939000,200088000,282000
3251,10168000,200229000,274000
3252,9963000,199795000,290000
3253,9906000,199943000,294000
3254,10056000,200149000,266000
3255,9939000,199884000,286000
3256,9861000,199922000,270000
3257,10090000,200229000,286000
3258,10094000,200004000,282000
3259,10056000,199961000,282000
3260,9977000,199922000,274000
3261,9923000,199945000,290000
3262,9857000,199935000,270000
3263,9790000,199933000,286000
3264,10091000,200301000,282000
3265,10095000,200004000,290000
3266,10252000,200156000,278000
3267,9977000,199726000,290000
3268,10131000,200154000,286000
3269,10286000,200155000,282000
3270,10099000,199813000,274000
3271,9885000,199786000,286000
3272,10121000,200236000,270000
3273,9906000,199785000,290000
3274,9935000,200029000,274000
3275,10068000,200133000,290000
3276,10168000,200099000,286000
3277,10156000,199988000,286000
3278,9830000,199674000,278000
3279,9759000,199930000,290000
3280,10412000,200653000,278000
3281,10684000,200271000,294000
3282,10286000,199603000,278000
3283,10423000,200137000,286000
3284,10655000,200232000,286000
3285,9910000,199255000,290000
3286,10333000,200423000,282000
3287,10552000,200218000,294000
3288,10481000,199929000,282000
3289,10023000,199542000,294000
3290,10023000,200000000,278000
3291,9902000,199880000,290000
3292,10045000,200143000,286000
3293,9854000,199808000,286000
3294,9852000,199998000,282000
3295,10002000,200150000,290000
3296,10093000,200092000,274000
3297,9881000,199787000,286000
3298,9973000,200093000,282000
3299,9973000,200000000,286000
3300,10060000,200086000,274000
3301,10005000,199946000,282000
3302,9952000,199947000,278000
3303,9741000,199788000,282000
3304,9973000,200233000,274000
3305,10041000,200068000,290000
3306,10212000,200171000,282000
3307,9926000,199714000,282000
3308,9881000,199954000,282000
3309,10087000,200207000,290000
3310,10117000,200030000,282000
3311,9897000,199780000,294000
3312,9765000,199867000,286000
3313,9771000,200007000,294000
3314,10218000,200447000,274000
3315,9731000,199513000,290000
3316,10306000,200575000,282000
3317,9973000,199667000,290000
3318,9837000,199864000,278000
3319,9791000,199954000,286000
3320,9724000,199933000,274000
3321,9808000,200084000,278000
3322,10099000,200291000,274000
3323,9977000,199878000,290000
3324,9906000,199929000,278000
3325,9774000,199868000,294000
3326,9926000,200152000,282000
3327,10212000,200286000,290000
3328,10359000,200147000,282000
3329,10587000,200227000,282000
3330,10324000,199738000,278000
3331,10184000,199860000,294000
3332,10269000,200085000,286000
3333,9872000,199595000,278000
3334,9744000,199880000,278000
3335,9817000,200072000,282000
3336,9977000,200161000,286000
3337,9902000,199925000,294000
3338,10339000,200436000,266000
3339,10558000,200220000,286000
3340,10180000,199622000,270000
3341,10498000,200318000,290000
3342,10334000,199836000,278000
3343,10172000,199838000,278000
3344,10184000,200012000,270000
3345,10060000,199876000,274000
3346,10356000,200295000,278000
3347,10356000,200001000,286000
3348,10239000,199883000,274000
3349,10458000,200219000,286000
3350,10334000,199875000,274000
3351,10064000,199731000,290000
3352,10212000,200148000,278000
3353,10027000,199814000,278000
3354,10019000,199992000,282000
3355,10172000,200154000,290000
3356,10121000,199949000,266000
3357,10202000,200080000,294000
3358,10353000,200152000,262000
3359,10286000,199932000,282000
3360,10426000,200141000,270000
3361,10302000,199876000,286000
3362,10379000,200077000,278000
3363,9906000,199527000,290000
3364,10273000,200367000,270000
3365,10202000,199928000,282000
3366,10502000,200301000,270000
3367,10368000,199866000,282000
3368,10184000,199816000,274000
3369,10172000,199988000,290000
3370,10286000,200114000,262000
3371,10337000,200051000,286000
3372,10426000,200088000,278000
3373,10152000,199726000,290000
3374,10184000,200033000,282000
3375,10445000,200261000,282000
3376,10533000,200088000,278000
3377,10395000,199862000,294000
3378,10212000,199817000,278000
3379,10420000,200207000,290000
3380,10238000,199818000,290000
3381,10448000,200211000,282000
3382,10189000,199740000,282000
3383,9781000,199592000,282000
3384,10421000,200641000,274000
3385,10429000,200008000,278000
3386,10433000,200004000,278000
3387,10327000,199893000,294000
3388,9968000,199642000,282000
3389,10261000,200293000,290000
3390,10353000,200092000,274000
3391,10352000,199998000,286000
3392,10294000,199943000,278000
3393,10300000,200006000,286000
3394,9825000,199525000,278000
3395,10453000,200627000,286000
3396,10467000,200015000,286000
3397,10636000,200169000,278000
3398,10231000,199594000,274000
3399,10230000,199999000,278000
3400,10262000,200033000,278000
3401,10331000,200069000,286000
3402,10348000,200016000,278000
3403,10469000,200122000,290000
3404,10366000,199897000,278000
3405,10426000,200059000,290000
3406,10327000,199901000,282000
3407,10172000,199846000,278000
3408,10184000,200012000,282000
3409,10398000,200214000,286000
3410,10349000,199951000,274000
3411,10420000,200070000,286000
3412,10440000,200021000,274000
3413,9963000,199523000,286000
3414,10180000,200217000,278000
3415,10126000,199946000,286000
3416,10345000,200219000,278000
3417,9731000,199386000,286000
3418,10152000,200420000,282000
3419,10327000,200175000,282000
3420,9902000,199576000,282000
3421,10346000,200443000,286000
3422,10415000,200070000,282000
3423,10282000,199866000,282000
3424,10298000,200017000,270000
3425,10357000,200059000,282000
3426,10385000,200027000,270000
3427,10334000,199950000,282000
3428,10204000,199869000,274000
3429,10353000,200149000,282000
3430,10298000,199946000,282000
3431,10221000,199923000,278000
3432,10176000,199955000,282000
3433,10313000,200136000,290000
3434,9648000,199336000,274000
3435,10411000,200763000,286000
3436,10495000,200083000,278000
3437,10220000,199726000,286000
3438,10180000,199960000,282000
3439,10242000,200062000,278000
3440,10049000,199807000,282000
3441,10333000,200283000,290000
3442,10077000,199745000,278000
3443,10290000,200212000,282000
3444,10435000,200145000,274000
3445,10515000,200080000,282000
3446,10332000,199818000,282000
3447,9930000,199598000,282000
3448,10131000,200200000,286000
3449,9885000,199755000,278000
3450,9877000,199992000,266000
3451,9902000,200025000,290000
3452,10045000,200143000,266000
3453,10049000,200004000,298000
3454,10056000,200006000,270000
3455,10019000,199964000,282000
3456,9939000,199920000,286000
3457,10160000,200221000,278000
3458,9815000,199654000,274000
3459,9829000,200015000,282000
3460,9915000,200085000,274000
3461,9991000,200077000,294000
3462,9854000,199870000,282000
3463,9795000,199934000,290000
3464,10049000,200254000,278000
3465,10027000,199977000,282000
3466,9985000,199959000,274000
3467,9919000,199933000,290000
3468,9890000,199971000,278000
3469,9873000,199984000,286000
3470,10027000,200153000,286000
3471,9956000,199929000,282000
3472,9848000,199892000,278000
3473,9837000,199990000,278000
3474,9852000,200015000,286000
3475,9790000,199938000,294000
3476,9881000,200090000,282000
3477,10035000,200155000,274000
3478,10327000,200291000,282000
3479,10411000,200085000,278000
3480,10479000,200068000,274000
3481,10428000,199949000,286000
3482,10015000,199586000,274000
3483,9893000,199879000,286000
3484,10382000,200489000,270000
3485,10274000,199892000,274000
3486,10538000,200263000,274000
3487,9997000,199468000,282000
3488,10081000,200076000,286000
3489,10298000,200217000,290000
3490,9968000,199670000,278000
3491,9828000,199859000,290000
3492,9843000,200015000,282000
3493,9788000,199946000,282000
3494,9860000,200072000,286000
3495,9947000,200087000,286000
3496,9832000,199885000,274000
3497,9890000,200057000,286000
3498,9786000,199896000,278000
3499,9775000,199990000,282000
3500,9794000,200019000,278000
3501,9801000,200007000,270000
3502,9829000,200028000,282000
3503,9606000,199777000,286000
3504,9714000,200108000,266000
3505,9840000,200126000,286000
3506,9859000,200019000,274000
3507,9727000,199868000,278000
3508,9807000,200080000,286000
3509,9956000,200148000,294000
3510,9973000,200018000,278000
3511,10346000,200373000,278000
3512,9993000,199647000,274000
3513,10006000,200013000,274000
3514,10092000,200086000,270000
3515,10103000,200011000,290000
3516,9963000,199860000,278000
3517,9977000,200014000,282000
3518,10131000,200154000,282000
3519,10356000,200224000,294000
3520,9943000,199588000,282000
3521,10010000,200067000,290000
3522,10236000,200226000,278000
3523,9830000,199594000,286000
3524,10117000,200287000,282000
3525,10341000,200224000,290000
3526,10562000,200221000,282000
3527,9592000,199030000,282000
3528,10184000,200592000,278000
3529,9605000,199421000,290000
3530,10193000,200587000,282000
3531,10264000,200072000,286000
3532,10291000,200026000,274000
3533,10073000,199783000,278000
3534,9681000,199608000,274000
3535,10168000,200487000,294000
3536,9711000,199543000,282000
3537,10189000,200477000,282000
3538,10064000,199876000,282000
3539,10278000,200214000,282000
3540,10087000,199809000,286000
3541,10229000,200142000,294000
3542,10039000,199810000,270000
3543,10112000,200073000,290000
3544,10056000,199943000,278000
3545,10291000,200235000,294000
3546,10222000,199932000,270000
3547,10232000,200010000,290000
3548,10027000,199794000,282000
3549,10275000,200248000,278000
3550,10121000,199847000,270000
3551,10064000,199943000,282000
3552,9662000,199597000,278000
3553,10023000,200361000,274000
3554,10031000,200008000,282000
3555,9755000,199725000,282000
3556,9699000,199943000,282000
3557,9926000,200228000,282000
3558,10006000,200080000,282000
3559,10215000,200209000,294000
3560,9682000,199466000,282000
3561,9902000,200221000,274000
3562,9923000,200020000,286000
3563,10195000,200272000,282000
3564,10139000,199945000,286000
3565,10088000,199948000,282000
3566,9756000,199669000,282000
3567,9607000,199851000,282000
3568,9977000,200370000,282000
3569,10121000,200144000,290000
3570,10064000,199943000,274000
3571,9650000,199586000,286000
3572,9593000,199942000,278000
3573,9959000,200367000,270000
3574,9963000,200004000,278000
3575,9759000,199796000,286000
3576,9843000,200084000,282000
3577,9715000,199872000,286000
3578,9726000,200011000,286000
3579,9885000,200159000,290000
3580,10172000,200287000,282000
3581,10117000,199945000,282000
3582,10193000,200075000,270000
3583,10213000,200021000,286000
3584,10224000,200010000,278000
3585,9598000,199375000,294000
3586,10168000,200570000,282000
3587,10172000,200004000,294000
3588,10045000,199873000,282000
3589,10127000,200082000,294000
3590,10212000,200085000,282000
3591,10148000,199935000,294000
3592,10176000,200029000,274000
3593,9959000,199783000,290000
3594,9839000,199880000,270000
3595,10185000,200353000,282000
3596,10224000,200032000,286000
3597,10213000,199988000,294000
3598,9956000,199743000,262000
3599,9968000,200013000,282000
3600,10204000,200235000,278000
3601,10184000,199981000,290000
3602,10135000,199951000,270000
3603,10005000,199869000,282000
3604,10015000,200010000,282000
3605,10160000,200146000,294000
3606,10117000,199957000,270000
3607,9897000,199780000,290000
3608,9715000,199818000,266000
3609,10147000,200432000,294000
3610,9943000,199796000,274000
3611,10229000,200286000,286000
3612,9685000,199455000,270000
3613,9704000,200019000,286000
3614,9642000,199938000,282000
3615,9651000,200010000,286000
3616,9658000,200007000,270000
3617,9740000,200082000,290000
3618,9543000,199802000,262000
3619,9741000,200199000,278000
3620,9698000,199957000,278000
3621,9701000,200003000,286000
3622,9651000,199950000,282000
3623,9514000,199863000,286000
3624,9815000,200300000,278000
3625,9685000,199870000,290000
3626,9849000,200165000,278000
3627,9561000,199712000,286000
3628,9873000,200312000,270000
3629,10143000,200270000,290000
3630,10176000,200033000,278000
3631,9960000,199783000,270000
3632,9429000,199470000,262000
3633,10051000,200621000,282000
3634,9498000,199448000,274000
3635,10139000,200641000,290000
3636,10156000,200016000,282000
3637,10164000,200009000,282000
3638,9692000,199528000,274000
3639,10117000,200425000,278000
3640,10199000,200081000,282000
3641,10143000,199945000,286000
3642,10083000,199939000,282000
3643,9609000,199526000,294000
3644,9606000,199998000,278000
3645,9760000,200153000,286000
3646,9915000,200155000,282000
3647,9939000,200025000,286000
3648,10001000,200062000,282000
3649,10152000,200150000,290000
3650,9885000,199734000,282000
3651,10172000,200287000,278000
3652,10184000,200012000,282000
3653,10193000,200008000,290000
3654,9931000,199738000,282000
3655,9792000,199862000,286000
3656,10027000,200242000,286000
3657,10103000,200069000,282000
3658,9699000,199595000,274000
3659,10189000,200490000,286000
3660,10086000,199898000,274000
3661,9930000,199844000,294000
3662,10094000,200164000,274000
3663,9956000,199861000,278000
3664,10121000,200166000,278000
3665,10045000,199924000,282000
3666,10060000,200014000,278000
3667,10068000,200009000,282000
3668,9873000,199805000,274000
3669,10090000,200217000,290000
3670,10107000,200017000,274000
3671,9968000,199861000,290000
3672,10060000,200091000,274000
3673,9659000,199600000,282000
3674,9726000,200067000,278000
3675,9745000,200019000,286000
3676,10098000,200353000,286000
3677,9841000,199743000,290000
3678,9919000,200077000,266000
3679,10073000,200155000,286000
3680,10072000,199999000,282000
3681,10027000,199954000,286000
3682,10094000,200068000,274000
3683,9893000,199799000,286000
3684,9757000,199864000,274000
3685,9565000,199808000,290000
3686,9583000,200017000,278000
3687,9654000,200072000,290000
3688,9739000,200084000,278000
3689,9741000,200003000,290000
3690,10127000,200385000,282000
3691,10117000,199991000,290000
3692,9659000,199542000,274000
3693,9716000,200056000,290000
3694,9747000,200032000,278000
3695,9737000,199990000,290000
3696,9692000,199954000,274000
3697,9485000,199793000,290000
3698,9648000,200164000,274000
3699,10064000,200416000,286000
3700,9939000,199875000,274000
3701,10015000,200075000,294000
3702,10094000,200080000,282000
3703,10103000,200009000,286000
3704,9830000,199735000,286000
3705,9857000,200018000,286000
3706,10006000,200150000,286000
3707,10099000,200093000,290000
3708,9820000,199721000,274000
3709,10039000,200219000,294000
3710,9910000,199871000,274000
3711,10073000,200163000,290000
3712,9855000,199782000,282000
3713,9873000,200018000,286000
3714,9464000,199591000,274000
3715,9826000,200361000,290000
3716,9696000,199871000,278000
3717,9573000,199876000,286000
3718,9587000,200015000,278000
3719,9444000,199857000,282000
3720,9594000,200150000,274000
3721,9665000,200071000,274000
3722,9558000,199893000,278000
3723,9562000,200003000,278000
3724,9724000,200163000,278000
3725,9714000,199989000,282000
3726,9594000,199881000,278000
3727,9535000,199940000,282000
3728,9569000,200034000,274000
3729,9693000,200125000,278000
3730,9581000,199888000,274000
3731,9709000,200128000,286000
3732,9797000,200088000,278000
3733,9877000,200080000,294000
3734,9807000,199938000,282000
3735,9826000,200010000,282000
3736,10045000,200220000,274000
3737,9986000,199949000,278000
3738,9854000,199860000,278000
3739,9939000,200093000,290000
3740,9733000,199794000,282000
3741,9838000,200097000,286000
3742,9840000,200001000,274000
3743,9990000,200151000,290000
3744,9853000,199863000,286000
3745,9808000,199955000,286000
3746,9885000,200077000,282000
3747,9968000,200083000,290000
3748,9835000,199867000,274000
3749,9700000,199865000,290000
3750,9647000,199947000,278000
3751,9643000,200003000,286000
3752,9659000,200017000,282000
3753,9530000,199863000,290000
3754,9547000,200025000,286000
3755,9698000,200143000,282000
3756,9655000,199956000,274000
3757,9583000,199937000,270000
3758,10035000,200443000,274000
3759,10023000,199988000,282000
3760,9757000,199735000,286000
3761,9825000,200068000,286000
3762,9857000,200032000,274000
3763,9777000,199920000,290000
3764,9812000,200035000,282000
3765,9661000,199849000,286000
3766,9963000,200302000,278000
3767,9963000,200000000,294000
3768,9290000,199327000,282000
3769,9777000,200486000,286000
3770,10004000,200228000,278000
3771,9794000,199790000,294000
3772,9809000,200015000,282000
3773,9683000,199874000,286000
3774,9831000,200147000,278000
3775,9719000,199889000,286000
3776,9926000,200207000,286000
3777,9794000,199867000,290000
3778,9739000,199946000,278000
3779,9763000,200024000,286000
3780,9761000,199997000,282000
3781,9775000,200015000,290000
3782,9926000,200151000,274000
3783,9789000,199863000,290000
3784,9596000,199807000,278000
3785,9808000,200212000,286000
3786,9692000,199883000,282000
3787,9769000,200078000,282000
3788,9656000,199887000,274000
3789,9655000,199998000,290000
3790,9666000,200011000,282000
3791,9598000,199933000,290000
3792,9625000,200027000,274000
3793,9619000,199994000,290000
3794,9644000,200025000,282000
3795,9585000,199941000,286000
3796,9464000,199879000,278000
3797,9588000,200124000,294000
3798,9261000,199673000,274000
3799,9611000,200349000,290000
3800,9565000,199955000,278000
3801,9420000,199855000,290000
3802,9504000,200084000,274000
3803,9597000,200093000,282000
3804,9332000,199735000,278000
3805,9639000,200307000,274000
3806,9355000,199716000,278000
3807,9570000,200215000,286000
3808,9246000,199676000,274000
3809,9466000,200220000,286000
3810,9401000,199935000,270000
3811,9416000,200015000,282000
3812,9485000,200069000,270000
3813,9441000,199955000,282000
3814,9306000,199866000,274000
3815,9510000,200203000,290000
3816,9529000,200019000,266000
3817,9470000,199942000,278000
3818,8995000,199524000,274000
3819,9282000,200287000,290000
3820,9572000,200291000,282000
3821,9779000,200207000,290000
3822,9333000,199554000,278000
3823,9334000,200000000,290000
3824,9210000,199877000,278000
3825,9269000,200059000,290000
3826,9448000,200179000,266000
3827,9431000,199983000,290000
3828,9112000,199681000,270000
3829,9592000,200480000,278000
3830,9559000,199967000,274000
3831,9548000,199989000,294000
3832,9282000,199734000,274000
3833,9292000,200009000,286000
3834,9241000,199950000,278000
3835,9662000,200420000,290000
3836,9331000,199670000,278000
3837,9696000,200364000,286000
3838,9286000,199590000,270000
3839,9657000,200371000,282000
3840,9573000,199917000,266000
3841,9662000,200088000,282000
3842,9802000,200140000,274000
3843,9617000,199816000,282000
3844,9827000,200210000,278000
3845,9641000,199814000,282000
3846,9644000,200003000,282000
3847,9655000,200010000,282000
3848,9386000,199732000,274000
3849,9596000,200209000,290000
3850,9685000,200089000,270000
3851,9618000,199933000,290000
3852,9641000,200023000,282000
3853,9712000,200072000,270000
3854,9257000,199544000,278000
3855,9588000,200332000,282000
3856,9835000,200247000,282000
3857,9613000,199777000,286000
3858,9648000,200036000,282000
3859,9639000,199991000,286000
3860,9611000,199971000,282000
3861,9597000,199987000,282000
3862,9689000,200092000,266000
3863,9604000,199915000,286000
3864,9627000,200023000,274000
3865,9636000,200008000,286000
3866,9856000,200221000,278000
3867,9595000,199738000,286000
3868,9597000,200002000,282000
3869,9624000,200028000,282000
3870,9626000,200002000,270000
3871,9634000,200008000,294000
3872,9582000,199948000,282000
3873,9184000,199602000,286000
3874,9184000,200000000,278000
3875,9819000,200635000,290000
3876,9822000,200003000,282000
3877,9229000,199407000,290000
3878,9648000,200419000,274000
3879,9234000,199586000,282000
3880,9661000,200427000,278000
3881,9877000,200216000,278000
3882,9335000,199458000,274000
3883,9687000,200351000,290000
3884,9640000,199954000,282000
3885,9298000,199658000,286000
3886,9812000,200514000,274000
3887,9455000,199642000,290000
3888,9470000,200015000,282000
3889,9476000,200007000,282000
3890,9508000,200032000,278000
3891,9429000,199920000,290000
3892,9798000,200370000,274000
3893,9172000,199374000,290000
3894,9204000,200032000,274000
3895,9269000,200065000,286000
3896,9282000,200013000,282000
3897,9294000,200012000,282000
3898,9304000,200010000,286000
3899,9323000,200019000,282000
3900,9261000,199937000,278000
3901,9344000,200084000,282000
3902,9270000,199925000,282000
3903,9360000,200091000,286000
3904,9585000,200225000,274000
3905,9935000,200350000,286000
3906,9741000,199805000,270000
3907,9610000,199878000,286000
3908,9620000,200002000,278000
3909,9570000,199950000,286000
3910,9579000,200008000,270000
3911,9787000,200209000,278000
3912,9251000,199464000,278000
3913,9597000,200346000,286000
3914,9547000,199949000,282000
3915,10520000,200974000,290000
3916,9637000,199117000,286000
3917,9778000,200141000,282000
3918,9805000,200027000,278000
3919,9592000,199787000,290000
3920,9559000,199967000,282000
3921,9688000,200128000,286000
3922,9641000,199953000,278000
3923,9574000,199934000,278000
3924,9524000,199950000,282000
3925,9594000,200069000,282000
3926,9533000,199940000,274000
3927,9744000,200211000,290000
3928,9558000,199814000,278000
3929,9565000,200007000,294000
3930,9711000,200146000,282000
3931,9726000,200014000,282000
3932,9467000,199741000,274000
3933,9535000,200069000,290000
3934,9192000,199656000,274000
3935,9495000,200304000,286000
3936,9498000,200003000,286000
3937,9533000,200035000,278000
3938,9450000,199917000,282000
3939,9538000,200088000,286000
3940,9615000,200076000,282000
3941,9573000,199959000,286000
3942,9640000,200066000,270000
3943,9591000,199952000,282000
3944,9597000,200006000,282000
3945,9522000,199925000,290000
3946,9555000,200032000,274000
3947,9550000,199996000,286000
3948,9565000,200015000,278000
3949,9503000,199938000,282000
3950,9378000,199875000,274000
3951,9521000,200143000,282000
3952,9546000,200024000,274000
3953,9616000,200071000,286000
3954,9228000,199612000,286000
3955,9491000,200263000,278000
3956,9590000,200099000,286000
3957,9517000,199926000,278000
3958,9546000,200030000,278000
3959,9528000,199982000,286000
3960,9420000,199891000,282000
3961,10386000,200967000,282000
3962,10200000,199813000,282000
3963,9587000,199387000,282000
3964,9527000,199941000,274000
3965,10443000,200916000,278000
3966,10660000,200217000,282000
3967,10549000,199889000,282000
3968,9501000,198951000,270000
3969,10487000,200986000,282000
3970,10362000,199876000,270000
3971,9623000,199261000,270000
3972,10172000,200549000,286000
3973,9566000,199394000,286000
3974,9492000,199926000,274000
3975,10566000,201074000,294000
3976,10626000,200060000,282000
3977,10566000,199939000,278000
3978,10591000,200025000,262000
3979,10441000,199850000,290000
3980,10459000,200019000,286000
3981,10198000,199739000,286000
3982,10562000,200364000,282000
3983,10561000,199998000,286000
3984,10601000,200040000,278000
3985,10444000,199843000,286000
3986,10470000,200027000,270000
3987,10332000,199862000,286000
3988,10493000,200161000,282000
3989,10479000,199986000,286000
3990,10506000,200026000,274000
3991,10431000,199926000,294000
3992,10471000,200040000,278000
3993,10526000,200055000,294000
3994,10472000,199945000,282000
3995,10558000,200087000,290000
3996,10493000,199935000,282000
3997,10160000,199667000,294000
3998,10453000,200293000,270000
3999,10456000,200003000,286000
4000,10606000,200149000,286000
4001,10634000,200028000,290000
4002,10424000,199791000,282000
4003,10438000,200014000,286000
4004,10506000,200068000,278000
4005,10476000,199970000,278000
4006,10412000,199935000,274000
4007,10554000,200143000,290000
4008,10488000,199934000,278000
4009,10425000,199937000,286000
4010,10436000,200011000,274000
4011,10661000,200225000,290000
4012,10262000,199601000,270000
4013,10052000,199790000,290000
4014,10208000,200156000,282000
4015,10082000,199874000,290000
4016,10027000,199944000,282000
4017,10099000,200073000,282000
4018,9923000,199823000,282000
4019,10198000,200275000,278000
4020,10072000,199875000,282000
4021,10476000,200404000,286000
4022,10248000,199771000,278000
4023,10027000,199779000,274000
4024,10180000,200154000,282000
4025,10045000,199865000,286000
4026,10202000,200157000,282000
4027,9926000,199724000,282000
4028,10354000,200428000,282000
4029,10581000,200227000,282000
4030,10376000,199795000,282000
4031,10468000,200091000,290000
4032,10202000,199734000,274000
4033,10214000,200013000,282000
4034,9943000,199729000,266000
4035,9960000,200016000,282000
4036,9959000,200000000,286000
4037,10185000,200225000,294000
4038,9923000,199738000,270000
4039,9860000,199938000,290000
4040,10148000,200287000,278000
4041,9939000,199792000,290000
4042,10092000,200153000,278000
4043,10108000,200016000,278000
4044,9981000,199873000,282000
4045,10263000,200282000,294000
4046,10005000,199741000,278000
4047,10286000,200282000,290000
4048,9902000,199616000,278000
4049,10023000,200120000,294000
4050,10117000,200094000,282000
4051,9915000,199798000,290000
4052,9947000,200033000,274000
4053,9930000,199983000,294000
4054,9885000,199955000,282000
4055,9956000,200070000,286000
4056,9923000,199967000,270000
4057,9981000,200059000,282000
4058,9844000,199863000,274000
4059,10131000,200287000,286000
4060,9862000,199731000,270000
4061,9877000,200015000,286000
4062,9890000,200012000,278000
4063,10052000,200162000,282000
4064,10068000,200017000,270000
4065,9939000,199871000,282000
4066,9935000,199996000,286000
4067,9956000,200020000,290000
4068,9890000,199934000,274000
4069,10052000,200162000,286000
4070,9910000,199859000,274000
4071,9997000,200086000,294000
4072,9930000,199934000,286000
4073,9863000,199933000,290000
4074,9805000,199942000,278000
4075,9890000,200084000,294000
4076,9830000,199941000,286000
4077,9910000,200080000,294000
4078,9930000,200020000,282000
4079,10075000,200144000,290000
4080,10099000,200025000,278000
4081,9807000,199708000,294000
4082,10193000,200385000,274000
4083,9832000,199640000,294000
4084,10006000,200174000,270000
4085,9789000,199782000,290000
4086,9893000,200105000,274000
4087,10099000,200206000,286000
4088,9837000,199738000,274000
4089,10112000,200275000,290000
4090,10139000,200027000,274000
4091,9850000,199710000,290000
4092,9877000,200028000,270000
4093,10027000,200149000,282000
4094,10107000,200081000,274000
4095,10041000,199934000,274000
4096,9993000,199952000,270000
4097,9853000,199859000,278000
4098,10224000,200372000,274000
4099,10243000,200018000,286000
4100,9816000,199574000,282000
4101,9973000,200157000,290000
4102,10049000,200076000,282000
4103,10354000,200305000,290000
4104,10345000,199991000,282000
4105,10010000,199665000,290000
4106,10509000,200499000,266000
4107,10031000,199521000,290000
4108,10117000,200087000,274000
4109,9990000,199873000,274000
4110,9997000,200007000,282000
4111,10006000,200009000,290000
4112,10439000,200433000,282000
4113,10308000,199869000,282000
4114,10257000,199949000,282000
4115,10052000,199794000,274000
4116,10010000,199959000,270000
4117,9999000,199989000,290000
4118,10363000,200364000,278000
4119,10023000,199659000,278000
4120,10398000,200376000,278000
4121,10334000,199936000,286000
4122,10466000,200132000,278000
4123,10477000,200010000,286000
4124,10565000,200088000,274000
4125,10019000,199454000,290000
4126,10436000,200418000,274000
4127,10254000,199818000,290000
4128,10332000,200078000,278000
4129,9861000,199528000,290000
4130,10010000,200150000,278000
4131,10432000,200422000,282000
4132,10309000,199877000,278000
4133,10333000,200024000,282000
4134,10397000,200064000,274000
4135,10202000,199805000,286000
4136,10558000,200356000,274000
4137,10565000,200007000,282000
4138,10431000,199866000,282000
4139,10511000,200080000,286000
4140,9774000,199263000,262000
4141,9906000,200132000,294000
4142,10064000,200158000,266000
4143,9935000,199871000,286000
4144,10023000,200087000,266000
4145,10023000,200000000,290000
4146,9836000,199814000,286000
4147,10052000,200215000,282000
4148,10207000,200156000,278000
4149,9926000,199719000,294000
4150,9890000,199963000,286000
4151,9812000,199922000,286000
4152,9906000,200095000,282000
4153,9902000,199996000,294000
4154,9775000,199872000,282000
4155,9935000,200161000,278000
4156,9947000,200012000,274000
4157,10095000,200148000,282000
4158,9963000,199868000,278000
4159,9915000,199951000,294000
4160,10045000,200131000,286000
4161,10478000,200433000,290000
4162,10482000,200004000,282000
4163,10301000,199819000,290000
4164,10307000,200006000,278000
4165,10448000,200141000,278000
4166,10463000,200015000,278000
4167,10479000,200016000,294000
4168,10353000,199874000,274000
4169,10286000,199933000,286000
4170,10499000,200212000,274000
4171,10306000,199807000,294000
4172,10327000,200021000,274000
4173,10270000,199943000,282000
4174,10615000,200346000,274000
4175,10348000,199733000,286000
4176,10511000,200163000,282000
4177,10363000,199852000,290000
4178,10327000,199963000,282000
4179,10526000,200200000,290000
4180,10290000,199764000,274000
4181,10475000,200184000,282000
4182,10432000,199957000,266000
4183,10362000,199931000,286000
4184,10391000,200028000,286000
4185,10380000,199990000,286000
4186,10401000,200021000,278000
4187,10416000,200015000,290000
4188,10290000,199874000,274000
4189,10426000,200136000,286000
4190,10307000,199880000,282000
4191,9902000,199596000,286000
4192,10395000,200492000,270000
4193,10212000,199817000,290000
4194,10204000,199993000,278000
4195,10225000,200021000,286000
4196,10232000,200007000,274000
4197,10384000,200152000,282000
4198,10176000,199792000,278000
4199,10273000,200096000,282000
4200,10201000,199929000,282000
4201,10225000,200024000,290000
4202,10232000,200007000,282000
4203,10168000,199936000,282000
4204,10457000,200289000,266000
4205,10408000,199951000,271000
4206,10336000,199928000,282000
4207,10273000,199937000,286000
4208,9952000,199679000,282000
4209,9809000,199857000,282000
4210,10333000,200523000,286000
4211,10327000,199995000,294000
4212,10343000,200016000,278000
4213,10206000,199863000,290000
4214,9893000,199687000,274000
4215,10358000,200464000,290000
4216,10327000,199969000,274000
4217,10324000,199998000,290000
4218,10189000,199864000,274000
4219,10126000,199938000,294000
4220,10352000,200226000,278000
4221,10428000,200075000,290000
4222,10506000,200079000,278000
4223,10172000,199666000,286000
4224,10389000,200217000,278000
4225,10056000,199666000,290000
4226,9793000,199737000,270000
4227,10357000,200565000,286000
4228,10431000,200074000,278000
4229,10385000,199954000,274000
4230,10385000,199999000,270000
4231,10064000,199680000,290000
4232,10337000,200273000,282000
4233,10077000,199739000,282000
4234,10358000,200282000,278000
4235,10365000,200007000,290000
4236,10043000,199678000,278000
4237,10463000,200419000,274000
4238,10203000,199741000,274000
4239,10207000,200004000,290000
4240,10350000,200143000,270000
4241,10294000,199944000,286000
4242,10455000,200161000,278000
4243,10099000,199644000,286000
4244,10421000,200321000,282000
4245,10285000,199865000,274000
4246,10357000,200072000,278000
4247,10090000,199733000,282000
4248,10189000,200098000,282000
4249,10035000,199847000,286000
4250,9923000,199887000,282000
4251,10056000,200133000,294000
4252,10421000,200365000,274000
4253,10148000,199727000,282000
4254,10307000,200160000,278000
4255,10441000,200134000,282000
4256,9839000,199398000,274000
4257,10352000,200513000,290000
4258,10068000,199716000,286000
4259,10164000,200096000,282000
4260,10362000,200197000,282000
4261,10193000,199831000,278000
4262,10039000,199847000,282000
4263,10274000,200235000,282000
4264,10210000,199936000,274000
4265,10299000,200089000,286000
4266,10357000,200058000,286000
4267,10310000,199952000,282000
4268,10181000,199871000,278000
4269,10334000,200153000,286000
4270,10472000,200139000,282000
4271,10207000,199735000,286000
4272,10228000,200021000,270000
4273,10302000,200074000,282000
4274,10258000,199956000,282000
4275,9977000,199719000,290000
4276,10348000,200371000,286000
4277,10345000,199997000,286000
4278,10164000,199819000,282000
4279,9733000,199568000,278000
4280,10107000,200375000,278000
4281,10244000,200137000,294000
4282,10276000,200032000,282000
4283,9706000,199430000,290000
4284,10353000,200647000,282000
4285,10350000,199997000,282000
4286,10094000,199744000,270000
4287,10244000,200149000,286000
4288,10193000,199949000,262000
4289,9991000,199799000,294000
4290,10353000,200362000,274000
4291,10303000,199949000,290000
4292,9666000,199363000,282000
4293,9818000,200153000,294000
4294,10045000,200227000,278000
4295,10278000,200232000,286000
4296,10269000,199992000,278000
4297,10078000,199809000,282000
4298,10015000,199936000,286000
4299,10230000,200216000,294000
4300,10103000,199873000,282000
4301,10256000,200153000,290000
4302,10131000,199875000,282000
4303,10139000,200008000,286000
4304,10148000,200008000,282000
4305,10290000,200143000,282000
4306,10117000,199827000,278000
4307,9973000,199856000,290000
4308,10068000,200095000,282000
4309,9991000,199923000,294000
4310,10152000,200160000,278000
4311,10019000,199868000,286000
4312,10180000,200161000,278000
4313,10103000,199923000,286000
4314,10127000,200023000,282000
4315,10268000,200142000,290000
4316,9926000,199658000,278000
4317,10006000,200080000,286000
4318,9885000,199879000,274000
4319,9959000,200074000,290000
4320,9973000,200014000,274000
4321,10068000,200095000,282000
4322,10205000,200136000,282000
4323,10019000,199815000,286000
4324,10027000,200007000,266000
4325,9977000,199951000,286000
4326,10107000,200130000,274000
4327,9993000,199886000,286000
4328,9772000,199779000,286000
4329,10010000,200238000,286000
4330,10152000,200141000,278000
4331,10172000,200021000,278000
4332,10244000,200072000,274000
4333,10045000,199801000,282000
4334,10200000,200154000,278000
4335,10210000,200011000,278000
4336,10015000,199804000,274000
4337,10225000,200210000,290000
4338,10045000,199821000,274000
4339,9696000,199651000,282000
4340,10203000,200506000,278000
4341,10198000,199995000,286000
4342,10019000,199821000,282000
4343,10291000,200272000,290000
4344,10023000,199740000,282000
4345,9959000,199929000,290000
4346,10064000,200105000,270000
4347,10267000,200203000,286000
4348,10000000,199733000,278000
4349,10077000,200076000,286000
4350,10015000,199938000,278000
4351,10237000,200223000,290000
4352,10039000,199802000,282000
4353,10056000,200016000,282000
4354,10068000,200013000,270000
4355,10432000,200364000,294000
4356,10294000,199862000,270000
4357,10090000,199796000,286000
4358,10039000,199949000,274000
4359,10060000,200021000,290000
4360,10064000,200004000,274000
4361,10282000,200217000,282000
4362,10217000,199935000,274000
4363,10027000,199810000,286000
4364,10031000,200004000,286000
4365,10327000,200297000,290000
4366,10189000,199861000,274000
4367,10269000,200081000,294000
4368,10019000,199750000,274000
4369,10015000,199995000,278000
4370,10176000,200162000,278000
4371,10172000,199996000,290000
4372,10213000,200041000,274000
4373,10064000,199851000,282000
4374,10085000,200020000,274000
4375,10010000,199926000,286000
4376,10254000,200244000,274000
4377,10027000,199772000,286000
4378,9993000,199967000,270000
4379,9981000,199988000,286000
4380,9994000,200013000,286000
4381,10143000,200149000,290000
4382,10094000,199951000,274000
4383,10095000,200001000,286000
4384,10180000,200085000,282000
4385,9977000,199797000,286000
4386,10198000,200220000,282000
4387,10148000,199950000,286000
4388,10015000,199867000,282000
4389,10112000,200098000,278000
4390,10250000,200137000,282000
4391,10052000,199802000,286000
4392,10127000,200075000,274000
4393,10079000,199952000,282000
4394,10006000,199928000,278000
4395,10023000,200016000,290000
4396,10039000,200017000,274000
4397,10112000,200073000,282000
4398,9981000,199869000,282000
4399,9999000,200018000,286000
4400,10148000,200148000,274000
4401,10156000,200008000,290000
4402,10044000,199889000,282000
4403,10031000,199986000,294000
4404,10205000,200174000,278000
4405,10056000,199851000,286000
4406,10227000,200172000,282000
4407,10078000,199851000,286000
4408,10094000,200016000,274000
4409,9897000,199803000,274000
4410,10193000,200295000,278000
4411,10121000,199929000,286000
4412,10064000,199943000,282000
4413,10006000,199942000,286000
4414,10023000,200016000,278000
4415,10087000,200073000,290000
4416,10099000,200012000,282000
4417,10112000,200005000,294000
4418,9838000,199733000,270000
4419,9385000,199540000,290000
4420,10083000,200698000,282000
4421,9944000,199869000,274000
4422,9968000,200016000,278000
4423,10139000,200171000,278000
4424,9985000,199846000,278000
4425,9663000,199677000,282000
4426,9666000,200004000,278000
4427,9825000,200159000,282000
4428,9973000,200148000,262000
4429,9902000,199929000,282000
4430,9973000,200079000,282000
4431,10064000,200083000,282000
4432,10006000,199942000,278000
4433,10139000,200141000,286000
4434,9885000,199738000,282000
4435,10172000,200295000,282000
4436,10123000,199951000,278000
4437,9910000,199779000,290000
4438,9935000,200025000,282000
4439,9444000,199509000,286000
4440,10112000,200668000,278000
4441,10164000,200052000,282000
4442,9762000,199598000,274000
4443,9769000,200006000,286000
4444,9805000,200036000,278000
4445,9786000,199982000,294000
4446,9809000,200023000,274000
4447,9739000,199929000,294000
4448,9757000,200019000,278000
4449,9760000,200003000,294000
4450,9579000,199819000,270000
4451,9786000,200206000,290000
4452,10152000,200366000,282000
4453,9968000,199817000,282000
4454,9897000,199929000,274000
4455,10117000,200220000,282000
4456,10121000,200004000,278000
4457,9939000,199818000,290000
4458,9857000,199918000,274000
4459,9606000,199749000,282000
4460,10164000,200558000,282000
4461,10256000,200100000,282000
4462,10467000,200202000,266000
4463,10064000,199598000,286000
4464,9934000,199870000,282000
4465,9873000,199939000,290000
4466,9885000,200012000,278000
4467,10099000,200214000,290000
4468,10112000,200013000,282000
4469,10262000,200150000,282000
4470,10213000,199951000,270000
4471,9939000,199726000,290000
4472,9608000,199669000,270000
4473,9815000,200207000,274000
4474,9939000,200124000,262000
4475,10121000,200182000,286000
4476,9860000,199738000,278000
4477,10068000,200209000,294000
4478,10023000,199954000,282000
4479,9472000,199449000,278000
4480,9617000,200146000,282000
4481,9562000,199945000,274000
4482,9648000,200086000,274000
4483,9715000,200066000,290000
4484,9734000,200019000,266000
4485,9520000,199787000,286000
4486,9743000,200223000,274000
4487,9686000,199943000,294000
4488,9565000,199879000,286000
4489,9510000,199945000,282000
4490,9662000,200152000,278000
4491,9745000,200083000,294000
4492,9544000,199799000,274000
4493,9819000,200275000,290000
4494,9830000,200011000,282000
4495,10078000,200248000,286000
4496,9923000,199844000,278000
4497,9877000,199955000,294000
4498,9959000,200082000,274000
4499,9467000,199508000,294000
4500,10045000,200577000,282000
4501,9981000,199937000,286000
4502,9778000,199796000,286000
4503,9788000,200011000,286000
4504,9893000,200105000,274000
4505,9814000,199920000,290000
4506,9837000,200023000,274000
4507,9835000,199999000,290000
4508,9947000,200112000,274000
4509,9873000,199917000,282000
4510,9881000,200016000,270000
4511,9809000,199929000,286000
4512,9996000,200187000,266000
4513,9834000,199838000,278000
4514,9772000,199938000,286000
4515,9926000,200154000,286000
4516,10148000,200221000,282000
4517,9597000,199449000,290000
4518,9815000,200219000,282000
4519,9822000,200007000,286000
4520,9985000,200163000,274000
4521,10006000,200021000,286000
4522,9797000,199791000,278000
4523,9808000,200010000,286000
4524,9530000,199723000,270000
4525,9566000,200035000,278000
4526,9642000,200077000,270000
4527,9500000,199858000,294000
4528,9507000,200007000,278000
4529,9461000,199954000,278000
4530,9606000,200145000,262000
4531,9681000,200075000,290000
4532,9624000,199942000,286000
4533,9495000,199872000,282000
4534,9429000,199934000,278000
4535,9662000,200233000,286000
4536,9744000,200082000,282000
4537,9739000,199995000,294000
4538,9771000,200031000,270000
4539,9830000,200060000,286000
4540,10004000,200174000,278000
4541,9851000,199847000,290000
4542,10023000,200171000,274000
4543,9952000,199930000,290000
4544,9906000,199954000,266000
4545,9829000,199923000,286000
4546,9497000,199668000,274000
4547,9648000,200151000,286000
4548,9666000,200018000,282000
4549,9518000,199852000,290000
4550,9467000,199949000,286000
4551,9554000,200087000,286000
4552,9565000,200011000,274000
4553,9648000,200083000,290000
4554,9780000,200140000,278000
4555,10031000,200242000,290000
4556,10023000,199992000,282000
4557,9824000,199802000,286000
4558,9835000,200011000,266000
4559,9789000,199954000,290000
4560,9506000,199716000,278000
4561,9657000,200152000,282000
4562,9597000,199939000,270000
4563,9539000,199943000,286000
4564,9626000,200087000,274000
4565,9633000,200007000,286000
4566,9509000,199876000,278000
4567,9516000,200006000,282000
4568,9466000,199951000,282000
4569,9393000,199926000,286000
4570,9558000,200166000,274000
4571,9485000,199927000,286000
4572,9590000,200105000,274000
4573,9430000,199840000,290000
4574,9604000,200174000,274000
4575,9598000,199994000,286000
4576,9487000,199889000,270000
4577,9616000,200129000,290000
4578,9769000,200153000,278000
4579,9433000,199664000,286000
4580,9791000,200358000,278000
4581,9728000,199937000,274000
4582,9743000,200015000,270000
4583,9750000,200007000,294000
4584,9710000,199960000,270000
4585,9511000,199801000,290000
4586,9439000,199928000,278000
4587,9604000,200165000,282000
4588,9465000,199861000,270000
4589,9484000,200019000,282000
4590,9614000,200138000,282000
4591,9444000,199821000,278000
4592,9500000,200057000,282000
4593,9396000,199895000,270000
4594,9334000,199938000,286000
4595,9606000,200272000,290000
4596,9422000,199817000,278000
4597,9569000,200146000,286000
4598,9426000,199858000,282000
4599,9306000,199880000,294000
4600,9456000,200149000,282000
4601,9458000,200003000,290000
4602,9354000,199896000,274000
4603,9424000,200070000,282000
4604,9438000,200013000,282000
4605,9440000,200003000,278000
4606,9468000,200028000,262000
4607,9458000,199989000,286000
4608,9477000,200019000,286000
4609,9277000,199801000,290000
4610,9435000,200158000,282000
4611,9360000,199924000,294000
4612,9443000,200083000,286000
4613,9381000,199939000,290000
4614,9397000,200015000,286000
4615,9613000,200217000,290000
4616,9421000,199808000,278000
4617,9500000,200079000,286000
4618,9434000,199934000,282000
4619,9056000,199621000,290000
4620,9396000,200341000,282000
4621,9411000,200015000,278000
4622,9346000,199935000,282000
4623,9441000,200094000,282000
4624,9365000,199925000,286000
4625,9448000,200083000,290000
4626,9459000,200011000,278000
4627,9411000,199952000,286000
4628,9553000,200142000,270000
4629,9633000,200079000,294000
4630,9710000,200078000,282000
4631,9717000,200007000,290000
4632,9797000,200080000,274000
4633,9667000,199869000,290000
4634,9902000,200236000,282000
4635,9968000,200066000,282000
4636,9788000,199820000,282000
4637,9923000,200134000,286000
4638,9739000,199817000,274000
4639,9943000,200204000,290000
4640,9831000,199888000,286000
4641,9910000,200079000,278000
4642,9915000,200004000,286000
4643,9704000,199790000,294000
4644,9858000,200153000,262000
4645,9722000,199864000,290000
4646,9673000,199952000,282000
4647,9608000,199935000,294000
4648,9357000,199749000,278000
4649,9789000,200432000,286000
4650,9652000,199862000,286000
4651,9737000,200085000,286000
4652,9667000,199931000,274000
4653,9697000,200030000,282000
4654,9345000,199648000,278000
4655,9502000,200157000,282000
4656,9647000,200145000,278000
4657,9952000,200305000,290000
4658,9735000,199783000,282000
4659,9675000,199940000,294000
4660,9692000,200016000,278000
4661,9634000,199943000,282000
4662,9640000,200006000,282000
4663,9651000,200011000,294000
4664,9657000,200006000,278000
4665,9661000,200004000,290000
4666,9831000,200169000,282000
4667,9620000,199790000,290000
4668,9652000,200032000,278000
4669,9655000,200003000,274000
4670,9678000,200023000,278000
4671,9595000,199917000,286000
4672,9686000,200090000,282000
4673,9683000,199998000,290000
4674,9714000,200030000,274000
4675,9644000,199931000,290000
4676,9663000,200018000,266000
4677,9720000,200058000,286000
4678,9671000,199951000,278000
4679,9815000,200144000,282000
4680,9566000,199751000,278000
4681,9644000,200078000,286000
4682,9786000,200142000,270000
4683,9736000,199950000,290000
4684,9812000,200075000,278000
4685,9818000,200007000,274000
4686,9688000,199870000,278000
4687,9649000,199961000,282000
4688,9644000,199995000,282000
4689,9662000,200018000,294000
4690,9730000,200068000,278000
4691,9602000,199871000,290000
4692,9609000,200007000,278000
4693,9624000,200016000,278000
4694,9495000,199871000,282000
4695,9663000,200168000,278000
4696,9674000,200010000,274000
4697,9331000,199658000,286000
4698,9481000,200150000,258000
4699,9694000,200212000,286000
4700,9721000,200027000,282000
4701,9577000,199857000,294000
4702,9597000,200020000,278000
4703,9519000,199922000,286000
4704,9567000,200048000,274000
4705,9562000,199995000,282000
4706,9708000,200146000,282000
4707,10531000,200831000,290000
4708,9785000,199246000,274000
4709,9597000,199812000,282000
4710,9529000,199932000,274000
4711,9546000,200016000,286000
4712,9566000,200020000,270000
4713,9717000,200152000,278000
4714,9094000,199377000,278000
4715,9530000,200436000,278000
4716,9602000,200072000,274000
4717,9826000,200224000,278000
4718,9832000,200006000,278000
4719,9429000,199597000,286000
4720,9577000,200148000,270000
4721,9603000,200026000,282000
4722,9794000,200191000,270000
4723,9608000,199814000,286000
4724,9742000,200134000,278000
4725,9562000,199820000,290000
4726,9567000,200005000,282000
4727,9578000,200010000,290000
4728,9597000,200020000,274000
4729,9257000,199660000,278000
4730,9570000,200313000,274000
4731,9558000,199988000,282000
4732,9706000,200148000,270000
4733,10681000,200975000,294000
4734,10648000,199967000,274000
4735,9518000,198869000,294000
4736,9201000,199684000,278000
4737,9131000,199930000,290000
4738,9241000,200109000,278000
4739,9226000,199986000,290000
4740,9437000,200211000,282000
4741,9103000,199666000,290000
4742,9258000,200155000,286000
4743,9199000,199941000,290000
4744,9208000,200009000,286000
4745,9420000,200211000,286000
4746,9164000,199745000,282000
4747,9180000,200016000,286000
4748,9180000,200000000,282000
4749,9408000,200228000,290000
4750,9626000,200218000,274000
4751,10559000,200932000,286000
4752,9575000,199017000,282000
4753,9598000,200023000,282000
4754,9600000,200002000,278000
4755,9555000,199954000,290000
4756,9467000,199913000,286000
4757,10445000,200978000,290000
4758,10332000,199887000,282000
4759,10202000,199870000,290000
4760,9449000,199247000,278000
4761,9456000,200006000,286000
4762,10515000,201060000,278000
4763,9277000,198762000,282000
4764,10422000,201145000,274000
4765,10744000,200322000,294000
4766,10489000,199745000,278000
4767,10701000,200212000,290000
4768,10181000,199479000,278000
4769,10168000,199988000,290000
4770,10467000,200299000,274000
4771,9429000,198961000,274000
4772,10135000,200707000,278000
4773,9591000,199456000,286000
4774,10441000,200850000,266000
4775,10247000,199806000,274000
4776,10669000,200421000,278000
4777,10189000,199520000,286000
4778,10202000,200014000,282000
4779,10282000,200080000,282000
4780,10490000,200207000,286000
4781,10256000,199767000,286000
4782,10446000,200190000,282000
4783,10460000,200014000,294000
4784,10467000,200007000,278000
4785,10427000,199960000,282000
4786,10421000,199993000,278000
4787,10512000,200091000,282000
4788,10446000,199934000,282000
4789,10460000,200014000,282000
4790,10197000,199737000,278000
4791,10068000,199872000,282000
4792,10349000,200281000,282000
4793,10495000,200146000,286000
4794,9977000,199482000,282000
4795,10595000,200617000,286000
4796,10605000,200011000,282000
4797,10469000,199864000,286000
4798,10493000,200024000,278000
4799,10148000,199654000,290000
4800,10509000,200362000,274000
4801,10443000,199934000,290000
4802,10475000,200031000,282000
4803,10261000,199786000,286000
4804,10143000,199883000,270000
4805,10351000,200207000,286000
4806,10364000,200013000,274000
4807,10019000,199655000,290000
4808,10112000,200094000,274000
4809,10252000,200140000,286000
4810,10420000,200167000,274000
4811,10418000,199999000,274000
4812,10084000,199666000,274000
4813,10095000,200011000,282000
4814,10730000,200635000,278000
4815,10056000,199325000,290000
4816,9985000,199930000,274000
4817,10559000,200573000,294000
4818,10083000,199525000,278000
4819,10446000,200363000,290000
4820,10168000,199722000,282000
4821,10117000,199949000,275000
4822,10600000,200483000,286000
4823,10416000,199815000,278000
4824,10562000,200147000,286000
4825,10015000,199452000,274000
4826,10667000,200652000,278000
4827,9968000,199302000,282000
4828,10415000,200447000,278000
4829,10538000,200122000,282000
4830,10152000,199614000,278000
4831,10636000,200485000,282000
4832,10600000,199964000,278000
4833,10370000,199769000,290000
4834,10460000,200091000,282000
4835,10391000,199931000,286000
4836,10420000,200029000,278000
4837,10481000,200060000,294000
4838,10495000,200015000,286000
4839,10502000,200007000,290000
4840,10517000,200015000,278000
4841,10462000,199945000,282000
4842,10126000,199664000,282000
4843,10420000,200294000,286000
4844,10354000,199933000,286000
4845,10381000,200028000,286000
4846,10658000,200277000,278000
4847,10531000,199873000,286000
4848,10398000,199866000,282000
4849,10627000,200230000,294000
4850,9943000,199316000,282000
4851,10439000,200496000,286000
4852,10590000,200151000,278000
4853,10609000,200019000,278000
4854,10396000,199787000,282000
4855,10265000,199869000,286000
4856,10421000,200156000,278000
4857,10492000,200071000,286000
4858,10366000,199873000,278000
4859,10590000,200225000,286000
4860,10263000,199673000,282000
4861,10193000,199929000,282000
4862,10569000,200377000,278000
4863,9943000,199374000,282000
4864,10506000,200563000,282000
4865,10591000,200084000,286000
4866,10542000,199951000,282000
4867,10045000,199504000,286000
4868,10281000,200236000,282000
4869,10356000,200074000,286000
4870,10498000,200142000,282000
4871,10231000,199734000,286000
4872,10446000,200215000,282000
4873,9973000,199527000,290000
4874,10056000,200082000,282000
4875,10083000,200028000,286000
4876,10224000,200141000,278000
4877,10235000,200010000,290000
4878,10103000,199869000,282000
4879,10193000,200089000,286000
4880,10049000,199857000,278000
4881,9930000,199881000,286000
4882,10215000,200285000,286000
4883,10099000,199884000,290000
4884,9956000,199856000,270000
4885,10035000,200080000,278000
4886,10258000,200223000,282000
4887,10126000,199868000,286000
4888,10072000,199946000,270000
4889,10006000,199934000,290000
4890,10160000,200154000,274000
4891,10103000,199943000,286000
4892,10201000,200097000,278000
4893,9985000,199785000,290000
4894,10216000,200231000,282000
4895,10005000,199788000,294000
4896,10245000,200240000,286000
4897,10168000,199924000,286000
4898,9981000,199813000,274000
4899,10397000,200416000,286000
4900,10555000,200157000,282000
4901,10559000,200005000,286000
4902,10355000,199796000,286000
4903,10434000,200078000,286000
4904,10518000,200085000,282000
4905,10517000,199999000,286000
4906,10462000,199945000,282000
4907,10211000,199749000,290000
4908,10364000,200153000,278000
4909,10511000,200147000,290000
4910,10509000,199998000,274000
4911,10595000,200086000,294000
4912,10189000,199593000,286000
4913,9939000,199751000,286000
4914,9939000,200000000,282000
4915,10156000,200216000,294000
4916,10031000,199875000,286000
4917,10035000,200005000,290000
4918,9977000,199942000,286000
4919,10200000,200222000,282000
4920,10143000,199944000,282000
4921,10216000,200073000,290000
4922,10164000,199948000,278000
4923,9890000,199725000,290000
4924,10055000,200166000,282000
4925,10121000,200066000,290000
4926,10087000,199965000,282000
4927,10002000,199916000,286000
4928,10023000,200020000,278000
4929,10160000,200138000,290000
4930,10197000,200036000,278000
4931,9915000,199718000,286000
4932,10135000,200221000,274000
4933,9999000,199863000,278000
4934,10015000,200016000,270000
4935,9881000,199867000,286000
4936,10035000,200153000,278000
4937,10184000,200150000,282000
4938,9991000,199807000,282000
4939,10015000,200023000,282000
4940,9943000,199929000,274000
4941,9881000,199937000,294000
4942,10027000,200146000,282000
4943,9919000,199892000,290000
4944,9840000,199921000,282000
4945,10139000,200300000,286000
4946,10006000,199867000,274000
4947,9963000,199957000,278000
4948,10160000,200197000,282000
4949,10091000,199939000,290000
4950,10177000,200077000,282000
4951,10121000,199945000,290000
4952,10143000,200022000,270000
4953,10006000,199863000,286000
4954,9805000,199799000,282000
4955,10172000,200367000,286000
4956,9994000,199822000,282000
4957,10117000,200123000,294000
4958,10002000,199885000,286000
4959,10139000,200137000,294000
4960,10099000,199960000,282000
4961,10089000,199990000,278000
4962,10117000,200028000,270000
4963,10126000,200009000,274000
4964,10481000,200355000,266000
4965,10270000,199788000,286000
4966,10498000,200228000,274000
4967,10435000,199938000,278000
4968,10327000,199891000,274000
4969,10453000,200126000,290000
4970,10131000,199679000,278000
4971,10073000,199942000,282000
4972,10076000,200003000,278000
4973,9959000,199883000,282000
4974,9963000,200004000,266000
4975,9973000,200010000,290000
4976,10117000,200144000,278000
4977,10082000,199965000,286000
4978,9787000,199704000,282000
4979,9952000,200166000,286000
4980,9596000,199644000,278000
4981,10117000,200521000,278000
4982,10049000,199932000,282000
4983,9848000,199799000,278000
4984,10135000,200286000,282000
4985,9858000,199724000,290000
4986,10089000,200231000,286000
4987,10095000,200006000,290000
4988,9985000,199890000,270000
4989,10189000,200203000,294000
4990,10148000,199959000,278000
4991,10060000,199913000,286000
4992,9811000,199751000,282000
4993,10366000,200555000,290000
4994,9842000,199475000,282000
4995,10184000,200343000,290000
4996,10348000,200163000,282000
4997,10341000,199994000,274000
4998,9795000,199453000,270000
4999,10156000,200361000,286000
5000,10373000,200218000,286000
5001,10447000,200074000,286000
5002,10394000,199947000,278000
5003,10269000,199875000,278000
5004,10357000,200087000,278000
5005,10365000,200009000,290000
5006,10236000,199871000,282000
5007,10264000,200027000,290000
5008,10262000,199998000,282000
5009,10418000,200157000,286000
5010,10282000,199864000,278000
5011,10095000,199813000,290000
5012,10360000,200264000,270000
5013,10243000,199883000,286000
5014,10180000,199938000,270000
5015,10392000,200212000,294000
5016,10419000,200027000,274000
5017,10354000,199935000,286000
5018,10235000,199880000,270000
5019,10369000,200135000,282000
5020,10193000,199823000,278000
5021,10391000,200199000,286000
5022,9857000,199466000,282000
5023,10203000,200346000,290000
5024,10239000,200036000,282000
5025,10361000,200122000,286000
5026,10392000,200030000,270000
5027,10383000,199991000,282000
5028,10220000,199837000,274000
5029,9717000,199497000,286000
5030,9732000,200015000,274000
5031,10019000,200288000,282000
5032,10375000,200356000,278000
5033,10246000,199870000,290000
5034,10189000,199943000,282000
5035,10471000,200283000,290000
5036,9789000,199317000,282000
5037,10306000,200517000,286000
