seq,latency_m2m_ns,callback_jitter,publish_jitter
347,31553000,20948000,10178000
348,33246000,22700000,11888000
349,33485000,21230000,10108000
350,31577000,21102000,10212000
351,32576000,21991000,10198000
352,32651000,22083000,10286000
353,32592000,21934000,10213000
354,32785000,22200000,10425000
355,32589000,21796000,10200000
356,32643000,22070000,10284000
357,34388000,23730000,12014000
358,34589000,22208000,10216000
359,32730000,22140000,10355000
360,32589000,21860000,10218000
361,32666000,22075000,10293000
362,32589000,21925000,10226000
363,32523000,21924000,10146000
364,32672000,22159000,10305000
365,32597000,21917000,10222000
366,34324000,23727000,11956000
367,33713000,21389000,10334000
368,32627000,21922000,10254000
369,32630000,22004000,10259000
370,32627000,21996000,10262000
371,32704000,22070000,10328000
372,32769000,22072000,10413000
373,32766000,21990000,10396000
374,32695000,21936000,10331000
375,34428000,23725000,12057000
376,34705000,22285000,10336000
377,32781000,22076000,10418000
378,32705000,21924000,10338000
379,32707000,22000000,10335000
380,32705000,22000000,10342000
381,32713000,22000000,10335000
382,32701000,21996000,10342000
383,32721000,22012000,10344000
384,34439000,23726000,12083000
385,34729000,22282000,10355000
386,32581000,21860000,10223000
387,32791000,22200000,10418000
388,32709000,21928000,10349000
389,32588000,21872000,10211000
390,32581000,22000000,10218000
391,32722000,22132000,10346000
392,32705000,21992000,10347000
393,34396000,23681000,12023000
394,34660000,22274000,10292000
395,32656000,21996000,10288000
396,32734000,22078000,10372000
397,32734000,21991000,10364000
398,32667000,21935000,10298000
399,32668000,22000000,10291000
400,32794000,22134000,10438000
401,32671000,21870000,10287000
402,34458000,23801000,12109000
403,34690000,22216000,10311000
404,32681000,22000000,10321000
405,32693000,22001000,10311000
406,32746000,22064000,10383000
407,32754000,22000000,10376000
408,32602000,21856000,10235000
409,32604000,22000000,10232000
410,32738000,22135000,10378000
411,34484000,23738000,12112000
412,34623000,22148000,10252000
413,32689000,22066000,10324000
414,32697000,21999000,10324000
415,32700000,22004000,10321000
416,32692000,22000000,10328000
417,32696000,21996000,10317000
418,32894000,22206000,10538000
419,32703000,21801000,10316000
420,34417000,23730000,12069000
421,34704000,22271000,10332000
422,32708000,22005000,10339000
423,32631000,21922000,10255000
424,32695000,22072000,10331000
425,32776000,22074000,10406000
426,32697000,21928000,10326000
427,32623000,21926000,10255000
428,32686000,22063000,10322000
429,34423000,23729000,12059000
430,34717000,22294000,10340000
431,32709000,22000000,10339000
432,32709000,22000000,10346000
433,32647000,21930000,10269000
434,32639000,22000000,10279000
435,32719000,22070000,10342000
436,32701000,21992000,10341000
437,32789000,22080000,10418000
438,34443000,23661000,12086000
439,34722000,22271000,10346000
440,32714000,22000000,10353000
441,32722000,22000000,10346000
442,32853000,22140000,10493000
443,32717000,21856000,10341000
444,32714000,22004000,10355000
445,32719000,21996000,10341000
446,32790000,22081000,10430000
447,34527000,23728000,12158000
448,34680000,22154000,10299000
449,32742000,22069000,10369000
450,32933000,22192000,10573000
451,32749000,21808000,10367000
452,32589000,21848000,10224000
453,32610000,22013000,10229000
454,32664000,22062000,10297000
455,32668000,21996000,10286000
456,34602000,23942000,12235000
457,34754000,22144000,10372000
458,32676000,21930000,10312000
459,32674000,21988000,10293000
460,32741000,22074000,10374000
461,32679000,21934000,10301000
462,32734000,22062000,10370000
463,32668000,21926000,10292000
464,32663000,22000000,10296000
465,32749000,22082000,10370000
466,32598000,21855000,10223000
467,32598000,22000000,10223000
468,32598000,22000000,10237000
469,32604000,21996000,10223000
470,32594000,22000000,10229000
471,32609000,22009000,10234000
472,32596000,21987000,10225000
473,32601000,22004000,10226000
474,32585000,21992000,10225000
475,32596000,22004000,10221000
476,32594000,22004000,10232000
477,32597000,21996000,10221000
478,32585000,21996000,10224000
479,32592000,22000000,10217000
480,32589000,22004000,10227000
481,32675000,22079000,10297000
482,32585000,21917000,10223000
483,32518000,21924000,10146000
484,31476000,20967000,10113000
485,32537000,22061000,10177000
486,32691000,22151000,10324000
487,32691000,21996000,10313000
488,32684000,22000000,10319000
489,32625000,21934000,10251000
490,32627000,22009000,10267000
491,31502000,20868000,10132000
492,31594000,21098000,10236000
493,34702000,24099000,11041000
494,33412000,21998000,10326000
495,32702000,22004000,10323000
496,32614000,21920000,10253000
497,32701000,22079000,10322000
498,32627000,21934000,10264000
499,32698000,22063000,10318000
500,32614000,21924000,10251000
501,32696000,22075000,10318000
502,34686000,23996000,11049000
503,33357000,21938000,10253000
504,32635000,22012000,10271000
505,32638000,21996000,10260000
506,32627000,21996000,10263000
507,32700000,22066000,10321000
508,32623000,21930000,10263000
509,32709000,22078000,10334000
510,32692000,21991000,10328000
511,35821000,25122000,11173000
512,33415000,21875000,10317000
513,32627000,21934000,10251000
514,32948000,22329000,10584000
515,32688000,21735000,10308000
516,32679000,21995000,10319000
517,32622000,21928000,10242000
518,32690000,22076000,10322000
519,32693000,21996000,10311000
520,35870000,25183000,11217000
521,33597000,22012000,10511000
522,32660000,21783000,10290000
523,32734000,22070000,10356000
524,32660000,21934000,10297000
525,32660000,21992000,10286000
526,32726000,22069000,10362000
527,32672000,21939000,10297000
528,32659000,21992000,10292000
529,34680000,24016000,11039000
530,33409000,22000000,10308000
531,32683000,22004000,10309000
532,32672000,21996000,10312000
533,32675000,21996000,10301000
534,32685000,22017000,10321000
535,32679000,21987000,10305000
536,32672000,22000000,10311000
537,32758000,22078000,10378000
538,34606000,23856000,10961000
539,33418000,22082000,10313000
540,32688000,22000000,10319000
541,32613000,21918000,10235000
542,32680000,22074000,10315000
543,32626000,21938000,10246000
544,32610000,21992000,10245000
545,32697000,22080000,10315000
546,32610000,21920000,10245000
547,34630000,24012000,10988000
548,33443000,22083000,10338000
549,32639000,21926000,10258000
550,32627000,21996000,10260000
551,32709000,22074000,10327000
552,32627000,21926000,10260000
553,32712000,22078000,10334000
554,32841000,22136000,10481000
555,32778000,21929000,10403000
556,34705000,23935000,11057000
557,33361000,21930000,10261000
558,32639000,22004000,10272000
559,32791000,22143000,10416000
560,32701000,21919000,10337000
561,32713000,22004000,10333000
562,32713000,22008000,10348000
563,32717000,21996000,10337000
564,32700000,21991000,10332000
565,35621000,24914000,11949000
566,34461000,22141000,10399000
567,32696000,21933000,10317000
568,32610000,21922000,10249000
569,32703000,22085000,10324000
570,32828000,22133000,10468000
571,32705000,21869000,10327000
572,32697000,22000000,10334000
573,32709000,22004000,10331000
574,33668000,22967000,10298000
575,33113000,22444000,10748000
576,33627000,22515000,10275000
577,32644000,22008000,10272000
578,33092000,22449000,10723000
579,34045000,22958000,10691000
580,34244000,23192000,10875000
581,34220000,22980000,10863000
582,34178000,22955000,10810000
583,32059000,20885000,10379000
584,33896000,23157000,10852000
585,33623000,22407000,10266000
586,32792000,22164000,10422000
587,32783000,21992000,10407000
588,32697000,21922000,10328000
589,32709000,22005000,10329000
590,32773000,22072000,10413000
591,33084000,22304000,10709000
592,34196000,23119000,10841000
593,34252000,23047000,10880000
594,34141000,22892000,10780000
595,33581000,22437000,10211000
596,33082000,22505000,10720000
597,34210000,23125000,10851000
598,34120000,22909000,10752000
599,33701000,22585000,10342000
600,34372000,23667000,12007000
601,35112000,22742000,10744000
602,34208000,23099000,10854000
603,34217000,23003000,10849000
604,33770000,22558000,10419000
605,33094000,22319000,10728000
606,34143000,23051000,10784000
607,33652000,22508000,10284000
608,33111000,22462000,10744000
609,34156000,23043000,10793000
610,34343000,23186000,10971000
611,34161000,22822000,10797000
612,33816000,22654000,10448000
613,33216000,22405000,10854000
614,33642000,22420000,10279000
615,33029000,22385000,10658000
616,33753000,22726000,10389000
617,32689000,21934000,10314000
618,32693000,22005000,10314000
619,33202000,22514000,10838000
620,33654000,22448000,10291000
621,32730000,22074000,10354000
622,32668000,21939000,10277000
623,32647000,21995000,10289000
624,32655000,21992000,10273000
625,32655000,22008000,10288000
626,32592000,21930000,10211000
627,32718000,22132000,10357000
628,32730000,22004000,10354000
629,32639000,21918000,10275000
630,32651000,22004000,10276000
631,32709000,22066000,10348000
632,32654000,21938000,10280000
633,32643000,21996000,10282000
634,32654000,22004000,10279000
635,32643000,21996000,10282000
636,32650000,22000000,10275000
637,32643000,22000000,10281000
638,32654000,22004000,10278000
639,32643000,21996000,10285000
640,32649000,21996000,10270000
641,32718000,22078000,10350000
642,32729000,22004000,10347000
643,32639000,21918000,10267000
644,32649000,22008000,10273000
645,34376000,23728000,12016000
646,34667000,22285000,10285000
647,32651000,21991000,10284000
648,32737000,22079000,10359000
649,32585000,21855000,10210000
650,32655000,22070000,10281000
651,32655000,22000000,10291000
652,32654000,21992000,10276000
653,32655000,22008000,10291000
654,34327000,23664000,11952000
655,34660000,22341000,10288000
656,32598000,21937000,10227000
657,32672000,22075000,10307000
658,32684000,22004000,10304000
659,32589000,21913000,10225000
660,32605000,22008000,10226000
661,32668000,22071000,10302000
662,32606000,21929000,10225000
663,34334000,23737000,11974000
664,34609000,22268000,10233000
665,32683000,22078000,10314000
666,32617000,21930000,10229000
667,32660000,22058000,10301000
668,32622000,21946000,10241000
669,32598000,21983000,10232000
670,32618000,22013000,10236000
671,32676000,22066000,10312000
672,34356000,23672000,11981000
673,34627000,22279000,10252000
674,32832000,22205000,10465000
675,32622000,21790000,10250000
676,32625000,22001000,10255000
677,32684000,22061000,10320000
678,32622000,21930000,10247000
679,32614000,22000000,10250000
680,32643000,22021000,10267000
681,34356000,23720000,12000000
682,34634000,22272000,10259000
683,32627000,22000000,10267000
684,32630000,21996000,10255000
685,32623000,22000000,10261000
686,32709000,22078000,10332000
687,32614000,21913000,10253000
688,32631000,22009000,10254000
689,32623000,22000000,10261000
690,34435000,23804000,12065000
691,34639000,22212000,10262000
692,32777000,22146000,10418000
693,32647000,21862000,10284000
694,32655000,22000000,10277000
695,32639000,21992000,10276000
696,32647000,22000000,10269000
697,32651000,22012000,10288000
698,32853000,22194000,10478000
699,34380000,23534000,12023000
700,34597000,22210000,10219000
701,32647000,22058000,10283000
702,32663000,22009000,10285000
703,32651000,21995000,10291000
704,32668000,22009000,10292000
705,32647000,21987000,10287000
706,32801000,22147000,10431000
707,32577000,21783000,10209000
708,34319000,23742000,11956000
709,34664000,22345000,10295000
710,32676000,22012000,10303000
711,32655000,21979000,10290000
712,32609000,21947000,10229000
713,32664000,22062000,10298000
714,32683000,22012000,10302000
715,32594000,21917000,10228000
716,32602000,22000000,10221000
717,34399000,23805000,12038000
718,34688000,22282000,10309000
719,32671000,21988000,10301000
720,32684000,22008000,10302000
721,32680000,22004000,10314000
722,32684000,21996000,10305000
723,32598000,21921000,10231000
724,32680000,22075000,10301000
725,32664000,21992000,10300000
726,34349000,23677000,11974000
727,34680000,22339000,10309000
728,32627000,21946000,10251000
729,32618000,21992000,10250000
730,32703000,22078000,10320000
731,32610000,21914000,10246000
732,32700000,22081000,10316000
733,32687000,21996000,10319000
734,32695000,22000000,10312000
735,34349000,23661000,11989000
736,35164000,22809000,10789000
737,34327000,23169000,10971000
738,34755000,23420000,10382000
739,32751000,22000000,10380000
740,33210000,22457000,10842000
741,33725000,22514000,10361000
742,32656000,21930000,10281000
743,32734000,22078000,10360000
744,33117000,22384000,10740000
745,34068000,22958000,10712000
746,33743000,22666000,10369000
747,32656000,21918000,10288000
748,33127000,22465000,10748000
749,33698000,22582000,10340000
750,32636000,21929000,10260000
751,33156000,22521000,10780000
752,33730000,22582000,10380000
753,32681000,21942000,10309000
754,33127000,22447000,10755000
755,34082000,22963000,10731000
756,34080000,22989000,10712000
757,34175000,23099000,10819000
758,34149000,22970000,10781000
759,34219000,23074000,10859000
760,33498000,22275000,10131000
761,31534000,21040000,10169000
762,31487000,20951000,10120000
763,31451000,20962000,10083000
764,31563000,21114000,10192000
765,31429000,20866000,10062000
766,32519000,22089000,10144000
767,31523000,21012000,10166000
768,31574000,21041000,10192000
769,31531000,20967000,10171000
770,31492000,20954000,10118000
771,33234000,22749000,11874000
772,32534000,20291000,10158000
773,31533000,21008000,10173000
774,31499000,20958000,10125000
775,30541000,20050000,9863000
776,30151000,19925000,9784000
777,31168000,21020000,10130000
778,31538000,21044000,10167000
779,32518000,21988000,10162000
780,31571000,21046000,10195000
781,30464000,19900000,9775000
782,31106000,20967000,10068000
783,31525000,21094000,10169000
784,31491000,20958000,10120000
785,31513000,21029000,10156000
786,31479000,20959000,10108000
787,31487000,21016000,10131000
788,31466000,20970000,10094000
789,31478000,21020000,10121000
790,31449000,20964000,10078000
791,31461000,21020000,10098000
792,31497000,21036000,10134000
793,31525000,21028000,10169000
794,31491000,20959000,10121000
795,31508000,21024000,10152000
796,31474000,20959000,10111000
797,31495000,21020000,10131000
798,31534000,21040000,10164000
799,31482000,20955000,10126000
800,30481000,19991000,9781000
801,31176000,21032000,10149000
802,32650000,22138000,10274000
803,31522000,20878000,10157000
804,31497000,20976000,10134000
805,30610000,20113000,9927000
806,31118000,20824000,10071000
807,31528000,21094000,10172000
808,33076000,22539000,10704000
809,33569000,22501000,10219000
810,32586000,22009000,10209000
811,32585000,22008000,10217000
812,32965000,22380000,10608000
813,33544000,22570000,10189000
814,33010000,22466000,10644000
815,34058000,23049000,10699000
816,33577000,22518000,10209000
817,33093000,22519000,10730000
818,35815000,24720000,12456000
819,34043000,21227000,10338000
820,33212000,22497000,10181000
821,32607000,22067000,10236000
822,32537000,21932000,10167000
823,33060000,22529000,10702000
824,34117000,23051000,10759000
825,34076000,22956000,10708000
826,33799000,22728000,10444000
827,34795000,23992000,12425000
828,35053000,22259000,10690000
829,34125000,23071000,10753000
830,33623000,22502000,10261000
831,32569000,21942000,10194000
832,32568000,22000000,10187000
833,32564000,22004000,10197000
834,32840000,22269000,10466000
835,32990000,22157000,10621000
836,34048000,23058000,10693000
837,34247000,23190000,10875000
838,34062000,22818000,10702000
839,34104000,23039000,10732000
840,34091000,22990000,10730000
841,34049000,22955000,10673000
842,34093000,23048000,10733000
843,34136000,23039000,10764000
844,34046000,22913000,10677000
845,34020000,22971000,10648000
846,33982000,22965000,10622000
847,34078000,23093000,10706000
848,34050000,22975000,10688000
849,34042000,22989000,10664000
850,33611000,22573000,10248000
851,32615000,22000000,10242000
852,32548000,21935000,10174000
853,32528000,21987000,10168000
854,31572000,21036000,10197000
855,32568000,22004000,10205000
856,32567000,21992000,10193000
857,32564000,22004000,10203000
858,32572000,22000000,10196000
859,32627000,22063000,10265000
860,32643000,22008000,10265000
861,32759000,22124000,10403000
862,32568000,21801000,10183000
863,34482000,23929000,10864000
864,33307000,22079000,10200000
865,32568000,22000000,10206000
866,32584000,22009000,10207000
867,32568000,21991000,10206000
868,32576000,22000000,10199000
869,32635000,22067000,10271000
870,32638000,21996000,10264000
871,32564000,21933000,10201000
872,34584000,24013000,10940000
873,33322000,22012000,10225000
874,32601000,22004000,10226000
875,32577000,21984000,10217000
876,32596000,22012000,10222000
877,32594000,22004000,10230000
878,32596000,21996000,10221000
879,32568000,21979000,10208000
880,32589000,22013000,10213000
881,34585000,24004000,10956000
882,33327000,22004000,10221000
883,32660000,22071000,10298000
884,32671000,22004000,10294000
885,32581000,21917000,10220000
886,32602000,22012000,10225000
887,32581000,21988000,10219000
888,32597000,22008000,10220000
889,32514000,21924000,10157000
890,34605000,24085000,10945000
891,33324000,22008000,10243000
892,32613000,22000000,10236000
893,32521000,21915000,10168000
894,32612000,22081000,10231000
895,32598000,21996000,10234000
896,32625000,22020000,10248000
897,32529000,21910000,10172000
898,32754000,22218000,10379000
899,34598000,23852000,10953000
900,32445000,21119000,10349000
901,32635000,21918000,10270000
902,32581000,21937000,10202000
903,30556000,19984000,9860000
904,32169000,21938000,10127000
905,31664000,21170000,10297000
906,31629000,20958000,10249000
907,32614000,21992000,10248000
908,31662000,21041000,10281000
909,32501000,21846000,10141000
910,32589000,22080000,10207000
911,31594000,21012000,10229000
912,32699000,22096000,10313000
913,31488000,20798000,10128000
914,30551000,20057000,9848000
915,32351000,22136000,10315000
916,32834000,22147000,10460000
917,34348000,23521000,11983000
918,33674000,21324000,10300000
919,32585000,21913000,10220000
920,32671000,22079000,10290000
921,32734000,22070000,10367000
922,32606000,21863000,10224000
923,32589000,21992000,10223000
924,32672000,22075000,10297000
925,32592000,21921000,10219000
926,34336000,23744000,11962000
927,34594000,22264000,10227000
928,32613000,22013000,10232000
929,32533000,21927000,10173000
930,32680000,22139000,10301000
931,32598000,21925000,10230000
932,32617000,22013000,10239000
933,32664000,22054000,10302000
934,32624000,21950000,10240000
935,34341000,23727000,11981000
936,34635000,22286000,10254000
937,32627000,22000000,10263000
938,32630000,21995000,10250000
939,32610000,21988000,10245000
940,32621000,22004000,10249000
941,32618000,21996000,10245000
942,32543000,21925000,10168000
943,32618000,22083000,10252000
944,34426000,23801000,12052000
945,34622000,22203000,10250000
946,32635000,22013000,10262000
947,32631000,21996000,10264000
948,32571000,21933000,10192000
949,32556000,21992000,10195000
950,32568000,22004000,10191000
951,32542000,21982000,10186000
952,32554000,22004000,10183000
953,32627000,22081000,10264000
954,32778000,22144000,10404000
955,32614000,21843000,10251000
956,32554000,21932000,10190000
957,32622000,22068000,10254000
958,32625000,22004000,10251000
959,32541000,21923000,10185000
960,32631000,22082000,10255000
961,32536000,21913000,10180000
962,32631000,22087000,10254000
963,31647000,21024000,10286000
964,32664000,22009000,10286000
965,32572000,21916000,10212000
966,32597000,22017000,10220000
967,32631000,22042000,10269000
968,32659000,22020000,10281000
969,32651000,22000000,10288000
970,32663000,22005000,10289000
971,32643000,21987000,10280000
972,32651000,22000000,10273000
973,32639000,21996000,10278000
974,32582000,21933000,10203000
975,32643000,22071000,10280000
976,32650000,22000000,10276000
977,32639000,21996000,10279000
978,32647000,22000000,10272000
979,32568000,21929000,10205000
980,32646000,22071000,10271000
981,33623000,22984000,10255000
982,32614000,21991000,10246000
983,32610000,21996000,10249000
984,32543000,21926000,10173000
985,32618000,22082000,10256000
986,32625000,22000000,10256000
987,32613000,21988000,10245000
988,32626000,22012000,10249000
989,32610000,21992000,10248000
990,34626000,24008000,10987000
991,33348000,21992000,10248000
992,32630000,22013000,10253000
993,32698000,22074000,10329000
994,32770000,22066000,10396000
995,32481000,21717000,10112000
996,32622000,22142000,10248000
997,32622000,22000000,10256000
998,32631000,22001000,10252000
999,34627000,24004000,10994000
1000,33460000,22094000,10361000
1001,32713000,21984000,10343000
1002,32716000,22004000,10340000
1003,32697000,21988000,10336000
1004,32713000,22008000,10335000
1005,32701000,21996000,10338000
1006,32712000,22004000,10335000
1007,32635000,21930000,10273000
1008,35684000,25041000,12034000
1009,34414000,22011000,10322000
1010,32766000,22072000,10395000
1011,32746000,21987000,10384000
1012,32698000,21944000,10318000
1013,32682000,21991000,10317000
1014,32697000,22009000,10318000
1015,32681000,21991000,10317000
1016,32692000,22004000,10313000
1017,34701000,24016000,10334000
1018,32701000,22000000,10333000
1019,32759000,22058000,10402000
1020,32704000,21938000,10329000
1021,32693000,21996000,10328000
1022,32721000,22020000,10346000
1023,33734000,23021000,11372000
1024,33752000,22007000,10369000
1025,32750000,22009000,10386000
1026,33870000,23111000,10494000
1027,32635000,21774000,10259000
1028,32722000,22086000,10352000
1029,32704000,21980000,10335000
1030,32720000,22012000,10340000
1031,32705000,21992000,10339000
1032,32797000,22085000,10422000
1033,32713000,21923000,10341000
1034,32724000,22008000,10347000
1035,35614000,24893000,11976000
1036,34361000,22013000,10253000
1037,32695000,22068000,10326000
1038,33151000,22449000,10775000
1039,35304000,24159000,11948000
1040,36188000,23876000,10807000
1041,33163000,21986000,10809000
1042,34158000,22984000,10785000
1043,34117000,22962000,10755000
1044,33128000,22008000,11430000
1045,35816000,24017000,10780000
1046,34118000,22973000,10745000
1047,34211000,23097000,10850000
1048,34136000,22921000,10763000
1049,34081000,22949000,10720000
1050,34212000,23127000,10839000
1051,35420000,24212000,12059000
1052,36232000,23807000,10859000
1053,34129000,22901000,10768000
1054,34247000,23115000,10874000
1055,34362000,23118000,11001000
1056,35245000,23880000,10872000
1057,34197000,22955000,10835000
1058,34166000,22966000,10793000
1059,34211000,23049000,10850000
1060,34245000,23030000,10872000
1061,34141000,22900000,10780000
1062,34249000,23104000,10876000
1063,34300000,23054000,10939000
1064,35257000,23954000,10884000
1065,34133000,22879000,10771000
1066,34205000,23069000,10832000
1067,35208000,24007000,10847000
1068,35373000,24161000,12000000
1069,38046000,25676000,12677000
1070,35743000,22693000,10369000
1071,33120000,22382000,10746000
1072,34112000,22996000,10755000
1073,34074000,22953000,10701000
1074,34188000,23118000,10826000
1075,34240000,23049000,10867000
1076,34120000,22884000,10759000
1077,35219000,24095000,11846000
1078,35174000,22959000,10813000
1079,35125000,23947000,11752000
1080,35318000,23197000,10957000
1081,34727000,23404000,10353000
1082,33828000,23106000,11463000
1083,32446000,20615000,10074000
1084,31676000,21238000,10314000
1085,32684000,22000000,10306000
1086,32676000,22000000,10314000
1087,33738000,23054000,10359000
1088,32718000,21988000,10357000
1089,32736000,22008000,10354000
1090,32718000,21991000,10357000
1091,32741000,22017000,10366000
1092,32721000,21983000,10357000
1093,32793000,22069000,10422000
1094,32722000,21935000,10360000
1095,32721000,21992000,10348000
1096,35693000,24976000,12035000
1097,34427000,22020000,10338000
1098,32771000,22062000,10415000
1099,32705000,21926000,10329000
1100,32697000,22000000,10336000
1101,32705000,22000000,10335000
1102,32776000,22072000,10412000
1103,32700000,21923000,10327000
1104,32699000,22000000,10327000
1105,34729000,24029000,10352000
1106,32705000,21984000,10346000
1107,32715000,22000000,10336000
1108,32705000,22000000,10342000
1109,32716000,22004000,10339000
1110,32701000,21992000,10339000
1111,32651000,21942000,10273000
1112,33890000,23247000,11529000
1113,34737000,22840000,11347000
1114,33639000,21917000,10273000
1115,32726000,22078000,10351000
1116,32722000,21996000,10354000
1117,32734000,22004000,10350000
1118,32722000,21996000,10358000
1119,32738000,22008000,10355000
1120,32718000,21988000,10353000
1121,32737000,22012000,10357000
1122,32858000,22128000,10498000
1123,35635000,24770000,11986000
1124,34435000,22074000,10332000
1125,32712000,22004000,10333000
1126,33811000,23105000,11449000
1127,33679000,21862000,10300000
1128,32668000,21996000,10303000
1129,32753000,22078000,10373000
1130,32672000,21926000,10307000
1131,32676000,21996000,10295000
1132,32750000,22082000,10376000
1133,32668000,21918000,10295000
1134,32750000,22082000,10383000
1135,32749000,21991000,10368000
1136,32742000,22001000,10376000
1137,32754000,22004000,10371000
1138,32672000,21926000,10305000
1139,32818000,22138000,10446000
1140,32734000,21924000,10370000
1141,36621000,25880000,11900000
1142,33307000,21037000,10288000
1143,33625000,22967000,11257000
1144,32589000,20963000,10218000
1145,31625000,21037000,10248000
1146,31639000,21021000,10275000
1147,31679000,21033000,10301000
1148,31623000,20951000,10258000
1149,31511000,20881000,10810000
1150,32276000,21102000,10245000
1151,31575000,20962000,10197000
1152,32569000,22000000,11208000
1153,33655000,22079000,11274000
1154,33499000,21851000,10138000
1155,32576000,22070000,10196000
1156,32569000,22000000,10203000
1157,31534000,20958000,10159000
1158,31560000,21034000,10194000
1159,34379000,23811000,12003000
1160,33602000,21231000,10219000
1161,31639000,21045000,10271000
1162,32560000,21913000,10193000
1163,32567000,22000000,10186000
1164,32560000,22000000,10194000
1165,32639000,22071000,10259000
1166,31598000,20966000,10896000
1167,33334000,22063000,10287000
1168,31618000,20958000,10252000
1169,31584000,20959000,10204000
1170,32507000,21929000,10146000
1171,32584000,22071000,10211000
1172,32588000,22004000,10217000
1173,32585000,21996000,10210000
1174,32579000,21995000,10206000
1175,31609000,21030000,10228000
1176,31556000,20954000,10192000
1177,32649000,22083000,10264000
1178,31589000,20950000,10215000
1179,31545000,20956000,10177000
1180,31577000,21031000,10208000
1181,31613000,21030000,10237000
1182,31567000,20954000,10196000
1183,31597000,21029000,10898000
1184,32299000,21029000,10252000
1185,31596000,20971000,10215000
1186,32784000,22195000,10423000
1187,31621000,20830000,10231000
1188,31635000,21029000,10275000
1189,32647000,21996000,10275000
1190,31606000,20958000,10229000
1191,31642000,21038000,10259000
1192,31581000,20946000,10213000
1193,31622000,21033000,10241000
1194,31572000,20958000,10207000
1195,31601000,21021000,10892000
1196,32219000,20954000,10189000
1197,31591000,21034000,10208000
1198,31614000,21033000,10247000
1199,31655000,21033000,10272000
1200,31610000,20963000,10908000
1201,32309000,21025000,10263000
1202,31589000,20954000,10222000
1203,31622000,21025000,10242000
1204,31572000,20958000,10207000
1205,32576000,21996000,11200000
1206,33564000,21996000,10204000
1207,32580000,22008000,10204000
1208,31598000,21026000,10235000
1209,31576000,20970000,10199000
1210,33746000,23178000,11380000
1211,32630000,20877000,10252000
1212,31581000,20958000,10219000
1213,31626000,21037000,10248000
1214,31635000,21017000,10275000
1215,34326000,23683000,11954000
1216,33623000,21305000,10252000
1217,31577000,20954000,10205000
1218,33742000,23165000,11382000
1219,32580000,20830000,10193000
1220,31598000,21034000,10244000
1221,31567000,20954000,10192000
1222,31585000,21025000,10891000
1223,32210000,20950000,10179000
1224,31651000,21108000,10280000
1225,33635000,22984000,10256000
1226,31647000,21020000,10284000
1227,32647000,21992000,10268000
1228,31602000,20963000,10238000
1229,31634000,21025000,10259000
1230,31585000,20958000,10899000
1231,32230000,20959000,10180000
1232,31569000,21024000,10208000
1233,31617000,21042000,10241000
1234,31631000,21021000,10269000
1235,31606000,20967000,10229000
1236,31623000,21025000,10259000
1237,31588000,20958000,10211000
1238,31602000,21021000,10239000
1239,31572000,20962000,10194000
1240,31594000,21029000,10232000
1241,31637000,21034000,10258000
1242,31500000,20873000,10143000
1243,31609000,21102000,10233000
1244,31560000,20958000,10192000
1245,31589000,21029000,10220000
1246,31543000,20954000,10186000
1247,31584000,21034000,10207000
1248,31606000,21029000,10242000
1249,31579000,20966000,10202000
1250,31598000,21026000,10236000
1251,31579000,20970000,10197000
1252,31589000,21021000,10224000
1253,33368000,22772000,12004000
1254,33592000,21224000,10217000
1255,31532000,20947000,10168000
1256,31572000,21040000,10211000
1257,31617000,21038000,10241000
1258,31555000,20937000,10190000
1259,31596000,21042000,10219000
1260,31556000,20967000,10197000
1261,31587000,21021000,10206000
1262,31606000,21029000,10242000
1263,31647000,21033000,10268000
1264,31594000,20954000,10221000
1265,31614000,21021000,10246000
1266,31572000,20958000,10211000
1267,31613000,21034000,10236000
1268,31564000,20958000,10202000
1269,32571000,22000000,10195000
1270,31594000,21029000,10231000
1271,31635000,21034000,10255000
1272,31581000,20954000,10220000
1273,31616000,21025000,10234000
1274,31572000,20966000,10209000
1275,31597000,21017000,10218000
1276,31540000,20951000,10183000
1277,31659000,21111000,10282000
1278,31598000,20947000,10229000
1279,32463000,21865000,11099000
1280,32556000,21093000,10194000
1281,31529000,20966000,10158000
1282,31555000,21025000,10191000
1283,31585000,21030000,10207000
1284,31526000,20948000,10169000
1285,31643000,21110000,10263000
1286,31594000,20958000,10230000
1287,31635000,21034000,10258000
1288,31581000,20954000,10220000
1289,32592000,22004000,10217000
1290,31602000,21017000,10241000
1291,31568000,20958000,10192000
1292,31514000,20954000,10835000
1293,32232000,21033000,10183000
1294,31577000,21030000,10215000
1295,31618000,21033000,10239000
1296,31564000,20954000,10202000
1297,32722000,22149000,11345000
1298,32530000,20816000,10841000
1299,33348000,22143000,11299000
1300,33594000,21921000,10229000
1301,31647000,21046000,10267000
1302,31503000,20864000,10143000
1303,32515000,22004000,10139000
1304,32664000,22157000,11299000
1305,33597000,21925000,10216000
1306,31610000,21021000,10244000
1307,31580000,20962000,10199000
1308,31598000,21025000,10898000
1309,32302000,21030000,10251000
1310,35610000,24983000,11977000
1311,33314000,20962000,10202000
1312,32572000,22000000,10209000
1313,32650000,22071000,10275000
1314,31730000,21087000,10369000
1315,31772000,21035000,10393000
1316,31577000,20820000,10213000
1317,31536000,20955000,10176000
1318,31577000,21037000,10215000
1319,31683000,21099000,10305000
1320,33718000,23041000,11349000
1321,32613000,20889000,10235000
1322,31564000,20958000,10201000
1323,31605000,21034000,10227000
1324,31556000,20958000,10192000
1325,31584000,21021000,10205000
1326,31525000,20947000,10168000
1327,31639000,21107000,10262000
1328,31515000,20884000,10159000
1329,31635000,21112000,10257000
1330,31647000,21020000,10285000
1331,32589000,21934000,10203000
1332,31594000,21021000,10239000
1333,32613000,22004000,11236000
1334,32635000,21029000,10271000
1335,31601000,20958000,10223000
1336,31556000,20963000,10192000
1337,31660000,21095000,10283000
1338,33763000,23112000,11402000
1339,32588000,20818000,10209000
1340,31610000,21029000,10248000
1341,31567000,20950000,10192000
1342,31606000,21046000,10922000
1343,32312000,21021000,10257000
1344,32037000,21409000,10672000
1345,32593000,21549000,10233000
1346,31751000,21157000,10378000
1347,33763000,23014000,12383000
1348,35019000,22270000,10666000
1349,32590000,21555000,10219000
1350,31538000,20952000,10177000
1351,31572000,21031000,10194000
1352,31516000,20952000,10159000
1353,31631000,21107000,10261000
1354,32043000,21413000,10674000
1355,32579000,21536000,10221000
1356,32223000,21642000,10856000
1357,33572000,22350000,11205000
1358,32611000,21046000,10247000
1359,31571000,20954000,10195000
1360,32037000,21472000,10671000
1361,33061000,22018000,10702000
1362,32531000,21467000,10166000
1363,32067000,21541000,10707000
1364,32566000,21494000,10203000
1365,31586000,21021000,10214000
1366,31541000,20955000,10168000
1367,32026000,21494000,10659000
1368,35205000,24171000,11841000
1369,33656000,21450000,10283000
1370,31607000,20955000,10236000
1371,31646000,21037000,10265000
1372,31668000,21029000,10300000
1373,31562000,20879000,10179000
1374,31514000,20966000,10154000
1375,33288000,22767000,11912000
1376,33514000,21233000,10145000
1377,31545000,21032000,10177000
1378,32030000,21485000,10658000
1379,32499000,21462000,10141000
1380,31607000,21105000,10233000
1381,31571000,20967000,10184000
1382,31647000,21091000,10289000
1383,31547000,20885000,10172000
1384,31572000,21032000,10207000
1385,31692000,21113000,10312000
1386,31580000,20892000,10212000
1387,31602000,21016000,10219000
1388,31542000,20948000,10182000
1389,32643000,22094000,10267000
1390,31588000,20946000,10213000
1391,31541000,20951000,10165000
1392,31631000,21099000,10266000
1393,31536000,20896000,10159000
1394,33635000,23108000,11270000
1395,32668000,21025000,10290000
1396,31618000,20958000,10257000
1397,32547000,21921000,10175000
1398,31498000,20959000,10141000
1399,31537000,21032000,10166000
1400,31560000,21030000,10197000
1401,32579000,22012000,10210000
1402,31602000,21021000,10229000
1403,34270000,23669000,12899000
1404,34556000,21294000,10193000
1405,31597000,21033000,10218000
1406,31541000,20951000,10184000
1407,31577000,21028000,10201000
1408,31614000,21046000,10254000
1409,31568000,20946000,10192000
1410,31722000,21161000,10359000
1411,31563000,20835000,10179000
1412,31564000,21016000,10210000
1413,35489000,24910000,11840000
1414,33236000,21032000,10157000
1415,31553000,21032000,10182000
1416,31577000,21031000,10213000
1417,31552000,20968000,10181000
1418,31569000,21024000,10209000
1419,31532000,20955000,10160000
1420,31545000,21020000,10188000
1421,31580000,21028000,10211000
1422,31534000,20955000,10171000
1423,31577000,21041000,10199000
1424,31522000,20954000,10166000
1425,31568000,21038000,10190000
1426,31581000,21021000,10220000
1427,31553000,20961000,10178000
1428,31572000,21030000,10208000
1429,31531000,20952000,10160000
1430,31556000,21032000,10193000
1431,31519000,20955000,10818000
1432,33186000,22004000,11151000
1433,32556000,21041000,10188000
1434,31572000,21016000,10210000
1435,31537000,20958000,10166000
1436,31560000,21030000,10198000
1437,31596000,21029000,10219000
1438,31542000,20952000,10185000
1439,31580000,21031000,10205000
1440,33544000,22969000,11184000
1441,32592000,21044000,10217000
1442,31528000,20943000,10172000
1443,31577000,21040000,10200000
1444,31598000,21030000,10236000
1445,31563000,20949000,10183000
1446,31581000,21034000,10220000
1447,31546000,20957000,10174000
1448,31572000,21034000,10209000
1449,31537000,20958000,10166000
1450,31556000,21026000,10192000
1451,31588000,21025000,10210000
1452,31546000,20964000,10188000
1453,31575000,21023000,10197000
1454,32631000,22063000,11265000
1455,32613000,20975000,10233000
1456,31635000,21029000,10269000
1457,32651000,22008000,11269000
1458,32522000,20879000,10162000
1459,31564000,21034000,10182000
1460,32546000,21990000,11185000
1461,33545000,21992000,11174000
1462,32572000,21034000,10210000
1463,31610000,21030000,10230000
1464,31564000,20962000,10200000
1465,31519000,20948000,10148000
1466,33763000,23251000,11402000
1467,32511000,20741000,10140000
1468,31545000,21041000,10189000
1469,33319000,22766000,11947000
1470,33531000,21220000,10167000
1471,31581000,21050000,10213000
1472,32572000,21991000,10213000
1473,31528000,20946000,10154000
1474,31547000,21028000,10190000
1475,31521000,20967000,10149000
1476,31538000,21024000,10180000
1477,31579000,21035000,10202000
1478,31524000,20952000,10168000
1479,33512000,22980000,10143000
1480,31519000,21012000,10160000
1481,31577000,21052000,10208000
1482,32568000,21992000,10199000
1483,31588000,21021000,10220000
1484,31622000,21033000,10251000
1485,31571000,20950000,10203000
1486,31534000,20962000,10169000
1487,31567000,21034000,10190000
1488,31589000,21029000,10228000
1489,31555000,20956000,10181000
1490,31585000,21040000,10222000
1491,32585000,21992000,10209000
1492,31528000,20951000,10171000
1493,31646000,21111000,10271000
1494,31511000,20872000,10146000
1495,31538000,21028000,10175000
1496,31506000,20967000,10149000
1497,31472000,20958000,10100000
1498,31564000,21100000,10194000
1499,31664000,21100000,10963000
1500,32227000,20892000,10189000
1501,31589000,21025000,10205000
1502,31610000,21029000,10245000
1503,31576000,20958000,10196000
1504,31598000,21029000,10232000
1505,31635000,21030000,10253000
1506,31730000,21102000,10362000
1507,31621000,20885000,10232000
1508,31564000,20958000,10207000
1509,31538000,20957000,10161000
1510,31546000,21016000,10186000
1511,31593000,21040000,10210000
1512,31546000,20961000,10185000
1513,31511000,20957000,10135000
1514,31524000,21020000,10163000
1515,31709000,21178000,10324000
1516,31589000,20888000,10215000
1517,32518000,21925000,10142000
1518,32726000,22215000,10352000
1519,31546000,20817000,10174000
1520,31581000,21035000,10213000
1521,31625000,21033000,10239000
1522,31568000,20950000,10196000
1523,31535000,20960000,10156000
1524,33702000,23173000,11322000
1525,32738000,21037000,10358000
1526,32598000,21863000,11225000
1527,33516000,21914000,10139000
1528,31610000,21103000,10245000
1529,31515000,20896000,10142000
1530,31598000,21087000,10232000
1531,31568000,20963000,10190000
1532,31517000,20954000,10153000
1533,31553000,21032000,10185000
1534,31517000,20964000,10149000
1535,34317000,23798000,12940000
1536,34541000,21233000,10173000
1537,31589000,21048000,10215000
1538,31529000,20939000,10167000
1539,31571000,21036000,10196000
1540,31667000,21096000,10293000
1541,32519000,21851000,11135000
1542,32610000,21107000,10253000
1543,31580000,20954000,10192000
1544,31598000,21034000,10239000
1545,33596000,22983000,10223000
1546,31546000,20949000,10177000
1547,31571000,21026000,10190000
1548,31594000,21029000,10225000
1549,31563000,20963000,10182000
1550,31581000,21025000,10212000
1551,31540000,20951000,10164000
1552,31495000,20963000,10134000
1553,31531000,21028000,10155000
1554,33424000,22901000,12066000
1555,34645000,22211000,10261000
1556,32631000,21996000,10267000
1557,32645000,22004000,10261000
1558,33746000,23111000,11378000
1559,33679000,21926000,10297000
1560,32676000,22004000,10309000
1561,31651000,20967000,10268000
1562,32651000,22008000,10284000
1563,34379000,23719000,12002000
1564,33610000,21240000,10235000
1565,32680000,22070000,10305000
1566,32672000,21992000,10308000
1567,32618000,21938000,10234000
1568,32533000,21923000,10173000
1569,31580000,21039000,10197000
1570,31726000,21153000,10363000
1571,32526000,21791000,11140000
1572,34291000,22782000,11938000
1573,34643000,22337000,11262000
1574,33556000,21921000,11192000
1575,32527000,20963000,10151000
1576,31555000,21028000,10187000
1577,31593000,21038000,10222000
1578,31541000,20949000,10178000
1579,31568000,21026000,10190000
1580,31517000,20957000,10163000
1581,31552000,21024000,10177000
1582,32545000,22004000,10181000
1583,31643000,21098000,10275000
1584,32647000,22004000,10288000
1585,32666000,22009000,10286000
1586,33102000,22445000,10743000
1587,34737000,23628000,11374000
1588,33594000,21856000,10215000
1589,33637000,23050000,11265000
1590,34101000,22466000,10744000
1591,32635000,21526000,10274000
1592,32640000,22004000,10268000
1593,32646000,22008000,10269000
1594,33807000,23167000,11448000
1595,33696000,21879000,10313000
1596,32084000,21399000,10729000
1597,33682000,22588000,10318000
1598,32685000,22004000,10313000
1599,32684000,22000000,10312000
1600,34704000,24021000,10325000
1601,32614000,21917000,10243000
1602,31643000,21029000,10283000
1603,32507000,21854000,11125000
1604,32517000,21028000,10168000
1605,31567000,21035000,10189000
1606,31516000,20956000,10160000
1607,31544000,21020000,10172000
1608,31564000,21028000,10203000
1609,31551000,20980000,10180000
1610,31564000,21020000,10202000
1611,31525000,20954000,10154000
1612,31543000,21025000,10189000
1613,31515000,20962000,10144000
1614,31613000,21105000,10247000
1615,32542000,21923000,11169000
1616,33529000,21996000,11172000
1617,32571000,21035000,10193000
1618,31516000,20952000,10162000
1619,32526000,22000000,11152000
1620,32556000,21032000,10192000
1621,31515000,20959000,10151000
1622,32589000,22074000,11219000
1623,33509000,21921000,11138000
1624,32531000,21028000,10174000
1625,31572000,21034000,10203000
1626,32577000,22004000,11206000
1627,33577000,22000000,11198000
1628,36542000,24974000,11912000
1629,34290000,22014000,11186000
1630,32585000,21029000,10221000
1631,31545000,20953000,10174000
1632,31572000,21034000,10211000
1633,31616000,21034000,10237000
1634,31572000,20966000,10211000
1635,32554000,21972000,11180000
1636,32572000,21028000,10214000
1637,31476000,20894000,10102000
1638,31490000,21024000,10134000
1639,31530000,21032000,10166000
1640,31551000,21020000,10186000
1641,32564000,22014000,11186000
1642,32509000,20953000,10152000
1643,31540000,21024000,10169000
1644,31564000,21031000,10201000
1645,31532000,20960000,10160000
1646,32512000,21988000,11155000
1647,32564000,21036000,10184000
1648,31511000,20963000,10155000
1649,31547000,21028000,10175000
1650,31564000,21025000,10202000
1651,32646000,22075000,10272000
1652,32638000,21996000,11271000
1653,33584000,21942000,11207000
1654,32664000,21087000,10303000
1655,31553000,20882000,10174000
1656,35523000,24985000,11908000
1657,33313000,21041000,10202000
1658,32564000,21992000,11202000
1659,33572000,22000000,11194000
1660,33560000,21996000,11196000
1661,33571000,22004000,11193000
1662,33569000,22004000,11204000
1663,32515000,20940000,10144000
1664,31544000,21036000,10188000
1665,32564000,22004000,11184000
1666,32639000,21091000,10277000
1667,31538000,20892000,10167000
1668,32527000,21995000,11170000
1669,32572000,21038000,10195000
1670,31514000,20950000,10158000
1671,31554000,21032000,10182000
1672,31501000,20954000,10144000
1673,32601000,22093000,11222000
1674,34274000,22681000,11917000
1675,34571000,22290000,11194000
1676,33476000,21911000,11119000
1677,32516000,21032000,10143000
1678,31618000,21111000,10257000
1679,32542000,21917000,11163000
1680,32556000,21029000,10205000
1681,31537000,20962000,10162000
1682,31543000,21016000,10186000
1683,32568000,22018000,11198000
1684,32513000,20945000,10141000
1685,31541000,21036000,10177000
1686,31569000,21027000,10205000
1687,31529000,20953000,10164000
1688,31482000,20954000,10118000
1689,31530000,21048000,10166000
1690,31543000,21013000,10180000
1691,32543000,21999000,11171000
1692,32498000,20963000,10144000
1693,31616000,21108000,10236000
1694,31564000,20958000,10201000
1695,31525000,20953000,10153000
1696,31538000,21020000,10180000
1697,32567000,22023000,11190000
1698,33472000,21912000,11116000
1699,32585000,21105000,10205000
1700,31525000,20947000,10168000
1701,32684000,22152000,11311000
1702,32568000,20884000,10195000
1703,31526000,20959000,10151000
1704,32519000,22000000,11159000
1705,32490000,20962000,10113000
1706,32543000,22062000,11183000
1707,32585000,21034000,10203000
1708,31530000,20953000,10170000
1709,32546000,22008000,11170000
1710,32488000,20950000,10128000
1711,32496000,22000000,11120000
1712,36538000,25050000,11908000
1713,33238000,20962000,10136000
1714,32496000,21996000,11140000
1715,33508000,22004000,11136000
1716,32524000,21024000,10168000
1717,32532000,22000000,11160000
1718,32556000,21032000,10195000
1719,32571000,22008000,11193000
1720,33560000,21996000,11200000
1721,32527000,20958000,10154000
1722,33635000,23117000,11267000
1723,33486000,21843000,11114000
1724,33478000,22000000,11122000
1725,33486000,22000000,11114000
1726,32510000,21032000,10154000
1727,32602000,22083000,11223000
1728,32546000,20953000,10190000
1729,31513000,20958000,10140000
1730,31525000,21021000,10169000
1731,32549000,22015000,11176000
1732,32491000,20951000,10134000
1733,31523000,21024000,10159000
1734,31563000,21041000,10196000
1735,31512000,20948000,10147000
1736,32497000,21986000,11133000
1737,33510000,22012000,11138000
1738,33519000,22017000,11162000
1739,35384000,23858000,13013000
1740,35514000,22137000,11150000
1741,33523000,22009000,11159000
1742,33510000,21987000,11153000
1743,32553000,21036000,10182000
1744,32469000,21922000,11112000
1745,33554000,22077000,11181000
1746,32577000,21032000,10213000
1747,31536000,20952000,10165000
1748,31560000,21031000,10199000
1749,31523000,20955000,10158000
1750,31551000,21029000,10187000
1751,31510000,20958000,10138000
1752,31527000,21025000,10171000
1753,32547000,22012000,11175000
1754,33530000,21991000,11173000
1755,32496000,20959000,10125000
1756,31513000,21024000,10156000
1757,31545000,21025000,10181000
1758,31511000,20966000,10147000
1759,32515000,22004000,11144000
1760,33509000,22001000,11152000
1761,32543000,21027000,10172000
1762,31701000,21165000,10339000
1763,32494000,21786000,11115000
1764,33474000,21995000,11125000
1765,33489000,22000000,11118000
1766,33482000,22000000,11125000
1767,35311000,23821000,12939000
1768,34527000,21223000,10162000
1769,32535000,22008000,11170000
1770,32481000,20947000,10127000
1771,32430000,21938000,11055000
1772,33485000,22066000,11128000
1773,33492000,21999000,11120000
1774,32521000,21036000,10164000
1775,32521000,21993000,11149000
1776,35255000,23742000,12898000
1777,34571000,21309000,10193000
1778,31508000,20944000,10152000
1779,32602000,22085000,11221000
1780,32544000,20951000,10184000
1781,31511000,20959000,10135000
1782,32441000,21938000,11081000
1783,33515000,22065000,11138000
1784,33506000,22000000,11148000
1785,33529000,22013000,11151000
1786,33506000,21987000,11138000
1787,33502000,21995000,11138000
1788,33507000,22005000,11149000
1789,32537000,21023000,10165000
1790,32602000,22073000,11239000
1791,32497000,20886000,10124000
1792,32480000,21992000,11123000
1793,33507000,22020000,11136000
1794,33631000,22131000,11268000
1795,35455000,23816000,11075000
1796,33488000,22049000,11139000
1797,33503000,22000000,11132000
1798,33639000,22143000,11278000
1799,33500000,21852000,11128000
1800,32451000,20959000,10093000
1801,32535000,22077000,11163000
1802,32556000,21029000,10194000
1803,32485000,21922000,11114000
1804,33627000,22149000,11264000
1805,33568000,21933000,11191000
1806,32514000,20954000,10157000
1807,32530000,22008000,11158000
1808,32468000,20946000,10112000
1809,32554000,22077000,11182000
1810,33468000,21923000,11111000
1811,33471000,21996000,11100000
1812,32488000,21024000,10131000
1813,32503000,22008000,11132000
1814,33568000,22072000,11204000
1815,33499000,21923000,11128000
1816,32520000,21029000,10163000
1817,32535000,22007000,11163000
1818,33377000,21849000,11022000
1819,33529000,22143000,11155000
1820,33519000,22000000,11163000
1821,33462000,21934000,11089000
1822,35273000,23820000,12917000
1823,34506000,21225000,10141000
1824,32439000,21934000,11075000
1825,33512000,22073000,11141000
1826,33506000,22001000,11150000
1827,32610000,21096000,10239000
1828,32391000,21780000,11026000
1829,33546000,22156000,11174000
1830,33602000,22064000,11237000
1831,35278000,23668000,12906000
1832,35622000,22352000,11248000
1833,33483000,21861000,11115000
1834,33533000,22049000,11173000
1835,33622000,22082000,11242000
1836,33467000,21852000,11099000
1837,33540000,22074000,11172000
1838,33532000,21992000,11172000
1839,33474000,21934000,11098000
1840,34232000,22765000,11871000
1841,34457000,22218000,11081000
1842,33973000,22524000,11611000
1843,33980000,22000000,10617000
1844,33491000,22508000,11127000
1845,33552000,22066000,11190000
1846,33554000,22000000,11183000
1847,33473000,21926000,11117000
1848,33485000,22004000,11113000
1849,35292000,23815000,12935000
1850,36687000,23388000,11309000
1851,33529000,21846000,11169000
1852,33533000,22000000,11162000
1853,33518000,21992000,11162000
1854,33546000,22020000,11174000
1855,33525000,21987000,11169000
1856,33475000,21942000,11103000
1857,33542000,22075000,11186000
1858,35285000,23734000,12912000
1859,35623000,22346000,11250000
1860,33564000,21942000,11186000
1861,33974000,22418000,11625000
1862,33631000,21641000,10271000
1863,32476000,21844000,11103000
1864,34006000,22539000,11641000
1865,34961000,22955000,11609000
1866,34573000,22603000,11205000
1867,35439000,23869000,13073000
1868,35958000,22517000,11581000
1869,35573000,23627000,11214000
1870,34628000,23045000,11243000
1871,33475000,21856000,11110000
1872,33544000,22066000,11187000
1873,34167000,22612000,11791000
1874,34986000,22826000,11634000
1875,35016000,23025000,11643000
1876,35640000,23628000,11268000
1877,34169000,22528000,11803000
1878,34478000,22307000,11115000
1879,34512000,23037000,11139000
1880,33511000,22003000,11143000
1881,32547000,21037000,10189000
1882,32492000,21935000,11114000
1883,33538000,22056000,11178000
1884,33546000,22000000,11170000
1885,33538000,22000000,11178000
1886,33550000,22004000,11174000
1887,33542000,21999000,11180000
1888,33483000,21935000,11108000
1889,33480000,22003000,11123000
1890,33693000,22206000,11321000
1891,33541000,21848000,11169000
1892,33537000,22003000,11180000
1893,33475000,21931000,11110000
1894,33547000,22073000,11176000
1895,33463000,21923000,11106000
1896,33474000,22003000,11102000
1897,33466000,22000000,11110000
1898,33487000,22013000,11122000
1899,33469000,21983000,11105000
1900,33473000,22003000,11101000
1901,33995000,22529000,11638000
1902,34969000,22967000,11609000
1903,35007000,23037000,11638000
1904,34446000,22443000,11094000
1905,33523000,22073000,11157000
1906,33525000,22004000,11154000
1907,33585000,22067000,11222000
1908,33667000,22075000,11288000
1909,33510000,21849000,11153000
1910,33525000,22008000,11153000
1911,33509000,21992000,11152000
1912,33528000,22011000,11157000
1913,33521000,22000000,11166000
1914,33535000,22005000,11161000
1915,33508000,21983000,11152000
1916,33459000,21942000,11086000
1917,33512000,22062000,11156000
1918,33458000,21938000,11089000
1919,33511000,22057000,11151000
1920,33531000,22016000,11159000
1921,35262000,23739000,12906000
1922,35478000,22208000,11106000
1923,33523000,22053000,11166000
1924,33473000,21942000,11101000
1925,33527000,22062000,11171000
1926,33551000,22015000,11178000
1927,33522000,21980000,11166000
1928,33538000,22008000,11166000
1929,33530000,22000000,11173000
1930,35287000,23750000,12916000
1931,35610000,22330000,11240000
1932,33542000,21932000,11170000
1933,33464000,21930000,11116000
1934,33554000,22074000,11182000
1935,33460000,21914000,11104000
1936,33489000,22021000,11125000
1937,33476000,21986000,11111000
1938,33544000,22070000,11173000
1939,35280000,23742000,12923000
1940,35568000,22281000,11189000
1941,32581000,21021000,10902000
1942,33210000,21940000,11157000
1943,33503000,21982000,11147000
1944,33450000,21938000,11086000
1945,33519000,22070000,11155000
1946,33523000,22004000,11151000
1947,33503000,21987000,11146000
1948,35271000,23760000,12898000
1949,35446000,22183000,11081000
1950,33523000,22077000,11158000
1951,33511000,21988000,11153000
1952,33456000,21939000,11085000
1953,33518000,22069000,11162000
1954,33676000,22150000,11298000
1955,33510000,21841000,11146000
1956,33452000,21943000,11088000
1957,35266000,23814000,12910000
1958,35546000,22271000,11173000
1959,33468000,21931000,11111000
1960,33483000,22007000,11112000
1961,33467000,21992000,11111000
1962,33479000,22004000,11107000
1963,33533000,22061000,11176000
1964,33475000,21935000,11103000
1965,33459000,21992000,11102000
1966,35284000,23818000,12913000
1967,35480000,22203000,11116000
1968,33479000,21999000,11115000
1969,33471000,21992000,11115000
1970,33499000,22020000,11127000
1971,33478000,21987000,11121000
1972,33485000,22000000,11114000
1973,33555000,22069000,11193000
1974,33492000,21934000,11117000
1975,35280000,23799000,12923000
1976,35505000,22218000,11142000
1977,33505000,21999000,11140000
1978,34697000,23193000,11314000
1979,33453000,21763000,11096000
1980,33464000,22003000,11092000
1981,33518000,22062000,11162000
1982,33538000,22011000,11165000
1983,33529000,22000000,11172000
1984,35288000,23752000,12917000
1985,35468000,22187000,11112000
1986,33689000,22213000,11309000
1987,33468000,21787000,11104000
1988,33472000,22003000,11110000
1989,33466000,21992000,11106000
1990,33482000,22012000,11111000
1991,33459000,21984000,11105000
1992,33555000,22086000,11181000
1993,35277000,23731000,12920000
1994,35495000,22211000,11123000
1995,33480000,21992000,11126000
1996,33489000,22000000,11115000
1997,33470000,21991000,11116000
1998,33497000,22017000,11123000
1999,33470000,21983000,11114000
2000,33486000,22008000,11114000
2001,33555000,22069000,11191000
2002,35223000,23668000,12851000
2003,35482000,22267000,11118000
2004,33564000,22082000,11195000
2005,33477000,21913000,11120000
2006,33496000,22012000,11125000
2007,33477000,21988000,11121000
2008,33431000,21946000,11059000
2009,33927000,22503000,11568000
2010,34985000,23052000,11626000
2011,34498000,22511000,11134000
2012,33502000,22007000,11143000
2013,33965000,22459000,11590000
2014,34541000,22586000,11194000
2015,33538000,21988000,11173000
2016,33480000,21942000,11107000
2017,34066000,22595000,11708000
2018,34511000,22438000,11157000
2019,33513000,22000000,11148000
2020,33516000,22004000,11144000
2021,33500000,21991000,11143000
2022,33523000,22016000,11151000
2023,33507000,21992000,11151000
2024,33519000,22004000,11147000
2025,33507000,21996000,11151000
2026,33522000,22007000,11150000
2027,33498000,21984000,11141000
2028,33448000,21943000,11077000
2029,35240000,23799000,12886000
2030,35528000,22278000,11154000
2031,33514000,21996000,11157000
2032,33463000,21942000,11092000
2033,33456000,22000000,11100000
2034,33529000,22065000,11157000
2035,33452000,21930000,11095000
2036,33545000,22087000,11174000
2037,33447000,21909000,11090000
2038,35204000,23749000,12832000
2039,35461000,22265000,11097000
2040,33463000,22002000,11099000
2041,33463000,22000000,11106000
2042,33466000,21996000,11095000
2043,33455000,21996000,11098000
2044,33539000,22077000,11168000
2045,33459000,21926000,11102000
2046,33466000,22000000,11094000
2047,35192000,23733000,12835000
2048,35483000,22283000,11110000
2049,33478000,22004000,11122000
2050,33482000,21996000,11117000
2051,33473000,21992000,11109000
2052,33485000,22011000,11113000
2053,33470000,21992000,11113000
2054,33551000,22073000,11178000
2055,33473000,21931000,11116000
2056,35218000,23737000,12846000
2057,35489000,22279000,11125000
2058,33485000,21996000,11121000
2059,33408000,21922000,11051000
2060,33493000,22077000,11120000
2061,33484000,22000000,11128000
2062,33492000,22000000,11123000
2063,33479000,21992000,11119000
2064,33500000,22017000,11137000
2065,35225000,23724000,12860000
2066,35507000,22283000,11144000
2067,33509000,22001000,11145000
2068,33508000,21998000,11136000
2069,33491000,21992000,11134000
2070,33506000,22008000,11135000
2071,33426000,21926000,11068000
2072,33502000,22069000,11131000
2073,33499000,22005000,11143000
2074,35244000,23737000,12880000
2075,35438000,22194000,11066000
2076,33577000,22147000,11208000
2077,33498000,21921000,11141000
2078,33509000,22004000,11138000
2079,33494000,21992000,11138000
2080,33445000,21942000,11072000
2081,33436000,22000000,11080000
2082,33517000,22073000,11145000
2083,35169000,23660000,12815000
2084,35462000,22283000,11088000
2085,33444000,21992000,11090000
2086,33527000,22073000,11153000
2087,33448000,21930000,11093000
2088,33465000,22008000,11091000
2089,33456000,22001000,11099000
2090,33454000,21991000,11083000
2091,33439000,21992000,11085000
2092,35291000,23842000,12917000
2093,35463000,22182000,11099000
2094,33459000,21996000,11095000
2095,33456000,21997000,11099000
2096,33462000,21998000,11090000
2097,33458000,22004000,11101000
2098,33396000,21931000,11025000
2099,33450000,22061000,11094000
2100,33531000,22073000,11159000
2101,35333000,23810000,12969000
2102,35478000,22144000,11109000
2103,33392000,21919000,11039000
2104,33477000,22073000,11105000
2105,33477000,22008000,11121000
2106,34602000,23116000,11220000
2107,33510000,21917000,11146000
2108,33452000,21942000,11091000
2109,33451000,21995000,11091000
2110,35339000,23885000,12968000
2111,35452000,22120000,11080000
2112,33456000,22012000,11100000
2113,33452000,21987000,11094000
2114,33532000,22074000,11161000
2115,33517000,21992000,11163000
2116,33469000,21942000,11095000
2117,33451000,21992000,11095000
2118,33467000,22007000,11094000
2119,35258000,23800000,12901000
2120,35474000,22209000,11103000
2121,33463000,21996000,11106000
2122,33551000,22081000,11180000
2123,33541000,21996000,11184000
2124,33409000,21861000,11037000
2125,33462000,22061000,11108000
2126,33488000,22016000,11114000
2127,33457000,21979000,11100000
2128,35210000,23746000,12839000
2129,35401000,22197000,11037000
2130,33470000,22069000,11112000
2131,33399000,21923000,11036000
2132,33408000,22008000,11043000
2133,33473000,22065000,11108000
2134,33407000,21934000,11035000
2135,33538000,22139000,11181000
2136,33475000,21930000,11104000
2137,35148000,23680000,12792000
2138,35568000,22412000,11190000
2139,33407000,21847000,11043000
2140,33635000,22228000,11259000
2141,33484000,21849000,11126000
2142,33502000,22008000,11124000
2143,33480000,21987000,11119000
2144,33426000,21939000,11054000
2145,33423000,22005000,11066000
2146,35232000,23802000,12861000
2147,35414000,22189000,11050000
2148,33426000,22012000,11062000
2149,33414000,21988000,11057000
2150,33429000,22007000,11057000
2151,33422000,22001000,11065000
2152,33428000,21999000,11057000
2153,33490000,22069000,11133000
2154,33498000,22000000,11126000
2155,35220000,23729000,12862000
2156,35440000,22214000,11069000
2157,33498000,22065000,11144000
2158,33512000,22004000,11138000
2159,33428000,21926000,11071000
2160,33513000,22077000,11141000
2161,33501000,21996000,11144000
2162,33516000,22008000,11145000
2163,33577000,22068000,11213000
2164,35462000,23878000,13091000
2165,35432000,21976000,11068000
2166,33377000,21946000,11013000
2167,33435000,22058000,11078000
2168,33454000,22012000,11090000
2169,33450000,21996000,11086000
2170,33454000,22003000,11082000
2171,33373000,21927000,11017000
2172,33520000,22138000,11147000
2173,35181000,23669000,12823000
2174,35535000,22348000,11164000
2175,33454000,21926000,11097000
2176,33534000,22073000,11163000
2177,33458000,21931000,11101000
2178,33465000,22000000,11094000
2179,33459000,22000000,11102000
2180,33531000,22065000,11159000
2181,33594000,22070000,11231000
2182,35202000,23601000,12822000
2183,35384000,22198000,11028000
2184,33395000,22003000,11031000
2185,33542000,22147000,11182000
2186,33546000,21996000,11170000
2187,33460000,21922000,11100000
2188,33476000,22008000,11100000
2189,33394000,21926000,11033000
2190,33479000,22077000,11104000
2191,35197000,23726000,12836000
2192,35571000,22367000,11197000
2193,33423000,21850000,11053000
2194,33495000,22073000,11126000
2195,33417000,21923000,11050000
2196,33422000,22004000,11046000
2197,33409000,21995000,11048000
2198,33420000,22004000,11045000
2199,33479000,22065000,11117000
2200,35302000,23816000,12934000
2201,35428000,22127000,11053000
2202,34462000,23041000,11094000
2203,33458000,21996000,11092000
2204,33398000,21938000,11028000
2205,33527000,22131000,11166000
2206,33472000,21938000,11097000
2207,33463000,21997000,11101000
2208,33683000,22214000,11295000
2209,35348000,23676000,12988000
2210,35577000,22216000,11190000
2211,33538000,21970000,11173000
2212,33484000,21942000,11108000
2213,33396000,21919000,11044000
2214,33480000,22073000,11108000
2215,33614000,22142000,11248000
2216,33423000,21801000,11046000
2217,33405000,21991000,11046000
2218,35363000,23953000,12983000
2219,35468000,22117000,11108000
2220,33560000,22084000,11189000
2221,33480000,21915000,11119000
2222,33495000,22008000,11120000
2223,33483000,21996000,11122000
2224,33506000,22016000,11131000
2225,33421000,21922000,11060000
2226,33425000,21996000,11049000
2227,35147000,23729000,12786000
2228,35449000,22295000,11073000
2229,33503000,22061000,11141000
2230,33510000,22000000,11134000
2231,33425000,21923000,11064000
2232,33509000,22077000,11134000
2233,33510000,22007000,11149000
2234,34629000,23113000,11245000
2235,33478000,21856000,11117000
2236,35221000,23736000,12846000
2237,35473000,22259000,11105000
2238,33421000,21947000,11052000
2239,33560000,22140000,11193000
2240,33495000,21928000,11120000
2241,33481000,21992000,11119000
2242,33575000,22088000,11196000
2243,33552000,21981000,11188000
2244,33499000,21942000,11124000
2245,35296000,23805000,12935000
2246,35515000,22211000,11140000
2247,33492000,21985000,11131000
2248,33502000,22003000,11127000
2249,33495000,22000000,11135000
2250,33515000,22012000,11139000
2251,33560000,22053000,11195000
2252,33514000,21946000,11138000
2253,33494000,21988000,11136000
2254,35242000,23737000,12864000
2255,35429000,22198000,11061000
2256,33502000,22073000,11134000
2257,33506000,22004000,11146000
2258,33441000,21927000,11065000
2259,33502000,22069000,11141000
2260,33439000,21930000,11064000
2261,33498000,22065000,11136000
2262,33508000,22004000,11133000
2263,35248000,23746000,12887000
2264,35455000,22201000,11080000
2265,33448000,22000000,11087000
2266,33533000,22078000,11158000
2267,33447000,21921000,11086000
2268,33462000,22008000,11095000
2269,33672000,22209000,11294000
2270,33462000,21791000,11083000
2271,33516000,22061000,11151000
2272,35199000,23676000,12820000
2273,35467000,22275000,11095000
2274,33470000,22003000,11105000
2275,33531000,22054000,11160000
2276,33406000,21874000,11026000
2277,33454000,22056000,11089000
2278,33465000,22004000,11086000
2279,33450000,21992000,11085000
2280,33469000,22011000,11089000
2281,35203000,23741000,12838000
2282,35415000,22206000,11036000
2283,33466000,22057000,11100000
2284,33480000,22008000,11101000
2285,33465000,21992000,11100000
2286,33484000,22011000,11105000
2287,33469000,21992000,11104000
2288,33558000,22082000,11178000
2289,33472000,21922000,11107000
2290,35221000,23741000,12841000
2291,35403000,22190000,11031000
2292,33480000,22077000,11108000
2293,33403000,21923000,11042000
2294,33496000,22086000,11121000
2295,33476000,21986000,11115000
2296,33939000,22457000,11567000
2297,34916000,22984000,11568000
2298,35611000,23690000,11235000
2299,33530000,21922000,11160000
2300,33390000,21862000,11022000
2301,33520000,22130000,11162000
2302,33546000,22016000,11168000
2303,33386000,21850000,11025000
2304,33465000,22072000,11090000
2305,33462000,22004000,11101000
2306,33465000,21995000,11090000
2307,33450000,21992000,11089000
2308,33538000,22082000,11163000
2309,33523000,21991000,11162000
2310,33470000,21940000,11094000
2311,33457000,21995000,11096000
2312,33464000,21999000,11089000
2313,33465000,22008000,11103000
2314,33537000,22065000,11164000
2315,33459000,21927000,11095000
2316,33463000,22000000,11095000
2317,35127000,23664000,12759000
2318,35479000,22352000,11104000
2319,33399000,21927000,11038000
2320,33479000,22072000,11103000
2321,33402000,21931000,11041000
2322,33482000,22073000,11107000
2323,33463000,21988000,11102000
2324,33482000,22011000,11114000
2325,33404000,21923000,11036000
2326,35211000,23807000,12836000
2327,35479000,22275000,11111000
2328,33475000,21995000,11107000
2329,33417000,21943000,11056000
2330,33420000,21996000,11052000
2331,33412000,21991000,11037000
2332,33495000,22090000,11126000
2333,33470000,21976000,11109000
2334,33488000,22011000,11113000
2335,35147000,23665000,12786000
2336,35432000,22278000,11056000
2337,33493000,22069000,11132000
2338,33517000,22017000,11142000
2339,33424000,21913000,11062000
2340,33504000,22073000,11129000
2341,33419000,21923000,11058000
2342,33442000,22016000,11067000
2343,33419000,21984000,11058000
2344,35237000,23811000,12862000
2345,35431000,22201000,11063000
2346,33435000,22003000,11075000
2347,33435000,21992000,11066000
2348,33433000,22000000,11058000
2349,33426000,22000000,11065000
2350,33511000,22077000,11135000
2351,33491000,21988000,11130000
2352,33588000,22090000,11208000
2353,35171000,23590000,12811000
2354,35458000,22278000,11085000
2355,33449000,21996000,11085000
2356,33600000,22148000,11220000
2357,33441000,21848000,11080000
2358,33452000,22004000,11077000
2359,33441000,21996000,11081000
2360,33461000,22012000,11085000
2361,33378000,21925000,11017000
2362,35406000,24021000,13027000
2363,35518000,22119000,11150000
2364,33457000,21938000,11080000
2365,33436000,21988000,11083000
2366,33542000,22090000,11167000
2367,33452000,21918000,11084000
2368,33533000,22081000,11161000
2369,33459000,21926000,11094000
2370,33400000,21934000,11021000
2371,35192000,23799000,12827000
2372,35486000,22287000,11107000
2373,33402000,21922000,11038000
2374,33495000,22085000,11114000
2375,33467000,21980000,11103000
2376,33478000,22004000,11098000
2377,33474000,22004000,11109000
2378,33485000,22004000,11109000
2379,33535000,22053000,11166000
2380,35214000,23676000,12827000
2381,35470000,22271000,11106000
2382,33417000,21938000,11044000
2383,33543000,22127000,11178000
2384,33415000,21865000,11043000
2385,33415000,22000000,11044000
2386,33485000,22069000,11112000
2387,33410000,21926000,11038000
2388,33567000,22157000,11183000
2389,35210000,23650000,12845000
2390,35504000,22286000,11125000
2391,33489000,21992000,11124000
2392,33503000,22008000,11124000
2393,33423000,21927000,11058000
2394,33443000,22012000,11071000
2395,33575000,22133000,11197000
2396,33438000,21862000,11058000
2397,33488000,22057000,11122000
2398,35170000,23676000,12791000
2399,35500000,22336000,11128000
2400,33434000,21935000,11062000
2401,33499000,22065000,11134000
2402,33506000,22000000,11127000
2403,33426000,21926000,11061000
2404,33440000,22008000,11061000
2405,33490000,22057000,11128000
2406,33439000,21939000,11057000
2407,35228000,23798000,12863000
2408,35390000,22156000,11011000
2409,33445000,22062000,11080000
2410,33452000,21999000,11080000
2411,33382000,21931000,11011000
2412,33391000,22008000,11011000
2413,33436000,22053000,11071000
2414,33455000,22012000,11076000
2415,33436000,21987000,11071000
2416,35129000,23687000,12754000
2417,35448000,22326000,11080000
2418,33380000,21932000,11015000
2419,33521000,22138000,11157000
2420,33528000,22003000,11153000
2421,33443000,21922000,11082000
2422,33396000,21945000,11020000
2423,33439000,22051000,11078000
2424,33458000,22011000,11082000
2425,35121000,23671000,12760000
2426,36511000,23382000,11136000
2427,33434000,21931000,11066000
2428,33372000,21938000,11004000
2429,33426000,22053000,11065000
2430,33441000,22008000,11065000
2431,33359000,21926000,10998000
2432,33440000,22074000,11065000
2433,33433000,22000000,11072000
2434,35120000,23680000,12745000
2435,35366000,22253000,10998000
2436,33445000,22079000,11077000
2437,33366000,21921000,11005000
2438,33381000,22008000,11006000
2439,33432000,22058000,11071000
2440,33385000,21946000,11010000
2441,33440000,22062000,11079000
2442,33451000,22004000,11076000
2443,35112000,23668000,12751000
2444,35532000,22413000,11157000
2445,33385000,21860000,11025000
2446,33533000,22140000,11157000
2447,33456000,21931000,11095000
2448,33466000,22003000,11091000
2449,33528000,22069000,11163000
2450,33548000,22013000,11169000
2451,33389000,21848000,11017000
2452,35196000,23811000,12836000
2453,35407000,22202000,11030000
2454,33467000,22068000,11098000
2455,33532000,22065000,11172000
2456,33405000,21866000,11029000
2457,33385000,21988000,11025000
2458,33547000,22154000,11171000
2459,33527000,21988000,11161000
2460,33402000,21873000,11032000
2461,35121000,23721000,12761000
2462,35490000,22360000,11113000
2463,33412000,21930000,11051000
2464,33563000,22145000,11182000
2465,33477000,21921000,11116000
2466,33492000,22007000,11116000
2467,33542000,22058000,11181000
2468,33567000,22018000,11185000
2469,33622000,22062000,11254000
2470,35306000,23676000,12930000
2471,35560000,22262000,11185000
2472,33496000,21936000,11128000
2473,33480000,21984000,11120000
2474,33500000,22011000,11123000
2475,33480000,21989000,11119000
2476,33564000,22076000,11180000
2477,33929000,22373000,11567000
2478,34523000,22587000,11165000
2479,35275000,23750000,12906000
2480,35564000,22282000,11180000
2481,33545000,21997000,11184000
2482,33489000,21937000,11114000
2483,33539000,22057000,11179000
2484,33490000,21943000,11114000
2485,33462000,21979000,11105000
2486,33551000,22081000,11178000
2487,33469000,21927000,11113000
2488,35215000,23737000,12842000
2489,35618000,22412000,11248000
2490,34738000,23120000,11364000
2491,33506000,21768000,11142000
2492,33514000,22008000,11150000
2493,33585000,22071000,11222000
2494,33521000,21928000,11149000
2495,33510000,21996000,11153000
2496,33529000,22012000,11157000
2497,35189000,23668000,12833000
2498,35464000,22267000,11092000
2499,33529000,22073000,11173000
2500,33472000,21934000,11099000
2501,33533000,22069000,11177000
2502,33618000,22078000,11242000
2503,33447000,21837000,11091000
2504,33467000,22011000,11095000
2505,33455000,21996000,11098000
2506,35208000,23746000,12836000
2507,35602000,22402000,11233000
2508,33463000,21860000,11098000
2509,33529000,22067000,11175000
2510,33542000,22002000,11167000
2511,33454000,21923000,11098000
2512,33544000,22081000,11171000
2513,33535000,22000000,11178000
2514,33473000,21930000,11101000
2515,35191000,23726000,12834000
2516,35488000,22290000,11124000
2517,33481000,21992000,11117000
2518,33626000,22145000,11248000
2519,33538000,21920000,11182000
2520,33489000,21943000,11117000
2521,33477000,21995000,11119000
2522,34524000,23041000,11153000
2523,33440000,21922000,11075000
2524,33446000,22008000,11083000
2525,33443000,21996000,11089000
2526,33461000,22008000,11090000
2527,33523000,22069000,11163000
2528,33532000,22005000,11168000
2529,33454000,21921000,11089000
2530,33667000,22214000,11290000
2531,33516000,21856000,11159000
2532,33461000,21937000,11089000
2533,35183000,23730000,12827000
2534,35536000,22344000,11164000
2535,33450000,21923000,11094000
2536,33466000,22007000,11093000
2537,33531000,22074000,11175000
2538,33535000,21995000,11162000
2539,33445000,21919000,11089000
2540,33610000,22157000,11232000
2541,33589000,21987000,11227000
2542,35282000,23685000,12910000
2543,35465000,22191000,11101000
2544,33473000,22007000,11108000
2545,33685000,22213000,11320000
2546,32504000,20812000,10813000
2547,33249000,22071000,11205000
2548,33579000,22004000,11202000
2549,34468000,22895000,11110000
2550,33483000,22009000,11112000
2551,35136000,23659000,12778000
2552,35356000,22214000,10985000
2553,33349000,22000000,10992000
2554,33352000,21996000,10981000
2555,33337000,21992000,10980000
2556,33291000,21947000,10920000
2557,33338000,22053000,10980000
2558,33356000,22012000,10985000
2559,33337000,21988000,10981000
2560,35291000,23946000,12911000
2561,35492000,22213000,11128000
2562,33429000,21933000,11057000
2563,33413000,21988000,11057000
2564,33364000,21943000,10992000
2565,33340000,21984000,10988000
2566,33364000,22012000,10992000
2567,33564000,22208000,11200000
2568,33380000,21808000,11000000
2569,35098000,23729000,12741000
2570,35581000,22476000,11196000
2571,33364000,21794000,11011000
2572,33384000,22004000,11011000
2573,33297000,21918000,10936000
2574,33446000,22142000,11071000
2575,33427000,21988000,11067000
2576,33311000,21876000,10935000
2577,33431000,22127000,11071000
2578,35180000,23742000,12804000
2579,35379000,22207000,11011000
2580,33316000,21937000,10948000
2581,33442000,22126000,11081000
2582,33390000,21941000,11015000
2583,33310000,21927000,10949000
2584,33402000,22085000,11027000
2585,33386000,21990000,11024000
2586,33392000,22000000,11017000
2587,35119000,23733000,12750000
2588,35323000,22205000,10955000
2589,33389000,22065000,11028000
2590,33400000,22004000,11025000
2591,33384000,21992000,11023000
2592,33395000,22004000,11020000
2593,33392000,22004000,11031000
2594,33325000,21925000,10949000
2595,33314000,21996000,10953000
2596,35132000,23811000,12756000
2597,35399000,22275000,11031000
2598,33342000,21943000,10974000
2599,33395000,22053000,11034000
2600,33349000,21947000,10974000
2601,33350000,22008000,10990000
2602,33354000,21996000,10978000
2603,33334000,21988000,10974000
2604,33414000,22071000,11037000
2605,35131000,23726000,12770000
2606,35360000,22222000,10985000
2607,33337000,21984000,10976000
2608,33352000,22008000,10977000
2609,33345000,22000000,10984000
2610,33356000,22004000,10981000
2611,33341000,21992000,10980000
2612,33365000,22017000,10990000
2613,33341000,21983000,10980000
2614,35089000,23741000,12714000
2615,35365000,22283000,10997000
2616,33364000,21999000,10996000
2617,33364000,22000000,11004000
2618,33503000,22131000,11123000
2619,33364000,21868000,11004000
2620,33384000,22012000,11008000
2621,33360000,21984000,10999000
2622,33438000,22072000,11063000
2623,35157000,23725000,12788000
2624,35366000,22214000,11002000
2625,33290000,21924000,10933000
2626,33442000,22145000,11071000
2627,33290000,21855000,10934000
2628,33373000,22074000,11007000
2629,33297000,21926000,10934000
2630,33380000,22082000,11008000
2631,33286000,21914000,10929000
2632,35095000,23802000,12724000
2633,35370000,22282000,11006000
2634,33382000,22012000,11018000
2635,33446000,22064000,11085000
2636,33329000,21876000,10954000
2637,33507000,22185000,11146000
2638,33389000,21875000,11006000
2639,33366000,21992000,11014000
2640,33332000,21949000,10955000
2641,35114000,23791000,12753000
2642,35388000,22267000,11013000
2643,33394000,22013000,11034000
2644,33318000,21916000,10942000
2645,33306000,21996000,10945000
2646,33321000,22007000,10946000
2647,33377000,22064000,11011000
2648,33319000,21940000,10949000
2649,33381000,22064000,11020000
2650,35127000,23738000,12752000
2651,35322000,22203000,10954000
2652,33395000,22072000,11027000
2653,33318000,21923000,10957000
2654,33337000,22012000,10961000
2655,33317000,21988000,10957000
2656,33337000,22011000,10960000
2657,33328000,22000000,10968000
2658,33336000,22000000,10960000
2659,35196000,23867000,12835000
2660,35412000,22210000,11037000
2661,33270000,21865000,10909000
2662,33412000,22135000,11037000
2663,33333000,21928000,10972000
2664,33348000,22008000,10973000
2665,33353000,22012000,10993000
2666,33353000,21992000,10977000
2667,33325000,21980000,10968000
2668,35149000,23817000,12778000
2669,35349000,22207000,10985000
2670,33353000,22004000,10989000
2671,33413000,22060000,11057000
2672,33419000,21998000,11047000
2673,33407000,21996000,11050000
2674,33360000,21946000,10989000
2675,33556000,22203000,11193000
2676,33425000,21862000,11054000
2677,35144000,23726000,12787000
2678,35426000,22275000,11055000
2679,33348000,21929000,10991000
2680,33359000,22004000,10988000
2681,33356000,22004000,10999000
2682,33363000,22000000,10992000
2683,33352000,21996000,10988000
2684,33352000,22000000,10988000
2685,33344000,21992000,10988000
2686,35167000,23815000,12795000
2687,35363000,22204000,10991000
2688,33301000,21945000,10947000
2689,33378000,22067000,11018000
2690,33382000,22000000,11011000
2691,33367000,21992000,11010000
2692,33382000,22008000,11011000
2693,33376000,22001000,11014000
2694,33373000,21995000,11007000
2695,35104000,23733000,12748000
2696,35390000,22277000,11018000
2697,33306000,21924000,10948000
2698,33389000,22076000,11017000
2699,33383000,22001000,11025000
2700,33383000,21994000,11012000
2701,33302000,21926000,10945000
2702,33375000,22066000,11004000
2703,33302000,21934000,10945000
2704,35050000,23741000,12679000
2705,34414000,21371000,11050000
2706,33357000,21942000,10992000
2707,33349000,21993000,10992000
2708,33425000,22069000,11054000
2709,33349000,21931000,10992000
2710,33285000,21929000,10914000
2711,33349000,22071000,10988000
2712,33360000,22004000,10985000
2713,35154000,23801000,12793000
2714,35366000,22205000,10991000
2715,33287000,21927000,10925000
2716,33432000,22138000,11056000
2717,33354000,21930000,10996000
2718,33364000,21999000,10985000
2719,33350000,21996000,10988000
2720,33368000,22012000,11000000
2721,33373000,22005000,11006000
2722,35102000,23728000,12726000
2723,35304000,22209000,10935000
2724,33382000,22079000,11014000
2725,33366000,21984000,10999000
2726,33376000,22008000,11006000
2727,33448000,22074000,11087000
2728,33382000,21926000,11006000
2729,33308000,21934000,10941000
2730,33444000,22134000,11074000
2731,35114000,23671000,12753000
2732,35316000,22194000,10940000
2733,33301000,21993000,10940000
2734,33401000,22093000,11025000
2735,33377000,21984000,11009000
2736,33446000,22069000,11078000
2737,33385000,21939000,11017000
2738,33386000,22000000,11017000
2739,33374000,21988000,11012000
2740,35124000,23744000,12749000
2741,35315000,22198000,10951000
2742,33319000,22004000,10955000
2743,33380000,22061000,11023000
2744,33329000,21942000,10958000
2745,33322000,22000000,10966000
2746,33474000,22143000,11097000
2747,33383000,21918000,11019000
2748,33456000,22073000,11092000
2749,35137000,23680000,12772000
2750,35334000,22198000,10970000
2751,33334000,21999000,10978000
2752,33410000,22069000,11038000
2753,33337000,21935000,10980000
2754,33344000,22000000,10973000
2755,33346000,22009000,10990000
2756,33287000,21933000,10915000
2757,33337000,22058000,10981000
2758,35217000,23871000,12844000
2759,35402000,22193000,11038000
2760,33353000,21952000,10989000
2761,33350000,21996000,10992000
2762,33368000,22012000,10997000
2763,33345000,21984000,10988000
2764,33356000,22004000,10985000
2765,33345000,21996000,10988000
2766,33356000,22004000,10985000
2767,33345000,21996000,10989000
2768,33349000,21996000,10977000
2769,33345000,22004000,10989000
2770,33493000,22140000,11117000
2771,33407000,21922000,11046000
2772,33355000,21941000,10983000
2773,33410000,22059000,11047000
2774,33289000,21873000,10912000
2775,33273000,21993000,10912000
2776,33351000,22071000,10976000
2777,33410000,22066000,11042000
2778,33807000,22397000,11438000
2779,34301000,22493000,10942000
2780,33312000,22011000,10951000
2781,33389000,22070000,11013000
2782,33307000,21926000,10947000
2783,33329000,22014000,10956000
2784,33310000,21986000,10946000
2785,33324000,22010000,10949000
2786,33394000,22077000,11026000
2787,33321000,21927000,10953000
2788,33314000,21993000,10948000
2789,33387000,22071000,11017000
2790,33318000,21932000,10957000
2791,33389000,22064000,11013000
2792,33306000,21925000,10946000
2793,33330000,22015000,10953000
2794,33384000,22063000,11017000
2795,33319000,21933000,10949000
2796,33309000,21992000,10942000
2797,33319000,22008000,10950000
2798,33313000,21995000,10952000
2799,33382000,22063000,11007000
2800,33234000,21859000,10873000
2801,33390000,22149000,11015000
2802,33301000,21917000,10943000
2803,33827000,22520000,11455000
2804,34405000,22585000,11058000
2805,33296000,21882000,10930000
2806,33420000,22126000,11049000
2807,33273000,21859000,10915000
2808,33364000,22085000,10993000
2809,33353000,21995000,10996000
2810,33284000,21925000,10913000
2811,33416000,22139000,11060000
2812,33297000,21872000,10924000
2813,36388000,25099000,11771000
2814,34018000,21884000,10907000
2815,33395000,22124000,11039000
2816,33342000,21938000,10969000
2817,33326000,21992000,10968000
2818,33345000,22012000,10973000
2819,33264000,21926000,10907000
2820,33350000,22079000,10978000
2821,33398000,22056000,11041000
2822,35437000,24032000,11062000
2823,33344000,21914000,10984000
2824,33361000,22009000,10985000
2825,33285000,21932000,10924000
2826,33806000,22513000,11430000
2827,34381000,22583000,11030000
2828,33328000,21938000,10959000
2829,33329000,22002000,10953000
2830,33324000,22003000,10963000
2831,34309000,22978000,10934000
2832,33364000,22062000,11006000
2833,33749000,22374000,11364000
2834,34778000,23040000,11422000
2835,34369000,22582000,11001000
2836,33377000,22012000,11011000
2837,33823000,22443000,11446000
2838,34329000,22514000,10978000
2839,33272000,21934000,10905000
2840,33347000,22074000,10969000
2841,33784000,22446000,11422000
2842,34371000,22581000,11013000
2843,33312000,21939000,10945000
2844,33386000,22072000,11007000
2845,33315000,21939000,10955000
2846,33318000,21996000,10942000
2847,33300000,21990000,10940000
2848,33322000,22014000,10946000
2849,34356000,23042000,10988000
2850,33357000,22000000,10989000
2851,33349000,21992000,10989000
2852,33297000,21940000,10928000
2853,33358000,22061000,10990000
2854,33365000,22008000,10992000
2855,33355000,21995000,10992000
2856,33421000,22061000,11045000
2857,33296000,21883000,10935000
2858,34395000,23092000,11020000
2859,33315000,21927000,10954000
2860,33397000,22074000,11022000
2861,33786000,22396000,11423000
2862,34371000,22579000,11013000
2863,33369000,21996000,11000000
2864,33782000,22414000,11405000
2865,34323000,22549000,10972000
2866,33404000,22072000,11034000
2867,34326000,22924000,10951000
2868,33372000,22052000,11010000
2869,33308000,21930000,10937000
2870,33436000,22135000,11075000
2871,33383000,21939000,11008000
2872,33304000,21928000,10942000
2873,33387000,22076000,11013000
2874,33436000,22056000,11074000
2875,33303000,21861000,10924000
2876,35300000,24012000,10944000
2877,33231000,21922000,10866000
2878,33379000,22149000,11019000
2879,33250000,21863000,10874000
2880,33446000,22204000,11086000
2881,33326000,21872000,10942000
2882,33366000,22056000,11014000
2883,33326000,21944000,10950000
2884,33385000,22067000,11025000
2885,35336000,23943000,10960000
2886,33400000,22072000,11039000
2887,33321000,21914000,10946000
2888,33314000,22000000,10954000
2889,33278000,21956000,10902000
2890,33253000,21983000,10895000
2891,33323000,22060000,10945000
2892,33317000,22004000,10956000
2893,33320000,21996000,10948000
2894,35471000,24155000,11100000
2895,33330000,21861000,10962000
2896,33395000,22065000,11033000
2897,33347000,21944000,10962000
2898,33326000,21996000,10976000
2899,33858000,22513000,11478000
2900,34300000,22453000,10949000
2901,33309000,21999000,10932000
2902,33305000,22004000,10936000
2903,34281000,22977000,10920000
2904,33353000,22065000,10977000
2905,33799000,22453000,11438000
2906,34855000,23048000,11490000
2907,34361000,22505000,10985000
2908,33804000,22456000,11446000
2909,34458000,22643000,11099000
2910,33913000,22454000,11542000
2911,34908000,22996000,11544000
2912,34925000,23016000,11552000
2913,34905000,22984000,11544000
2914,34950000,23041000,11577000
2915,34921000,22975000,11560000
2916,34970000,23045000,11597000
2917,34885000,22918000,11524000
2918,34516000,22628000,11148000
2919,33901000,22389000,11534000
2920,36638000,24735000,13267000
2921,36852000,23212000,11479000
2922,34974000,23126000,11613000
2923,35104000,23126000,11731000
2924,35893000,23793000,11524000
2925,34991000,23101000,11626000
2926,35886000,23891000,11524000
2927,34913000,23024000,11540000
2928,34954000,23045000,11593000
2929,34865000,22906000,11492000
2930,35045000,23185000,11683000
2931,36136000,24087000,11763000
2932,36145000,24012000,11783000
2933,35937000,23789000,11564000
2934,34979000,23046000,11618000
2935,35020000,23036000,11646000
2936,34917000,22902000,11555000
2937,36626000,24706000,13247000
2938,36849000,23226000,11488000
2939,34919000,23066000,11546000
2940,34886000,22970000,11524000
2941,34860000,22970000,11487000
2942,34906000,23051000,11545000
2943,34876000,22966000,11503000
2944,34970000,23098000,11609000
2945,34891000,22916000,11517000
2946,34849000,22963000,11488000
2947,34886000,23032000,11512000
2948,34873000,22992000,11512000
2949,34967000,23090000,11594000
2950,34938000,22975000,11577000
2951,34987000,23045000,11614000
2952,34966000,22983000,11605000
2953,34925000,22955000,11552000
2954,34898000,22976000,11537000
2955,34878000,22977000,11505000
2956,34979000,23105000,11618000
2957,34966000,22983000,11593000
2958,34943000,22980000,11582000
2959,34905000,22959000,11532000
2960,34877000,22975000,11516000
2961,34925000,23045000,11552000
2962,34889000,22968000,11528000
2963,36670000,24777000,13291000
2964,36899000,23233000,11538000
2965,34886000,22982000,11512000
2966,34987000,23106000,11626000
2967,34848000,22856000,11475000
2968,35007000,23164000,11646000
2969,35049000,23038000,11671000
2970,34472000,22426000,11115000
2971,33541000,22066000,11164000
2972,33470000,21938000,11102000
2973,33470000,22000000,11110000
2974,33408000,21930000,11032000
2975,33470000,22069000,11109000
2976,33476000,22000000,11101000
2977,33478000,22009000,11117000
2978,33407000,21921000,11031000
2979,33469000,22069000,11109000
2980,33477000,22001000,11101000
2981,35202000,23733000,12842000
2982,35643000,22433000,11259000
2983,33489000,21853000,11129000
2984,33504000,22008000,11128000
2985,33484000,21988000,11124000
2986,33431000,21939000,11055000
2987,33349000,21926000,10989000
2988,33422000,22065000,11046000
2989,33480000,22065000,11118000
2990,35162000,23676000,12787000
2991,35496000,22340000,11127000
2992,33504000,22008000,11136000
2993,33491000,21988000,11131000
2994,33511000,22012000,11135000
2995,33499000,21996000,11139000
2996,33651000,22144000,11276000
2997,33883000,22232000,11514000
2998,34923000,23041000,11560000
2999,34970000,23045000,11596000
3000,34875000,22910000,11515000
3001,34909000,23028000,11535000
3002,34131000,22227000,11436000
3003,35587000,23786000,11548000
3004,34958000,23040000,11597000
3005,34943000,22981000,11569000
3006,34909000,22970000,11547000
3007,34950000,23037000,11577000
3008,34922000,22976000,11561000
3009,34958000,23033000,11585000
3010,35073000,23119000,11712000
3011,35491000,23414000,11123000
3012,33487000,22000000,11122000
3013,33490000,21999000,11114000
3014,33478000,21996000,11117000
3015,33494000,22009000,11118000
3016,33473000,21987000,11112000
3017,34471000,22991000,11100000
3018,33456000,21992000,11099000
3019,33451000,21988000,11080000
3020,33444000,22000000,11087000
3021,33464000,22013000,11101000
3022,33452000,21986000,11086000
3023,33450000,22000000,11079000
3024,33443000,22000000,11087000
3025,33528000,22077000,11156000
3026,35467000,23947000,11111000
3027,33533000,22058000,11161000
3028,33451000,21926000,11097000
3029,33465000,22004000,11091000
3030,33386000,21930000,11028000
3031,33453000,22061000,11082000
3032,33450000,22004000,11094000
3033,33470000,22012000,11098000
3034,33450000,21987000,11093000
3035,35482000,24025000,11118000
3036,33478000,21996000,11114000
3037,33478000,21999000,11112000
3038,33617000,22141000,11247000
3039,33472000,21855000,11093000
3040,33388000,21930000,11038000
3041,33484000,22082000,11113000
3042,33469000,21991000,11111000
3043,33476000,22000000,11104000
3044,36437000,24968000,11802000
3045,34174000,22008000,11080000
3046,33457000,22013000,11100000
3047,33451000,21987000,11080000
3048,33440000,21996000,11084000
3049,33472000,22024000,11100000
3050,33443000,21979000,11086000
3051,33450000,22000000,11079000
3052,33443000,22000000,11087000
3053,35479000,24028000,11107000
3054,33463000,21992000,11106000
3055,33466000,21996000,11095000
3056,33463000,22003000,11105000
3057,33547000,22077000,11176000
3058,33393000,21854000,11036000
3059,33465000,22065000,11094000
3060,33458000,22000000,11102000
3061,33470000,22003000,11097000
3062,35478000,24017000,11114000
3063,33470000,21992000,11106000
3064,33470000,22000000,11113000
3065,33484000,22007000,11113000
3066,33465000,21988000,11111000
3067,33479000,22004000,11097000
3068,33461000,21999000,11114000
3069,33479000,22000000,11104000
3070,33395000,21927000,11039000
3071,35501000,24097000,11120000
3072,33403000,21919000,11054000
3073,33495000,22077000,11124000
3074,33420000,21931000,11062000
3075,33491000,22065000,11120000
3076,33480000,21996000,11124000
3077,33501000,22012000,11128000
3078,33479000,21987000,11123000
3079,33418000,21931000,11046000
3080,35509000,24098000,11144000
3081,33483000,21975000,11119000
3082,33422000,21938000,11066000
3083,33499000,22070000,11127000
3084,33421000,21930000,11064000
3085,33498000,22069000,11133000
3086,33358000,21861000,10994000
3087,33362000,22003000,10990000
3088,33288000,21934000,10931000
3089,35452000,24157000,11081000
3090,33502000,22057000,11145000
3091,33440000,21931000,11069000
3092,33433000,22000000,11076000
3093,33584000,22144000,11207000
3094,33436000,21859000,11072000
3095,33497000,22061000,11133000
3096,33370000,21873000,11013000
3097,33443000,22065000,11071000
3098,35448000,24012000,11084000
3099,33440000,21993000,11068000
3100,33432000,21999000,11082000
3101,33380000,21934000,11009000
3102,33435000,22062000,11078000
3103,33450000,22008000,11079000
3104,33373000,21930000,11017000
3105,33447000,22066000,11075000
3106,33438000,21999000,11082000
3107,35475000,24028000,11102000
3108,33464000,21997000,11106000
3109,33465000,21995000,11094000
3110,33393000,21934000,11036000
3111,33528000,22127000,11155000
3112,33454000,21935000,11098000
3113,33466000,22003000,11093000
3114,33527000,22070000,11170000
3115,33464000,21930000,11100000
3116,35477000,24012000,11105000
3117,33470000,22000000,11105000
3118,33392000,21922000,11035000
3119,33403000,22005000,11032000
3120,33391000,21995000,11034000
3121,33472000,22073000,11100000
3122,33534000,22069000,11168000
3123,33464000,21931000,11100000
3124,33460000,21995000,11102000
3125,35422000,23955000,11050000
3126,33407000,21992000,11052000
3127,33486000,22069000,11111000
3128,33345000,21869000,10988000
3129,33548000,22196000,11176000
3130,33631000,22091000,11263000
3131,33494000,21856000,11123000
3132,33414000,21926000,11056000
3133,33424000,22004000,11053000
3134,35434000,24016000,11076000
3135,33433000,21992000,11061000
3136,33577000,22152000,11217000
3137,33577000,21991000,11200000
3138,33421000,21853000,11067000
3139,33570000,22139000,11191000
3140,33421000,21860000,11063000
3141,33435000,22008000,11064000
3142,33356000,21928000,10999000
3143,35444000,24080000,11072000
3144,33425000,21988000,11068000
3145,33440000,22008000,11068000
3146,33436000,22004000,11080000
3147,33444000,22000000,11080000
3148,33444000,21999000,11079000
3149,33451000,22008000,11079000
3150,33504000,22061000,11147000
3151,33438000,21927000,11067000
3152,35443000,24012000,11082000
3153,33508000,22061000,11140000
3154,33435000,21931000,11081000
3155,33449000,22003000,11074000
3156,33439000,22000000,11081000
3157,33378000,21933000,11007000
3158,33512000,22141000,11155000
3159,33449000,21930000,11078000
3160,33503000,22061000,11146000
3161,35474000,23964000,11103000
3162,33523000,22056000,11166000
3163,33392000,21862000,11021000
3164,33450000,22064000,11092000
3165,33456000,22000000,11085000
3166,33518000,22069000,11162000
3167,33396000,21870000,11024000
3168,33380000,21992000,11023000
3169,33452000,22064000,11080000
3170,36494000,25050000,11875000
3171,34322000,22083000,11207000
3172,33366000,21789000,11012000
3173,33582000,22206000,11203000
3174,33432000,21860000,11076000
3175,33444000,22003000,11071000
3176,33505000,22069000,11147000
3177,33442000,21931000,11071000
3178,33427000,21992000,11071000
3179,34418000,22983000,11046000
3180,33475000,22065000,11119000
3181,33414000,21931000,11042000
3182,33406000,21999000,11049000
3183,33414000,22000000,11041000
3184,33401000,21996000,11044000
3185,33408000,22000000,11040000
3186,33417000,22013000,11057000
3187,33630000,22209000,11253000
3188,36516000,24892000,11807000
3189,33973000,21801000,10952000
3190,33454000,22138000,11097000
3191,33387000,21926000,11016000
3192,33519000,22139000,11162000
3193,33526000,21999000,11154000
3194,33384000,21865000,11027000
3195,33465000,22074000,11085000
3196,33441000,21991000,11091000
3197,35411000,23955000,11048000
3198,33477000,22066000,11112000
3199,33476000,21999000,11104000
3200,33861000,22393000,11504000
3201,34920000,23050000,11559000
3202,34420000,22500000,11056000
3203,33948000,22531000,11586000
3204,35902000,23952000,11542000
3205,34867000,22964000,11498000
3206,34895000,23032000,11538000
3207,34879000,22980000,11510000
3208,34921000,23046000,11564000
3209,34891000,22965000,11521000
3210,34866000,22979000,11508000
3211,34914000,23045000,11545000
3212,34870000,22959000,11512000
3213,34848000,22975000,11479000
3214,36782000,24938000,13425000
3215,36853000,23067000,11476000
3216,34891000,23050000,11542000
3217,34888000,22984000,11518000
3218,34853000,22970000,11496000
3219,34891000,23033000,11516000
3220,34870000,22985000,11510000
3221,34915000,23040000,11542000
3222,34883000,22971000,11521000
3223,34852000,22966000,11479000
3224,34891000,23042000,11529000
3225,34860000,22966000,11487000
3226,34851000,22995000,11490000
3227,34941000,23086000,11568000
3228,34915000,22978000,11554000
3229,34879000,22959000,11505000
3230,34917000,23043000,11556000
3231,34899000,22977000,11526000
3232,34842000,22947000,11480000
3233,34980000,23135000,11607000
3234,34890000,22914000,11529000
3235,34929000,23035000,11556000
3236,34907000,22982000,11546000
3237,34857000,22946000,11484000
3238,34898000,23045000,11537000
3239,34892000,22989000,11518000
3240,36586000,24699000,13219000
3241,36888000,23297000,11514000
3242,35024000,23141000,11662000
3243,35420000,23392000,11044000
3244,33412000,22003000,11054000
3245,33422000,22000000,11054000
3246,33495000,22074000,11128000
3247,33373000,21876000,10989000
3248,33406000,22050000,11053000
3249,33425000,22004000,11050000
3250,33422000,22003000,11060000
3251,33420000,21992000,11045000
3252,33483000,22069000,11122000
3253,33420000,21931000,11049000
3254,33409000,21996000,11052000
3255,33886000,22470000,11514000
3256,34920000,23041000,11568000
3257,34897000,22967000,11527000
3258,36078000,24185000,11717000
3259,35925000,23844000,11544000
3260,34892000,22978000,11539000
3261,34881000,22978000,11508000
3262,34921000,23043000,11559000
3263,34880000,22956000,11507000
3264,34873000,22997000,11512000
3265,34897000,23019000,11524000
3266,34868000,22976000,11507000
3267,34922000,23050000,11549000
3268,34880000,22961000,11519000
3269,34860000,22977000,11487000
3270,34896000,23040000,11535000
3271,34860000,22960000,11487000
3272,34908000,23052000,11547000
3273,34876000,22964000,11503000
3274,34921000,23049000,11560000
3275,36698000,24773000,13319000
3276,36851000,23157000,11490000
3277,34922000,23067000,11549000
3278,34881000,22962000,11519000
3279,34857000,22972000,11484000
3280,34897000,23045000,11536000
3281,34860000,22959000,11487000
3282,34365000,22509000,11009000
3283,33894000,22524000,11523000
3284,34867000,22975000,11503000
3285,34900000,23032000,11527000
3286,34889000,22993000,11528000
3287,34860000,22967000,11487000
3288,34896000,23040000,11535000
3289,34860000,22959000,11486000
3290,34901000,23046000,11540000
3291,34868000,22963000,11487000
3292,34828000,22972000,11475000
3293,34959000,23118000,11586000
3294,35000000,23045000,11638000
3295,34844000,22841000,11471000
3296,34882000,23041000,11520000
3297,34840000,22955000,11467000
3298,34821000,22985000,11460000
3299,34868000,23042000,11494000
3300,34830000,22967000,11469000
3301,36674000,24840000,13295000
3302,36917000,23247000,11556000
3303,34909000,22987000,11535000
3304,34880000,22975000,11518000
3305,34917000,23034000,11544000
3306,34880000,22966000,11518000
3307,34921000,23038000,11548000
3308,34889000,22971000,11527000
3309,34859000,22966000,11486000
3310,34442000,22588000,11086000
3311,33835000,22389000,11465000
3312,34879000,23045000,11515000
3313,34917000,23037000,11544000
3314,34888000,22974000,11526000
3315,34856000,22965000,11483000
3316,34896000,23044000,11535000
3317,34875000,22975000,11502000
3318,34913000,23042000,11552000
3319,34892000,22974000,11518000
3320,34865000,22977000,11504000
3321,34838000,22970000,11465000
3322,34863000,23029000,11502000
3323,34838000,22971000,11465000
3324,34875000,23041000,11514000
3325,34917000,23038000,11544000
3326,34892000,22978000,11530000
3327,34928000,23033000,11555000
3328,35043000,23119000,11674000
3329,35912000,23865000,11531000
3330,34883000,22983000,11530000
3331,34925000,23030000,11552000
3332,35860000,23938000,11498000
3333,34377000,22514000,11009000
3334,33905000,22531000,11537000
3335,34893000,22987000,11530000
3336,34860000,22965000,11487000
3337,34832000,22976000,11471000
3338,34867000,23030000,11493000
3339,34896000,23033000,11534000
3340,34884000,22984000,11511000
3341,34844000,22965000,11483000
3342,34432000,22584000,11064000
3343,33875000,22447000,11508000
3344,34860000,22983000,11497000
3345,34903000,23041000,11530000
3346,34866000,22967000,11505000
3347,34840000,22970000,11467000
3348,34895000,23058000,11533000
3349,34461000,22562000,11093000
3350,34072000,22616000,11706000
3351,35951000,23875000,11587000
3352,34927000,22976000,11554000
3353,34884000,22960000,11522000
3354,34909000,23022000,11536000
3355,34420000,22515000,11064000
3356,33586000,22162000,11212000
3357,33891000,22304000,11504000
3358,34460000,22586000,11116000
3359,33399000,21923000,11029000
3360,33409000,22011000,11033000
3361,33459000,22058000,11099000
3362,33475000,22008000,11099000
3363,33467000,21999000,11098000
3364,33397000,21931000,11029000
3365,33401000,22004000,11041000
3366,33474000,22065000,11098000
3367,33393000,21926000,11032000
3368,33416000,22016000,11040000
3369,33838000,22430000,11477000
3370,34437000,22591000,11078000
3371,33446000,22007000,11077000
3372,33449000,22004000,11072000
3373,33428000,21988000,11068000
3374,33513000,22077000,11137000
3375,33497000,21992000,11136000
3376,33451000,21946000,11068000
3377,33428000,21992000,11075000
3378,33457000,22013000,11080000
3379,33368000,21919000,11007000
3380,33442000,22068000,11067000
3381,33381000,21945000,11016000
3382,33431000,22050000,11066000
3383,33423000,21992000,11065000
3384,33445000,22016000,11074000
3385,33430000,21992000,11074000
3386,34627000,23188000,11246000
3387,33397000,21779000,11033000
3388,33474000,22077000,11110000
3389,33397000,21923000,11040000
3390,33485000,22081000,11114000
3391,33408000,21930000,11051000
3392,33492000,22077000,11117000
3393,33469000,21984000,11108000
3394,33480000,22004000,11109000
3395,33408000,21934000,11050000
3396,33418000,22004000,11047000
3397,33403000,21992000,11046000
3398,33487000,22077000,11116000
3399,36432000,24952000,11806000
3400,34126000,21955000,11023000
3401,33452000,22065000,11095000
3402,33467000,22007000,11095000
3403,33521000,22061000,11164000
3404,33454000,21927000,11083000
3405,33443000,21996000,11083000
3406,33404000,21952000,11027000
3407,33378000,21983000,11017000
3408,34449000,23063000,11754000
3409,34116000,21993000,11073000
3410,33437000,21995000,11068000
3411,33432000,21996000,11065000
3412,33441000,22008000,11065000
3413,33421000,21988000,11061000
3414,33368000,21938000,10999000
3415,33428000,22062000,11060000
3416,33427000,21999000,11052000
3417,36400000,24980000,11774000
3418,34212000,22069000,11105000
3419,33392000,21923000,11028000
3420,33400000,22008000,11036000
3421,33388000,21988000,11031000
3422,33407000,22011000,11035000
3423,33391000,21992000,11034000
3424,33479000,22081000,11108000
3425,33391000,21919000,11035000
3426,35431000,24032000,11059000
3427,33407000,21984000,11051000
3428,33427000,22012000,11055000
3429,33411000,21991000,11056000
3430,33428000,22008000,11054000
3431,33406000,21988000,11050000
3432,33426000,22012000,11054000
3433,33471000,22053000,11115000
3434,33431000,21951000,11058000
3435,35422000,24000000,11065000
3436,33433000,22003000,11061000
3437,33427000,22001000,11071000
3438,33437000,22003000,11065000
3439,33421000,21992000,11064000
3440,33436000,22008000,11061000
3441,33421000,21992000,11060000
3442,33436000,22007000,11060000
3443,33486000,22058000,11130000
3444,35526000,24032000,11154000
3445,33362000,21844000,11005000
3446,33381000,22012000,11010000
3447,33432000,22058000,11075000
3448,33443000,22004000,11080000
3449,33370000,21926000,11005000
3450,33443000,22073000,11072000
3451,33436000,22000000,11079000
3452,33443000,22000000,11071000
3453,35444000,24008000,11079000
3454,33381000,21938000,11017000
3455,33435000,22054000,11079000
3456,33385000,21942000,11013000
3457,33439000,22062000,11083000
3458,33451000,22003000,11078000
3459,33508000,22066000,11152000
3460,33381000,21865000,11001000
3461,33434000,22069000,11085000
3462,35477000,24028000,11106000
3463,33454000,21984000,11097000
3464,33396000,21935000,11025000
3465,33394000,22004000,11037000
3466,33470000,22068000,11098000
3467,33449000,21988000,11092000
3468,33469000,22012000,11097000
3469,33384000,21923000,11027000
3470,33464000,22073000,11093000
3471,35396000,23939000,11032000
3472,33333000,21937000,10969000
3473,33853000,22520000,11496000
3474,34920000,23059000,11560000
3475,34948000,23027000,11579000
3476,34849000,22904000,11491000
3477,34901000,23048000,11532000
3478,34388000,22492000,11036000
3479,33860000,22467000,11493000
3480,34904000,23045000,11543000
3481,34888000,22983000,11518000
3482,34515000,22631000,11158000
3483,33844000,22325000,11466000
3484,34886000,23051000,11530000
3485,34396000,22501000,11028000
3486,33849000,22458000,11482000
3487,34367000,22516000,11013000
3488,35113000,23744000,12747000
3489,35446000,22335000,11075000
3490,33906000,22466000,11547000
3491,34414000,22501000,11059000
3492,33825000,22410000,11459000
3493,34399000,22575000,11044000
3494,33391000,21991000,11025000
3495,33401000,22012000,11030000
3496,33386000,21992000,11030000
3497,35143000,23748000,12770000
3498,35405000,22271000,11041000
3499,33394000,21988000,11029000
3500,33393000,22000000,11036000
3501,33404000,22003000,11032000
3502,33389000,21993000,11032000
3503,33342000,21946000,10978000
3504,33411000,22069000,11047000
3505,33407000,21996000,11036000
3506,35134000,23733000,12779000
3507,35434000,22291000,11060000
3508,33416000,21992000,11060000
3509,33353000,21929000,10981000
3510,33423000,22078000,11066000
3511,33288000,21858000,10917000
3512,33411000,22130000,11054000
3513,33426000,22008000,11055000
3514,32589000,21170000,10900000
3515,34796000,23521000,12746000
3516,35377000,22267000,11013000
3517,33373000,21996000,11009000
3518,33377000,22004000,11021000
3519,33852000,22466000,11478000
3520,34822000,22979000,11470000
3521,34883000,23051000,11513000
3522,34902000,23023000,11544000
3523,34878000,22972000,11509000
3524,34856000,22982000,11498000
3525,34878000,23019000,11509000
3526,34391000,22517000,11039000
3527,33856000,22461000,11489000
3528,34892000,23038000,11533000
3529,34867000,22973000,11498000
3530,34836000,22973000,11479000
3531,34829000,22989000,11460000
3532,34846000,23020000,11488000
3533,34886000,23036000,11515000
3534,35901000,24020000,11545000
3535,34812000,22907000,11443000
3536,34378000,22570000,11026000
3537,33391000,22009000,11026000
3538,33385000,21995000,11020000
3539,33384000,22000000,11020000
3540,33310000,21926000,10939000
3541,33370000,22066000,11012000
3542,35400000,24023000,11028000
3543,33320000,21927000,10963000
3544,33395000,22069000,11024000
3545,33380000,21992000,11023000
3546,33464000,22077000,11093000
3547,33384000,21926000,11026000
3548,33398000,22008000,11027000
3549,33375000,21984000,11018000
3550,33394000,22012000,11023000
3551,35395000,24008000,11031000
3552,33396000,22000000,11031000
3553,33391000,21996000,11035000
3554,33403000,22004000,11031000
3555,33390000,21995000,11033000
3556,33401000,22004000,11030000
3557,33529000,22135000,11168000
3558,33413000,21876000,11037000
3559,33395000,21989000,11035000
3560,35434000,24032000,11058000
3561,33406000,21980000,11045000
3562,33421000,22007000,11045000
3563,33413000,22000000,11052000
3564,34671000,23251000,11284000
3565,33602000,21942000,11233000
3566,33396000,21784000,11014000
3567,33378000,21992000,11018000
3568,33398000,22012000,11022000
3569,34288000,22898000,10924000
3570,33291000,21998000,10923000
3571,33431000,22140000,11065000
3572,33375000,21938000,10992000
3573,33344000,21980000,10983000
3574,33494000,22142000,11111000
3575,33344000,21862000,10988000
3576,33307000,21946000,10931000
3577,33284000,21982000,10919000
3578,35325000,24033000,10946000
3579,33317000,21999000,10944000
3580,33238000,21923000,10867000
3581,33305000,22065000,10939000
3582,33318000,22007000,10939000
3583,33304000,21993000,10942000
3584,33322000,22008000,10940000
3585,33222000,21910000,10857000
3586,33319000,22090000,10940000
3587,35312000,23999000,10940000
3588,33320000,22009000,10948000
3589,33318000,21998000,10953000
3590,33324000,21999000,10945000
3591,33310000,21993000,10946000
3592,33325000,22007000,10945000
3593,33315000,21998000,10951000
3594,33325000,22002000,10945000
3595,33311000,21993000,10946000
3596,35285000,23967000,10905000
3597,33318000,22041000,10953000
3598,33337000,22012000,10958000
3599,33322000,21992000,10957000
3600,33333000,22003000,10953000
3601,33317000,21992000,10952000
3602,33336000,22012000,10964000
3603,33332000,21996000,10961000
3604,33337000,22003000,10957000
3605,35337000,24009000,10965000
3606,33342000,22005000,10977000
3607,33338000,21988000,10970000
3608,33346000,22008000,10970000
3609,33330000,21992000,10970000
3610,33410000,22072000,11037000
3611,33345000,21936000,10973000
3612,33281000,21936000,10902000
3613,33342000,22068000,10978000
3614,35298000,23948000,10918000
3615,33345000,22055000,10980000
3616,33360000,22007000,10981000
3617,33282000,21929000,10917000
3618,33297000,22007000,10916000
3619,33278000,21989000,10912000
3620,33301000,22017000,10922000
3621,33285000,21990000,10921000
3622,33298000,22005000,10917000
3623,35295000,24005000,10923000
3624,33306000,22012000,10934000
3625,33289000,21983000,10924000
3626,33300000,22004000,10921000
3627,33285000,21992000,10921000
3628,33304000,22011000,10924000
3629,33281000,21984000,10916000
3630,33295000,22008000,10916000
3631,33285000,21996000,10921000
3632,35328000,24035000,10955000
3633,33309000,21983000,10938000
3634,33320000,22010000,10941000
3635,33299000,21986000,10933000
3636,33315000,22009000,10936000
3637,33299000,21991000,10937000
3638,33316000,22010000,10947000
3639,33224000,21909000,10856000
3640,33311000,22087000,10936000
3641,36272000,24968000,11646000
3642,34166000,22151000,11058000
3643,33292000,21861000,10916000
3644,33293000,22008000,10924000
3645,33285000,21992000,10924000
3646,33297000,22004000,10928000
3647,33293000,21998000,10925000
3648,33296000,22002000,10928000
3649,33298000,22002000,10929000
3650,35389000,24092000,11014000
3651,33297000,21915000,10936000
3652,33326000,22022000,10951000
3653,33293000,21974000,10932000
3654,33314000,22013000,10939000
3655,33284000,21978000,10924000
3656,33311000,22018000,10935000
3657,33296000,21994000,10935000
3658,33316000,22012000,10941000
3659,35313000,24004000,10944000
3660,33312000,21999000,10943000
3661,33312000,22001000,10951000
3662,33323000,22004000,10948000
3663,33308000,21992000,10947000
3664,33319000,22004000,10944000
3665,33309000,21996000,10947000
3666,33387000,22071000,11011000
3667,33308000,21929000,10947000
3668,35338000,24023000,10963000
3669,33386000,22055000,11021000
3670,33336000,21943000,10957000
3671,33249000,21920000,10884000
3672,33332000,22076000,10953000
3673,33331000,22005000,10965000
3674,33400000,22062000,11027000
3675,33334000,21934000,10954000
3676,33784000,22457000,11415000
3677,34756000,22973000,11396000
3678,34724000,22962000,11343000
3679,34686000,22967000,11326000
3680,34752000,23062000,11372000
3681,34775000,23027000,11422000
3682,34748000,22968000,11371000
3683,34784000,23040000,11430000
3684,34839000,23052000,11466000
3685,34792000,22957000,11439000
3686,34690000,22894000,11311000
3687,34748000,23062000,11388000
3688,34711000,22959000,11330000
3689,34732000,23024000,11375000
3690,34795000,23060000,11422000
3691,34758000,22966000,11404000
3692,34736000,22974000,11356000
3693,34761000,23030000,11408000
3694,34740000,22975000,11363000
3695,34715000,22979000,11354000
3696,34760000,23041000,11381000
3697,34720000,22963000,11360000
3698,34773000,23050000,11400000
3699,35021000,23252000,11667000
3700,35901000,23876000,11528000
3701,34778000,22881000,11425000
3702,34769000,22987000,11396000
3703,34813000,23047000,11459000
3704,34785000,22969000,11412000
3705,34748000,22966000,11388000
3706,34941000,23190000,11568000
3707,34748000,22811000,11372000
3708,34787000,23043000,11422000
3709,34771000,22980000,11410000
3710,34748000,22972000,11371000
3711,34715000,22972000,11350000
3712,34670000,22951000,11289000
3713,34260000,22594000,10904000
3714,33794000,22530000,11424000
3715,34305000,22512000,10946000
3716,33236000,21929000,10865000
3717,33315000,22081000,10939000
3718,33300000,21992000,10940000
3719,33316000,22009000,10940000
3720,33304000,21996000,10944000
3721,33325000,22012000,10949000
3722,33309000,21992000,10948000
3723,33311000,21995000,10935000
3724,33367000,22064000,11001000
3725,33306000,21937000,10943000
3726,33315000,22004000,10948000
3727,33787000,22470000,11409000
3728,34270000,22492000,10919000
3729,33279000,21999000,10909000
3730,33285000,22008000,10910000
3731,33270000,21992000,10908000
3732,33285000,22008000,10909000
3733,33274000,21997000,10914000
3734,33294000,22011000,10917000
3735,33337000,22052000,10976000
3736,33285000,21941000,10910000
3737,33341000,22063000,10981000
3738,33286000,21937000,10910000
3739,33270000,21992000,10902000
3740,33278000,22007000,10909000
3741,33267000,21990000,10909000
3742,33280000,22003000,10902000
3743,33350000,22080000,10989000
3744,33281000,21923000,10913000
3745,33273000,21993000,10905000
3746,33285000,22011000,10916000
3747,33281000,21997000,10913000
3748,33348000,22067000,10980000
3749,33284000,21935000,10915000
3750,33352000,22069000,10977000
3751,33263000,21918000,10909000
3752,33351000,22078000,10977000
3753,33271000,21929000,10913000
3754,33277000,21999000,10906000
3755,33266000,21997000,10909000
3756,33349000,22075000,10977000
3757,36367000,25025000,11749000
3758,34055000,21943000,10945000
3759,33452000,22142000,11091000
3760,33399000,21940000,11023000
3761,33375000,21984000,11014000
3762,33394000,22012000,11022000
3763,33311000,21921000,10947000
3764,33319000,22004000,10944000
3765,33370000,22058000,11013000
3766,34375000,22998000,11007000
3767,33351000,21980000,10992000
3768,33364000,22008000,10992000
3769,33348000,21992000,10992000
3770,33577000,22220000,11197000
3771,33422000,21853000,11064000
3772,33367000,21939000,10996000
3773,33352000,21992000,10995000
3774,33375000,22015000,11004000
3775,36400000,25033000,11696000
3776,34017000,21957000,10993000
3777,33409000,22052000,11052000
3778,33348000,21932000,10977000
3779,33400000,22058000,11043000
3780,33424000,22016000,11051000
3781,33345000,21930000,10991000
3782,33425000,22070000,11051000
3783,33329000,21914000,10972000
3784,35367000,24031000,10996000
3785,33353000,21993000,10997000
3786,33435000,22074000,11063000
3787,33357000,21930000,11001000
3788,33361000,21996000,10989000
3789,33349000,21995000,10992000
3790,33361000,22004000,10996000
3791,33356000,21997000,10992000
3792,33364000,22008000,10993000
3793,35363000,24006000,10999000
3794,33360000,21997000,10996000
3795,33347000,21987000,10991000
3796,33363000,22008000,10991000
3797,33355000,22000000,10998000
3798,33366000,22003000,10994000
3799,33356000,21997000,10999000
3800,33362000,21999000,10990000
3801,33354000,22000000,10998000
3802,35398000,24036000,11026000
3803,33362000,21972000,10998000
3804,33307000,21945000,10943000
3805,33292000,21985000,10936000
3806,33378000,22078000,11006000
3807,33296000,21925000,10939000
3808,33803000,22499000,11430000
3809,34743000,22949000,11384000
3810,34314000,22562000,10950000
3811,33828000,22518000,11458000
3812,34344000,22521000,10997000
3813,33290000,21936000,10926000
3814,33370000,22080000,10996000
3815,33739000,22379000,11376000
3816,34789000,23043000,11430000
3817,34374000,22582000,11009000
3818,33756000,22387000,11388000
3819,34336000,22578000,10982000
3820,33346000,22008000,10973000
3821,33345000,22008000,10981000
3822,33345000,22000000,10988000
3823,33815000,22462000,11442000
3824,34816000,23009000,11464000
3825,34350000,22525000,10985000
3826,33357000,22012000,10997000
3827,33820000,22458000,11446000
3828,34769000,22958000,11417000
3829,34352000,22573000,10987000
3830,33752000,22405000,11378000
3831,34323000,22576000,10976000
3832,33340000,22008000,10975000
3833,33339000,22000000,10967000
3834,33334000,22003000,10977000
3835,33341000,22000000,10962000
3836,33326000,22000000,10977000
3837,33341000,21999000,10969000
3838,33780000,22447000,11415000
3839,34848000,23068000,11496000
3840,34349000,22492000,10985000
3841,33275000,21929000,10913000
3842,33348000,22071000,10976000
3843,33344000,22004000,10988000
3844,33349000,21996000,10976000
3845,33337000,21997000,10980000
3846,33284000,21939000,10912000
3847,33337000,22061000,10973000
3848,33345000,22007000,10980000
3849,33333000,21989000,10976000
3850,33352000,22012000,10984000
3851,33778000,22430000,11418000
3852,34311000,22528000,10956000
3853,33314000,22002000,10948000
3854,33321000,22009000,10950000
3855,33314000,21999000,10952000
3856,33762000,22447000,11395000
3857,34265000,22505000,10918000
3858,33370000,22095000,11003000
3859,33367000,21999000,10995000
3860,33356000,21996000,10999000
3861,33355000,21993000,10984000
3862,33349000,22001000,10993000
3863,33759000,22402000,11381000
3864,34795000,23044000,11443000
3865,34752000,22948000,11376000
3866,34804000,23056000,11447000
3867,34309000,22501000,10937000
3868,33432000,22135000,11078000
3869,33315000,21872000,10935000
3870,33294000,21995000,10946000
3871,33312000,22002000,10940000
3872,33314000,22010000,10957000
3873,33785000,22464000,11413000
3874,34333000,22555000,10986000
3875,33362000,22020000,10996000
3876,33360000,22000000,10997000
3877,33366000,22005000,10994000
3878,33345000,21987000,10988000
3879,33356000,22004000,10985000
3880,33353000,22003000,10996000
3881,33360000,22001000,10989000
3882,33349000,21996000,10993000
3883,33370000,22013000,10998000
3884,33341000,21978000,10984000
3885,33351000,22004000,10980000
3886,33341000,21996000,10983000
3887,33814000,22467000,11442000
3888,34305000,22498000,10958000
3889,33315000,22000000,10948000
3890,33250000,21938000,10879000
3891,33169000,21926000,10812000
3892,33713000,22537000,11337000
3893,34808000,23101000,11452000
3894,34334000,22518000,10970000
3895,33787000,22457000,11424000
3896,34773000,22984000,11414000
3897,34808000,23033000,11439000
3898,34447000,22642000,11090000
3899,33319000,21869000,10953000
3900,33312000,21995000,10941000
3901,33756000,22451000,11391000
3902,34270000,22514000,10923000
3903,33297000,22018000,10931000
3904,33297000,22001000,10925000
3905,33868000,22579000,11511000
3906,34785000,22909000,11425000
3907,34752000,22966000,11377000
3908,34744000,22996000,11383000
3909,35915000,24167000,12551000
3910,34209000,21298000,10840000
3911,33196000,21992000,10832000
3912,33196000,21999000,10839000
3913,33142000,21939000,10770000
3914,33066000,21932000,10709000
3915,33137000,22064000,10762000
3916,33267000,22137000,10899000
3917,33284000,22013000,10908000
3918,33133000,21853000,10764000
3919,33137000,22000000,10764000
3920,33064000,21931000,10700000
3921,33137000,22068000,10764000
3922,33125000,21992000,10764000
3923,33297000,22165000,10917000
3924,33132000,21843000,10763000
3925,33127000,21992000,10752000
3926,33267000,22147000,10899000
3927,33063000,21792000,10694000
3928,33130000,22064000,10759000
3929,33063000,21932000,10691000
3930,33723000,22659000,11355000
3931,34700000,22971000,11335000
3932,34744000,23045000,11364000
3933,34720000,22980000,11360000
3934,34760000,23037000,11382000
3935,34264000,22507000,10911000
3936,35030000,23762000,12655000
3937,35373000,22341000,10993000
3938,33727000,22361000,11358000
3939,34726000,22992000,11361000
3940,34773000,23050000,11400000
3941,34720000,22950000,11360000
3942,34706000,22982000,11324000
3943,34279000,22578000,10927000
3944,33744000,22460000,11373000
3945,34714000,22969000,11348000
3946,34756000,23044000,11377000
3947,34184000,22432000,10832000
3948,33732000,22543000,11358000
3949,34684000,22951000,11313000
3950,34743000,23065000,11368000
3951,34110000,22367000,10758000
3952,33128000,22014000,10758000
3953,33125000,21995000,10750000
3954,33110000,21991000,10749000
3955,33257000,22139000,10880000
3956,33174000,21925000,10814000
3957,33120000,21939000,10744000
3958,33117000,22004000,10757000
3959,33124000,22000000,10748000
3960,33112000,21996000,10751000
3961,33116000,21997000,10741000
3962,33109000,21999000,10748000
3963,33121000,22005000,10737000
3964,33108000,22003000,10755000
3965,33119000,21996000,10744000
3966,33112000,22000000,10751000
3967,33119000,22000000,10744000
3968,33036000,21924000,10676000
3969,33120000,22076000,10744000
3970,33117000,22004000,10755000
3971,33125000,22001000,10749000
3972,34849000,23732000,12488000
3973,34145000,21289000,10773000
3974,33082000,21940000,10717000
3975,33076000,21991000,10701000
3976,33069000,22000000,10708000
3977,33144000,22068000,10769000
3978,33133000,21995000,10772000
3979,33140000,22000000,10764000
3980,33133000,22000000,10772000
3981,34818000,23678000,12442000
3982,34119000,21309000,10751000
3983,33119000,22000000,10751000
3984,33116000,21997000,10755000
3985,33124000,22000000,10748000
3986,33116000,22000000,10756000
3987,33127000,22003000,10751000
3988,33116000,21997000,10758000
3989,33129000,22003000,10751000
3990,34853000,23734000,12492000
3991,34150000,21290000,10775000
3992,33083000,21939000,10724000
3993,33156000,22064000,10778000
3994,33150000,22004000,10789000
3995,33085000,21928000,10710000
3996,33078000,21999000,10716000
3997,33157000,22072000,10781000
3998,33141000,21992000,10780000
3999,34977000,23829000,12602000
4000,35094000,22124000,10734000
4001,33102000,22000000,10726000
4002,33112000,22018000,10751000
4003,33096000,21977000,10721000
4004,33093000,22004000,10732000
4005,33096000,21996000,10721000
4006,33088000,21999000,10727000
4007,33120000,22024000,10745000
4008,34841000,23728000,12479000
4009,34147000,21299000,10771000
4010,33135000,21996000,10774000
4011,33062000,21920000,10694000
4012,33062000,22000000,10695000
4013,33063000,21999000,10687000
4014,33059000,22004000,10698000
4015,33078000,22012000,10702000
4016,33062000,21992000,10701000
4017,34813000,23744000,12438000
4018,34043000,21237000,10675000
4019,33117000,22074000,10749000
4020,33113000,21995000,10751000
4021,33127000,22007000,10751000
4022,33120000,22000000,10758000
4023,33054000,21927000,10678000
4024,33118000,22072000,10757000
4025,33124000,21998000,10749000
4026,33255000,22139000,10890000
4027,33100000,21838000,10717000
4028,33101000,22015000,10747000
4029,33105000,21990000,10730000
4030,33117000,22018000,10756000
4031,33121000,21996000,10744000
4032,33112000,22000000,10751000
4033,33116000,21997000,10741000
4034,33112000,22003000,10752000
4035,33120000,22000000,10744000
4036,33117000,22005000,10749000
4037,33112000,21995000,10744000
4038,33113000,22000000,10751000
4039,33103000,21983000,10727000
4040,33095000,21999000,10734000
4041,33118000,22016000,10742000
4042,33113000,22002000,10752000
4043,33314000,22195000,10939000
4044,33094000,21787000,10733000
4045,33101000,22000000,10726000
4046,33165000,22070000,10804000
4047,33168000,21996000,10793000
4048,33760000,22600000,11402000
4049,34811000,23044000,11456000
4050,34783000,22974000,11414000
4051,34894000,23115000,11541000
4052,35248000,23350000,10876000
4053,33752000,22508000,11384000
4054,34281000,22523000,10915000
4055,33284000,22005000,10907000
4056,33286000,22007000,10921000
4057,33285000,21992000,10906000
4058,33289000,22010000,10923000
4059,33294000,21998000,10906000
4060,33270000,21992000,10913000
4061,33293000,22008000,10914000
4062,33290000,22003000,10924000
4063,33286000,21990000,10907000
4064,33794000,22515000,11432000
4065,34772000,22971000,11408000
4066,34816000,23050000,11448000
4067,34246000,22429000,10893000
4068,33703000,22454000,11329000
4069,34306000,22600000,10947000
4070,33307000,22004000,10937000
4071,33376000,22066000,10996000
4072,33368000,22000000,10996000
4073,33443000,22075000,11071000
4074,33157000,21714000,10792000
4075,33237000,22073000,10858000
4076,33156000,21926000,10791000
4077,33233000,22070000,10854000
4078,33226000,21999000,10860000
4079,33232000,22000000,10853000
4080,33221000,21996000,10856000
4081,33224000,21996000,10845000
4082,33225000,22008000,10860000
4083,33237000,22004000,10857000
4084,33225000,21995000,10859000
4085,33227000,21996000,10848000
4086,33237000,22017000,10872000
4087,33165000,21921000,10786000
4088,33224000,22065000,10858000
4089,33235000,22004000,10858000
4090,33157000,21927000,10782000
4091,33219000,22065000,10847000
4092,33219000,22000000,10854000
4093,33226000,21999000,10846000
4094,33222000,22004000,10857000
4095,33233000,22004000,10854000
4096,33226000,21999000,10861000
4097,33233000,22001000,10854000
4098,33221000,21995000,10856000
4099,35319000,24091000,10940000
4100,33160000,21848000,10787000
4101,33157000,21996000,10784000
4102,33237000,22081000,10872000
4103,33233000,21988000,10853000
4104,33229000,22003000,10864000
4105,33245000,22008000,10865000
4106,33232000,21996000,10862000
4107,33169000,21934000,10795000
4108,35179000,24013000,10807000
4109,33248000,22069000,10876000
4110,33240000,21992000,10875000
4111,33396000,22149000,11017000
4112,33244000,21855000,10871000
4113,33182000,21938000,10810000
4114,33248000,22066000,10883000
4115,33178000,21922000,10805000
4116,33246000,22069000,10874000
4117,35297000,24051000,10918000
4118,33182000,21892000,10817000
4119,33258000,22069000,10879000
4120,33178000,21927000,10813000
4121,33266000,22080000,10887000
4122,33320000,22062000,10955000
4123,33185000,21857000,10812000
4124,33188000,22003000,10816000
4125,33188000,22000000,10808000
4126,35278000,24098000,10906000
4127,33342000,22064000,10970000
4128,33271000,21928000,10905000
4129,33293000,22016000,10914000
4130,33278000,21992000,10913000
4131,33786000,22500000,11410000
4132,34677000,22899000,11319000
4133,34287000,22604000,10914000
4134,33287000,22005000,10921000
4135,33734000,22440000,11351000
4136,34310000,22584000,10959000
4137,33257000,21942000,10887000
4138,33717000,22458000,11333000
4139,34286000,22576000,10935000
4140,33752000,22460000,11381000
4141,34939000,23186000,11580000
4142,35287000,23349000,10914000
4143,33276000,21993000,10909000
4144,33297000,22015000,10921000
4145,33365000,22072000,10997000
4146,33290000,21920000,10917000
4147,33356000,22068000,10984000
4148,33209000,21853000,10830000
4149,33206000,22003000,10844000
4150,33205000,21992000,10829000
4151,33193000,21996000,10832000
4152,33144000,21943000,10768000
4153,33197000,22061000,10836000
4154,33357000,22152000,10977000
4155,33200000,21851000,10842000
4156,33218000,22008000,10840000
4157,33200000,21992000,10839000
4158,33212000,22003000,10836000
4159,33196000,21992000,10834000
4160,33214000,22012000,10839000
4161,33130000,21922000,10769000
4162,35231000,24094000,10862000
4163,33214000,21984000,10846000
4164,33226000,22012000,10851000
4165,33207000,21988000,10846000
4166,33222000,22007000,10847000
4167,33208000,21993000,10850000
4168,33212000,21995000,10834000
4169,33206000,22004000,10845000
4170,33221000,22008000,10846000
4171,35230000,24016000,10862000
4172,33226000,21996000,10858000
4173,33218000,21992000,10857000
4174,33234000,22008000,10858000
4175,33140000,21914000,10779000
4176,33226000,22077000,10850000
4177,33221000,22004000,10860000
4178,33224000,21996000,10856000
4179,33147000,21922000,10779000
4180,35244000,24098000,10869000
4181,33217000,21980000,10856000
4182,33240000,22016000,10865000
4183,33147000,21914000,10786000
4184,33231000,22077000,10856000
4185,33224000,22000000,10863000
4186,33239000,22008000,10864000
4187,33296000,22064000,10935000
4188,33696000,22393000,11317000
4189,34655000,22966000,11301000
4190,34311000,22650000,10942000
4191,33682000,22376000,11316000
4192,34763000,23075000,11408000
4193,34999000,23238000,11630000
4194,35805000,23810000,11447000
4195,35739000,23939000,11372000
4196,34780000,23035000,11430000
4197,36432000,24649000,13063000
4198,36666000,23238000,11303000
4199,34708000,23037000,11337000
4200,34747000,23045000,11387000
4201,34644000,22892000,11278000
4202,34695000,23055000,11330000
4203,34648000,22949000,11282000
4204,34709000,23065000,11343000
4205,34732000,23019000,11367000
4206,34782000,23053000,11424000
4207,34425000,22640000,11065000
4208,33662000,22241000,11289000
4209,34719000,23057000,11364000
4210,34786000,23063000,11413000
4211,35921000,24139000,11568000
4212,35865000,23940000,11492000
4213,34682000,22821000,11322000
4214,34682000,22996000,11303000
4215,34690000,23012000,11330000
4216,34302000,22607000,10929000
4217,33656000,22359000,11288000
4218,34734000,23071000,11369000
4219,34678000,22947000,11298000
4220,34868000,23194000,11515000
4221,34769000,22897000,11396000
4222,34748000,22983000,11391000
4223,36510000,24758000,13137000
4224,36670000,23164000,11302000
4225,34740000,23065000,11368000
4226,34707000,22972000,11338000
4227,34740000,23029000,11371000
4228,34715000,22979000,11349000
4229,34686000,22967000,11314000
4230,34748000,23066000,11380000
4231,34694000,22942000,11322000
4232,34748000,23058000,11383000
4233,34790000,23038000,11425000
4234,34686000,22900000,11318000
4235,34724000,23033000,11353000
4236,34913000,23194000,11552000
4237,35708000,23790000,11334000
4238,34748000,23045000,11381000
4239,34732000,22979000,11361000
4240,34765000,23038000,11404000
4241,34736000,22967000,11364000
4242,34712000,22979000,11342000
4243,34744000,23029000,11375000
4244,34720000,22979000,11353000
4245,34855000,23131000,11490000
4246,34674000,22824000,11306000
4247,34237000,22559000,10873000
4248,33244000,22011000,10878000
4249,33267000,22017000,10888000
4250,33839000,22578000,11470000
4251,34739000,22901000,11383000
4252,34196000,22452000,10824000
4253,33179000,21987000,10816000
4254,33192000,22004000,10814000
4255,33627000,22445000,11263000
4256,34834000,23200000,11467000
4257,34808000,22980000,11435000
4258,35891000,24091000,12543000
4259,35170000,22271000,10793000
4260,33243000,22086000,10883000
4261,33169000,21918000,10809000
4262,33185000,22007000,10808000
4263,33256000,22079000,10890000
4264,33191000,21929000,10808000
4265,33176000,21996000,10816000
4266,33263000,22078000,10879000
4267,35354000,24104000,13000000
4268,36156000,22785000,10793000
4269,33238000,22082000,10861000
4270,33163000,21930000,10798000
4271,33831000,22661000,11455000
4272,34651000,22827000,11290000
4273,34686000,23034000,11307000
4274,34275000,22592000,10926000
4275,33217000,21935000,10847000
4276,33810000,22590000,11434000
4277,34723000,22920000,11365000
4278,34694000,22967000,11314000
4279,34736000,23045000,11377000
4280,34712000,22973000,11332000
4281,34670000,22962000,11310000
4282,34859000,23185000,11486000
4283,34205000,22350000,10857000
4284,33674000,22465000,11304000
4285,34734000,23057000,11372000
4286,34713000,22981000,11335000
4287,34740000,23031000,11384000
4288,34712000,22969000,11335000
4289,34209000,22500000,10860000
4290,33670000,22458000,11300000
4291,34726000,23053000,11365000
4292,34698000,22975000,11322000
4293,34736000,23042000,11383000
4294,34703000,22963000,11326000
4295,34200000,22501000,10852000
4296,33752000,22548000,11382000
4297,34717000,22963000,11355000
4298,34686000,22971000,11313000
4299,34736000,23054000,11381000
4300,34171000,22431000,10803000
4301,33163000,21995000,10801000
4302,33117000,21949000,10745000
4303,33304000,22191000,10933000
4304,33169000,21867000,10793000
4305,33157000,21997000,10804000
4306,33176000,22003000,10800000
4307,33156000,21988000,10795000
4308,33175000,22012000,10803000
4309,33171000,21999000,10807000
4310,33179000,22004000,10803000
4311,33156000,21984000,10794000
4312,33319000,22155000,10942000
4313,33167000,21857000,10809000
4314,33628000,22451000,11248000
4315,34647000,23029000,11294000
4316,34623000,22971000,11249000
4317,34586000,22967000,11233000
4318,34666000,23076000,11291000
4319,34607000,22945000,11253000
4320,36321000,24710000,12952000
4321,36632000,23315000,11271000
4322,34627000,22991000,11261000
4323,34640000,23017000,11278000
4324,34632000,22988000,11266000
4325,34582000,22954000,11221000
4326,34636000,23050000,11269000
4327,34619000,22987000,11258000
4328,34660000,23037000,11294000
4329,34164000,22508000,10808000
4330,33118000,21949000,10751000
4331,33117000,21997000,10741000
4332,33110000,22001000,10749000
4333,33239000,22121000,10863000
4334,33235000,22004000,10874000
4335,33242000,22000000,10867000
4336,33161000,21926000,10800000
4337,33263000,22094000,10887000
4338,33307000,22052000,10946000
4339,33318000,22004000,10943000
4340,33234000,21923000,10866000
4341,33242000,22007000,10874000
4342,33234000,21992000,10872000
4343,33242000,22000000,10866000
4344,33237000,22004000,10876000
4345,33248000,22004000,10873000
4346,33233000,21992000,10872000
4347,33382000,22142000,11007000
4348,33229000,21854000,10861000
4349,33228000,21999000,10860000
4350,33228000,22000000,10867000
4351,33236000,22000000,10860000
4352,33236000,22007000,10875000
4353,33333000,22090000,10958000
4354,33227000,21902000,10866000
4355,33313000,22078000,10938000
4356,35055000,23748000,12692000
4357,35317000,22257000,10942000
4358,33239000,21929000,10878000
4359,33317000,22071000,10942000
4360,33309000,21999000,10948000
4361,33254000,21937000,10885000
4362,33316000,22063000,10948000
4363,33246000,21929000,10870000
4364,33238000,22000000,10877000
4365,34987000,23742000,12612000
4366,35252000,22272000,10884000
4367,33251000,21998000,10882000
4368,33256000,22006000,10895000
4369,33265000,22001000,10897000
4370,33187000,21923000,10819000
4371,33187000,22000000,10812000
4372,33180000,21999000,10818000
4373,33190000,22004000,10815000
4374,34993000,23809000,12631000
4375,35192000,22191000,10807000
4376,33259000,22088000,10910000
4377,33662000,22388000,11280000
4378,34698000,23043000,11334000
4379,34205000,22497000,10836000
4380,33652000,22452000,11279000
4381,34634000,22980000,11266000
4382,34682000,23046000,11302000
4383,34180000,22502000,10824000
4384,33732000,22547000,11354000
4385,34227000,22497000,10868000
4386,33228000,22000000,10858000
4387,33622000,22395000,11239000
4388,34190000,22576000,10843000
4389,33192000,21992000,10826000
4390,33206000,22016000,10834000
4391,33639000,22441000,11275000
4392,34635000,22988000,11268000
4393,34670000,23034000,11297000
4394,34716000,23049000,11354000
4395,34615000,22896000,11239000
4396,34187000,22575000,10834000
4397,33204000,22013000,10837000
4398,33196000,21995000,10825000
4399,33843000,22653000,11484000
4400,34165000,22314000,10805000
4401,33238000,22077000,10873000
4402,33233000,21996000,10865000
4403,33845000,22615000,11483000
4404,34601000,22749000,11229000
4405,34636000,23034000,11258000
4406,34210000,22578000,10854000
4407,33214000,21999000,10844000
4408,33685000,22473000,11302000
4409,34715000,23037000,11353000
4410,34443000,22720000,11075000
4411,33297000,21858000,10935000
4412,33231000,21932000,10860000
4413,33229000,22005000,10872000
4414,33235000,21999000,10864000
4415,33301000,22073000,10944000
4416,33247000,21938000,10875000
4417,33376000,22136000,11014000
4418,33310000,21928000,10935000
4419,36278000,24975000,11632000
4420,34019000,22018000,10932000
4421,33361000,22065000,11005000
4422,33296000,21927000,10924000
4423,33273000,21984000,10915000
4424,33291000,22011000,10919000
4425,33280000,21997000,10923000
4426,33295000,22007000,10923000
4427,33202000,21914000,10847000
4428,36335000,25124000,11683000
4429,33980000,21933000,10901000
4430,33200000,21935000,10829000
4431,33400000,22207000,11043000
4432,33195000,21788000,10816000
4433,33176000,21996000,10828000
4434,33339000,22147000,10974000
4435,33262000,21923000,10898000
4436,33271000,22009000,10906000
4437,35280000,24010000,10909000
4438,33204000,21931000,10840000
4439,33274000,22070000,10917000
4440,33353000,22071000,10988000
4441,33365000,22013000,10994000
4442,33211000,21853000,10847000
4443,33273000,22062000,10917000
4444,33349000,22067000,10983000
4445,33285000,21937000,10920000
4446,35304000,24019000,10932000
4447,33344000,22048000,10987000
4448,33223000,21870000,10850000
4449,33211000,21996000,10856000
4450,33295000,22074000,10920000
4451,33202000,21918000,10846000
4452,33364000,22154000,10995000
4453,33209000,21846000,10841000
4454,33221000,22011000,10845000
4455,36182000,24968000,11546000
4456,34015000,22100000,10913000
4457,33279000,21997000,10917000
4458,33281000,21996000,10906000
4459,33267000,21992000,10908000
4460,33207000,21930000,10828000
4461,33271000,22074000,10909000
4462,33203000,21926000,10828000
4463,33280000,22084000,10919000
4464,34249000,22961000,10873000
4465,33236000,21995000,10876000
4466,33244000,22000000,10868000
4467,33303000,22066000,10947000
4468,33310000,21999000,10937000
4469,33229000,21927000,10871000
4470,33238000,22003000,10867000
4471,33223000,21992000,10867000
4472,33235000,22004000,10863000
4473,36211000,24984000,11581000
4474,33950000,22003000,10850000
4475,33291000,22076000,10934000
4476,33298000,22000000,10926000
4477,33352000,22062000,10998000
4478,33159000,21796000,10784000
4479,33284000,22136000,10930000
4480,33440000,22146000,11066000
4481,33292000,21862000,10928000
4482,34270000,22978000,10906000
4483,33254000,21984000,10900000
4484,33269000,22005000,10895000
4485,33254000,21995000,10897000
4486,33269000,22008000,10898000
4487,33172000,21910000,10816000
4488,33266000,22086000,10894000
4489,33262000,22004000,10908000
4490,33276000,22004000,10902000
4491,36222000,24955000,11568000
4492,33948000,22015000,10872000
4493,33240000,22004000,10883000
4494,33243000,21996000,10872000
4495,33368000,22132000,11011000
4496,33317000,21941000,10937000
4497,33237000,21936000,10888000
4498,33174000,21921000,10802000
4499,33235000,22069000,10879000
4500,35207000,23964000,10842000
4501,33320000,22114000,10956000
4502,33264000,21943000,10892000
4503,33313000,22056000,10955000
4504,33264000,21944000,10892000
4505,33312000,22056000,10955000
4506,33263000,21944000,10892000
4507,33177000,21920000,10820000
4508,33263000,22079000,10891000
4509,35197000,23942000,10833000
4510,33200000,22003000,10836000
4511,33193000,21992000,10835000
4512,33203000,22004000,10832000
4513,33274000,22078000,10918000
4514,33204000,21922000,10839000
4515,33199000,21995000,10834000
4516,33138000,21939000,10769000
4517,33277000,22143000,10918000
4518,35224000,23942000,10851000
4519,33199000,21984000,10842000
4520,33291000,22085000,10920000
4521,33195000,21911000,10838000
4522,33219000,22017000,10848000
4523,33270000,22057000,10912000
4524,33206000,21929000,10834000
4525,33199000,22001000,10842000
4526,33209000,22003000,10838000
4527,35302000,24100000,10938000
4528,33239000,21937000,10882000
4529,33221000,21975000,10857000
4530,33230000,22008000,10858000
4531,33210000,21988000,10854000
4532,33156000,21938000,10784000
4533,33209000,22061000,10853000
4534,33229000,22012000,10857000
4535,33209000,21988000,10855000
4536,35243000,24024000,10861000
4537,33217000,21992000,10868000
4538,33381000,22149000,11006000
4539,33209000,21834000,10853000
4540,33155000,21939000,10783000
4541,33212000,22065000,10855000
4542,33308000,22088000,10939000
4543,33223000,21920000,10855000
4544,33224000,22003000,10859000
4545,35244000,24021000,10887000
4546,33313000,22061000,10941000
4547,33232000,21926000,10877000
4548,33253000,22012000,10879000
4549,33235000,21992000,10881000
4550,33258000,22013000,10884000
4551,33231000,21983000,10875000
4552,33243000,22003000,10870000
4553,33243000,22009000,10889000
4554,35199000,23946000,10825000
4555,33231000,22042000,10877000
4556,33265000,22024000,10891000
4557,33165000,21910000,10811000
4558,33252000,22077000,10878000
4559,33230000,21988000,10873000
4560,33246000,22008000,10874000
4561,33168000,21930000,10811000
4562,33245000,22069000,10873000
4563,35263000,24025000,10898000
4564,33262000,22000000,10898000
4565,33259000,21997000,10902000
4566,33195000,21928000,10823000
4567,33176000,21988000,10819000
4568,33270000,22087000,10898000
4569,33187000,21925000,10830000
4570,33194000,21999000,10823000
4571,33175000,21989000,10818000
4572,35210000,24028000,10846000
4573,33273000,22063000,10910000
4574,33203000,21928000,10830000
4575,33262000,22068000,10908000
4576,33212000,21940000,10838000
4577,33270000,22067000,10913000
4578,33201000,21925000,10830000
4579,33182000,21987000,10828000
4580,33203000,22012000,10829000
4581,36171000,24977000,11535000
4582,33977000,22078000,10884000
4583,33169000,21921000,10815000
4584,33200000,22021000,10826000
4585,33246000,22056000,10889000
4586,33326000,22073000,10951000
4587,33250000,21931000,10892000
4588,33260000,22000000,10882000
4589,33180000,21929000,10821000
4590,34165000,22976000,10787000
4591,33417000,22261000,11057000
4592,33091000,21667000,10707000
4593,33143000,22067000,10790000
4594,33162000,22004000,10786000
4595,33070000,21916000,10709000
4596,33227000,22149000,10851000
4597,33138000,21919000,10777000
4598,33227000,22081000,10851000
4599,36118000,24898000,11472000
4600,33856000,22016000,10765000
4601,33133000,22000000,10772000
4602,33144000,22004000,10769000
4603,33057000,21919000,10695000
4604,33288000,22224000,10912000
4605,33128000,21848000,10768000
4606,33211000,22074000,10838000
4607,33193000,21991000,10836000
4608,35289000,24088000,10909000
4609,33293000,22016000,10937000
4610,33545000,22240000,11168000
4611,34103000,22570000,10752000
4612,33648000,22536000,11278000
4613,34597000,22946000,11238000
4614,34128000,22530000,10760000
4615,33716000,22591000,11353000
4616,34568000,22846000,11194000
4617,34144000,22583000,10772000
4618,33270000,22133000,10908000
4619,33518000,22243000,11150000
4620,34234000,22719000,10891000
4621,33122000,21879000,10756000
4622,33187000,22062000,10811000
4623,33116000,21936000,10747000
4624,33112000,22000000,10747000
4625,33545000,22433000,11187000
4626,34070000,22518000,10715000
4627,33143000,22072000,10777000
4628,33625000,22484000,11248000
4629,34564000,22946000,11207000
4630,34627000,23054000,11252000
4631,34590000,22967000,11229000
4632,34110000,22516000,10746000
4633,33110000,22004000,10748000
4634,33117000,22005000,10746000
4635,33102000,21992000,10738000
4636,33304000,22202000,10940000
4637,33556000,22252000,11191000
4638,34614000,23050000,11247000
4639,34636000,23021000,11260000
4640,34694000,23062000,11330000
4641,34203000,22504000,10838000
4642,33656000,22458000,11286000
4643,35899000,24239000,12543000
4644,35648000,22749000,11270000
4645,34673000,23034000,11316000
4646,34194000,22512000,10830000
4647,33190000,22000000,10828000
4648,33654000,22462000,11285000
4649,34237000,22583000,10883000
4650,33714000,22475000,11338000
4651,34759000,23047000,11400000
4652,34181000,22420000,10817000
4653,33182000,22005000,10820000
4654,33188000,22003000,10816000
4655,33308000,22128000,10954000
4656,33186000,21868000,10804000
4657,33307000,22138000,10957000
4658,33255000,21934000,10876000
4659,33159000,21919000,10810000
4660,33251000,22077000,10880000
4661,33228000,21984000,10871000
4662,33177000,21942000,10806000
4663,33751000,22581000,11388000
4664,34618000,22859000,11244000
4665,34187000,22576000,10831000
4666,33339000,22147000,10976000
4667,33649000,22306000,11263000
4668,34157000,22518000,10806000
4669,33245000,22079000,10875000
4670,33704000,22461000,11319000
4671,34202000,22504000,10851000
4672,33215000,22004000,10845000
4673,33213000,22000000,10837000
4674,33197000,21992000,10836000
4675,33209000,22004000,10833000
4676,33201000,21999000,10839000
4677,33216000,22008000,10840000
4678,33200000,21992000,10839000
4679,33658000,22451000,11277000
4680,34635000,22984000,11274000
4681,34213000,22569000,10845000
4682,33217000,22008000,10851000
4683,33685000,22465000,11301000
4684,34179000,22502000,10828000
4685,33652000,22464000,11276000
4686,34154000,22503000,10799000
4687,33366000,22211000,11000000
4688,33697000,22333000,11310000
4689,34258000,22576000,10919000
4690,33343000,22067000,10977000
4691,33274000,21933000,10902000
4692,33186000,21920000,10829000
4693,33190000,21996000,10818000
4694,33190000,22008000,10834000
4695,33342000,22144000,10970000
4696,33182000,21847000,10817000
4697,33197000,22016000,10833000
4698,33185000,21988000,10828000
4699,33188000,21996000,10817000
4700,33115000,21934000,10758000
4701,33127000,22005000,10756000
4702,33180000,22060000,10823000
4703,33191000,22004000,10820000
4704,33262000,22078000,10905000
4705,33274000,22004000,10902000
4706,34929000,23663000,12573000
4707,35196000,22259000,10824000
4708,33188000,22000000,10832000
4709,33208000,22011000,10835000
4710,33192000,21992000,10835000
4711,33199000,22000000,10827000
4712,33195000,22004000,10838000
4713,33137000,21934000,10765000
4714,33187000,22057000,10829000
4715,34873000,23680000,12502000
4716,35207000,22341000,10843000
4717,33207000,21999000,10842000
4718,33198000,21992000,10841000
4719,33141000,21935000,10769000
4720,33132000,21999000,10775000
4721,33222000,22081000,10849000
4722,33202000,21988000,10844000
4723,33430000,22221000,11058000
4724,35217000,23795000,12860000
4725,35148000,21923000,10776000
4726,33140000,22000000,10783000
4727,33216000,22069000,10845000
4728,33213000,22004000,10856000
4729,33229000,22008000,10865000
4730,33150000,21922000,10786000
4731,33154000,22004000,10783000
4732,33212000,22065000,10855000
4733,34827000,23607000,12455000
4734,35155000,22336000,10791000
4735,33159000,22004000,10795000
4736,33158000,21999000,10801000
4737,33244000,22077000,10871000
4738,33158000,21923000,10801000
4739,33169000,22004000,10798000
4740,33158000,21996000,10801000
4741,33165000,21999000,10793000
4742,34902000,23745000,12545000
4743,35173000,22264000,10802000
4744,33112000,21945000,10748000
4745,33112000,21999000,10746000
4746,33030000,21920000,10673000
4747,33172000,22135000,10801000
4748,33101000,21936000,10744000
4749,33108000,22000000,10737000
4750,33101000,21999000,10743000
4751,34919000,23812000,12555000
4752,35192000,22272000,10809000
4753,33115000,21939000,10755000
4754,33115000,21992000,10755000
4755,33123000,22000000,10747000
4756,33114000,21999000,10753000
4757,33132000,22009000,10755000
4758,33180000,22056000,10818000
4759,33054000,21867000,10676000
4760,34858000,23811000,12496000
4761,35138000,22273000,10754000
4762,33114000,21991000,10761000
4763,33058000,21929000,10689000
4764,33128000,22071000,10760000
4765,33053000,21924000,10681000
4766,33183000,22138000,10822000
4767,33060000,21870000,10685000
4768,33053000,21999000,10691000
4769,34805000,23746000,12430000
4770,34165000,21367000,10797000
4771,33165000,22000000,10797000
4772,33094000,21929000,10736000
4773,33043000,21939000,10665000
4774,33108000,22075000,10747000
4775,33116000,22001000,10741000
4776,33105000,21995000,10744000
4777,33121000,22008000,10744000
4778,34987000,23874000,12625000
4779,35116000,22123000,10741000
4780,33109000,21999000,10748000
4781,33046000,21930000,10670000
4782,33115000,22077000,10754000
4783,33175000,22052000,10806000
4784,33037000,21863000,10668000
4785,33058000,22021000,10682000
4786,33113000,22061000,10752000
4787,34781000,23661000,12405000
4788,34087000,21314000,10719000
4789,33138000,22051000,10774000
4790,33211000,22073000,10855000
4791,33150000,21930000,10777000
4792,33069000,21928000,10712000
4793,33089000,22012000,10717000
4794,33286000,22204000,10924000
4795,33076000,21783000,10704000
4796,34811000,23742000,12453000
4797,35157000,22339000,10785000
4798,33076000,21927000,10719000
4799,33092000,22008000,10720000
4800,33089000,22005000,10733000
4801,33092000,21995000,10720000
4802,33213000,22129000,10856000
4803,33091000,21870000,10719000
4804,33151000,22068000,10794000
4805,34834000,23676000,12470000
4806,35043000,22209000,10672000
4807,33159000,22123000,10803000
4808,33109000,21942000,10744000
4809,33179000,22069000,10807000
4810,33109000,21939000,10752000
4811,33109000,21992000,10737000
4812,33092000,21991000,10735000
4813,33117000,22017000,10745000
4814,34837000,23728000,12480000
4815,35173000,22329000,10802000
4816,33111000,21944000,10746000
4817,33109000,21999000,10745000
4818,33028000,21919000,10671000
4819,33112000,22076000,10740000
4820,33105000,22001000,10748000
4821,33113000,22000000,10741000
4822,33108000,22003000,10751000
4823,34841000,23725000,12469000
4824,35044000,22210000,10679000
4825,33197000,22154000,10829000
4826,33115000,21918000,10757000
4827,33057000,21932000,10679000
4828,33119000,22072000,10761000
4829,33136000,22007000,10758000
4830,33047000,21920000,10685000
4831,33058000,22004000,10682000
4832,34794000,23744000,12433000
4833,34038000,21236000,10667000
4834,33162000,22124000,10793000
4835,33100000,21937000,10723000
4836,33150000,22059000,10789000
4837,33098000,21940000,10723000
4838,33105000,22014000,10744000
4839,33094000,21981000,10724000
4840,33093000,22000000,10724000
4841,34785000,23692000,12409000
4842,34198000,21421000,10830000
4843,33060000,21862000,10692000
4844,33069000,22009000,10708000
4845,33063000,21987000,10688000
4846,33124000,22067000,10767000
4847,33269000,22138000,10897000
4848,33119000,21858000,10755000
4849,33059000,21940000,10698000
4850,33122000,22060000,10762000
4851,33130000,22003000,10758000
4852,33118000,21996000,10761000
4853,33058000,21932000,10686000
4854,33118000,22068000,10761000
4855,33130000,22004000,10758000
4856,33054000,21931000,10697000
4857,33068000,22008000,10697000
4858,33057000,21996000,10700000
4859,33132000,22068000,10768000
4860,33069000,21935000,10697000
4861,33061000,22000000,10703000
4862,33064000,21996000,10699000
4863,33067000,22004000,10696000
4864,33060000,22000000,10703000
4865,33200000,22133000,10829000
4866,33284000,22091000,10927000
4867,33200000,21909000,10829000
4868,33193000,21999000,10835000
4869,33134000,21935000,10763000
4870,33192000,22065000,10835000
4871,33208000,22008000,10836000
4872,33209000,22009000,10852000
4873,33203000,21986000,10831000
4874,33191000,21996000,10834000
4875,33206000,22008000,10835000
4876,33267000,22067000,10909000
4877,33202000,21929000,10831000
4878,35281000,24085000,10916000
4879,33411000,22131000,11047000
4880,33199000,21788000,10835000
4881,33203000,22004000,10839000
4882,33276000,22073000,10919000
4883,33282000,21997000,10909000
4884,33337000,22063000,10975000
4885,33206000,21862000,10833000
4886,33275000,22074000,10912000
4887,35226000,23946000,10850000
4888,33210000,21992000,10849000
4889,33229000,22012000,10854000
4890,33144000,21922000,10783000
4891,33156000,22004000,10780000
4892,33136000,21988000,10780000
4893,33209000,22065000,10844000
4894,33146000,21938000,10775000
4895,33139000,22000000,10775000
4896,35229000,24090000,10865000
4897,33084000,21854000,10719000
4898,33147000,22064000,10790000
4899,33159000,22004000,10787000
4900,33152000,22001000,10795000
4901,33150000,21990000,10778000
4902,33146000,22004000,10789000
4903,33153000,22000000,10782000
4904,33154000,22007000,10797000
4905,35263000,24102000,10891000
4906,33162000,21907000,10798000
4907,33110000,21948000,10753000
4908,33178000,22059000,10812000
4909,33177000,22000000,10805000
4910,33105000,21935000,10747000
4911,33176000,22065000,10805000
4912,33169000,22000000,10812000
4913,33180000,22003000,10808000
4914,35185000,24013000,10821000
4915,33032000,21847000,10676000
4916,33113000,22073000,10748000
4917,33038000,21926000,10667000
4918,33109000,22077000,10751000
4919,33117000,22000000,10744000
4920,33027000,21919000,10669000
4921,33179000,22145000,10808000
4922,33254000,22081000,10893000
4923,35062000,23801000,10694000
4924,33117000,22060000,10757000
4925,33126000,22005000,10755000
4926,33110000,21991000,10754000
4927,33126000,22008000,10754000
4928,33127000,22009000,10770000
4929,33198000,22064000,10823000
4930,33114000,21923000,10754000
4931,33133000,22011000,10757000
4932,35133000,24008000,10765000
4933,33129000,21996000,10761000
4934,33125000,21996000,10765000
4935,33129000,21995000,10753000
4936,33120000,22000000,10759000
4937,33140000,22012000,10767000
4938,33131000,21996000,10768000
4939,33128000,21992000,10752000
4940,33116000,21995000,10759000
4941,35147000,24025000,10776000
4942,33132000,21992000,10775000
4943,33076000,21936000,10704000
4944,33136000,22067000,10779000
4945,33155000,22012000,10783000
4946,33063000,21916000,10706000
4947,33142000,22072000,10771000
4948,33135000,22000000,10778000
4949,33069000,21927000,10698000
4950,35079000,24016000,10715000
4951,33147000,22068000,10783000
4952,33075000,21928000,10717000
4953,33108000,22026000,10737000
4954,33074000,21974000,10717000
4955,33082000,22000000,10717000
4956,33077000,21996000,10713000
4957,33081000,22003000,10709000
4958,33070000,21996000,10713000
4959,35119000,24042000,10754000
4960,33109000,21990000,10745000
4961,33111000,22003000,10740000
4962,33086000,21982000,10729000
4963,33168000,22075000,10804000
4964,33092000,21924000,10729000
4965,33093000,22000000,10721000
4966,33085000,22000000,10728000
4967,33096000,22004000,10725000
4968,36060000,24971000,11434000
4969,33874000,22076000,10772000
4970,33128000,21992000,10771000
4971,33075000,21939000,10710000
4972,33135000,22060000,10770000
4973,33221000,22085000,10847000
4974,33070000,21855000,10706000
4975,33212000,22138000,10844000
4976,33078000,21865000,10702000
4977,34130000,23060000,10762000
4978,33038000,21908000,10677000
4979,33182000,22137000,10811000
4980,33175000,22000000,10818000
4981,33053000,21871000,10682000
4982,33110000,22064000,10754000
4983,33049000,21931000,10676000
4984,33110000,22069000,10753000
4985,33121000,22004000,10750000
4986,36078000,24963000,11443000
4987,33897000,22089000,10799000
4988,33090000,21924000,10729000
4989,33039000,21940000,10658000
4990,33027000,21997000,10669000
4991,33098000,22063000,10726000
4992,33029000,21939000,10672000
4993,33112000,22075000,10740000
4994,33080000,21976000,10723000
4995,34146000,23059000,10775000
4996,33060000,21920000,10695000
4997,33063000,22004000,10699000
4998,33059000,21996000,10702000
4999,33066000,22000000,10695000
5000,33066000,22007000,10710000
5001,33075000,22000000,10702000
5002,33062000,21996000,10705000
5003,33070000,22000000,10698000
5004,36030000,24968000,11399000
5005,33771000,22008000,10674000
5006,33110000,22072000,10753000
5007,33049000,21932000,10677000
5008,33041000,21999000,10684000
5009,33130000,22081000,10758000
5010,33041000,21919000,10684000
5011,33045000,21996000,10673000
5012,33108000,22071000,10751000
5013,35073000,23957000,10701000
5014,33053000,21987000,10695000
5015,33142000,22081000,10776000
5016,33063000,21923000,10699000
5017,33064000,22000000,10692000
5018,33052000,21996000,10695000
5019,33059000,21999000,10691000
5020,33054000,22000000,10694000
5021,33054000,21996000,10683000
5022,35072000,24024000,10707000
5023,33060000,21988000,10695000
5024,33059000,22000000,10702000
5025,33079000,22012000,10710000
5026,33066000,21992000,10706000
5027,33074000,22003000,10702000
5028,33059000,21992000,10701000
5029,33073000,22008000,10702000
5030,33130000,22064000,10770000
5031,35113000,23974000,10737000
5032,33086000,21982000,10726000
5033,33099000,22005000,10723000
5034,33086000,21995000,10725000
5035,33032000,21939000,10650000
5036,33078000,22052000,10716000
5037,33098000,22014000,10723000
5038,33077000,21986000,10716000
5039,33228000,22142000,10851000
5040,35114000,23895000,10738000
5041,33100000,21994000,10740000
5042,33108000,22000000,10747000
5043,33039000,21924000,10664000
5044,33093000,22061000,10732000
5045,33092000,21991000,10720000
5046,33089000,22005000,10732000
5047,33108000,22012000,10737000
5048,33088000,21987000,10731000
5049,35119000,24024000,10748000
5050,33255000,22142000,10894000
5051,33044000,21782000,10672000
5052,33104000,22068000,10747000
5053,33112000,22000000,10743000
5054,33107000,22000000,10747000
5055,33117000,22006000,10746000
5056,33110000,22000000,10753000
5057,33043000,21925000,10671000
5058,36017000,24982000,11381000
5059,33825000,22070000,10723000
5060,33087000,21999000,10730000
5061,33089000,21996000,10718000
5062,33082000,21999000,10725000
5063,33082000,21992000,10712000
5064,33076000,22000000,10717000
5065,33035000,21954000,10663000
5066,33081000,22054000,10724000
5067,34068000,22979000,10696000
5068,33057000,21997000,10700000
5069,33119000,22055000,10748000
5070,33048000,21935000,10690000
5071,33268000,22214000,10900000
5072,33122000,21858000,10755000
5073,33055000,21936000,10691000
5074,33115000,22060000,10758000
5075,33203000,22081000,10828000
5076,36105000,24909000,11475000
5077,33773000,21929000,10666000
5078,33108000,22074000,10748000
5079,33116000,22000000,10743000
5080,33108000,21997000,10744000
5081,33045000,21932000,10669000
5082,33030000,21993000,10668000
5083,33040000,22003000,10665000
5084,33035000,22002000,10674000
5085,34085000,23043000,10710000
5086,33078000,21999000,10716000
5087,33081000,21996000,10705000
5088,33081000,22008000,10720000
5089,33088000,22000000,10713000
5090,33073000,21991000,10711000
5091,33081000,22000000,10704000
5092,33068000,21996000,10707000
5093,33089000,22013000,10713000
5094,36116000,25035000,11486000
5095,33786000,21932000,10684000
5096,33129000,22081000,10772000
5097,33063000,21926000,10691000
5098,33115000,22060000,10759000
5099,33063000,21940000,10691000
5100,33047000,21992000,10690000
5101,33066000,22011000,10694000
5102,33047000,21989000,10690000
5103,34119000,23064000,10747000
5104,33101000,21990000,10744000
5105,33119000,22010000,10747000
5106,33101000,21990000,10744000
5107,33112000,22003000,10740000
5108,33087000,21983000,10730000
5109,33038000,21944000,10667000
5110,33091000,22060000,10734000
5111,33093000,21995000,10722000
5112,36070000,24984000,11354000
5113,34177000,22458000,11160000
5114,34045000,22517000,10694000
5115,33124000,22069000,10755000
5116,33057000,21934000,10680000
5117,33115000,22067000,10754000
5118,33056000,21933000,10680000
5119,33040000,21992000,10679000
5120,33056000,22008000,10680000
5121,34535000,23487000,11166000
5122,34519000,22984000,11163000
5123,34117000,22589000,10749000
5124,33565000,22452000,11194000
5125,34071000,22504000,10713000
5126,33085000,22011000,10714000
5127,33546000,22464000,11170000
5128,34497000,22958000,11141000
5129,34481000,22974000,11107000
5130,34586000,23110000,11219000
5131,34043000,22452000,10674000
5132,33173000,22135000,10810000
5133,33043000,21865000,10657000
5134,33097000,22072000,10747000
5135,33556000,22440000,11177000
5136,34063000,22518000,10712000
5137,33071000,21999000,10702000
5138,33538000,22468000,11161000
5139,34105000,22575000,10754000
5140,33051000,21936000,10673000
5141,33033000,21992000,10672000
5142,33052000,22012000,10677000
5143,33178000,22133000,10820000
5144,33055000,21867000,10676000
5145,33487000,22441000,11126000
5146,34086000,22592000,10727000
5147,33224000,22136000,10854000
5148,33093000,21871000,10717000
5149,33077000,21991000,10715000
5150,33032000,21949000,10653000
5151,33143000,22115000,10779000
5152,33038000,21890000,10659000
5153,33022000,21992000,10653000
5154,33221000,22191000,10845000
5155,33012000,21799000,10641000
5156,33087000,22075000,10726000
5157,33078000,21983000,10703000
5158,33147000,22077000,10786000
5159,33079000,21923000,10709000
5160,33033000,21955000,10650000
5161,33012000,21986000,10649000
5162,33081000,22063000,10710000
5163,33003000,21929000,10645000
5164,33150000,22139000,10778000
5165,33017000,21875000,10650000
5166,33089000,22064000,10717000
5167,33200000,22119000,10843000
5168,33028000,21821000,10642000
5169,33061000,22047000,10711000
5170,33035000,21960000,10654000
5171,33064000,22036000,10707000
5172,33147000,22076000,10776000
5173,33064000,21924000,10707000
5174,33092000,22021000,10721000
5175,36036000,24951000,11410000
5176,33790000,22015000,10687000
5177,33112000,22061000,10756000
5178,33126000,22005000,10750000
5179,32984000,21867000,10628000
5180,33076000,22083000,10710000
5181,33058000,21983000,10693000
5182,33069000,22012000,10705000
5183,33061000,21992000,10697000
5184,34122000,23060000,10757000
5185,33112000,21990000,10748000
5186,33119000,22007000,10747000
5187,33102000,21991000,10745000
5188,33119000,22009000,10747000
5189,33035000,21924000,10678000
5190,33111000,22069000,10747000
5191,33034000,21922000,10665000
5192,33168000,22135000,10804000
5193,36072000,24904000,11416000
5194,34325000,22545000,11238000
5195,34186000,22576000,10835000
5196,33129000,21934000,10759000
5197,33127000,22000000,10752000
5198,33056000,21935000,10694000
5199,33121000,22059000,10746000
5200,33044000,21929000,10675000
5201,33116000,22072000,10748000
5202,33059000,21944000,10691000
5203,33047000,21988000,10679000
5204,33047000,22000000,10685000
5205,33055000,21999000,10678000
5206,33115000,22068000,10756000
5207,33060000,21936000,10682000
5208,33055000,22005000,10694000
5209,33057000,21994000,10688000
5210,33053000,21996000,10685000
5211,36039000,24985000,11388000
5212,33758000,21997000,10670000
5213,33108000,22074000,10737000
5214,33101000,22000000,10744000
5215,33038000,21930000,10667000
5216,33105000,22073000,10747000
5217,33099000,21987000,10727000
5218,33091000,21999000,10733000
5219,33034000,21936000,10662000
5220,34073000,23047000,10709000
5221,33002000,21929000,10637000
5222,33064000,22062000,10707000
5223,33079000,22008000,10708000
5224,33136000,22063000,10779000
5225,33076000,21933000,10704000
5226,33067000,21999000,10710000
5227,33142000,22068000,10771000
5228,33131000,21996000,10774000
5229,36046000,24908000,11405000
5230,33841000,22072000,10754000
5231,33050000,21932000,10679000
5232,33046000,22003000,10689000
5233,33059000,22005000,10687000
5234,33042000,21991000,10686000
5235,33266000,22216000,10894000
5236,33188000,21930000,10831000
5237,32983000,21788000,10612000
5238,35066000,24089000,10701000
5239,33071000,22005000,10713000
5240,33064000,21987000,10701000
5241,33002000,21937000,10630000
5242,32990000,21996000,10633000
5243,33005000,22007000,10633000
5244,33056000,22059000,10699000
5245,33004000,21941000,10633000
5246,33060000,22063000,10706000
5247,35038000,23968000,10654000
5248,33060000,22032000,10703000
5249,33140000,22072000,10768000
5250,33064000,21932000,10707000
5251,33083000,22012000,10712000
5252,32997000,21921000,10640000
5253,33076000,22070000,10703000
5254,33067000,22000000,10710000
5255,33285000,22210000,10913000
5256,35228000,23951000,10864000
5257,33147000,21919000,10783000
5258,33151000,22004000,10794000
5259,33162000,22003000,10791000
5260,33147000,21992000,10792000
5261,33165000,22009000,10791000
5262,33146000,21991000,10789000
5263,33299000,22146000,10928000
5264,33155000,21862000,10790000
5265,35162000,24008000,10798000
5266,33154000,21992000,10797000
5267,33174000,22013000,10803000
5268,33154000,21986000,10797000
5269,33231000,22070000,10859000
5270,33149000,21926000,10784000
5271,33153000,22004000,10789000
5272,33153000,22000000,10796000
5273,33165000,22004000,10793000
5274,35177000,24020000,10821000
5275,33177000,21992000,10805000
5276,33173000,22003000,10816000
5277,33175000,21996000,10804000
5278,33238000,22070000,10881000
5279,33175000,21930000,10804000
5280,33168000,21999000,10814000
5281,33119000,21941000,10744000
5282,33167000,22059000,10810000
5283,35192000,24017000,10820000
5284,33176000,21991000,10822000
5285,33189000,22004000,10815000
5286,33175000,21996000,10819000
5287,33183000,22000000,10818000
5288,33182000,22000000,10818000
5289,33192000,22008000,10819000
5290,33178000,21995000,10821000
5291,33185000,22000000,10814000
5292,35138000,23960000,10774000
5293,33121000,21983000,10757000
5294,33271000,22149000,10914000
5295,33207000,21929000,10835000
5296,33190000,21991000,10833000
5297,33132000,21934000,10760000
5298,33270000,22145000,10912000
5299,33132000,21854000,10751000
5300,33185000,22070000,10836000
5301,35148000,23947000,10776000
5302,33128000,21988000,10771000
5303,33217000,22080000,10845000
5304,33135000,21927000,10778000
5305,33134000,21992000,10763000
5306,33277000,22149000,10915000
5307,33208000,21924000,10836000
5308,33131000,21930000,10773000
5309,33139000,22000000,10767000
5310,36115000,24984000,11484000
5311,33929000,22081000,10831000
5312,33058000,21863000,10701000
5313,33125000,22060000,10754000
5314,33183000,22065000,10826000
5315,33202000,22012000,10834000
5316,33194000,21995000,10833000
5317,33141000,21944000,10777000
5318,33282000,22140000,10917000
5319,34247000,22965000,10875000
5320,33162000,21923000,10808000
5321,33171000,21999000,10797000
5322,33157000,21996000,10800000
5323,33169000,22005000,10798000
5324,33149000,21986000,10791000
5325,33160000,22004000,10788000
5326,33149000,21996000,10791000
5327,33159000,22004000,10788000
5328,36132000,24980000,11478000
5329,33847000,22004000,10772000
5330,33221000,22085000,10860000
5331,33216000,21988000,10841000
5332,33143000,21934000,10782000
5333,33150000,22000000,10775000
5334,33143000,22000000,10782000
5335,33150000,21999000,10774000
5336,33138000,21996000,10780000
5337,34128000,22980000,10754000
5338,33179000,22061000,10823000
5339,33119000,21932000,10747000
5340,33111000,22000000,10757000
5341,33043000,21922000,10669000
5342,33111000,22078000,10755000
5343,33122000,22003000,10750000
5344,33170000,22056000,10813000
5345,33119000,21941000,10755000
5346,36162000,25043000,11512000
5347,33892000,22015000,10805000
5348,33104000,21935000,10747000
5349,33176000,22065000,10805000
5350,33165000,21996000,10808000
5351,33176000,22004000,10805000
